UniqueID,DATE,DATE (new),SITE,PLOT,TREE,NEW TREE TAG,SPECIES,DBH,New DBH,DA,TOP,LEAN,BOWED,DOWN,New Notes,NOTES,Office Notes,DAMAGE,LOCATION,SEVERITY,,,,,,,,,
DCM11_821,8/19/2014,7/31/2024,DCM1,1,821,,PICMAR,5.5,7.5,1,-99,0,-9999,1,,,,,,,,,,,,,,,
DCM11_822,8/19/2014,7/31/2024,DCM1,1,822,,PICMAR,8.4,10,1,-99,0,-9999,1,,,,,,,,,,,,,,,
DCM11_823,8/19/2014,7/31/2024,DCM1,1,823,,PICGLA,5.1,6.6,1,-99,0,-9999,1,,,,,,,,,,,,,,,
DCM11_824,8/19/2014,7/31/2024,DCM1,1,824,,PICMAR,7.8,8.3,1,3,0,-9999,1,,,,,,,,,,,,,,,
DCM11_825,8/19/2014,7/31/2024,DCM1,1,825,,PICMAR,14.7,16.3,1,-99,0,-9999,1,,,,,,,,,,,,,,,
DCM11_826,8/19/2014,7/31/2024,DCM1,1,826,,PICMAR,10.7,11.7,1,-99,0,-9999,1,,,,,,,,,,,,,,,
DCM11_827,8/19/2014,7/31/2024,DCM1,1,827,,PICMAR,8,8.6,1,-99,0,-9999,1,,,,,,,,,,,,,,,
DCM11_828,8/19/2014,7/31/2024,DCM1,1,828,,PICMAR,5.6,-9999,0,-99,1,-9999,0,,,,,,,,,,,,,,,
DCM11_829,8/19/2014,7/31/2024,DCM1,1,829,,PICMAR,10.1,-7777,0,-99,1,-9999,1,"cant find tag, but found tree",Out of order dead tree near 821,,,,,,,,,,,,,
DCM11_830,8/19/2014,7/31/2024,DCM1,1,830,,PICMAR,7.5,-7777,0,-99,0,-9999,1,,,,,,,,,,,,,,,
DCM11_831,8/19/2014,7/31/2024,DCM1,1,831,,PICMAR,5.9,-7777,0,2,0,-9999,1,,,,,,,,,,,,,,,
DCM11_832,8/19/2014,7/31/2024,DCM1,1,832,,PICGLA,3.1,3.8,1,-99,0,-9999,1,,,,,,,,,,,,,,,
DCM11_833,8/19/2014,7/31/2024,DCM1,1,833,,PICMAR,4.3,5.6,1,-99,0,-9999,1,,,,,,,,,,,,,,,
DCM11_834,8/19/2014,7/31/2024,DCM1,1,834,,PICMAR,12.2,13.5,1,-99,0,-9999,1,,,,,,,,,,,,,,,
DCM11_835,8/19/2014,7/31/2024,DCM1,1,835,,PICMAR,5,6.1,1,-99,0,-9999,1,,,,,,,,,,,,,,,
DCM11_836,8/19/2014,7/31/2024,DCM1,1,836,,PICMAR,6.5,7.4,1,-99,0,-9999,1,,,,,,,,,,,,,,,
,,7/31/2024,DCM1,1,2755,,PICMAR,,2.8,1,-99,0,-9999,1,,,,,,,,,,,,,,,
DCM12_837,8/19/2014,7/31/2024,DCM1,2,837,,PICMAR,14.1,15.9,1,-99,0,-9999,1,,,,,,,,,,,,,,,
DCM12_838,8/19/2014,7/31/2024,DCM1,2,838,,PICMAR,6.5,7.2,1,-99,0,-9999,1,,,,,,,,,,,,,,,
DCM12_839,8/19/2014,7/31/2024,DCM1,2,839,,PICMAR,6.7,8.5,1,-99,0,-9999,1,,,,,,,,,,,,,,,
DCM12_840,8/19/2014,7/31/2024,DCM1,2,840,,PICMAR,8.2,-7777,0,-99,0,-9999,1,"cant find tag, but found tree",,,,,,,,,,,,,,
DCM12_841,8/19/2014,7/31/2024,DCM1,2,841,,PICMAR,3.2,5,1,-99,0,-9999,1,,,,,,,,,,,,,,,
DCM12_842,8/19/2014,7/31/2024,DCM1,2,842,,PICMAR,9.2,9.5,1,-99,0,-9999,1,,,,,,,,,,,,,,,
DCM12_843,8/19/2014,7/31/2024,DCM1,2,843,,PICMAR,7.1,8.2,1,-99,0,-9999,1,,,,,,,,,,,,,,,
DCM12_844,8/19/2014,7/31/2024,DCM1,2,844,,PICMAR,5.4,-7777,0,1,0,-9999,1,,,,,,,,,,,,,,,
DCM12_845,8/19/2014,7/31/2024,DCM1,2,845,,PICMAR,5.9,6.7,1,5,0,-9999,1,,,,,,,,,,,,,,,
DCM12_846,8/19/2014,7/31/2024,DCM1,2,846,,PICGLA,5.7,6.8,1,-99,0,-9999,1,,,,,,,,,,,,,,,
DCM12_847,8/19/2014,7/31/2024,DCM1,2,847,,PICGLA,11.2,12.1,1,-99,0,-9999,1,,,,,,,,,,,,,,,
DCM12_848,8/19/2014,7/31/2024,DCM1,2,848,,PICGLA,4.7,5.5,1,-99,0,-9999,1,,,,,,,,,,,,,,,
DCM12_849,8/19/2014,7/31/2024,DCM1,2,849,,PICGLA,8.3,9,1,-99,0,-9999,1,,,,,,,,,,,,,,,
DCM12_850,8/19/2014,7/31/2024,DCM1,2,850,,PICGLA,11,11.7,1,-99,0,-9999,1,,,,,,,,,,,,,,,
DCM12_851,8/19/2014,7/31/2024,DCM1,2,851,,PICMAR,4,5.6,1,-99,0,-9999,1,,,,,,,,,,,,,,,
DCM12_852,8/19/2014,7/31/2024,DCM1,2,852,,PICMAR,9.4,11.1,1,-99,0,-9999,1,,,,,,,,,,,,,,,
DCM12_853,8/19/2014,7/31/2024,DCM1,2,853,,PICMAR,5.1,-9999,0,-99,0,-9999,0,,,,,,,,,,,,,,,
DCM12_854,8/19/2014,7/31/2024,DCM1,2,854,,PICMAR,12.9,-7777,0,-99,0,-9999,1,,,,,,,,,,,,,,,
DCM12_855,8/19/2014,7/31/2024,DCM1,2,855,,PICMAR,7.1,-7777,0,-99,0,-9999,1,,,,,,,,,,,,,,,
DCM12_856,8/19/2014,7/31/2024,DCM1,2,856,,PICMAR,6.5,7,1,-99,0,-9999,1,,,,,,,,,,,,,,,
DCM12_857,8/19/2014,7/31/2024,DCM1,2,857,,PICMAR,12.1,-7777,0,-99,0,-9999,1,,,,,,,,,,,,,,,
DCM12_858,8/19/2014,7/31/2024,DCM1,2,858,,PICMAR,10.4,10.9,1,-99,0,-9999,1,,,,,,,,,,,,,,,
DCM12_859,8/19/2014,7/31/2024,DCM1,2,859,,PICMAR,5.8,5.8,1,-99,0,-9999,1,,,,,,,,,,,,,,,
DCM12_860,8/19/2014,7/31/2024,DCM1,2,860,,PICMAR,3.7,-7777,0,-99,0,-9999,1,,,,,,,,,,,,,,,
DCM12_861,8/19/2014,7/31/2024,DCM1,2,861,,PICMAR,10.3,11.3,1,7,0,-9999,1,,,,,,,,,,,,,,,
DCM12_862,8/19/2014,7/31/2024,DCM1,2,862,,PICGLA,6.1,6.4,1,-99,0,-9999,1,,,,,,,,,,,,,,,
DCM12_863,8/19/2014,7/31/2024,DCM1,2,863,,PICGLA,5.2,5.9,1,-99,0,-9999,1,,,,,,,,,,,,,,,
DCM12_864,8/19/2014,7/31/2024,DCM1,2,864,,PICMAR,11.6,11.9,1,6,0,-9999,1,,,,,,,,,,,,,,,
DCM12_865,8/19/2014,7/31/2024,DCM1,2,865,,PICMAR,10.7,11,1,5,0,-9999,1,,,,,,,,,,,,,,,
DCM12_866,8/19/2014,7/31/2024,DCM1,2,866,,PICMAR,8.8,-7777,0,-99,0,-9999,1,,,,,,,,,,,,,,,
DCM12_867,8/19/2014,7/31/2024,DCM1,2,867,,PICMAR,4.4,5.5,1,-99,0,-9999,1,,,,,,,,,,,,,,,
DCM12_868,8/19/2014,7/31/2024,DCM1,2,868,,PICMAR,11,11.3,1,-99,0,-9999,1,,,,,,,,,,,,,,,
,,7/31/2024,DCM1,2,2756,,PICMAR,,3,1,-99,0,-9999,1,,,,,,,,,,,,,,,
DCM13_869,8/19/2014,7/31/2024,DCM1,3,869,,PICMAR,6.3,-9999,0,-99,0,-9999,0,,,,,,,,,,,,,,,
DCM13_870,8/19/2014,7/31/2024,DCM1,3,870,,PICMAR,8.5,-9999,0,-99,0,-9999,0,,,,,,,,,,,,,,,
DCM13_871,8/19/2014,7/31/2024,DCM1,3,871,,PICGLA,5,6,1,-99,0,-9999,1,,,,,,,,,,,,,,,
DCM13_872,8/19/2014,7/31/2024,DCM1,3,872,,PICMAR,15.9,15.5,1,-99,0,-9999,1,,,,,,,,,,,,,,,
DCM13_873,8/19/2014,7/31/2024,DCM1,3,873,,PICGLA,3.5,4.5,1,-99,0,-9999,1,,,,,,,,,,,,,,,
DCM13_874,8/19/2014,7/31/2024,DCM1,3,874,,PICMAR,2.6,4,1,-99,0,-9999,1,,,,,,,,,,,,,,,
DCM13_875,8/19/2014,7/31/2024,DCM1,3,875,,PICMAR,3.7,4.6,1,-99,0,-9999,1,,,,,,,,,,,,,,,
DCM13_876,8/19/2014,7/31/2024,DCM1,3,876,,PICMAR,9.1,10.3,1,-99,0,-9999,1,,,,,,,,,,,,,,,
DCM13_877,8/19/2014,7/31/2024,DCM1,3,877,,PICGLA,13.4,14.4,1,-99,0,-9999,1,,,,,,,,,,,,,,,
DCM13_878,8/19/2014,7/31/2024,DCM1,3,878,,PICMAR,6.5,7.7,1,-99,0,-9999,1,,,,,,,,,,,,,,,
DCM13_879,8/19/2014,7/31/2024,DCM1,3,879,,PICMAR,11.8,13,1,-99,0,-9999,1,,,,,,,,,,,,,,,
DCM13_880,8/19/2014,7/31/2024,DCM1,3,880,,PICMAR,10,10.7,1,5,0,-9999,1,,,,,,,,,,,,,,,
DCM13_881,8/19/2014,7/31/2024,DCM1,3,881,,PICMAR,9.1,9.7,1,-99,0,-9999,1,,,,,,,,,,,,,,,
DCM13_882,8/19/2014,7/31/2024,DCM1,3,882,,PICGLA,7.2,8.5,1,-99,0,-9999,1,,,,,,,,,,,,,,,
DCM13_883,8/19/2014,7/31/2024,DCM1,3,883,,PICMAR,4.5,6.7,1,-99,0,-9999,1,,,,,,,,,,,,,,,
DCM13_884,8/19/2014,7/31/2024,DCM1,3,884,,PICGLA,2.8,3.7,1,-99,0,-9999,1,,,,,,,,,,,,,,,
DCM13_885,8/19/2014,7/31/2024,DCM1,3,885,,PICMAR,8.8,-9999,0,-99,0,-9999,0,,,,,,,,,,,,,,,
DCM13_886,8/19/2014,7/31/2024,DCM1,3,886,,PICMAR,4,5.3,1,-99,0,-9999,1,,,,,,,,,,,,,,,
DCM13_887,8/19/2014,7/31/2024,DCM1,3,887,,PICMAR,8.5,-7777,0,5,0,-9999,1,,,,,,,,,,,,,,,
DCM13_888,8/19/2014,7/31/2024,DCM1,3,888,,PICMAR,3.2,4.6,1,-99,0,-9999,1,,,,,,,,,,,,,,,
DCM13_889,8/19/2014,7/31/2024,DCM1,3,889,,PICMAR,8.8,-9999,0,-99,0,-9999,0,,,,,,,,,,,,,,,
DCM13_890,8/19/2014,7/31/2024,DCM1,3,890,,PICGLA,8.9,-9999,0,-99,0,-9999,0,,,,,,,,,,,,,,,
DCM13_891,8/19/2014,7/31/2024,DCM1,3,891,,PICMAR,2.5,3.9,1,-99,0,-9999,1,girdled,First tree in plot 4 is 892,,,,,,,,,,,,,
DCM14_892,8/19/2014,7/31/2024,DCM1,4,892,,PICMAR,9.9,-7777,0,-99,0,-9999,1,,,,,,,,,,,,,,,
DCM14_893,8/19/2014,7/31/2024,DCM1,4,893,,PICMAR,2.9,4.7,1,-99,0,-9999,1,,,,,,,,,,,,,,,
DCM14_894,8/19/2014,7/31/2024,DCM1,4,894,,PICMAR,2.9,4.1,1,-99,0,-9999,1,,,,,,,,,,,,,,,
DCM14_895,8/19/2014,7/31/2024,DCM1,4,895,,PICGLA,14.3,15,1,-99,0,-9999,1,,,,,,,,,,,,,,,
DCM14_896,8/19/2014,7/31/2024,DCM1,4,896,,PICGLA,6.6,7.9,1,-99,0,-9999,1,,,,,,,,,,,,,,,
DCM14_897,8/19/2014,7/31/2024,DCM1,4,897,,PICMAR,3.5,4.3,1,-99,0,-9999,1,,,,,,,,,,,,,,,
DCM14_898,8/19/2014,7/31/2024,DCM1,4,898,,PICMAR,4.6,6,1,-99,0,-9999,1,,,,,,,,,,,,,,,
DCM14_899,8/19/2014,7/31/2024,DCM1,4,899,,PICMAR,8.5,10,1,-99,0,-9999,1,,,,,,,,,,,,,,,
DCM14_900,8/19/2014,7/31/2024,DCM1,4,900,,PICMAR,4.3,5.5,1,-99,0,-9999,1,,Next tree is 918. No trees 901-917,,,,,,,,,,,,,
DCM14_918,8/19/2014,7/31/2024,DCM1,4,918,,PICMAR,8.2,8.6,1,-99,0,-9999,1,,Previous tree was 900. No trees 901-917,,,,,,,,,,,,,
DCM14_919,8/19/2014,7/31/2024,DCM1,4,919,,PICMAR,6.6,8.3,1,-99,0,-9999,1,,,,,,,,,,,,,,,
DCM14_920,8/19/2014,7/31/2024,DCM1,4,920,,PICMAR,6.3,-7777,0,2,0,-9999,1,,,,,,,,,,,,,,,
DCM14_921,8/19/2014,7/31/2024,DCM1,4,921,,PICMAR,4.4,6.3,1,-99,0,-9999,1,,,,,,,,,,,,,,,
DCM14_922,8/19/2014,7/31/2024,DCM1,4,922,,PICMAR,5.2,-9999,0,-99,0,-9999,0,,,,,,,,,,,,,,,
DCM14_923,8/19/2014,7/31/2024,DCM1,4,923,,PICMAR,13.9,-9999,0,-99,0,-9999,0,,,,,,,,,,,,,,,
DCM14_924,8/19/2014,7/31/2024,DCM1,4,924,,PICMAR,2.8,4.3,1,-99,0,-9999,1,,,,,,,,,,,,,,,
DCM14_925,8/19/2014,7/31/2024,DCM1,4,925,,PICMAR,11.3,12.8,1,-99,0,-9999,1,,,,,,,,,,,,,,,
DCM14_926,8/19/2014,7/31/2024,DCM1,4,926,,PICMAR,2.9,4.2,1,-99,0,-9999,1,,,,,,,,,,,,,,,
DCM14_927,8/19/2014,7/31/2024,DCM1,4,927,,PICGLA,5,5.7,1,-99,0,-9999,1,,,,,,,,,,,,,,,
DCM14_928,8/19/2014,7/31/2024,DCM1,4,928,,PICMAR,9.1,9.4,1,-99,0,-9999,1,,,,,,,,,,,,,,,
DCM14_929,8/19/2014,7/31/2024,DCM1,4,929,,PICMAR,4.8,6.5,1,-99,0,-9999,1,,,,,,,,,,,,,,,
DCM14_930,8/19/2014,7/31/2024,DCM1,4,930,,PICGLA,6.9,8,1,-99,0,-9999,1,,First tree in plot 6 is 931.,,,,,,,,,,,,,
,,7/31/2024,DCM1,4,2757,,PICMAR,,3.1,1,-99,0,-9999,1,,,,,,,,,,,,,,,
,,7/31/2024,DCM1,4,2758,,PICMAR,,2.6,1,-99,0,-9999,1,,,,,,,,,,,,,,,
DCM16_931,8/19/2014,7/31/2024,DCM1,6,931,,PICGLA,11.6,12.6,1,-99,0,-9999,1,,,,,,,,,,,,,,,
DCM16_932,8/19/2014,7/31/2024,DCM1,6,932,,PICGLA,3.4,3.9,1,-99,0,-9999,1,,,,,,,,,,,,,,,
DCM16_933,8/19/2014,7/31/2024,DCM1,6,933,,PICGLA,3.2,-7777,0,2,0,-9999,1,,,,,,,,,,,,,,,
DCM16_934,8/19/2014,7/31/2024,DCM1,6,934,,PICMAR,4.8,-9999,0,-99,0,-9999,0,no tag,,,,,,,,,,,,,,
DCM16_935,8/19/2014,7/31/2024,DCM1,6,935,,PICGLA,5.6,6.2,1,-99,0,-9999,1,,,,,,,,,,,,,,,
DCM16_936,8/19/2014,7/31/2024,DCM1,6,936,,PICMAR,3.7,6.4,1,-99,0,-9999,1,,,,,,,,,,,,,,,
DCM16_937,8/19/2014,7/31/2024,DCM1,6,937,,PICMAR,3.2,4.6,1,-99,0,-9999,1,,,,,,,,,,,,,,,
DCM16_938,8/19/2014,7/31/2024,DCM1,6,938,,PICMAR,15,-7777,0,-99,0,-9999,1,,,,,,,,,,,,,,,
DCM16_939,8/19/2014,7/31/2024,DCM1,6,939,,PICGLA,8.8,9.5,1,-99,0,-9999,1,,,,,,,,,,,,,,,
DCM16_940,8/19/2014,7/31/2024,DCM1,6,940,,PICGLA,5.4,6.8,1,-99,0,-9999,1,,,,,,,,,,,,,,,
DCM16_941,8/19/2014,7/31/2024,DCM1,6,941,,PICMAR,12.3,-7777,0,-99,0,-9999,1,,,,,,,,,,,,,,,
DCM16_942,8/19/2014,7/31/2024,DCM1,6,942,,PICMAR,10.1,10.8,1,-99,0,-9999,1,,,,,,,,,,,,,,,
DCM16_943,8/19/2014,7/31/2024,DCM1,6,943,,PICMAR,9.5,10.2,1,-99,0,-9999,1,,,,,,,,,,,,,,,
DCM16_944,8/19/2014,7/31/2024,DCM1,6,944,,PICMAR,11.8,12.4,1,-99,0,-9999,1,,,,,,,,,,,,,,,
DCM16_945,8/19/2014,7/31/2024,DCM1,6,945,,PICMAR,4.5,5.6,1,-99,0,-9999,1,,,,,,,,,,,,,,,
DCM16_946,8/19/2014,7/31/2024,DCM1,6,946,,PICMAR,7.6,8.9,1,-99,0,-9999,1,,,,,,,,,,,,,,,
DCM16_947,8/19/2014,7/31/2024,DCM1,6,947,,PICMAR,8.4,-7777,0,-99,0,-9999,1,no tag,,,,,,,,,,,,,,
DCM16_948,8/19/2014,7/31/2024,DCM1,6,948,,PICMAR,7.9,-7777,0,-99,0,-9999,1,no tag,,,,,,,,,,,,,,
DCM16_949,8/19/2014,7/31/2024,DCM1,6,949,,PICMAR,7.8,8.5,1,-99,0,-9999,1,,,,,,,,,,,,,,,
DCM16_950,8/19/2014,7/31/2024,DCM1,6,950,,PICMAR,3,4.8,1,-99,0,-9999,1,,,,,,,,,,,,,,,
DCM16_951,8/19/2014,7/31/2024,DCM1,6,951,,PICGLA,11,11.6,1,-99,0,-9999,1,,952 is first tree in plot 7,,,,,,,,,,,,,
,,7/31/2024,DCM1,6,2759,,PICMAR,,3.1,1,-99,0,-9999,1,,,,,,,,,,,,,,,
,,7/31/2024,DCM1,6,2760,,PICMAR,,2.9,1,-99,0,-9999,1,,,,,,,,,,,,,,,
,,7/31/2024,DCM1,6,2761,,PICMAR,,3.1,1,-99,0,-9999,1,,,,,,,,,,,,,,,
,,7/31/2024,DCM1,6,2762,,PICMAR,,2.9,1,-99,0,-9999,1,,,,,,,,,,,,,,,
,,7/31/2024,DCM1,6,2763,,PICMAR,,4.2,1,-99,0,-9999,1,,,,,,,,,,,,,,,
DCM17_952,8/19/2014,7/31/2024,DCM1,7,952,,PICMAR,4.2,-9999,0,-99,0,-9999,0,missing tag,,,,,,,,,,,,,,
DCM17_953,8/19/2014,7/31/2024,DCM1,7,953,,PICMAR,8,9.2,1,-99,0,-9999,1,,,,,,,,,,,,,,,
DCM17_954,8/19/2014,7/31/2024,DCM1,7,954,,PICMAR,6.6,8.1,1,-99,0,-9999,1,,,,,,,,,,,,,,,
DCM17_955,8/19/2014,7/31/2024,DCM1,7,955,,PICGLA,4.8,7.4,1,-99,0,-9999,1,,,,,,,,,,,,,,,
DCM17_956,8/19/2014,7/31/2024,DCM1,7,956,,PICMAR,6.4,7,1,-99,0,-9999,1,,,,,,,,,,,,,,,
DCM17_957,8/19/2014,7/31/2024,DCM1,7,957,,PICMAR,11.8,-7777,0,-99,0,-9999,1,,,,,,,,,,,,,,,
DCM17_958,8/19/2014,7/31/2024,DCM1,7,958,,PICGLA,5.9,6.4,1,4,0,-9999,1,,,,,,,,,,,,,,,
DCM17_959,8/19/2014,7/31/2024,DCM1,7,959,,PICGLA,3.8,-8888,1,-99,0,-9999,1,,,"not sure what happened here, no new dbh, I just put it as missing ",,,,,,,,,,,,
DCM17_960,8/19/2014,7/31/2024,DCM1,7,960,,PICMAR,10.5,11.5,1,-99,0,-9999,1,,,,,,,,,,,,,,,
DCM17_961,8/19/2014,7/31/2024,DCM1,7,961,,PICGLA,11.3,11.7,1,-99,0,-9999,1,,,,,,,,,,,,,,,
DCM17_962,8/19/2014,7/31/2024,DCM1,7,962,,PICGLA,6.8,7.9,1,-99,0,-9999,1,,,,,,,,,,,,,,,
DCM17_963,8/19/2014,7/31/2024,DCM1,7,963,,PICMAR,4.3,-9999,0,-99,0,-9999,0,,,,,,,,,,,,,,,
DCM17_964,8/19/2014,7/31/2024,DCM1,7,964,,PICMAR,7.7,9.1,1,3,0,-9999,1,,,,,,,,,,,,,,,
DCM17_965,8/19/2014,7/31/2024,DCM1,7,965,,PICGLA,3.9,4.7,1,-99,0,-9999,1,,,,,,,,,,,,,,,
DCM17_966,8/19/2014,7/31/2024,DCM1,7,966,,PICMAR,8.2,10.8,1,-99,0,-9999,1,,,,,,,,,,,,,,,
DCM17_967,8/19/2014,7/31/2024,DCM1,7,967,,PICMAR,5.2,-7777,0,1,1,-9999,1,,,,,,,,,,,,,,,
DCM17_968,8/19/2014,7/31/2024,DCM1,7,968,,PICGLA,4.7,4,1,-99,0,-9999,1,previous dbh typo?,,,,,,,,,,,,,,
DCM17_969,8/19/2014,7/31/2024,DCM1,7,969,,PICGLA,3,3.3,1,-99,0,-9999,1,,,,,,,,,,,,,,,
DCM17_970,8/19/2014,7/31/2024,DCM1,7,970,,PICGLA,8.1,8.8,1,-99,0,-9999,1,,,,,,,,,,,,,,,
DCM17_971,8/19/2014,7/31/2024,DCM1,7,971,,PICGLA,5.2,5.6,1,-99,0,-9999,1,,,,,,,,,,,,,,,
DCM17_972,8/19/2014,7/31/2024,DCM1,7,972,,PICMAR,7.6,8.5,1,-99,0,-9999,1,,,,,,,,,,,,,,,
DCM17_973,8/19/2014,7/31/2024,DCM1,7,973,,PICGLA,4.3,5.1,1,-99,0,-9999,1,,,,,,,,,,,,,,,
DCM17_974,8/19/2014,7/31/2024,DCM1,7,974,,PICGLA,7.8,8.3,1,3,0,-9999,1,,,,,,,,,,,,,,,
DCM17_975,8/19/2014,7/31/2024,DCM1,7,975,,PICMAR,4.9,5,1,-99,1,-9999,1,,,,,,,,,,,,,,,
DCM17_976,8/19/2014,7/31/2024,DCM1,7,976,,PICGLA,6.5,7.3,1,-99,0,-9999,1,,,,,,,,,,,,,,,
,,7/31/2024,DCM1,7,2764,,PICMAR,,2.6,1,-99,0,-9999,1,,,,,,,,,,,,,,,
DCM18_721,8/19/2014,7/31/2024,DCM1,8,721,,PICMAR,7.1,10.2,1,-99,0,-9999,1,,"Previous tree was 987, next is 722.",,,,,,,,,,,,,
DCM18_722,8/19/2014,7/31/2024,DCM1,8,722,,PICMAR,3.1,4.8,1,-99,0,-9999,1,,,,,,,,,,,,,,,
DCM18_723,8/19/2014,7/31/2024,DCM1,8,723,,PICGLA,3.8,4,1,2,0,-9999,1,,,,,,,,,,,,,,,
DCM18_977,8/19/2014,7/31/2024,DCM1,8,977,,PICMAR,6,-7777,0,5,0,-9999,1,,,,,,,,,,,,,,,
DCM18_978,8/19/2014,7/31/2024,DCM1,8,978,,PICMAR,6,8,1,2,0,-9999,1,,,,,,,,,,,,,,,
DCM18_979,8/19/2014,7/31/2024,DCM1,8,979,,PICMAR,2.4,5.4,1,-99,0,-9999,1,,,,,,,,,,,,,,,
DCM18_980,8/19/2014,7/31/2024,DCM1,8,980,,PICMAR,8.1,-9999,0,-99,0,-9999,0,,,,,,,,,,,,,,,
DCM18_981,8/19/2014,7/31/2024,DCM1,8,981,,PICGLA,6.6,7.3,1,-99,0,-9999,1,,,,,,,,,,,,,,,
DCM18_982,8/19/2014,7/31/2024,DCM1,8,982,,PICMAR,11,11.8,1,6,0,-9999,1,,,,,,,,,,,,,,,
DCM18_983,8/19/2014,7/31/2024,DCM1,8,983,,PICMAR,9.2,-7777,0,-99,0,-9999,1,,,,,,,,,,,,,,,
DCM18_984,8/19/2014,7/31/2024,DCM1,8,984,,PICGLA,3.3,4,1,-99,0,-9999,1,,,,,,,,,,,,,,,
DCM18_985,8/19/2014,7/31/2024,DCM1,8,985,,PICMAR,4.5,-7777,0,-99,0,-9999,1,,,,,,,,,,,,,,,
DCM18_986,8/19/2014,7/31/2024,DCM1,8,986,,PICMAR,4.7,6.5,1,-99,0,-9999,1,,,,,,,,,,,,,,,
DCM18_987,8/19/2014,7/31/2024,DCM1,8,987,,PICGLA,3.6,4.4,1,-99,0,-9999,1,,"Next tree is 721, going upwards to 800.",,,,,,,,,,,,,
,,7/31/2024,DCM1,8,2765,,PICMAR,,2.9,1,-99,0,-9999,1,,,,,,,,,,,,,,,
,,7/31/2024,DCM1,8,2766,,PICMAR,,2.6,1,-99,0,-9999,1,,,,,,,,,,,,,,,
DCM19_724,8/19/2014,7/31/2024,DCM1,9,724,,PICGLA,13.4,14.3,1,-99,0,-9999,1,,,,,,,,,,,,,,,
DCM19_725,8/19/2014,7/31/2024,DCM1,9,725,,PICMAR,6,-9999,0,-99,0,-9999,0,,,,,,,,,,,,,,,
DCM19_726,8/19/2014,7/31/2024,DCM1,9,726,,PICGLA,7.8,8.2,1,4,0,-9999,1,,,,,,,,,,,,,,,
DCM19_727,8/19/2014,7/31/2024,DCM1,9,727,,PICMAR,4.8,-7777,0,3,0,-9999,1,,,,,,,,,,,,,,,
DCM19_728,8/19/2014,7/31/2024,DCM1,9,728,,PICMAR,5.4,6.5,1,2.5,0,-9999,1,,,,,,,,,,,,,,,
DCM19_729,8/19/2014,7/31/2024,DCM1,9,729,,PICGLA,6.2,6.9,1,-99,0,-9999,1,,,,,,,,,,,,,,,
DCM19_730,8/19/2014,7/31/2024,DCM1,9,730,,PICGLA,4.6,6.1,1,-99,0,-9999,1,,,,,,,,,,,,,,,
DCM19_731,8/19/2014,7/31/2024,DCM1,9,731,,PICGLA,6.2,7,1,-99,0,-9999,1,,,,,,,,,,,,,,,
DCM19_732,8/19/2014,7/31/2024,DCM1,9,732,,PICGLA,7,7.6,1,-99,0,-9999,1,,,,,,,,,,,,,,,
DCM19_733,8/19/2014,7/31/2024,DCM1,9,733,,PICGLA,6.2,6.5,1,-99,0,-9999,1,,Lots of whites in this plot.,,,,,,,,,,,,,
DCM19_734,8/19/2014,7/31/2024,DCM1,9,734,,PICMAR,7.5,8.7,1,-99,0,-9999,1,,,,,,,,,,,,,,,
DCM19_735,8/19/2014,7/31/2024,DCM1,9,735,,PICGLA,4.7,4.9,1,2,0,-9999,1,,,,,,,,,,,,,,,
DCM19_736,8/19/2014,7/31/2024,DCM1,9,736,,PICGLA,12.9,14,1,-99,0,-9999,1,,,,,,,,,,,,,,,
DCM19_737,8/19/2014,7/31/2024,DCM1,9,737,,PICMAR,6.3,-9999,0,-99,0,-9999,0,,,,,,,,,,,,,,,
DCM19_738,8/19/2014,7/31/2024,DCM1,9,738,,PICMAR,2.8,4.7,1,-99,0,-9999,1,,,,,,,,,,,,,,,
DCM19_739,8/19/2014,7/31/2024,DCM1,9,739,,PICGLA,4.9,5.9,1,-99,0,-9999,1,,,,,,,,,,,,,,,
DCM19_740,8/19/2014,7/31/2024,DCM1,9,740,,PICGLA,4.2,5.1,1,-99,0,-9999,1,,,,,,,,,,,,,,,
DCM19_741,8/19/2014,7/31/2024,DCM1,9,741,,PICGLA,8.2,9,1,3,0,-9999,1,,,,,,,,,,,,,,,
DCM19_742,8/19/2014,7/31/2024,DCM1,9,742,,PICMAR,11.5,12,1,-99,0,-9999,1,,,,,,,,,,,,,,,
DCM19_743,8/19/2014,7/31/2024,DCM1,9,743,,PICMAR,3.8,5.1,1,-99,0,-9999,1,,Tree 744 is first in plot 11.,,,,,,,,,,,,,
,,7/31/2024,DCM1,9,2767,,PICMAR,,3.4,1,-99,0,-9999,1,,,,,,,,,,,,,,,
,,7/31/2024,DCM1,9,2768,,PICMAR,,2.6,1,-99,0,-9999,1,,,,,,,,,,,,,,,
DCM111_744,8/19/2014,7/31/2024,DCM1,11,744,,PICMAR,15.5,17.2,1,-99,0,-9999,1,,,,,,,,,,,,,,,
DCM111_745,8/19/2014,7/31/2024,DCM1,11,745,,PICMAR,8.2,-9999,0,-99,0,-9999,0,,,,,,,,,,,,,,,
DCM111_746,8/19/2014,7/31/2024,DCM1,11,746,,PICGLA,10.5,11.4,1,-99,0,-9999,1,,,,,,,,,,,,,,,
DCM111_747,8/19/2014,7/31/2024,DCM1,11,747,,PICMAR,9,10.2,1,-99,0,-9999,1,,,,,,,,,,,,,,,
DCM111_748,8/19/2014,7/31/2024,DCM1,11,748,,PICGLA,6.3,7.4,1,-99,0,-9999,1,,,,,,,,,,,,,,,
DCM111_749,8/19/2014,7/31/2024,DCM1,11,749,,PICMAR,12.4,13.7,1,-99,0,-9999,1,,,,,,,,,,,,,,,
DCM111_750,8/19/2014,7/31/2024,DCM1,11,750,,PICMAR,6.4,8.6,1,-99,1,-9999,1,,,,,,,,,,,,,,,
DCM111_751,8/19/2014,7/31/2024,DCM1,11,751,,PICMAR,11.2,12.8,1,-99,0,-9999,1,,,,,,,,,,,,,,,
DCM111_752,8/19/2014,7/31/2024,DCM1,11,752,,PICMAR,5.3,-9999,0,-99,0,-9999,0,,,,,,,,,,,,,,,
DCM111_753,8/19/2014,7/31/2024,DCM1,11,753,,PICGLA,3,4.2,1,-99,0,-9999,1,,,,,,,,,,,,,,,
DCM111_754,8/19/2014,7/31/2024,DCM1,11,754,,PICGLA,3.1,4.5,1,-99,0,-9999,1,,,,,,,,,,,,,,,
DCM111_755,8/19/2014,7/31/2024,DCM1,11,755,,PICGLA,4.8,6.2,1,-99,0,-9999,1,,,,,,,,,,,,,,,
DCM111_756,8/19/2014,7/31/2024,DCM1,11,756,,PICMAR,6.6,9.6,1,-99,0,-9999,1,,757 is first tree in plot 12,,,,,,,,,,,,,
,,7/31/2024,DCM1,11,2769,,PICMAR,,3.3,1,-99,0,-9999,1,,,,,,,,,,,,,,,
,,7/31/2024,DCM1,11,2770,,PICMAR,,3.8,1,-99,0,-9999,1,,,,,,,,,,,,,,,
DCM112_100,8/19/2014,7/31/2024,DCM1,12,100,,PICGLA,3.4,-9999,0,-99,1,-9999,0,,Tag put of order. Tree growing along ground. Pith / ground intersection near tree 772.,,,,,,,,,,,,,
DCM112_757,8/19/2014,7/31/2024,DCM1,12,757,,PICGLA,8,9.7,1,-99,0,-9999,1,,,,,,,,,,,,,,,
DCM112_758,8/19/2014,7/31/2024,DCM1,12,758,,PICGLA,3.2,4.5,1,-99,0,-9999,1,,,,,,,,,,,,,,,
DCM112_759,8/19/2014,7/31/2024,DCM1,12,759,,PICMAR,2.8,4.4,1,2,0,-9999,1,,,,,,,,,,,,,,,
DCM112_760,8/19/2014,7/31/2024,DCM1,12,760,,PICMAR,4.3,6.1,1,-99,0,-9999,1,,,,,,,,,,,,,,,
DCM112_761,8/19/2014,7/31/2024,DCM1,12,761,,PICGLA,14.5,15.3,1,5,0,1,1,,,,,,,,,,,,,,,
DCM112_762,8/19/2014,7/31/2024,DCM1,12,762,,PICMAR,7.3,9.4,1,-99,0,-9999,1,,,,,,,,,,,,,,,
DCM112_763,8/19/2014,7/31/2024,DCM1,12,763,,PICGLA,5.3,7.2,1,-99,0,-9999,1,,,,,,,,,,,,,,,
DCM112_764,8/19/2014,7/31/2024,DCM1,12,764,,PICMAR,5.2,6.7,1,-99,0,-9999,1,,,,,,,,,,,,,,,
DCM112_765,8/19/2014,7/31/2024,DCM1,12,765,,PICMAR,11.3,-7777,0,-99,0,-9999,1,,,,,,,,,,,,,,,
DCM112_766,8/19/2014,7/31/2024,DCM1,12,766,,PICMAR,10.4,11.4,1,-99,0,-9999,1,,,,,,,,,,,,,,,
DCM112_767,8/19/2014,7/31/2024,DCM1,12,767,,PICMAR,12.4,13.1,1,-99,1,-9999,1,,,,,,,,,,,,,,,
DCM112_768,8/19/2014,7/31/2024,DCM1,12,768,,PICMAR,2.5,4.2,1,-99,0,-9999,1,,,,,,,,,,,,,,,
DCM112_769,8/19/2014,7/31/2024,DCM1,12,769,,PICMAR,6,-9999,0,-99,1,-9999,0,,,,,,,,,,,,,,,
DCM112_770,8/19/2014,7/31/2024,DCM1,12,770,,PICGLA,12.3,13.4,1,-99,0,-9999,1,,,,,,,,,,,,,,,
DCM112_771,8/19/2014,7/31/2024,DCM1,12,771,,PICGLA,6.1,7,1,-99,0,-9999,1,,,,,,,,,,,,,,,
DCM112_772,8/19/2014,7/31/2024,DCM1,12,772,,PICMAR,12.9,-7777,0,4,0,-9999,1,,773 is first tree in plot 13.,,,,,,,,,,,,,
,,7/31/2024,DCM1,12,2771,,PICMAR,,3.7,1,-99,0,-9999,1,,,,,,,,,,,,,,,
,,7/31/2024,DCM1,12,2772,,PICMAR,,2.9,1,-99,0,-9999,1,,,,,,,,,,,,,,,
,,7/31/2024,DCM1,12,2773,,PICMAR,,2.7,1,-99,0,-9999,1,,,,,,,,,,,,,,,
,,7/31/2024,DCM1,12,2774,,PICGLA ,,3,1,-99,0,-9999,1,,,,,,,,,,,,,,,
,,7/31/2024,DCM1,12,2775,,PICMAR,,2.6,1,-99,0,-9999,1,,,,,,,,,,,,,,,
DCM113_99,8/19/2014,7/31/2024,DCM1,13,99,,PICMAR,3.5,4.7,1,-99,0,-9999,1,,Tag out of order. Near tree 786.,,,,,,,,,,,,,
DCM113_773,8/19/2014,7/31/2024,DCM1,13,773,,PICGLA,5.5,5.9,1,-99,0,-9999,1,,,,,,,,,,,,,,,
DCM113_774,8/19/2014,7/31/2024,DCM1,13,774,,PICGLA,3.2,3.5,1,-99,0,-9999,1,,,,,,,,,,,,,,,
DCM113_775,8/19/2014,7/31/2024,DCM1,13,775,,PICGLA,7,-7777,0,-99,0,-9999,1,,,,,,,,,,,,,,,
DCM113_776,8/19/2014,7/31/2024,DCM1,13,776,,PICGLA,10,11.5,1,-99,0,-9999,1,,,,,,,,,,,,,,,
DCM113_777,8/19/2014,7/31/2024,DCM1,13,777,,PICGLA,16.8,18.4,1,-99,0,-9999,1,,,,,,,,,,,,,,,
DCM113_778,8/19/2014,7/31/2024,DCM1,13,778,,PICMAR,10,-7777,0,-99,1,-9999,1,"cant find tag, but found tree",,,,,,,,,,,,,,
DCM113_779,8/19/2014,7/31/2024,DCM1,13,779,,PICMAR,12.4,13.9,1,-99,0,-9999,1,,,,,,,,,,,,,,,
DCM113_780,8/19/2014,7/31/2024,DCM1,13,780,,PICMAR,11.5,13.1,1,-99,0,-9999,1,,,,,,,,,,,,,,,
DCM113_781,8/19/2014,7/31/2024,DCM1,13,781,,PICMAR,7.8,-9999,0,-99,1,-9999,0,,,,,,,,,,,,,,,
DCM113_782,8/19/2014,7/31/2024,DCM1,13,782,,PICMAR,4.4,5.8,1,-99,0,-9999,1,,,,,,,,,,,,,,,
DCM113_783,8/19/2014,7/31/2024,DCM1,13,783,,PICGLA,10.3,11.6,1,-99,0,-9999,1,,,,,,,,,,,,,,,
DCM113_784,8/19/2014,7/31/2024,DCM1,13,784,,PICGLA,3.3,4,1,-99,0,-9999,1,,,,,,,,,,,,,,,
DCM113_785,8/19/2014,7/31/2024,DCM1,13,785,,PICMAR,2.9,4.4,1,-99,0,-9999,1,,,,,,,,,,,,,,,
DCM113_786,8/19/2014,7/31/2024,DCM1,13,786,,PICMAR,6.2,7.7,1,-99,0,-9999,1,,,,,,,,,,,,,,,
DCM113_787,8/19/2014,7/31/2024,DCM1,13,787,,PICGLA,10.6,12.1,1,-99,0,-9999,1,,,,,,,,,,,,,,,
DCM113_788,8/19/2014,7/31/2024,DCM1,13,788,,PICMAR,2.5,4.8,1,-99,0,-9999,1,,,,,,,,,,,,,,,
,,7/31/2024,DCM1,13,2776,,PICMAR,,3.1,1,-99,0,-9999,1,,,,,,,,,,,,,,,
,,7/31/2024,DCM1,13,2777,,PICMAR,,3.5,1,-99,0,-9999,1,,,,,,,,,,,,,,,
DCM114_24,8/19/2014,7/31/2024,DCM1,14,24,,PICMAR,6.3,7.9,1,-99,0,-9999,1,,"Previous tree is 800, next tree is 26. No tree 25.",,,,,,,,,,,,,
DCM114_26,8/19/2014,7/31/2024,DCM1,14,26,,PICMAR,9.6,11.5,1,-99,0,-9999,1,,"Previous tree is 24, next tree is 27. No tree 25.",,,,,,,,,,,,,
DCM114_27,8/19/2014,7/31/2024,DCM1,14,27,,PICMAR,6.8,8.5,1,-99,0,-9999,1,,,,,,,,,,,,,,,
DCM114_28,8/19/2014,7/31/2024,DCM1,14,28,,PICGLA,11.2,12,1,-99,0,-9999,1,,,,,,,,,,,,,,,
DCM114_29,8/19/2014,7/31/2024,DCM1,14,29,,PICMAR,5.7,-9999,0,-99,0,-9999,0,,,,,,,,,,,,,,,
DCM114_30,8/19/2014,7/31/2024,DCM1,14,30,,PICGLA,3.3,4.2,1,-99,0,-9999,1,,,,,,,,,,,,,,,
DCM114_31,8/19/2014,7/31/2024,DCM1,14,31,,PICMAR,2.9,-7777,0,-99,0,-9999,1,,,,,,,,,,,,,,,
DCM114_32,8/19/2014,7/31/2024,DCM1,14,32,,PICMAR,4.8,5.3,1,-99,0,-9999,1,,,,,,,,,,,,,,,
DCM114_98,8/19/2014,7/31/2024,DCM1,14,98,,PICMAR,4,-9999,0,-99,0,-9999,0,,Out of order. On boundary of plot 13 and 14.,,,,,,,,,,,,,
DCM114_789,8/19/2014,7/31/2024,DCM1,14,789,,PICGLA,5.3,6.7,1,-99,0,-9999,1,,,,,,,,,,,,,,,
DCM114_790,8/19/2014,7/31/2024,DCM1,14,790,,PICMAR,2.9,4.6,1,-99,0,-9999,1,,,,,,,,,,,,,,,
DCM114_791,8/19/2014,7/31/2024,DCM1,14,791,,PICMAR,8.8,-9999,0,-99,1,-9999,0,,,,,,,,,,,,,,,
DCM114_792,8/19/2014,7/31/2024,DCM1,14,792,,PICGLA,5.7,6.6,1,-99,0,-9999,1,,,,,,,,,,,,,,,
DCM114_793,8/19/2014,7/31/2024,DCM1,14,793,,PICGLA,5.7,6.3,1,-99,0,-9999,1,,,,,,,,,,,,,,,
DCM114_794,8/19/2014,7/31/2024,DCM1,14,794,,PICMAR,4.3,5.8,1,-99,1,-9999,1,,,,,,,,,,,,,,,
DCM114_795,8/19/2014,7/31/2024,DCM1,14,795,,PICMAR,3.9,4.7,1,-99,0,-9999,1,,,,,,,,,,,,,,,
DCM114_796,8/19/2014,7/31/2024,DCM1,14,796,,PICGLA,10,11.1,1,-99,0,-9999,1,,,,,,,,,,,,,,,
DCM114_797,8/19/2014,7/31/2024,DCM1,14,797,,PICGLA,6.2,6.7,1,-99,0,-9999,1,,,,,,,,,,,,,,,
DCM114_798,8/19/2014,7/31/2024,DCM1,14,798,,PICMAR,7,-7777,0,3,0,-9999,1,,,,,,,,,,,,,,,
DCM114_799,8/19/2014,7/31/2024,DCM1,14,799,,PICMAR,4.9,-7777,0,3,0,-9999,1,,,,,,,,,,,,,,,
DCM114_800,8/19/2014,7/31/2024,DCM1,14,800,,PICGLA,4.9,6.4,1,-99,0,-9999,1,,"Next tree is number 24, numbers go upward.",,,,,,,,,,,,,
,,7/31/2024,DCM1,14,2778,,PICMAR,,3.7,1,-99,0,-9999,1,,,,,,,,,,,,,,,
,,7/31/2024,DCM1,14,2779,,PICMAR,,3.2,1,-99,0,-9999,1,,,,,,,,,,,,,,,
,,7/31/2024,DCM1,14,2780,,PICMAR,,2.6,1,-99,0,-9999,1,,,,,,,,,,,,,,,
,,7/31/2024,DCM1,14,2781,,PICMAR,,3.7,1,-99,0,-9999,1,,,,,,,,,,,,,,,
DCY123_821,6/18/2018,7/31/2024,DCY12,3,821,,PICMAR,3.2,4.3,1,-99,0,1,1,,,,,,,,,,,,,,,
DCY123_822,6/18/2018,7/31/2024,DCY12,3,822,2782,PICMAR,4.6,6.2,1,-99,0,1,1,,,,,,,,,,,,,,,
,,7/31/2024,DCY12,3,2783,,PICMAR,,3.2,1,-99,0,1,1,,,,,,,,,,,,,,,
,,7/31/2024,DCY12,3,2784,,PICMAR,,4.3,1,-99,0,1,1,,,,,,,,,,,,,,,
DCY124_823,6/18/2018,7/31/2024,DCY12,4,823,,PICMAR,4.1,5.9,1,-99,0,1,1,,,,,,,,,,,,,,,
,,7/31/2024,DCY12,4,2785,,PICMAR,,3.1,1,-99,0,1,1,,,,,,,,,,,,,,,
,,7/31/2024,DCY12,4,2786,,PICMAR,,2.7,1,-99,0,1,1,,,,,,,,,,,,,,,
,,7/31/2024,DCY12,4,2787,,PICMAR,,3.6,1,-99,0,1,1,,,,,,,,,,,,,,,
,,7/31/2024,DCY12,4,2788,,PICMAR,,2.9,1,-99,0,1,1,,,,,,,,,,,,,,,
,,7/31/2024,DCY12,4,2789,,PICMAR,,3,1,-99,0,1,1,,,,,,,,,,,,,,,
,,7/31/2024,DCY12,4,2790,,PICMAR,,3.7,1,-99,0,1,1,,,,,,,,,,,,,,,
DCY127_824,6/18/2018,7/31/2024,DCY12,7,824,,PICMAR,4.3,5.5,1,-99,0,1,1,,,,,,,,,,,,,,,
DCY127_825,6/18/2018,7/31/2024,DCY12,7,825,,PICMAR,5.1,6.2,1,-99,0,1,1,,,,,,,,,,,,,,,
DCY127_826,6/18/2018,7/31/2024,DCY12,7,826,,PICMAR,3.7,4.5,1,-99,0,1,1,,,,,,,,,,,,,,,
DCY127_827,6/18/2018,7/31/2024,DCY12,7,827,,PICMAR,4.1,5.8,1,-99,0,1,1,,,,,,,,,,,,,,,
,,7/31/2024,DCY12,7,2791,,PICMAR,,4.5,1,-99,0,1,1,,,,,,,,,,,,,,,
,,7/31/2024,DCY12,7,2792,,PICMAR,,3.5,1,-99,0,1,1,,,,,,,,,,,,,,,
,,7/31/2024,DCY12,7,2793,,PICMAR,,3,1,-99,0,1,1,,,,,,,,,,,,,,,
DCY128_829,6/18/2018,7/31/2024,DCY12,8,829,,PICMAR,4.6,6,1,-99,0,1,1,,,,,,,,,,,,,,,
DCY128_830,6/18/2018,7/31/2024,DCY12,8,830,,PICMAR,3.3,4.5,1,-99,0,1,1,,,,,,,,,,,,,,,
DCY128_831,6/18/2018,7/31/2024,DCY12,8,831,,PICMAR,4.5,5,1,-99,0,1,1,,,,,,,,,,,,,,,
DCY128_832,6/18/2018,7/31/2024,DCY12,8,832,,PICMAR,5.3,6.7,1,-99,0,1,1,,,,,,,,,,,,,,,
DCY128_833,6/18/2018,7/31/2024,DCY12,8,833,,PICMAR,5.4,7.2,1,-99,0,1,1,,,,,,,,,,,,,,,
,,7/31/2024,DCY12,8,2794,,PICMAR,,3.3,1,-99,0,1,1,,,,,,,,,,,,,,,
,,7/31/2024,DCY12,8,2795,,PICMAR,,3.5,1,-99,0,1,1,,,,,,,,,,,,,,,
DCY1212_834,6/18/2018,7/31/2024,DCY12,12,834,,PICMAR,4.4,4.9,1,-99,0,1,1,,,,,,,,,,,,,,,
DCY1213_835,6/18/2018,7/31/2024,DCY12,13,835,,PICMAR,9.5,11,1,-99,0,1,1,,,,,,,,,,,,,,,
DCY1213_836,6/18/2018,7/31/2024,DCY12,13,836,,PICMAR,5.6,6.4,1,-99,0,1,1,,,,,,,,,,,,,,,
DCY1213_837,6/18/2018,7/31/2024,DCY12,13,837,,PICMAR,5.7,6.7,1,-99,0,1,1,,,,,,,,,,,,,,,
,,7/29/2024,DCY14,7,207,,PICGLA,,2.6,1,-99,0,1,1,,,,,,,,,,,,,,,
DCY151_545,6/19/2018,7/29/2024,DCY15,1,545,,POPTRE,2.9,3.1,1,-99,0,1,1,,,,,,,,,,,,,,,
DCY151_546,6/19/2018,7/29/2024,DCY15,1,546,,POPTRE,2.7,3.2,1,-99,0,1,1,,,,,,,,,,,,,,,
DCY151_547,6/19/2018,7/29/2024,DCY15,1,547,,POPTRE,2.9,3.4,1,-99,0,1,1,,,,,,,,,,,,,,,
DCY151_548,6/19/2018,7/29/2024,DCY15,1,548,,POPTRE,2.8,3.7,1,-99,0,1,1,,,,,,,,,,,,,,,
DCY151_921,6/19/2018,7/29/2024,DCY15,1,921,,POPTRE,3,3.6,1,-99,0,1,1,,,,,,,,,,,,,,,
DCY151_922,6/19/2018,7/29/2024,DCY15,1,922,,POPTRE,3.2,3.7,1,-99,0,1,1,,,,,,,,,,,,,,,
DCY151_923,6/19/2018,7/29/2024,DCY15,1,923,,POPTRE,3.1,3.9,1,-99,0,1,1,,,,,,,,,,,,,,,
,,7/29/2024,DCY15,1,2901,,POPTRE,,2.6,1,-99,0,1,1,,,,,,,,,,,,,,,
,,7/29/2024,DCY15,1,2902,,POPTRE,,2.7,1,-99,0,1,1,,,,,,,,,,,,,,,
,,7/29/2024,DCY15,1,2903,,POPTRE,,2.5,1,-99,0,1,1,,,,,,,,,,,,,,,
,,7/29/2024,DCY15,1,2904,,POPTRE,,2.9,1,-99,0,1,1,,,,,,,,,,,,,,,
,,7/29/2024,DCY15,1,2905,,POPTRE,,3.5,1,-99,0,1,1,,,,,,,,,,,,,,,
,,7/29/2024,DCY15,1,2906,,POPTRE,,3.1,1,-99,0,1,1,,,,,,,,,,,,,,,
,,7/29/2024,DCY15,1,2907,,POPTRE,,2.6,1,-99,0,1,1,,,,,,,,,,,,,,,
,,7/29/2024,DCY15,1,2908,,POPTRE,,2.5,1,-99,0,1,1,,,,,,,,,,,,,,,
,,7/29/2024,DCY15,1,2909,,POPTRE,,2.8,1,-99,0,1,1,,,,,,,,,,,,,,,
,,7/29/2024,DCY15,1,2910,,POPTRE,,3.1,1,-99,0,1,1,,,,,,,,,,,,,,,
,,7/29/2024,DCY15,1,2911,,POPTRE,,2.6,1,-99,0,1,1,,,,,,,,,,,,,,,
,,7/29/2024,DCY15,1,2912,,POPTRE,,3.1,1,-99,0,1,1,,,,,,,,,,,,,,,
,,7/29/2024,DCY15,1,2913,,POPTRE,,3.1,1,-99,0,1,1,,,,,,,,,,,,,,,
,,7/29/2024,DCY15,1,2914,,POPTRE,,2.6,1,-99,0,1,1,,,,,,,,,,,,,,,
,,7/29/2024,DCY15,1,2915,,POPTRE,,2.7,1,-99,0,1,1,,,,,,,,,,,,,,,
,,7/29/2024,DCY15,1,2916,,POPTRE,,2.5,1,-99,0,1,1,,,,,,,,,,,,,,,
DCY152_549,6/19/2018,7/29/2024,DCY15,2,549,,POPTRE,2.6,3.4,1,-99,0,1,1,,,,,,,,,,,,,,,
DCY152_550,6/19/2018,7/29/2024,DCY15,2,550,,POPTRE,2.6,3.5,1,-99,0,1,1,,,,,,,,,,,,,,,
DCY152_924,6/19/2018,7/29/2024,DCY15,2,924,,POPTRE,2.9,3.6,1,-99,0,1,1,,,,,,,,,,,,,,,
DCY152_925,6/19/2018,7/29/2024,DCY15,2,925,,POPTRE,3.2,3.5,1,-99,0,1,1,,,,,,,,,,,,,,,
DCY152_926,6/19/2018,7/29/2024,DCY15,2,926,,POPTRE,3.1,4.1,1,-99,0,1,1,,,,,,,,,,,,,,,
,,7/29/2024,DCY15,2,2917,,POPTRE,,2.6,1,-99,0,1,1,,,,,,,,,,,,,,,
,,7/29/2024,DCY15,2,2918,,POPTRE,,2.6,1,-99,0,1,1,,,,,,,,,,,,,,,
,,7/29/2024,DCY15,2,2919,,POPTRE,,3.1,1,-99,0,1,1,,,,,,,,,,,,,,,
,,7/29/2024,DCY15,2,2920,,POPTRE,,2.5,1,-99,0,1,1,,,,,,,,,,,,,,,
,,7/29/2024,DCY15,2,2921,,POPTRE,,3.4,1,-99,0,1,1,,,,,,,,,,,,,,,
,,7/29/2024,DCY15,2,2922,,POPTRE,,3.5,1,-99,0,1,1,,,,,,,,,,,,,,,
,,7/29/2024,DCY15,2,2923,,POPTRE,,2.8,1,-99,0,1,1,,,,,,,,,,,,,,,
,,7/29/2024,DCY15,2,2924,,POPTRE,,2.7,1,-99,0,1,1,,,,,,,,,,,,,,,
,,7/29/2024,DCY15,2,2925,,POPTRE,,2.7,1,-99,0,1,1,,,,,,,,,,,,,,,
,,7/29/2024,DCY15,2,2926,,POPTRE,,2.9,1,-99,0,1,1,,,,,,,,,,,,,,,
,,7/29/2024,DCY15,2,2927,,POPTRE,,2.7,1,-99,0,1,1,,,,,,,,,,,,,,,
,,7/29/2024,DCY15,2,2928,,POPTRE,,2.5,1,-99,0,1,1,,,,,,,,,,,,,,,
,,7/29/2024,DCY15,2,2929,,POPTRE,,2.8,1,-99,0,1,1,,,,,,,,,,,,,,,
,,7/29/2024,DCY15,2,2930,,POPTRE,,2.7,1,-99,0,1,1,,,,,,,,,,,,,,,
,,7/29/2024,DCY15,2,2931,,POPTRE,,2.8,1,-99,0,1,1,,,,,,,,,,,,,,,
,,7/29/2024,DCY15,2,2932,,POPTRE,,2.7,1,-99,0,1,1,,,,,,,,,,,,,,,
,,7/29/2024,DCY15,2,2933,,POPTRE,,2.5,1,-99,0,1,1,,,,,,,,,,,,,,,
,,7/29/2024,DCY15,2,2934,,POPTRE,,2.6,1,-99,0,1,1,,,,,,,,,,,,,,,
,,7/29/2024,DCY15,2,2935,,POPTRE,,2.6,1,-99,0,1,1,,,,,,,,,,,,,,,
,,7/29/2024,DCY15,2,2936,,POPTRE,,2.7,1,-99,0,1,1,,,,,,,,,,,,,,,
,,7/29/2024,DCY15,2,2937,,POPTRE,,2.6,1,-99,0,1,1,,,,,,,,,,,,,,,
,,7/29/2024,DCY15,2,2938,,POPTRE,,2.7,1,-99,0,1,1,,,,,,,,,,,,,,,
DCY153_551,6/19/2018,7/29/2024,DCY15,3,551,,POPTRE,2.5,3.2,1,-99,0,1,1,,,,,,,,,,,,,,,
DCY153_927,6/19/2018,7/29/2024,DCY15,3,927,,POPTRE,2.8,3.6,1,-99,0,1,1,,,,,,,,,,,,,,,
DCY153_928,6/19/2018,7/29/2024,DCY15,3,928,,POPTRE,3,3.9,1,-99,0,1,1,,,,,,,,,,,,,,,
DCY153_1233,6/19/2018,7/29/2024,DCY15,3,1233,,POPTRE,2.7,3.8,1,-99,0,1,1,,,,,,,,,,,,,,,
,,7/29/2024,DCY15,3,2939,,POPTRE,,2.5,1,-99,0,1,1,,,,,,,,,,,,,,,
,,7/29/2024,DCY15,3,2940,,POPTRE,,2.5,1,-99,0,1,1,,,,,,,,,,,,,,,
,,7/29/2024,DCY15,3,2941,,POPTRE,,3.1,1,-99,0,1,1,,,,,,,,,,,,,,,
,,7/29/2024,DCY15,3,2942,,POPTRE,,2.8,1,-99,0,1,1,,,,,,,,,,,,,,,
,,7/29/2024,DCY15,3,2943,,POPTRE,,3,1,-99,0,1,1,,,,,,,,,,,,,,,
,,7/29/2024,DCY15,3,2944,,POPTRE,,3.5,1,-99,0,1,1,,,,,,,,,,,,,,,
,,7/29/2024,DCY15,3,2945,,POPTRE,,2.9,1,-99,0,1,1,,,,,,,,,,,,,,,
,,7/29/2024,DCY15,3,2946,,POPTRE,,2.6,1,-99,0,1,1,,,,,,,,,,,,,,,
,,7/29/2024,DCY15,3,2947,,POPTRE,,2.8,1,-99,0,1,1,,,,,,,,,,,,,,,
,,7/29/2024,DCY15,3,2948,,POPTRE,,2.9,1,-99,0,1,1,,,,,,,,,,,,,,,
DCY154_552,6/19/2018,7/29/2024,DCY15,4,552,,POPTRE,2.6,3.5,1,-99,0,1,1,,,,,,,,,,,,,,,
DCY154_929,6/19/2018,7/29/2024,DCY15,4,929,,POPTRE,3.3,4.1,1,-99,0,1,1,,,,,,,,,,,,,,,
DCY154_930,6/19/2018,7/29/2024,DCY15,4,930,,POPTRE,2.9,3.3,1,-99,0,1,1,,,,,,,,,,,,,,,
DCY154_1234,6/19/2018,7/29/2024,DCY15,4,1234,,POPTRE,2.5,3,1,-99,0,1,1,,,,,,,,,,,,,,,
,,7/29/2024,DCY15,4,2949,,POPTRE,,2.5,1,-99,0,1,1,,,,,,,,,,,,,,,
,,7/29/2024,DCY15,4,2950,,POPTRE,,3.2,1,-99,0,1,1,,,,,,,,,,,,,,,
,,7/29/2024,DCY15,4,2951,,POPTRE,,2.7,1,-99,0,1,1,,,,,,,,,,,,,,,
,,7/29/2024,DCY15,4,2952,,POPTRE,,3,1,-99,0,1,1,,,,,,,,,,,,,,,
,,7/29/2024,DCY15,4,2953,,POPTRE,,2.5,1,-99,0,1,1,,,,,,,,,,,,,,,
,,7/29/2024,DCY15,4,2954,,POPTRE,,2.6,1,-99,0,1,1,,,,,,,,,,,,,,,
,,7/29/2024,DCY15,4,2955,,POPTRE,,2.5,1,-99,0,1,1,,,,,,,,,,,,,,,
,,7/29/2024,DCY15,4,2956,,POPTRE,,2.5,1,-99,0,1,1,,,,,,,,,,,,,,,
DCY156_553,6/19/2018,7/29/2024,DCY15,6,553,,POPTRE,2.9,3.9,1,-99,0,1,1,,,,,,,,,,,,,,,
DCY156_554,6/19/2018,7/29/2024,DCY15,6,554,,POPTRE,2.6,3.2,1,-99,0,1,1,,,,,,,,,,,,,,,
DCY156_555,6/19/2018,7/29/2024,DCY15,6,555,,POPTRE,2.7,3.3,1,-99,0,1,1,,,,,,,,,,,,,,,
DCY156_556,6/19/2018,7/29/2024,DCY15,6,556,,POPTRE,2.6,3.4,1,-99,0,1,1,,,,,,,,,,,,,,,
DCY156_557,6/19/2018,7/29/2024,DCY15,6,557,,POPTRE,2.5,3.3,1,-99,0,1,1,,,,,,,,,,,,,,,
DCY156_558,6/19/2018,7/29/2024,DCY15,6,558,,POPTRE,2.5,2.7,1,-99,1,1,1,,,,,,,,,,,,,,,
DCY156_586,6/19/2018,7/29/2024,DCY15,6,586,,POPTRE,2.6,3.7,1,-99,0,1,1,,,,,,,,,,,,,,,
DCY156_931,6/19/2018,7/29/2024,DCY15,6,931,,POPTRE,3.2,4.2,1,-99,0,1,1,,,,,,,,,,,,,,,
DCY156_932,6/19/2018,7/29/2024,DCY15,6,932,,POPTRE,3.3,4.5,1,-99,0,1,1,,,,,,,,,,,,,,,
DCY156_1235,6/19/2018,7/29/2024,DCY15,6,1235,,POPTRE,2.5,3.1,1,-99,0,1,1,,,,,,,,,,,,,,,
,,7/29/2024,DCY15,6,1236,,POPTRE,2.8,3.5,1,-99,0,1,,,,,,,,,,,,,,,,
,,7/29/2024,DCY15,6,2957,,POPTRE,,2.9,1,-99,0,1,1,,,,,,,,,,,,,,,
,,7/29/2024,DCY15,6,2958,,POPTRE,,2.8,1,-99,0,1,1,,,,,,,,,,,,,,,
,,7/29/2024,DCY15,6,2959,,POPTRE,,3.3,1,-99,0,1,1,,,,,,,,,,,,,,,
,,7/29/2024,DCY15,6,2960,,POPTRE,,2.7,1,-99,0,1,1,,,,,,,,,,,,,,,
,,7/29/2024,DCY15,6,2961,,POPTRE,,2.7,1,-99,0,1,1,,,,,,,,,,,,,,,
,,7/29/2024,DCY15,6,2962,,POPTRE,,2.6,1,-99,0,1,1,,,,,,,,,,,,,,,
,,7/29/2024,DCY15,6,2963,,POPTRE,,2.6,1,-99,0,1,1,,,,,,,,,,,,,,,
,,7/29/2024,DCY15,6,2964,,POPTRE,,2.8,1,-99,0,1,1,,,,,,,,,,,,,,,
,,7/29/2024,DCY15,6,2965,,POPTRE,,2.7,1,-99,0,1,1,,,,,,,,,,,,,,,
,,7/29/2024,DCY15,6,2966,,POPTRE,,3.2,1,-99,0,1,1,,,,,,,,,,,,,,,
,,7/29/2024,DCY15,6,2967,,POPTRE,,2.5,1,-99,0,1,1,,,,,,,,,,,,,,,
,,7/29/2024,DCY15,6,2968,,POPTRE,,2.5,1,-99,0,1,1,,,,,,,,,,,,,,,
,,7/29/2024,DCY15,6,2969,,POPTRE,,2.7,1,-99,0,1,1,,,,,,,,,,,,,,,
,,7/29/2024,DCY15,6,2970,,POPTRE,,2.9,1,-99,0,1,1,,,,,,,,,,,,,,,
,,7/29/2024,DCY15,6,2971,,POPTRE,,2.5,1,-99,0,1,1,,,,,,,,,,,,,,,
,,7/29/2024,DCY15,6,2972,,POPTRE,,3.1,1,-99,0,1,1,,,,,,,,,,,,,,,
,,7/29/2024,DCY15,6,2973,,POPTRE,,2.5,1,-99,0,1,1,,,,,,,,,,,,,,,
,,7/29/2024,DCY15,6,2974,,POPTRE,,2.6,1,-99,0,1,1,,,,,,,,,,,,,,,
,,7/29/2024,DCY15,6,2975,,POPTRE,,3.3,1,-99,0,1,1,,,,,,,,,,,,,,,
,,7/29/2024,DCY15,6,2976,,POPTRE,,2.7,1,-99,0,1,1,,,,,,,,,,,,,,,
,,7/29/2024,DCY15,6,2977,,POPTRE,,3.3,1,-99,0,1,1,,,,,,,,,,,,,,,
,,7/29/2024,DCY15,6,2978,,POPTRE,,3,1,-99,0,1,1,,,,,,,,,,,,,,,
,,7/29/2024,DCY15,6,2979,,POPTRE,,3.7,1,-99,0,1,1,,,,,,,,,,,,,,,
,,7/29/2024,DCY15,6,2980,,POPTRE,,3,1,-99,0,1,1,,,,,,,,,,,,,,,
,,7/29/2024,DCY15,6,2981,,POPTRE,,2.5,1,-99,0,1,1,,,,,,,,,,,,,,,
DCY157_559,6/19/2018,7/29/2024,DCY15,7,559,,POPTRE,2.7,3.4,1,-99,0,1,1,,,,,,,,,,,,,,,
DCY157_560,6/19/2018,7/29/2024,DCY15,7,560,,POPTRE,2.7,3.5,1,-99,0,1,1,,,,,,,,,,,,,,,
DCY157_933,6/19/2018,7/29/2024,DCY15,7,933,,POPTRE,3.2,4.2,1,-99,0,1,1,,,,,,,,,,,,,,,
DCY157_934,6/19/2018,7/29/2024,DCY15,7,934,,POPTRE,4.2,5.6,1,-99,0,1,1,,,,,,,,,,,,,,,
DCY157_935,6/19/2018,7/29/2024,DCY15,7,935,,POPTRE,3.5,6.5,1,-99,0,1,1, girdled,,,,,,,,,,,,,,
DCY157_936,6/19/2018,7/29/2024,DCY15,7,936,,POPTRE,4.1,6.4,1,-99,0,1,1,,,,,,,,,,,,,,,
DCY157_937,6/19/2018,7/29/2024,DCY15,7,937,,POPTRE,3.9,6.5,1,-99,0,1,1,girdled,,,,,,,,,,,,,,
DCY157_1237,6/19/2018,7/29/2024,DCY15,7,1237,,POPTRE,2.8,3.8,1,-99,0,1,1,,,,,,,,,,,,,,,
DCY157_1238,6/19/2018,7/29/2024,DCY15,7,1238,,POPTRE,3,3.9,1,-99,0,1,1,,,,,,,,,,,,,,,
DCY157_1239,6/19/2018,7/29/2024,DCY15,7,1239,,POPTRE,2.9,3.8,1,-99,0,1,1,,,,,,,,,,,,,,,
,,7/29/2024,DCY15,7,2982,,POPTRE,,2.8,1,-99,0,1,1,,,,,,,,,,,,,,,
,,7/29/2024,DCY15,7,2983,,POPTRE,,2.5,1,-99,0,1,1,,,,,,,,,,,,,,,
,,7/29/2024,DCY15,7,2984,,POPTRE,,3.2,1,-99,0,1,1,,,,,,,,,,,,,,,
,,7/29/2024,DCY15,7,2985,,POPTRE,,3.2,1,-99,0,1,1,,,,,,,,,,,,,,,
,,7/29/2024,DCY15,7,2986,,POPTRE,,3.3,1,-99,0,1,1,,,,,,,,,,,,,,,
,,7/29/2024,DCY15,7,2987,,POPTRE,,2.7,1,-99,0,1,1,,,,,,,,,,,,,,,
,,7/29/2024,DCY15,7,2988,,POPTRE,,2.8,1,-99,0,1,1,,,,,,,,,,,,,,,
,,7/29/2024,DCY15,7,2989,,POPTRE,,3.1,1,-99,0,1,1,,,,,,,,,,,,,,,
,,7/29/2024,DCY15,7,2990,,POPTRE,,3.5,1,-99,0,1,1,,,,,,,,,,,,,,,
,,7/29/2024,DCY15,7,2991,,POPTRE,,2.6,1,-99,0,1,1,,,,,,,,,,,,,,,
,,7/29/2024,DCY15,7,2992,,POPTRE,,2.6,1,-99,0,1,1,,,,,,,,,,,,,,,
,,7/29/2024,DCY15,7,2993,,POPTRE,,2.6,1,-99,0,1,1,,,,,,,,,,,,,,,
,,7/29/2024,DCY15,7,2994,,POPTRE,,2.8,1,-99,0,1,1,,,,,,,,,,,,,,,
,,7/29/2024,DCY15,7,2995,,POPTRE,,2.7,1,-99,0,1,1,,,,,,,,,,,,,,,
,,7/29/2024,DCY15,7,2996,,POPTRE,,2.6,1,-99,0,1,1,,,,,,,,,,,,,,,
,,7/29/2024,DCY15,7,2997,,POPTRE,,3.3,1,-99,0,1,1,,,,,,,,,,,,,,,
,,7/29/2024,DCY15,7,2998,,POPTRE,,3.2,1,-99,0,1,1,,,,,,,,,,,,,,,
,,7/29/2024,DCY15,7,2999,,POPTRE,,2.7,1,-99,0,1,1,,,,,,,,,,,,,,,
,,7/29/2024,DCY15,7,3000,,POPTRE,,3.1,1,-99,0,1,1,,,,,,,,,,,,,,,
DCY158_561,6/19/2018,7/29/2024,DCY15,8,561,,POPTRE,2.7,3.3,1,-99,0,1,1,,,,,,,,,,,,,,,
DCY158_562,6/19/2018,7/29/2024,DCY15,8,562,,POPTRE,2.9,3.8,1,-99,0,1,1,,,,,,,,,,,,,,,
DCY158_938,6/19/2018,7/29/2024,DCY15,8,938,,POPTRE,4.1,5.5,1,-99,0,1,1,,,,,,,,,,,,,,,
DCY158_939,6/19/2018,7/29/2024,DCY15,8,939,,POPTRE,3.4,4.4,1,-99,0,1,1,,,,,,,,,,,,,,,
DCY158_940,6/19/2018,7/29/2024,DCY15,8,940,,POPTRE,5,6.2,1,-99,0,1,1,,,,,,,,,,,,,,,
DCY158_941,6/19/2018,7/29/2024,DCY15,8,941,,POPTRE,3.4,4.2,1,-99,1,1,1,,,,,,,,,,,,,,,
DCY158_942,6/19/2018,7/29/2024,DCY15,8,942,,POPTRE,3.8,5,1,-99,0,1,1,,,,,,,,,,,,,,,
DCY158_943,6/19/2018,7/29/2024,DCY15,8,943,,POPTRE,3.9,4.8,1,-99,0,1,1,,,,,,,,,,,,,,,
DCY158_944,6/19/2018,7/29/2024,DCY15,8,944,,POPTRE,3.9,5,1,-99,0,1,1,,,,,,,,,,,,,,,
DCY158_945,6/19/2018,7/29/2024,DCY15,8,945,,POPTRE,3.6,4.6,1,-99,0,1,1,,,,,,,,,,,,,,,
DCY158_946,6/19/2018,7/29/2024,DCY15,8,946,,POPTRE,2.8,3.6,1,-99,0,1,1,,,,,,,,,,,,,,,
DCY158_947,6/19/2018,7/29/2024,DCY15,8,947,,POPTRE,2.8,3.4,1,-99,0,1,1,,,,,,,,,,,,,,,
DCY158_1240,6/19/2018,7/29/2024,DCY15,8,1240,,POPTRE,2.8,4.1,1,-99,0,1,1,,,,,,,,,,,,,,,
DCY158_1241,6/19/2018,7/29/2024,DCY15,8,1241,,POPTRE,2.8,4.8,1,-99,0,1,1,,,,,,,,,,,,,,,
DCY158_1242,6/19/2018,7/29/2024,DCY15,8,1242,,POPTRE,3.1,3.5,1,-99,0,1,1,,,,,,,,,,,,,,,
,,7/29/2024,DCY15,8,2001,,POPTRE,,2.5,1,-99,0,1,1,,,,,,,,,,,,,,,
,,7/29/2024,DCY15,8,2002,,POPTRE,,2.5,1,-99,0,1,1,,,,,,,,,,,,,,,
,,7/29/2024,DCY15,8,2003,,POPTRE,,2.5,1,-99,0,1,1,,,,,,,,,,,,,,,
,,7/29/2024,DCY15,8,2004,,POPTRE,,3,1,-99,0,1,1,,,,,,,,,,,,,,,
,,7/29/2024,DCY15,8,2005,,POPTRE,,2.9,1,-99,0,1,1,,,,,,,,,,,,,,,
,,7/29/2024,DCY15,8,2006,,POPTRE,,2.5,1,-99,0,1,1,,,,,,,,,,,,,,,
,,7/29/2024,DCY15,8,2007,,POPTRE,,2.6,1,-99,0,1,1,,,,,,,,,,,,,,,
,,7/29/2024,DCY15,8,2008,,POPTRE,,2.9,1,-99,0,1,1,,,,,,,,,,,,,,,
,,7/29/2024,DCY15,8,2009,,POPTRE,,2.5,1,-99,0,1,1,,,,,,,,,,,,,,,
,,7/29/2024,DCY15,8,2010,,POPTRE,,3.7,1,-99,0,1,1,,,,,,,,,,,,,,,
,,7/29/2024,DCY15,8,2011,,POPTRE,,2.7,1,-99,0,1,1,,,,,,,,,,,,,,,
,,7/29/2024,DCY15,8,2012,,POPTRE,,3,1,-99,0,1,1,,,,,,,,,,,,,,,
,,7/29/2024,DCY15,8,2013,,POPTRE,,2.6,1,-99,0,1,1,,,,,,,,,,,,,,,
,,7/29/2024,DCY15,8,2014,,POPTRE,,2.9,1,-99,0,1,1,,,,,,,,,,,,,,,
,,7/29/2024,DCY15,8,2015,,POPTRE,,2.6,1,-99,0,1,1,,,,,,,,,,,,,,,
,,7/29/2024,DCY15,8,2016,,POPTRE,,2.6,1,-99,0,1,1,,,,,,,,,,,,,,,
,,7/29/2024,DCY15,8,2017,,POPTRE,,3,1,-99,0,1,1,,,,,,,,,,,,,,,
,,7/29/2024,DCY15,8,2018,,POPTRE,,3.2,1,-99,0,1,1,,,,,,,,,,,,,,,
,,7/29/2024,DCY15,8,2019,,POPTRE,,2.8,1,-99,0,1,1,,,,,,,,,,,,,,,
,,7/29/2024,DCY15,8,2020,,POPTRE,,2.6,1,-99,0,1,1,,,,,,,,,,,,,,,
,,7/29/2024,DCY15,8,2021,,POPTRE,,2.8,1,-99,0,1,1,,,,,,,,,,,,,,,
,,7/29/2024,DCY15,8,2022,,POPTRE,,3,1,-99,0,1,1,,,,,,,,,,,,,,,
DCY159_563,6/19/2018,7/29/2024,DCY15,9,563,,POPTRE,2.5,3,1,-99,0,1,1,,,,,,,,,,,,,,,
DCY159_564,6/19/2018,7/29/2024,DCY15,9,564,,POPTRE,2.5,2.7,1,-99,0,1,1,,,,,,,,,,,,,,,
DCY159_565,6/19/2018,7/29/2024,DCY15,9,565,,POPTRE,3,3.9,1,-99,0,1,1,,,,,,,,,,,,,,,
DCY159_566,6/19/2018,7/29/2024,DCY15,9,566,,POPTRE,2.6,3,1,-99,0,1,1,,,,,,,,,,,,,,,
DCY159_567,6/19/2018,7/29/2024,DCY15,9,567,,POPTRE,2.7,3,1,-99,0,1,1,,,,,,,,,,,,,,,
DCY159_948,6/19/2018,7/29/2024,DCY15,9,948,,POPTRE,3.2,3.8,1,-99,0,1,1,,,,,,,,,,,,,,,
DCY159_949,6/19/2018,7/29/2024,DCY15,9,949,,POPTRE,2.8,3.5,1,-99,0,1,1,,,,,,,,,,,,,,,
DCY159_950,6/19/2018,7/29/2024,DCY15,9,950,,POPTRE,3.5,4.2,1,-99,0,1,1,,,,,,,,,,,,,,,
DCY159_951,6/19/2018,7/29/2024,DCY15,9,951,,POPTRE,3.8,4.6,1,-99,0,1,1,,,,,,,,,,,,,,,
DCY159_952,6/19/2018,7/29/2024,DCY15,9,952,,POPTRE,3.5,4.4,1,-99,0,1,1,,,,,,,,,,,,,,,
DCY159_953,6/19/2018,7/29/2024,DCY15,9,953,,POPTRE,3.1,-7777,0,-99,0,0,1,,,,,,,,,,,,,,,
DCY159_954,6/19/2018,7/29/2024,DCY15,9,954,,POPTRE,3.7,4.8,1,-99,0,1,1,,,,,,,,,,,,,,,
DCY159_955,6/19/2018,7/29/2024,DCY15,9,955,,POPTRE,4.6,6.1,1,-99,0,1,1,,,,,,,,,,,,,,,
DCY159_1243,6/19/2018,7/29/2024,DCY15,9,1243,,POPTRE,2.5,3.2,1,-99,0,1,1,,,,,,,,,,,,,,,
DCY159_1244,6/19/2018,7/29/2024,DCY15,9,1244,,POPTRE,2.5,3.3,1,-99,0,1,1,,,,,,,,,,,,,,,
DCY159_1245,6/19/2018,7/29/2024,DCY15,9,1245,,POPTRE,2.5,2.8,1,-99,0,1,1,,,,,,,,,,,,,,,
,,7/29/2024,DCY15,9,2023,,POPTRE,,2.8,1,-99,0,1,1,,,,,,,,,,,,,,,
,,7/29/2024,DCY15,9,2024,,POPTRE,,2.8,1,-99,0,1,1,,,,,,,,,,,,,,,
,,7/29/2024,DCY15,9,2025,,POPTRE,,2.6,1,-99,0,1,1,,,,,,,,,,,,,,,
,,7/29/2024,DCY15,9,2026,,POPTRE,,2.6,1,-99,0,1,1,,,,,,,,,,,,,,,
,,7/29/2024,DCY15,9,2027,,POPTRE,,2.5,1,-99,0,1,1,,,,,,,,,,,,,,,
,,7/29/2024,DCY15,9,2028,,POPTRE,,2.7,1,-99,0,1,1,,,,,,,,,,,,,,,
DCY1511_568,6/19/2018,7/29/2024,DCY15,11,568,,POPTRE,2.7,3.3,1,-99,0,1,1,,,,,,,,,,,,,,,
DCY1511_569,6/19/2018,7/29/2024,DCY15,11,569,,POPTRE,3.5,5.1,1,-99,0,1,1,,,,,,,,,,,,,,,
DCY1511_570,6/19/2018,7/29/2024,DCY15,11,570,,POPTRE,3.8,5.8,1,-99,0,1,1,,,,,,,,,,,,,,,
DCY1511_571,6/19/2018,7/29/2024,DCY15,11,571,,POPTRE,2.8,4.1,1,-99,0,1,1,,,,,,,,,,,,,,,
DCY1511_572,6/19/2018,7/29/2024,DCY15,11,572,,POPTRE,2.8,4.2,1,-99,0,1,1,,,,,,,,,,,,,,,
DCY1511_957,6/19/2018,7/29/2024,DCY15,11,957,,POPTRE,4.8,6.3,1,-99,0,1,1,girdled,,,,,,,,,,,,,,
DCY1511_958,6/19/2018,7/29/2024,DCY15,11,958,,POPTRE,4.1,5.5,1,-99,0,1,1,,,,,,,,,,,,,,,
DCY1511_1246,6/19/2018,7/29/2024,DCY15,11,1246,,POPTRE,3.3,4.5,1,-99,0,1,1,,old notes-Near stake 19. 2019 notes-,,,,,,,,,,,,,
DCY1511_1247,6/19/2018,7/29/2024,DCY15,11,1247,,POPTRE,2.7,4,1,-99,0,1,1,,,,,,,,,,,,,,,
DCY1511_1248,6/19/2018,7/29/2024,DCY15,11,1248,,POPTRE,3.5,4.8,1,-99,0,1,1,,,,,,,,,,,,,,,
DCY1511_1249,6/19/2018,7/29/2024,DCY15,11,1249,,POPTRE,3,5,1,-99,0,1,1,,,,,,,,,,,,,,,
,,7/29/2024,DCY15,11,2029,,PICMAR,,2.9,1,-99,0,1,1,,,,,,,,,,,,,,,
,,7/29/2024,DCY15,11,2030,,POPTRE,,2.7,1,-99,0,1,1,,,,,,,,,,,,,,,
,,7/29/2024,DCY15,11,2031,,POPTRE,,2.7,1,-99,0,1,1,,,,,,,,,,,,,,,
,,7/29/2024,DCY15,11,2032,,POPTRE,,3.2,1,-99,0,1,1,,,,,,,,,,,,,,,
,,7/29/2024,DCY15,11,2033,,POPTRE,,3.7,1,-99,0,1,1,,,,,,,,,,,,,,,
,,7/29/2024,DCY15,11,2034,,POPTRE,,2.7,1,-99,0,1,1,,,,,,,,,,,,,,,
,,7/29/2024,DCY15,11,2035,,POPTRE,,2.9,1,-99,0,1,1,,,,,,,,,,,,,,,
,,7/29/2024,DCY15,11,2036,,POPTRE,,3,1,-99,0,1,1,,,,,,,,,,,,,,,
,,7/29/2024,DCY15,11,2037,,POPTRE,,2.8,1,-99,0,1,1,,,,,,,,,,,,,,,
,,7/29/2024,DCY15,11,2038,,POPTRE,,2.9,1,-99,0,1,1,,,,,,,,,,,,,,,
,,7/29/2024,DCY15,11,2039,,POPTRE,,2.5,1,-99,0,1,1,,,,,,,,,,,,,,,
DCY1512_573,6/19/2018,7/29/2024,DCY15,12,573,,POPTRE,2.9,4.8,1,-99,0,1,1,,,,,,,,,,,,,,,
DCY1512_574,6/19/2018,7/29/2024,DCY15,12,574,,POPTRE,2.8,4,1,-99,0,1,1,,,,,,,,,,,,,,,
DCY1512_575,6/19/2018,7/29/2024,DCY15,12,575,,POPTRE,2.7,3.7,1,-99,0,1,1,,,,,,,,,,,,,,,
DCY1512_576,6/19/2018,7/29/2024,DCY15,12,576,,POPTRE,2.5,3.4,1,-99,0,1,1,,,,,,,,,,,,,,,
DCY1512_577,6/19/2018,7/29/2024,DCY15,12,577,,POPTRE,3.8,4.5,1,-99,0,1,1,,,,,,,,,,,,,,,
DCY1512_959,6/19/2018,7/29/2024,DCY15,12,959,,POPTRE,5.6,6.9,1,-99,0,1,1,,,,,,,,,,,,,,,
DCY1512_960,6/19/2018,7/29/2024,DCY15,12,960,,POPTRE,4.9,5,1,-99,0,1,1,,,,,,,,,,,,,,,
DCY1512_961,6/19/2018,7/29/2024,DCY15,12,961,,POPTRE,3.8,4.7,1,-99,0,1,1,,,,,,,,,,,,,,,
DCY1512_962,6/19/2018,7/29/2024,DCY15,12,962,,POPTRE,3.6,4.1,1,-99,0,1,1,,,,,,,,,,,,,,,
DCY1512_963,6/19/2018,7/29/2024,DCY15,12,963,,POPTRE,3.3,4.3,1,-99,0,1,1,,,,,,,,,,,,,,,
DCY1512_964,6/19/2018,7/29/2024,DCY15,12,964,,POPTRE,3.5,4.5,1,-99,0,1,1,,,,,,,,,,,,,,,
DCY1512_965,6/19/2018,7/29/2024,DCY15,12,965,,POPTRE,3.8,5.7,1,-99,0,1,1,,,,,,,,,,,,,,,
DCY1512_966,6/19/2018,7/29/2024,DCY15,12,966,,POPTRE,5.8,10.4,1,-99,0,1,1,,,,,,,,,,,,,,,
DCY1512_967,6/19/2018,7/29/2024,DCY15,12,967,,POPTRE,5.8,9.2,1,-99,0,1,1,,,,,,,,,,,,,,,
DCY1512_1250,6/19/2018,7/29/2024,DCY15,12,1250,,POPTRE,3.3,5.4,1,-99,0,1,1,,,,,,,,,,,,,,,
DCY1512_1251,6/19/2018,7/29/2024,DCY15,12,1251,,POPTRE,3,4.1,1,-99,0,1,1,,,,,,,,,,,,,,,
DCY1512_1252,6/19/2018,7/29/2024,DCY15,12,1252,,POPTRE,2.8,4.3,1,-99,0,1,1,,,,,,,,,,,,,,,
DCY1512_1253,6/19/2018,7/29/2024,DCY15,12,1253,,POPTRE,4.2,7.3,1,-99,0,1,1,,,,,,,,,,,,,,,
DCY1512_1254,6/19/2018,7/29/2024,DCY15,12,1254,,POPTRE,3,4.2,1,-99,0,1,1,,,,,,,,,,,,,,,
DCY1512_1255,6/19/2018,7/29/2024,DCY15,12,1255,,POPTRE,2.8,3.7,1,-99,1,1,1,,,,,,,,,,,,,,,
DCY1512_1256,6/19/2018,7/29/2024,DCY15,12,1256,,POPTRE,2.6,3.4,1,-99,0,1,1,,,,,,,,,,,,,,,
DCY1512_1257,6/19/2018,7/29/2024,DCY15,12,1257,,POPTRE,3.4,4.3,1,-99,0,1,1,,,,,,,,,,,,,,,
,,7/29/2024,DCY15,12,2040,,POPTRE,,3.3,1,-99,0,1,1,,,,,,,,,,,,,,,
,,7/29/2024,DCY15,12,2041,,POPTRE,,2.6,1,-99,0,1,1,,,,,,,,,,,,,,,
,,7/29/2024,DCY15,12,2042,,POPTRE,,3.1,1,-99,0,1,1,,,,,,,,,,,,,,,
,,7/29/2024,DCY15,12,2043,,POPTRE,,3.6,1,-99,0,1,1,,,,,,,,,,,,,,,
,,7/29/2024,DCY15,12,2044,,POPTRE,,3.8,1,-99,0,1,1,,,,,,,,,,,,,,,
,,7/29/2024,DCY15,12,2045,,POPTRE,,3,1,-99,0,1,1,,,,,,,,,,,,,,,
,,7/29/2024,DCY15,12,2046,,POPTRE,,2.7,1,-99,0,1,1,,,,,,,,,,,,,,,
,,7/29/2024,DCY15,12,2047,,POPTRE,,3.3,1,-99,0,1,1,,,,,,,,,,,,,,,
DCY1513_578,6/19/2018,7/29/2024,DCY15,13,578,,POPTRE,3.8,7.5,1,-99,0,1,1,,,,,,,,,,,,,,,
DCY1513_579,6/19/2018,7/29/2024,DCY15,13,579,,POPTRE,3.1,4.9,1,-99,0,1,1,,,,,,,,,,,,,,,
DCY1513_580,6/19/2018,7/29/2024,DCY15,13,580,,POPTRE,3.1,4.5,1,-99,0,1,1,,,,,,,,,,,,,,,
DCY1513_968,6/19/2018,7/29/2024,DCY15,13,968,,POPTRE,4,5.3,1,-99,1,1,1,,,,,,,,,,,,,,,
DCY1513_969,6/19/2018,7/29/2024,DCY15,13,969,,POPTRE,5.1,7.4,1,-99,0,1,1,,,,,,,,,,,,,,,
DCY1513_970,6/19/2018,7/29/2024,DCY15,13,970,,POPTRE,4.6,7.1,1,-99,0,1,1,,,,,,,,,,,,,,,
DCY1513_971,6/19/2018,7/29/2024,DCY15,13,971,,POPTRE,3.2,4.9,1,-99,0,1,1,,,,,,,,,,,,,,,
DCY1513_972,6/19/2018,7/29/2024,DCY15,13,972,,POPTRE,3.2,4.4,1,-99,0,1,1,,,,,,,,,,,,,,,
,,7/29/2024,DCY15,13,2048,,POPTRE,,2.5,1,-99,0,1,1,,,,,,,,,,,,,,,
,,7/29/2024,DCY15,13,2049,,POPTRE,,3.4,1,-99,0,1,1,,,,,,,,,,,,,,,
,,7/29/2024,DCY15,13,2050,,POPTRE,,2.6,1,-99,0,1,1,,,,,,,,,,,,,,,
,,7/29/2024,DCY15,13,2051,,POPTRE,,3,1,-99,0,1,1,,,,,,,,,,,,,,,
,,7/29/2024,DCY15,13,2052,,POPTRE,,2.5,1,-99,0,1,1,,,,,,,,,,,,,,,
,,7/29/2024,DCY15,13,2053,,POPTRE,,2.8,1,-99,0,1,1,,,,,,,,,,,,,,,
,,7/29/2024,DCY15,13,2054,,POPTRE,,2.6,1,-99,0,1,1,,,,,,,,,,,,,,,
,,7/29/2024,DCY15,13,2055,,POPTRE,,3.3,1,-99,0,1,1,,,,,,,,,,,,,,,
,,7/29/2024,DCY15,13,2056,,POPTRE,,3,1,-99,0,1,1,,,,,,,,,,,,,,,
,,7/29/2024,DCY15,13,2057,,POPTRE,,2.5,1,-99,0,1,1,,,,,,,,,,,,,,,
,,7/29/2024,DCY15,13,2058,,POPTRE,,2.5,1,-99,0,1,1,,,,,,,,,,,,,,,
,,7/29/2024,DCY15,13,2069,,POPTRE,,3.3,1,-99,0,1,1,,,,,,,,,,,,,,,
,,7/29/2024,DCY15,13,2070,,POPTRE,,3.6,1,-99,0,1,1,,,,,,,,,,,,,,,
,,7/29/2024,DCY15,13,2072,,POPTRE,,2.6,1,-99,0,1,1,,,,,,,,,,,,,,,
DCY1514_581,6/19/2018,7/29/2024,DCY15,14,581,,POPTRE,3.5,5.8,1,-99,0,1,1,,,,,,,,,,,,,,,
DCY1514_582,6/19/2018,7/29/2024,DCY15,14,582,,POPTRE,2.9,4.9,1,-99,0,1,1,,,,,,,,,,,,,,,
DCY1514_583,6/19/2018,7/29/2024,DCY15,14,583,,POPTRE,3.7,5.8,1,-99,0,1,1,,,,,,,,,,,,,,,
DCY1514_584,6/19/2018,7/29/2024,DCY15,14,584,,POPTRE,2.5,3.9,1,-99,0,1,1,,,,,,,,,,,,,,,
DCY1514_585,6/19/2018,7/29/2024,DCY15,14,585,,POPTRE,2.5,4,1,-99,0,1,1,,,,,,,,,,,,,,,
DCY1514_973,6/19/2018,7/29/2024,DCY15,14,973,,POPTRE,3.3,5.5,1,-99,0,1,1,,,,,,,,,,,,,,,
DCY1514_974,6/19/2018,7/29/2024,DCY15,14,974,,POPTRE,3.5,5.4,1,-99,0,1,1,girdled,,,,,,,,,,,,,,
DCY1514_975,6/19/2018,7/29/2024,DCY15,14,975,,POPTRE,3.8,6.5,1,-99,0,1,1,,,,,,,,,,,,,,,
DCY1514_976,6/19/2018,7/29/2024,DCY15,14,976,,POPTRE,4,6.8,1,-99,0,1,1,,,,,,,,,,,,,,,
DCY1514_977,6/19/2018,7/29/2024,DCY15,14,977,,POPTRE,3.4,4.8,1,-99,0,1,1,,,,,,,,,,,,,,,
DCY1514_1258,6/19/2018,7/29/2024,DCY15,14,1258,,POPTRE,2.7,4.3,1,-99,0,1,1,,,,,,,,,,,,,,,
DCY1514_1259,6/19/2018,7/29/2024,DCY15,14,1259,,POPTRE,3.1,5.1,1,-99,0,1,1,,,,,,,,,,,,,,,
DCY1514_1260,6/19/2018,7/29/2024,DCY15,14,1260,,POPTRE,2.5,3.7,1,-99,0,1,1,,,,,,,,,,,,,,,
DCY1514_1261,6/19/2018,7/29/2024,DCY15,14,1261,,POPTRE,2.5,4.2,1,-99,0,1,1,,,,,,,,,,,,,,,
DCY1514_1262,6/19/2018,7/29/2024,DCY15,14,1262,,POPTRE,2.7,4.3,1,-99,1,1,1,,,,,,,,,,,,,,,
DCY1514_1263,6/19/2018,7/29/2024,DCY15,14,1263,,POPTRE,2.6,4,1,-99,0,1,1,,,,,,,,,,,,,,,
DCY1514_1264,6/19/2018,7/29/2024,DCY15,14,1264,,POPTRE,2.9,4,1,-99,0,1,1,,,,,,,,,,,,,,,
,,7/29/2024,DCY15,14,2059,,POPTRE,,3.5,1,-99,0,1,1,,,,,,,,,,,,,,,
,,7/29/2024,DCY15,14,2060,,POPTRE,,2.5,1,-99,0,1,1,,,,,,,,,,,,,,,
,,7/29/2024,DCY15,14,2061,,POPTRE,,2.8,1,-99,0,1,1,,,,,,,,,,,,,,,
,,7/29/2024,DCY15,14,2062,,POPTRE,,3.1,1,-99,0,1,1,,,,,,,,,,,,,,,
,,7/29/2024,DCY15,14,2063,,POPTRE,,3.1,1,-99,0,1,1,,,,,,,,,,,,,,,
,,7/29/2024,DCY15,14,2064,,POPTRE,,3.6,1,-99,0,1,1,,,,,,,,,,,,,,,
,,7/29/2024,DCY15,14,2065,,POPTRE,,3.6,1,-99,0,1,1,,,,,,,,,,,,,,,
,,7/29/2024,DCY15,14,2066,,POPTRE,,4.5,1,-99,0,1,1,,,,,,,,,,,,,,,
,,7/29/2024,DCY15,14,2067,,POPTRE,,3.5,1,-99,0,1,1,,,,,,,,,,,,,,,
,,7/29/2024,DCY15,14,2068,,POPTRE,,3.4,1,-99,0,1,1,,,,,,,,,,,,,,,
,,7/29/2024,DCY15,14,2071,,POPTRE,,3.8,1,-99,0,1,1,,,,,,,,,,,,,,,
,,7/29/2024,DCY15,14,2073,,POPTRE,,3.5,1,-99,0,1,1,,,,,,,,,,,,,,,
DCY161_1255,6/19/2018,7/26/2024,DCY16,1,1255,,POPTRE,2.8,5.5,1,-99,0,1,1,typo- is 1265,,,,,,,,,,,,,,
,,7/26/2024,DCY16,1,2125,,POPTRE ,,3.4,1,-99,0,1,1,,,,,,,,,,,,,,,
,,7/26/2024,DCY16,1,2126,,POPTRE ,,3.7,1,-99,0,1,1,,,,,,,,,,,,,,,
,,7/26/2024,DCY16,1,2127,,POPTRE,,3.6,1,-99,0,1,1,,,,,,,,,,,,,,,
,,7/26/2024,DCY16,1,2128,,POPTRE,,2.6,1,-99,0,1,1,,,,,,,,,,,,,,,
,,7/26/2024,DCY16,1,2129,,POPTRE,,3.4,1,-99,0,1,1,,,,,,,,,,,,,,,
,,7/26/2024,DCY16,1,2130,,POPTRE,,3.4,1,-99,0,1,1,,,,,,,,,,,,,,,
,,7/26/2024,DCY16,1,2131,,POPTRE,,5,1,-99,0,1,1,,,,,,,,,,,,,,,
,,7/26/2024,DCY16,1,2132,,POPTRE,,3.4,1,-99,0,1,1,,,,,,,,,,,,,,,
DCY162_588,6/19/2018,7/26/2024,DCY16,2,588,,POPTRE,4.8,9.3,1,-99,0,1,1,,,,,,,,,,,,,,,
DCY162_589,6/19/2018,7/26/2024,DCY16,2,589,,POPTRE,3.6,6,1,-99,0,1,1,,,,,,,,,,,,,,,
DCY162_1257,6/19/2018,7/26/2024,DCY16,2,1257,,POPTRE,3.9,7,1,-99,0,1,1,its 1267,,,,,,,,,,,,,,
DCY162_1266,6/19/2018,7/26/2024,DCY16,2,1266,,POPTRE,3.6,6.7,1,-99,0,1,1,,,,,,,,,,,,,,,
,,7/26/2024,DCY16,2,2133,,POPTRE,,2.7,1,-99,0,1,1,,,,,,,,,,,,,,,
,,7/26/2024,DCY16,2,2134,,POPTRE,,3.3,1,-99,0,1,1,,,,,,,,,,,,,,,
,,7/26/2024,DCY16,2,2135,,POPTRE,,3,1,-99,0,1,1,,,,,,,,,,,,,,,
,,7/26/2024,DCY16,2,2136,,POPTRE,,3.8,1,-99,0,1,1,,,,,,,,,,,,,,,
,,7/26/2024,DCY16,2,2137,,POPTRE,,3.4,1,-99,0,1,1,,,,,,,,,,,,,,,
,,7/26/2024,DCY16,2,2138,,POPTRE,,2.6,1,-99,0,1,1,,,,,,,,,,,,,,,
,,7/26/2024,DCY16,2,2139,,BETNEO,,5.6,1,-99,0,1,1,,,,,,,,,,,,,,,
,,7/26/2024,DCY16,2,2140,,POPTRE,,2.8,1,-99,0,1,1,,,,,,,,,,,,,,,
,,7/26/2024,DCY16,2,2141,,POPTRE,,3.8,1,-99,0,1,1,,,,,,,,,,,,,,,
,,7/26/2024,DCY16,2,2142,,POPTRE,,3.9,1,-99,0,1,1,,,,,,,,,,,,,,,
,,7/26/2024,DCY16,2,2143,,POPTRE,,4.3,1,-99,0,1,1,,,,,,,,,,,,,,,
,,7/26/2024,DCY16,2,2144,,POPTRE,,2.9,1,-99,0,1,1,,,,,,,,,,,,,,,
DCY163_590,6/19/2018,7/26/2024,DCY16,3,590,,POPTRE,2.6,4.5,1,-99,0,1,1,,,,,,,,,,,,,,,
DCY163_591,6/19/2018,7/26/2024,DCY16,3,591,,POPTRE,2.5,5.2,1,-99,0,1,1,,,,,,,,,,,,,,,
DCY163_1258,6/19/2018,7/26/2024,DCY16,3,1258,,POPTRE,2.9,5.8,1,-99,0,1,1,1268 actually,,,,,,,,,,,,,,
DCY163_1259,6/19/2018,7/26/2024,DCY16,3,1259,,POPTRE,2.7,5,1,-99,0,1,1,1269 actually,,,,,,,,,,,,,,
,,7/26/2024,DCY16,3,2145,,BETNEO,,3,1,-99,0,1,1,,,,,,,,,,,,,,,
,,7/26/2024,DCY16,3,2146,,POPTRE,,4,1,-99,0,1,1,,,,,,,,,,,,,,,
,,7/26/2024,DCY16,3,2147,,POPTRE,,2.7,1,-99,0,1,1,,,,,,,,,,,,,,,
,,7/26/2024,DCY16,3,2148,,POPTRE,,4.6,1,-99,0,1,1,,,,,,,,,,,,,,,
,,7/26/2024,DCY16,3,2149,,POPTRE,,2.6,1,-99,0,1,1,,,,,,,,,,,,,,,
,,7/26/2024,DCY16,3,2150,,POPTRE,,3.3,1,-99,0,1,1,,,,,,,,,,,,,,,
,,7/26/2024,DCY16,3,2151,,POPTRE,,3.8,1,-99,0,1,1,,,,,,,,,,,,,,,
,,7/26/2024,DCY16,3,2152,,POPTRE,,2.8,1,-99,0,1,1,,,,,,,,,,,,,,,
,,7/26/2024,DCY16,3,2153,,POPTRE,,5.1,1,-99,0,1,1,,,,,,,,,,,,,,,
,,7/26/2024,DCY16,3,2154,,POPTRE,,3.4,1,-99,0,1,1,,,,,,,,,,,,,,,
,,7/26/2024,DCY16,3,2155,,POPTRE,,4,1,-99,0,1,1,,,,,,,,,,,,,,,
,,7/26/2024,DCY16,3,2156,,POPTRE,,2.9,1,-99,0,1,1,,,,,,,,,,,,,,,
,,7/26/2024,DCY16,3,2157,,POPTRE ,,2.5,1,-99,1,1,1,,,,,,,,,,,,,,,
,,7/26/2024,DCY16,3,2158,,POPTRE,,2.6,1,-99,0,1,1,,,,dont know but damaged,,,,,,,,,,,
,,7/26/2024,DCY16,3,2159,,POPTRE,,3.6,1,-99,0,1,1,,,,,,,,,,,,,,,
,,7/26/2024,DCY16,3,2160,,POPTRE,,3.8,1,-99,0,1,1,,,,,,,,,,,,,,,
DCY164_421,6/19/2018,7/26/2024,DCY16,4,421,,POPTRE,5.3,6.3,1,-99,0,1,1,,,,,,,,,,,,,,,
DCY164_422,6/19/2018,7/26/2024,DCY16,4,422,,POPTRE,6.2,8.6,1,-99,0,1,1,,,,,,,,,,,,,,,
DCY164_423,6/19/2018,7/26/2024,DCY16,4,423,,POPTRE,3.5,5.4,1,-99,0,1,1,,,,,,,,,,,,,,,
DCY164_424,6/19/2018,7/26/2024,DCY16,4,424,,POPTRE,3.8,5.5,1,-99,0,1,1,,,,,,,,,,,,,,,
DCY164_425,6/19/2018,7/26/2024,DCY16,4,425,,POPTRE,3.8,5.7,1,-99,0,1,1,,,,,,,,,,,,,,,
DCY164_426,6/19/2018,7/26/2024,DCY16,4,426,,POPTRE,6.5,9.3,1,-99,0,1,1,,,,,,,,,,,,,,,
DCY164_427,6/19/2018,7/26/2024,DCY16,4,427,,POPTRE,5,8.5,1,-99,0,1,1,,,,,,,,,,,,,,,
DCY164_428,6/19/2018,7/26/2024,DCY16,4,428,,POPTRE,3.7,5.5,1,-99,0,1,1,,,,,,,,,,,,,,,
DCY164_429,6/19/2018,7/26/2024,DCY16,4,429,,POPTRE,4.8,7,1,-99,0,1,1,,,,,,,,,,,,,,,
DCY164_430,6/19/2018,7/26/2024,DCY16,4,430,,POPTRE,4.3,6.6,1,-99,0,1,1,,,,,,,,,,,,,,,
DCY164_592,6/19/2018,7/26/2024,DCY16,4,592,,POPTRE,2.6,4.4,1,-99,0,1,1,,,,,,,,,,,,,,,
DCY164_593,6/19/2018,7/26/2024,DCY16,4,593,,POPTRE,3,4.9,1,-99,0,1,1,,,,,,,,,,,,,,,
DCY164_594,6/19/2018,7/26/2024,DCY16,4,594,,POPTRE,2.5,3.7,1,-99,0,1,1,,,,,,,,,,,,,,,
DCY164_595,6/19/2018,7/26/2024,DCY16,4,595,,POPTRE,2.6,4.1,1,-99,0,1,1,,,,,,,,,,,,,,,
DCY164_1270,6/19/2018,7/26/2024,DCY16,4,1270,,POPTRE,3,5.4,1,-99,0,1,1,,,,,,,,,,,,,,,
DCY164_1271,6/19/2018,7/26/2024,DCY16,4,1271,,POPTRE,3,5.3,1,-99,0,1,1,,,,,,,,,,,,,,,
DCY164_1272,6/19/2018,7/26/2024,DCY16,4,1272,,POPTRE,2.5,3.7,1,-99,0,1,1,,,,,,,,,,,,,,,
DCY164_1273,6/19/2018,7/26/2024,DCY16,4,1273,,POPTRE,2.7,4.7,1,-99,0,1,1,,,,,,,,,,,,,,,
DCY164_1274,6/19/2018,7/26/2024,DCY16,4,1274,,POPTRE,2.9,4.9,1,-99,0,1,1,,,,,,,,,,,,,,,
,,7/26/2024,DCY16,4,2161,,POPTRE,,6.8,1,-99,0,1,1,,,,,,,,,,,,,,,
,,7/26/2024,DCY16,4,2162,,POPTRE,,3,1,-99,0,1,1,,,,,,,,,,,,,,,
,,7/26/2024,DCY16,4,2163,,POPTRE,,3.2,1,-99,0,1,1,,,,,,,,,,,,,,,
,,7/26/2024,DCY16,4,2164,,POPTRE,,4,1,-99,0,1,1,,,,,,,,,,,,,,,
,,7/26/2024,DCY16,4,2165,,POPTRE,,4,1,-99,0,1,1,,,,,,,,,,,,,,,
,,7/26/2024,DCY16,4,2166,,POPTRE,,3.5,1,-99,0,1,1,,,,,,,,,,,,,,,
,,7/26/2024,DCY16,4,2167,,POPTRE,,3,1,-99,0,1,1,,,,,,,,,,,,,,,
,,7/26/2024,DCY16,4,2168,,POPTRE,,3.3,1,-99,0,1,1,,,,,,,,,,,,,,,
,,7/26/2024,DCY16,4,2169,,POPTRE,,4.2,1,-99,0,1,1,,,,,,,,,,,,,,,
,,7/26/2024,DCY16,4,2170,,POPTRE,,2.8,1,-99,0,1,1,,,,,,,,,,,,,,,
,,7/26/2024,DCY16,4,2171,,POPTRE,,4.7,1,-99,0,1,1,,,,,,,,,,,,,,,
,,7/26/2024,DCY16,4,2172,,POPTRE,,3.3,1,-99,0,1,1,,,,,,,,,,,,,,,
DCY166_431,6/19/2018,7/26/2024,DCY16,6,431,,POPTRE,6.2,10.3,1,-99,0,1,1,,,,,,,,,,,,,,,
DCY166_432,6/19/2018,7/26/2024,DCY16,6,432,,POPTRE,5.1,8.6,1,-99,0,1,1,,,,,,,,,,,,,,,
DCY166_433,6/19/2018,7/26/2024,DCY16,6,433,,POPTRE,6.5,8.7,1,-99,0,1,1,,,,,,,,,,,,,,,
DCY166_434,6/19/2018,7/26/2024,DCY16,6,434,,POPTRE,5.1,8.3,1,-99,0,1,1,,,,,,,,,,,,,,,
DCY166_435,6/19/2018,7/26/2024,DCY16,6,435,,POPTRE,5.4,8.4,1,-99,0,1,1,,,,,,,,,,,,,,,
DCY166_436,6/19/2018,7/26/2024,DCY16,6,436,,POPTRE,4.1,8.8,1,-99,0,1,1,,,,,,,,,,,,,,,
DCY166_437,6/19/2018,7/26/2024,DCY16,6,437,,POPTRE,5.3,8.4,1,-99,0,1,1,,,,,,,,,,,,,,,
DCY166_1275,6/19/2018,7/26/2024,DCY16,6,1275,,POPTRE,3.3,6.6,1,-99,0,1,1,,,,,,,,,,,,,,,
,,7/26/2024,DCY16,6,2173,,POPTRE,,4,1,-99,0,1,1,,,,,,,,,,,,,,,
,,7/26/2024,DCY16,6,2174,,POPTRE,,2.7,1,-99,0,1,1,,,,,,,,,,,,,,,
,,7/26/2024,DCY16,6,2175,,POPTRE,,3.2,1,-99,0,1,1,,,,,,,,,,,,,,,
,,7/26/2024,DCY16,6,2176,,POPTRE,,4,1,-99,0,1,1,,,,,,,,,,,,,,,
,,7/26/2024,DCY16,6,2177,,POPTRE,,3.5,1,-99,0,1,1,,,,,,,,,,,,,,,
,,7/26/2024,DCY16,6,2178,,POPTRE,,2.6,1,-99,0,1,1,,,,,,,,,,,,,,,
,,7/26/2024,DCY16,6,2179,,POPTRE,,3.1,1,-99,0,1,1,,,,,,,,,,,,,,,
,,7/26/2024,DCY16,6,2180,,POPTRE,,3.9,1,-99,0,1,1,,,,,,,,,,,,,,,
,,7/26/2024,DCY16,6,2181,,POPTRE,,2.9,1,-99,0,1,1,,,,,,,,,,,,,,,
,,7/26/2024,DCY16,6,2182,,POPTRE,,3.8,1,-99,0,1,1,,,,,,,,,,,,,,,
,,7/26/2024,DCY16,6,2183,,POPTRE,,3.4,1,-99,0,1,1,,,,,,,,,,,,,,,
DCY167_438,6/19/2018,7/26/2024,DCY16,7,438,,BETNEO,4.5,7.3,1,-99,0,1,1,,,,,,,,,,,,,,,
DCY167_439,6/19/2018,7/26/2024,DCY16,7,439,,POPTRE,5.7,8.8,1,-99,0,1,1,,,,,,,,,,,,,,,
DCY167_440,6/19/2018,7/26/2024,DCY16,7,440,,POPTRE,5.2,8.2,1,-99,0,1,1,,,,,,,,,,,,,,,
DCY167_441,6/19/2018,7/26/2024,DCY16,7,441,,POPTRE,5.8,9.4,1,-99,0,1,1,,,,,,,,,,,,,,,
DCY167_596,6/19/2018,7/26/2024,DCY16,7,596,,POPTRE,3.5,6.6,1,-99,0,1,1,,,,,,,,,,,,,,,
DCY167_597,6/19/2018,7/26/2024,DCY16,7,597,,POPTRE,4.4,7.8,1,-99,0,1,1,,,,Girdled,,,,,,,,,,,
DCY167_1276,6/19/2018,7/26/2024,DCY16,7,1276,,POPTRE,3.3,5.6,1,-99,0,1,1,,,,,,,,,,,,,,,
DCY167_1277,6/19/2018,7/26/2024,DCY16,7,1277,,BETNEO,3.5,5.7,1,-99,0,1,1,,,,,,,,,,,,,,,
,,7/26/2024,DCY16,7,2184,,POPTRE ,,3.8,1,-99,0,1,1,,,,,,,,,,,,,,,
,,7/26/2024,DCY16,7,2185,,POPTRE ,,3.3,1,-99,0,1,1,,,,,,,,,,,,,,,
,,7/26/2024,DCY16,7,2186,,BETNEO,,4.5,1,-99,0,1,1,,,,,,,,,,,,,,,
,,7/26/2024,DCY16,7,2187,,BETNEO,,3.1,1,-99,0,1,1,,,,,,,,,,,,,,,
,,7/26/2024,DCY16,7,2188,,BETNEO,,2.6,1,-99,0,1,1,,,,,,,,,,,,,,,
,,7/26/2024,DCY16,7,2189,,BETNEO ,,5.1,1,-99,0,1,1,,,,,,,,,,,,,,,
,,7/26/2024,DCY16,7,2190,,BETNEO ,,4.3,1,-99,0,1,1,,,,,,,,,,,,,,,
,,7/26/2024,DCY16,7,2191,,POPTRE,,5.2,1,-99,0,1,1,,,,,,,,,,,,,,,
,,7/26/2024,DCY16,7,2192,,POPTRE,,4.1,1,-99,0,1,1,,,,,,,,,,,,,,,
,,7/26/2024,DCY16,7,2192,,BETNEO,,4.2,1,-99,0,1,1,,,,,,,,,,,,,,,
,,7/26/2024,DCY16,7,2193,,POPTRE,,3.7,1,-99,0,1,1,,,,,,,,,,,,,,,
,,7/26/2024,DCY16,7,2194,,POPTRE,,3.6,1,-99,0,1,1,,,,,,,,,,,,,,,
,,7/26/2024,DCY16,7,2195,,POPTRE,,3.4,1,-99,0,1,1,,,,,,,,,,,,,,,
,,7/26/2024,DCY16,7,2196,,POPTRE,,2.5,1,-99,0,1,1,,,,,,,,,,,,,,,
,,7/26/2024,DCY16,7,2197,,POPTRE,,5.9,1,-99,0,1,1,,,,,,,,,,,,,,,
,,7/26/2024,DCY16,7,2198,,POPTRE,,3.2,1,-99,0,1,1,,,,,,,,,,,,,,,
,,7/26/2024,DCY16,7,2199,,POPTRE,,2.9,1,-99,0,1,1,,,,,,,,,,,,,,,
DCY168_442,6/19/2018,7/26/2024,DCY16,8,442,,POPTRE,5.8,9.8,1,-99,0,1,1,,,,,,,,,,,,,,,
DCY168_443,6/19/2018,7/26/2024,DCY16,8,443,,POPTRE,5.7,9.1,1,-99,0,1,1,,,,,,,,,,,,,,,
DCY168_598,6/19/2018,7/26/2024,DCY16,8,598,,POPTRE,4,7.4,1,-99,0,1,1,,,,,,,,,,,,,,,
,,7/26/2024,DCY16,8,2200,,POPTRE,,2.6,1,-99,0,1,1,,,,,,,,,,,,,,,
,,7/26/2024,DCY16,8,2201,,POPTRE,,4.5,1,-99,0,1,1,,,,,,,,,,,,,,,
,,7/26/2024,DCY16,8,2202,,POPTRE,,3,1,-99,0,1,1,,,,,,,,,,,,,,,
,,7/26/2024,DCY16,8,2203,,BETNEO,,2.8,1,-99,0,1,1,,,,,,,,,,,,,,,
,,7/26/2024,DCY16,8,2204,,POPTRE,,4.5,1,-99,0,1,1,,,,,,,,,,,,,,,
,,7/26/2024,DCY16,8,2205,,POPTRE,,4.5,1,-99,0,1,1,,,,,,,,,,,,,,,
,,7/26/2024,DCY16,8,2206,,POPTRE,,3.8,1,-99,0,1,1,,,,,,,,,,,,,,,
,,7/26/2024,DCY16,8,2259,,POPTRE,,3.5,1,-99,0,1,1,,,,,,,,,,,,,,,
,,7/26/2024,DCY16,8,2260,,POPTRE,,3.6,1,-99,0,1,1,,,,,,,,,,,,,,,
DCY169_444,6/19/2018,7/26/2024,DCY16,9,444,,POPTRE,5.1,7.9,1,-99,0,1,1,,,,,,,,,,,,,,,
DCY169_445,6/19/2018,7/26/2024,DCY16,9,445,,BETNEO,4.4,7.4,1,-99,0,1,1,,,,,,,,,,,,,,,
DCY169_599,6/19/2018,7/26/2024,DCY16,9,599,,POPTRE,2.5,6.1,1,-99,0,1,1,in 8,,,,,,,,,,,,,,
DCY169_600,6/19/2018,7/26/2024,DCY16,9,600,,POPTRE,2.5,4.7,1,-99,0,1,1,in 8,,,,,,,,,,,,,,
DCY169_614,6/19/2018,7/26/2024,DCY16,9,614,,BETNEO,3.4,6.3,1,-99,0,1,1,,,,,,,,,,,,,,,
DCY169_1278,6/19/2018,7/26/2024,DCY16,9,1278,,POPTRE,2.6,6.1,1,-99,0,1,1,in 8,,,,,,,,,,,,,,
DCY169_1279,6/19/2018,7/26/2024,DCY16,9,1279,,BETNEO,3.6,6.8,1,-99,0,1,1,,,,,,,,,,,,,,,
DCY169_1280,6/19/2018,7/26/2024,DCY16,9,1280,,BETNEO,3.1,5.6,1,-99,0,1,1,,,,,,,,,,,,,,,
,,7/26/2024,DCY16,9,2207,,POPTRE,,3.3,1,-99,0,1,1,,,,,,,,,,,,,,,
,,7/26/2024,DCY16,9,2208,,POPTRE,,4.5,1,-99,0,1,1,,,,,,,,,,,,,,,
,,7/26/2024,DCY16,9,2209,,POPTRE,,3.2,1,-99,0,1,1,,,,,,,,,,,,,,,
,,7/26/2024,DCY16,9,2210,,POPTRE,,3.3,1,-99,0,1,1,,,,,,,,,,,,,,,
,,7/26/2024,DCY16,9,2211,,POPTRE,,3.8,1,-99,0,1,1,,,,,,,,,,,,,,,
,,7/26/2024,DCY16,9,2212,,POPTRE,,2.6,1,-99,0,1,1,,,,,,,,,,,,,,,
,,7/26/2024,DCY16,9,2213,,POPTRE,,3.8,1,-99,0,1,1,,,,,,,,,,,,,,,
,,7/26/2024,DCY16,9,2214,,POPTRE,,4.4,1,-99,0,1,1,,,,,,,,,,,,,,,
,,7/26/2024,DCY16,9,2215,,POPTRE,,4,1,-99,0,1,1,,,,,,,,,,,,,,,
,,7/26/2024,DCY16,9,2216,,POPTRE,,4.4,1,-99,0,1,1,,,,,,,,,,,,,,,
,,7/26/2024,DCY16,9,2217,,POPTRE,,3.5,1,-99,0,1,1,,,,,,,,,,,,,,,
,,7/26/2024,DCY16,9,2218,,POPTRE,,2.7,1,-99,0,1,1,,,,,,,,,,,,,,,
,,7/26/2024,DCY16,9,2219,,BETNEO,,4.1,1,-99,0,1,1,,,,,,,,,,,,,,,
,,7/26/2024,DCY16,9,2220,,POPTRE,,2.7,1,-99,0,1,1,,,,,,,,,,,,,,,
,,7/26/2024,DCY16,9,2221,,POPTRE,,3.2,1,-99,0,1,1,,,,,,,,,,,,,,,
,,7/26/2024,DCY16,9,2222,,POPTRE,,2.6,1,-99,0,1,1,,,,,,,,,,,,,,,
,,7/26/2024,DCY16,9,2223,,POPTRE,,2.7,1,-99,0,1,1,,,,,,,,,,,,,,,
,,7/26/2024,DCY16,9,2224,,POPTRE,,2.9,1,-99,0,1,1,,,,,,,,,,,,,,,
,,7/26/2024,DCY16,9,2225,,POPTRE,,3.1,1,-99,0,1,1,,,,,,,,,,,,,,,
,,7/26/2024,DCY16,9,2226,,POPTRE,,2.6,1,-99,0,1,1,,,,,,,,,,,,,,,
,,7/26/2024,DCY16,9,2227,,POPTRE,,4.4,1,-99,0,1,1,,,,,,,,,,,,,,,
,,7/26/2024,DCY16,9,2228,,POPTRE,,3.5,1,-99,0,1,1,,,,,,,,,,,,,,,
,,7/26/2024,DCY16,9,2229,,POPTRE,,2.8,1,-99,0,1,1,,,,,,,,,,,,,,,
,,7/26/2024,DCY16,9,2230,,POPTRE,,4.7,1,-99,0,1,1,,,,,,,,,,,,,,,
,,7/26/2024,DCY16,9,2231,,POPTRE,,3.3,1,-99,0,1,1,,,,,,,,,,,,,,,
,,7/26/2024,DCY16,9,2232,,POPTRE,,3.8,1,-99,0,1,1,,,,,,,,,,,,,,,
DCY1611_615,6/19/2018,7/26/2024,DCY16,11,615,,POPTRE,3.9,8.4,1,-99,0,1,1,,,,,,,,,,,,,,,
DCY1611_616,6/19/2018,7/26/2024,DCY16,11,616,,BETNEO,2.6,5.7,1,-99,0,1,1,,,,,,,,,,,,,,,
DCY1611_1281,6/19/2018,7/26/2024,DCY16,11,1281,,POPTRE,2.5,5.9,1,-99,0,1,1,,,,,,,,,,,,,,,
DCY1611_1282,6/19/2018,7/26/2024,DCY16,11,1282,,POPTRE,3.4,7.6,1,-99,0,1,1,,,,,,,,,,,,,,,
DCY1611_1283,6/19/2018,7/26/2024,DCY16,11,1283,,POPTRE,4.4,8.9,1,-99,0,1,1,,,,,,,,,,,,,,,
,,7/26/2024,DCY16,11,2233,,POPTRE,,4.1,1,-99,0,1,1,,,,,,,,,,,,,,,
,,7/26/2024,DCY16,11,2234,,POPTRE,,3.9,1,-99,0,1,1,,,,,,,,,,,,,,,
,,7/26/2024,DCY16,11,2235,,POPTRE,,3.5,1,-99,0,1,1,,,,,,,,,,,,,,,
,,7/26/2024,DCY16,11,2236,,POPTRE ,,2.5,1,-99,0,1,1,,,,,,,,,,,,,,,
,,7/26/2024,DCY16,11,2237,,POPTRE,,2.6,1,-99,0,1,1,,,,,,,,,,,,,,,
,,7/26/2024,DCY16,11,2238,,POPTRE,,3.7,1,-99,0,1,1,,,,scarring,,,,,,,,,,,
,,7/26/2024,DCY16,11,2239,,BETNEO ,,4.6,1,-99,0,1,1,,,,,,,,,,,,,,,
,,7/26/2024,DCY16,11,2240,,POPTRE,,4.3,1,-99,0,1,1,,,,,,,,,,,,,,,
,,7/26/2024,DCY16,11,2241,,POPTRE,,3.1,1,-99,0,1,1,,,,,,,,,,,,,,,
,,7/26/2024,DCY16,11,2242,,POPTRE,,4.3,1,-99,0,1,1,,,,,,,,,,,,,,,
,,7/26/2024,DCY16,11,2243,,POPTRE,,3.8,1,-99,0,1,1,,,,,,,,,,,,,,,
,,7/26/2024,DCY16,11,2244,,POPTRE,,3.9,1,-99,0,1,1,,,,,,,,,,,,,,,
,,7/26/2024,DCY16,11,2245,,POPTRE,,3.2,1,-99,0,1,1,,,,,,,,,,,,,,,
,,7/26/2024,DCY16,11,2246,,POPTRE,,5.1,1,-99,0,1,1,,,,,,,,,,,,,,,
,,7/26/2024,DCY16,11,2247,,POPTRE,,4,1,-99,0,1,1,,,,,,,,,,,,,,,
,,7/26/2024,DCY16,11,2248,,POPTRE,,3.8,1,-99,0,1,1,,,,,,,,,,,,,,,
,,7/26/2024,DCY16,11,2249,,POPTRE,,4.4,1,-99,0,1,1,,,,,,,,,,,,,,,
,,7/26/2024,DCY16,11,2250,,POPTRE,,3.7,1,-99,0,1,1,,,,,,,,,,,,,,,
,,7/26/2024,DCY16,11,2251,,POPTRE,,3.2,1,-99,0,1,1,,,,,,,,,,,,,,,
,,7/26/2024,DCY16,11,2252,,POPTRE,,3.3,1,-99,0,1,1,Shares based on with 615,,,,,,,,,,,,,,
,,7/26/2024,DCY16,11,2253,,POPTRE,,5.3,1,-99,0,1,1,,,,,,,,,,,,,,,
,,7/26/2024,DCY16,11,2254,,POPTRE ,,4.9,1,-99,0,1,1,,,,,,,,,,,,,,,
,,7/26/2024,DCY16,11,2255,,POPTRE,,4.8,1,-99,0,1,1,,,,,,,,,,,,,,,
,,7/26/2024,DCY16,11,2256,,POPTRE ,,2.9,1,-99,0,1,1,,,,,,,,,,,,,,,
,,7/26/2024,DCY16,11,2257,,BETNEO,,4.9,1,-99,0,1,1,,,,,,,,,,,,,,,
DCY1612_617,6/19/2018,7/26/2024,DCY16,12,617,,POPTRE,3.4,6.7,1,-99,0,1,1,,,,,,,,,,,,,,,
DCY1612_618,6/19/2018,7/26/2024,DCY16,12,618,,POPTRE,3.1,7.4,1,-99,0,1,1,,,,,,,,,,,,,,,
DCY1612_619,6/19/2018,7/26/2024,DCY16,12,619,,POPTRE,3.6,7.1,1,-99,0,1,1,,,,,,,,,,,,,,,
DCY1612_1284,6/19/2018,7/26/2024,DCY16,12,1284,,POPTRE,2.5,5.5,1,-99,0,1,1,,,,,,,,,,,,,,,
DCY1612_1285,6/19/2018,7/26/2024,DCY16,12,1285,,POPTRE,3.5,6.4,1,-99,1,1,1,,,,,,,,,,,,,,,
DCY1612_1286,6/19/2018,7/26/2024,DCY16,12,1286,,POPTRE,3.2,7.5,1,-99,0,1,1,,,,,,,,,,,,,,,
,,7/26/2024,DCY16,12,2258,,POPTRE,,4.8,1,-99,0,1,1,,,,,,,,,,,,,,,
,,7/26/2024,DCY16,12,2261,,POPTRE,,2.6,1,-99,0,1,1,new trees found in plot 8,,,,,,,,,,,,,,
,,7/26/2024,DCY16,12,2262,,POPTRE,,3.1,1,-99,0,1,1,,,,,,,,,,,,,,,
,,7/26/2024,DCY16,12,2263,,POPTRE,,4.8,1,-99,0,1,1,,,,,,,,,,,,,,,
,,7/26/2024,DCY16,12,2264,,POPTRE,,3.6,1,-99,0,1,1,,,,,,,,,,,,,,,
,,7/26/2024,DCY16,12,2265,,POPTRE,,3.6,1,-99,0,1,1,,,,,,,,,,,,,,,
,,7/26/2024,DCY16,12,2266,,POPTRE,,4.2,1,-99,0,1,1,,,,,,,,,,,,,,,
,,7/26/2024,DCY16,12,2267,,POPTRE,,3.4,1,-99,0,1,1,,,,,,,,,,,,,,,
,,7/26/2024,DCY16,12,2268,,POPTRE,,3.9,1,-99,0,1,1,,,,,,,,,,,,,,,
,,7/26/2024,DCY16,12,2269,,POPTRE,,4.6,1,-99,0,1,1,,,,,,,,,,,,,,,
DCY1613_446,6/19/2018,7/26/2024,DCY16,13,446,,POPTRE,6.2,10.5,1,-99,0,1,1,,,,,,,,,,,,,,,
DCY1613_620,6/19/2018,7/26/2024,DCY16,13,620,,POPTRE,3.4,7.3,1,-99,0,1,1,,,,,,,,,,,,,,,
DCY1613_1287,6/19/2018,7/26/2024,DCY16,13,1287,,POPTRE,3.1,5,1,-99,0,1,1,,,,,,,,,,,,,,,
DCY1613_1288,6/19/2018,7/26/2024,DCY16,13,1288,,POPTRE,4,7.8,1,-99,0,1,1,,,,,,,,,,,,,,,
DCY1613_1289,6/19/2018,7/26/2024,DCY16,13,1289,,POPTRE,2.5,5.6,1,-99,0,1,1,,,,,,,,,,,,,,,
,,7/26/2024,DCY16,13,2270,,POPTRE,,2.8,1,-99,0,1,1,,,,,,,,,,,,,,,
,,7/26/2024,DCY16,13,2271,,POPTRE,,4.2,1,-99,0,1,1,,,,,,,,,,,,,,,
,,7/26/2024,DCY16,13,2272,,POPTRE,,3,1,-99,0,1,1,,,,,,,,,,,,,,,
,,7/26/2024,DCY16,13,2273,,POPTRE,,3.4,1,-99,0,1,1,,,,,,,,,,,,,,,
,,7/26/2024,DCY16,13,2274,,POPTRE,,3.1,1,-99,0,1,1,,,,,,,,,,,,,,,
,,7/26/2024,DCY16,13,2275,,POPTRE,,3.8,1,-99,0,1,1,,,,,,,,,,,,,,,
DCY1614_621,6/19/2018,7/26/2024,DCY16,14,621,,POPTRE,3,6.9,1,-99,0,1,1,,,,,,,,,,,,,,,
DCY1614_622,6/19/2018,7/26/2024,DCY16,14,622,,POPTRE,2.5,3.7,1,-99,0,1,1,,,,,,,,,,,,,,,
DCY1614_623,6/19/2018,7/26/2024,DCY16,14,623,,POPTRE,4.8,8.8,1,-99,0,1,1,,,,,,,,,,,,,,,
DCY1614_1290,6/19/2018,7/26/2024,DCY16,14,1290,,POPTRE,4.3,7.6,1,-99,0,1,1,,,,,,,,,,,,,,,
DCY1614_1291,6/19/2018,7/26/2024,DCY16,14,1291,,POPTRE,4.1,7.4,1,-99,0,1,1,,,,,,,,,,,,,,,
DCY1614_1292,6/19/2018,7/26/2024,DCY16,14,1292,,POPTRE,2.8,5,1,-99,0,1,1,,,,,,,,,,,,,,,
,,7/26/2024,DCY16,14,2276,,POPTRE,,2.9,1,-99,0,1,1,,,,,,,,,,,,,,,
,,7/26/2024,DCY16,14,2277,,POPTRE,,4.7,1,-99,0,1,1,,,,,,,,,,,,,,,
,,7/26/2024,DCY16,14,2278,,POPTRE,,2.8,1,-99,0,1,1,,,,,,,,,,,,,,,
,,7/26/2024,DCY16,14,2279,,POPTRE,,4.3,1,-99,0,1,1,,,,,,,,,,,,,,,
,,7/26/2024,DCY16,14,2280,,POPTRE,,3.5,1,-99,0,1,1,,,,,,,,,,,,,,,
,,7/26/2024,DCY16,14,2281,,POPTRE,,3.8,1,-99,0,1,1,,,,,,,,,,,,,,,
,,7/26/2024,DCY16,14,2282,,POPTRE,,2.9,1,-99,0,1,1,,,,,,,,,,,,,,,
,,7/26/2024,DCY16,14,2283,,POPTRE,,3.7,1,-99,0,1,1,,,,,,,,,,,,,,,
,,7/26/2024,DCY16,14,2284,,POPTRE,,2.7,1,-99,0,1,1,,,,,,,,,,,,,,,
,,7/26/2024,DCY16,14,2285,,POPTRE,,4.9,1,-99,0,1,1,,,,,,,,,,,,,,,
,,7/26/2024,DCY16,14,2286,,POPTRE,,3.4,1,-99,0,1,1,,,,,,,,,,,,,,,
,,7/26/2024,DCY16,14,2287,,POPTRE,,3.1,1,-99,0,1,1,,,,,,,,,,,,,,,
,,7/26/2024,DCY16,14,2289,,POPTRE,,3.7,1,-99,0,1,1,,,,,,,,,,,,,,,
,,7/26/2024,DCY16,14,2290,,POPTRE,,2.7,1,-99,0,1,1,,,,,,,,,,,,,,,
,,7/26/2024,DCY16,14,2291,,POPTRE,,2.7,1,-99,0,1,1,,,,,,,,,,,,,,,
,,7/26/2024,DCY16,14,2292,,POPTRE,,2.9,1,-99,0,1,1,,,,,,,,,,,,,,,
,,7/26/2024,DCY16,14,2293,,POPTRE,,3.3,1,-99,0,1,1,,,,,,,,,,,,,,,
DCY171_21,6/20/2018,7/26/2024,DCY17,1,21,,POPBAL,7,8.8,1,-99,0,1,1,,,,,,,,,,,,,,,
DCY171_22,6/20/2018,7/26/2024,DCY17,1,22,,POPBAL,6.9,8.1,1,-99,0,1,1,,,,,,,,,,,,,,,
DCY171_23,6/20/2018,7/26/2024,DCY17,1,23,,POPBAL,6.6,8.5,1,-99,0,1,1,,,,,,,,,,,,,,,
DCY171_24,6/20/2018,7/26/2024,DCY17,1,24,,POPTRE,3.7,4.5,1,-99,0,1,1,,,,,,,,,,,,,,,
DCY171_25,6/20/2018,7/26/2024,DCY17,1,25,,POPTRE,2.8,3.1,1,-99,0,1,1,,,,,,,,,,,,,,,
DCY171_26,6/20/2018,7/26/2024,DCY17,1,26,,POPTRE,3.7,4,1,-99,0,1,1,,,,,,,,,,,,,,,
DCY171_27,6/20/2018,7/26/2024,DCY17,1,27,,POPTRE,3,3.3,1,-99,0,1,1,,,,,,,,,,,,,,,
DCY171_28,6/20/2018,7/26/2024,DCY17,1,28,,POPTRE,2.9,3.3,1,-99,0,1,1,,,,,,,,,,,,,,,
DCY171_29,6/20/2018,7/26/2024,DCY17,1,29,,POPTRE,4.5,5.4,1,-99,0,1,1,,,,,,,,,,,,,,,
DCY171_30,6/20/2018,7/26/2024,DCY17,1,30,,POPTRE,4.3,5.1,1,-99,0,1,1,very badly girdled,,,,,,,,,,,,,,
DCY171_31,6/20/2018,7/26/2024,DCY17,1,31,,POPBAL,4,5,1,-99,0,1,1,,,,,,,,,,,,,,,
DCY171_32,6/20/2018,7/26/2024,DCY17,1,32,,POPTRE,4.5,5.4,1,-99,0,1,1,,,,,,,,,,,,,,,
DCY171_33,6/20/2018,7/26/2024,DCY17,1,33,,POPTRE,3.1,3.8,1,-99,0,1,1,,,,,,,,,,,,,,,
DCY171_34,6/20/2018,7/26/2024,DCY17,1,34,,POPTRE,3.2,3.8,1,-99,0,1,1,,,,,,,,,,,,,,,
DCY171_35,6/20/2018,7/26/2024,DCY17,1,35,,POPTRE,3.1,3.6,1,-99,1,1,1,nail facing wrong way bc treefall,,,,,,,,,,,,,,
DCY171_36,6/20/2018,7/26/2024,DCY17,1,36,,POPTRE,3.5,4,1,-99,0,1,1,,,,,,,,,,,,,,,
DCY171_37,6/20/2018,7/26/2024,DCY17,1,37,,POPTRE,3.2,4,1,-99,0,1,1,,,,,,,,,,,,,,,
DCY171_38,6/20/2018,7/26/2024,DCY17,1,38,,POPTRE,3,3.5,1,-99,0,1,1,,,,,,,,,,,,,,,
DCY171_39,6/20/2018,7/26/2024,DCY17,1,39,,POPTRE,3.4,4.6,1,-99,0,1,1,,,,,,,,,,,,,,,
DCY171_40,6/20/2018,7/26/2024,DCY17,1,40,,POPTRE,3.6,3.9,1,-99,0,1,1,,,,,,,,,,,,,,,
DCY171_41,6/20/2018,7/26/2024,DCY17,1,41,,POPTRE,3.4,3.9,1,-99,0,1,1,,,,,,,,,,,,,,,
DCY171_42,6/20/2018,7/26/2024,DCY17,1,42,,POPTRE,3.8,4.1,1,-99,0,1,1,,,,,,,,,,,,,,,
DCY171_43,6/20/2018,7/26/2024,DCY17,1,43,,POPTRE,3.7,4.3,1,-99,0,1,1,,,,,,,,,,,,,,,
DCY171_44,6/20/2018,7/26/2024,DCY17,1,44,,POPTRE,3.6,4.4,1,-99,0,1,1,,,,,,,,,,,,,,,
DCY171_45,6/20/2018,7/26/2024,DCY17,1,45,,POPTRE,3.5,3.7,1,-99,0,1,1,,,,,,,,,,,,,,,
DCY171_46,6/20/2018,7/26/2024,DCY17,1,46,,POPTRE,3.4,3.9,1,-99,0,1,1,,,,,,,,,,,,,,,
DCY171_47,6/20/2018,7/26/2024,DCY17,1,47,,POPTRE,4,4.9,1,-99,0,1,1,girdled,,,,,,,,,,,,,,
DCY171_372,6/20/2018,7/26/2024,DCY17,1,372,,POPTRE,2.9,3.3,1,-99,0,1,1,,,,,,,,,,,,,,,
DCY171_373,6/20/2018,7/26/2024,DCY17,1,373,,POPTRE,2.5,2.6,1,-99,0,1,1,,,,,,,,,,,,,,,
DCY171_374,6/20/2018,7/26/2024,DCY17,1,374,,POPTRE,2.8,3.3,1,-99,0,1,1,,,,,,,,,,,,,,,
DCY171_375,6/20/2018,7/26/2024,DCY17,1,375,,POPTRE,2.7,3.4,1,-99,0,1,1,,,,,,,,,,,,,,,
DCY171_376,6/20/2018,7/26/2024,DCY17,1,376,,POPTRE,2.6,2.9,1,-99,0,1,1,,,,,,,,,,,,,,,
DCY171_377,6/20/2018,7/26/2024,DCY17,1,377,,POPTRE,2.8,3.2,1,-99,0,1,1,,,,,,,,,,,,,,,
DCY171_378,6/20/2018,7/26/2024,DCY17,1,378,,POPTRE,2.6,3.2,1,-99,0,1,1,,,,,,,,,,,,,,,
DCY171_379,6/20/2018,7/26/2024,DCY17,1,379,,POPTRE,2.9,3.2,1,-99,1,1,1,,,,,,,,,,,,,,,
DCY171_380,6/20/2018,7/26/2024,DCY17,1,380,,POPTRE,2.9,3.6,1,-99,0,1,1,,,,,,,,,,,,,,,
DCY171_381,6/20/2018,7/26/2024,DCY17,1,381,,POPTRE,2.8,3.1,1,-99,1,1,1,,,,,,,,,,,,,,,
DCY171_382,6/20/2018,7/26/2024,DCY17,1,382,,POPTRE,2.6,3.1,1,-99,1,1,1,,,,,,,,,,,,,,,
DCY171_383,6/20/2018,7/26/2024,DCY17,1,383,,POPTRE,3,3.7,1,-99,0,1,1,,,,,,,,,,,,,,,
DCY171_384,6/20/2018,7/26/2024,DCY17,1,384,,POPTRE,2.9,3.6,1,-99,0,1,1,,,,,,,,,,,,,,,
DCY171_385,6/20/2018,7/26/2024,DCY17,1,385,,POPTRE,3.1,3.7,1,-99,1,1,1,,,,,,,,,,,,,,,
DCY171_386,6/20/2018,7/26/2024,DCY17,1,386,,POPTRE,2.8,3.5,1,-99,0,1,1,,,,,,,,,,,,,,,
DCY171_668,6/20/2018,7/26/2024,DCY17,1,668,,POPTRE,3.2,4.4,1,-99,0,1,1,,,,,,,,,,,,,,,
DCY171_669,6/20/2018,7/26/2024,DCY17,1,669,,POPTRE,2.6,3.6,1,-99,0,1,1,,old notes-Near stake 9. 2019 notes-,,,,,,,,,,,,,
DCY171_670,6/20/2018,7/26/2024,DCY17,1,670,,POPTRE,2.9,3.4,1,-99,0,1,1,,,,,,,,,,,,,,,
DCY171_671,6/20/2018,7/26/2024,DCY17,1,671,,POPTRE,2.8,3.6,1,-99,0,1,1,,,,,,,,,,,,,,,
DCY171_672,6/20/2018,7/26/2024,DCY17,1,672,,POPTRE,2.6,3,1,-99,0,1,1,,,,,,,,,,,,,,,
DCY171_673,6/20/2018,7/26/2024,DCY17,1,673,,POPTRE,2.9,3.1,1,-99,1,1,1,,,,,,,,,,,,,,,
DCY171_674,6/20/2018,7/26/2024,DCY17,1,674,,POPTRE,2.5,3,1,-99,0,1,1,,,,,,,,,,,,,,,
DCY171_1410,6/20/2018,7/26/2024,DCY17,1,1410,,POPTRE,3.1,-9999,1,-99,0,1,1,,,,,,,,,,,,,,,
,,7/26/2024,DCY17,1,2380,,POPTRE,,2.5,1,-99,0,1,1,,,,,,,,,,,,,,,
,,7/26/2024,DCY17,1,2381,,POPTRE,,3,1,-99,0,1,1,,,,,,,,,,,,,,,
,,7/26/2024,DCY17,1,2382,,POPTRE,,2.8,1,-99,0,1,1,,,,,,,,,,,,,,,
,,7/26/2024,DCY17,1,2383,,POPTRE,,2.7,1,-99,0,0,1,,,,,,,,,,,,,,,
,,7/26/2024,DCY17,1,2384,,POPTRE,,2.9,1,-99,0,1,1,,,,,,,,,,,,,,,
,,7/26/2024,DCY17,1,2385,,POPTRE,,2.6,1,-99,0,1,1,,,,,,,,,,,,,,,
,,7/26/2024,DCY17,1,2386,,POPTRE,,2.7,1,-99,0,1,1,dbh measured above lesions,,,,,,,,,,,,,,
,,7/26/2024,DCY17,1,2387,,POPTRE,,2.5,1,-99,0,1,1,,,,,,,,,,,,,,,
,,7/26/2024,DCY17,1,2388,,POPTRE,,2.7,1,-99,1,1,1,,,,,,,,,,,,,,,
,,7/26/2024,DCY17,1,2389,,POPTRE,,2.5,1,-99,0,0,1,,,,,,,,,,,,,,,
,,7/26/2024,DCY17,1,2390,,POPTRE,,2.7,1,-99,0,1,1,,,,,,,,,,,,,,,
,,7/26/2024,DCY17,1,2391,,POPTRE,,2.5,1,-99,0,1,1,,,,,,,,,,,,,,,
,,7/26/2024,DCY17,1,2392,,POPTRE,,2.8,1,-99,0,1,1,,,,,,,,,,,,,,,
,,7/26/2024,DCY17,1,2393,,POPTRE,,2.8,1,-99,0,1,1,,,,,,,,,,,,,,,
DCY172_48,6/20/2018,7/26/2024,DCY17,2,48,,POPTRE,3.5,4.6,1,-99,0,1,1,,,,,,,,,,,,,,,
DCY172_49,6/20/2018,7/26/2024,DCY17,2,49,,POPTRE,3,-9999,1,-99,0,1,1,,,,,,,,,,,,,,,
DCY172_50,6/20/2018,7/26/2024,DCY17,2,50,,POPTRE,3.6,4.6,1,-99,0,1,1,,,,,,,,,,,,,,,
DCY172_51,6/20/2018,7/26/2024,DCY17,2,51,,POPTRE,3,-7777,1,-99,0,1,1,,,,,,,,,,,,,,,
DCY172_52,6/20/2018,7/26/2024,DCY17,2,52,,POPTRE,3.3,4.6,1,-99,0,1,1,,,,,,,,,,,,,,,
DCY172_53,6/20/2018,7/26/2024,DCY17,2,53,,POPTRE,3.6,4.8,1,-99,0,1,1,,,,,,,,,,,,,,,
DCY172_54,6/20/2018,7/26/2024,DCY17,2,54,,POPTRE,4.6,6.1,1,-99,0,1,1,,,,,,,,,,,,,,,
DCY172_55,6/20/2018,7/26/2024,DCY17,2,55,,POPTRE,3.8,5.3,1,-99,0,1,1,,,,,,,,,,,,,,,
DCY172_56,6/20/2018,7/26/2024,DCY17,2,56,,POPTRE,3.3,4,1,-99,0,1,1,,,,,,,,,,,,,,,
DCY172_57,6/20/2018,7/26/2024,DCY17,2,57,,POPTRE,3.6,4.5,1,-99,0,1,1,,,,,,,,,,,,,,,
DCY172_58,6/20/2018,7/26/2024,DCY17,2,58,,POPTRE,3.6,5,1,-99,0,1,1,,,,,,,,,,,,,,,
DCY172_59,6/20/2018,7/26/2024,DCY17,2,59,,POPTRE,3.8,4.1,1,-99,1,1,1,,,,,,,,,,,,,,,
DCY172_60,6/20/2018,7/26/2024,DCY17,2,60,,POPTRE,3.2,-8888,1,-99,0,1,1,,,,,,,,,,,,,,,
DCY172_61,6/20/2018,7/26/2024,DCY17,2,61,,POPTRE,2.7,3,1,2,0,1,1,,,,,,,,,,,,,,,
DCY172_62,6/20/2018,7/26/2024,DCY17,2,62,,POPTRE,3.8,4.5,1,-99,0,1,1,,,,,,,,,,,,,,,
DCY172_63,6/20/2018,7/26/2024,DCY17,2,63,,POPTRE,3.1,4,1,-99,0,1,1,,,,,,,,,,,,,,,
DCY172_64,6/20/2018,7/26/2024,DCY17,2,64,,POPTRE,3.5,4.2,1,-99,0,1,1,,,,,,,,,,,,,,,
DCY172_387,6/20/2018,7/26/2024,DCY17,2,387,,POPTRE,2.5,3,1,-99,0,1,1,,,,,,,,,,,,,,,
DCY172_388,6/20/2018,7/26/2024,DCY17,2,388,,POPTRE,2.5,-9999,1,-99,1,1,1,,,,,,,,,,,,,,,
DCY172_389,6/20/2018,7/26/2024,DCY17,2,389,,POPTRE,3.2,5.4,1,-99,0,1,1,,,,,,,,,,,,,,,
DCY172_390,6/20/2018,7/26/2024,DCY17,2,390,,POPTRE,2.5,3.7,1,-99,0,1,1,,,,,,,,,,,,,,,
DCY172_391,6/20/2018,7/26/2024,DCY17,2,391,,POPTRE,2.6,3.2,1,-99,0,1,1,,,,,,,,,,,,,,,
DCY172_392,6/20/2018,7/26/2024,DCY17,2,392,,POPTRE,2.9,4.2,1,-99,0,1,1,,,,,,,,,,,,,,,
DCY172_393,6/20/2018,7/26/2024,DCY17,2,393,,POPTRE,2.6,3,1,-99,0,1,1,,,,,,,,,,,,,,,
DCY172_394,6/20/2018,7/26/2024,DCY17,2,394,,POPTRE,2.6,3.2,1,-99,0,1,1,,,,,,,,,,,,,,,
DCY172_395,6/20/2018,7/26/2024,DCY17,2,395,,POPTRE,2.5,3.5,1,-99,0,1,1,,,,,,,,,,,,,,,
DCY172_396,6/20/2018,7/26/2024,DCY17,2,396,,POPTRE,3.3,4,1,-99,0,1,1,,,,,,,,,,,,,,,
DCY172_397,6/20/2018,7/26/2024,DCY17,2,397,,POPTRE,2.7,3.8,1,-99,0,1,1,,,,,,,,,,,,,,,
DCY172_398,6/20/2018,7/26/2024,DCY17,2,398,,POPTRE,2.7,2.8,1,-99,0,1,1,,,,,,,,,,,,,,,
DCY172_399,6/20/2018,7/26/2024,DCY17,2,399,,POPTRE,3,4.2,1,-99,0,1,1,,,,,,,,,,,,,,,
DCY172_675,6/20/2018,7/26/2024,DCY17,2,675,,POPTRE,2.6,3,1,-99,0,1,1,,,,,,,,,,,,,,,
DCY172_676,6/20/2018,7/26/2024,DCY17,2,676,,POPTRE,2.6,2.7,1,Topped,0,1,1,,old notes-Broken top . 2019 notes-,,,,,,,,,,,,,
DCY172_677,6/20/2018,7/26/2024,DCY17,2,677,,POPTRE,3.1,4,1,-99,0,1,1,,,,,,,,,,,,,,,
DCY172_678,6/20/2018,7/26/2024,DCY17,2,678,,POPTRE,2.9,3.5,1,-99,0,1,1,,,,,,,,,,,,,,,
DCY172_679,6/20/2018,7/26/2024,DCY17,2,679,,POPTRE,2.5,3.3,1,-99,0,1,1,,,,,,,,,,,,,,,
DCY172_680,6/20/2018,7/26/2024,DCY17,2,680,,POPTRE,2.8,3.7,1,-99,0,1,1,,,,,,,,,,,,,,,
DCY172_681,6/20/2018,7/26/2024,DCY17,2,681,,POPTRE,2.5,3,1,-99,0,1,1,,,,,,,,,,,,,,,
DCY172_682,6/20/2018,7/26/2024,DCY17,2,682,,POPTRE,2.7,3.5,1,-99,0,1,1,,,,,,,,,,,,,,,
DCY172_683,6/20/2018,7/26/2024,DCY17,2,683,,POPTRE,2.5,3.4,1,-99,0,1,1,,,,,,,,,,,,,,,
DCY172_684,6/20/2018,7/26/2024,DCY17,2,684,,POPTRE,3.1,4.8,1,-99,0,1,1,,,,,,,,,,,,,,,
,,7/26/2024,DCY17,2,2394,,POPTRE,,3,1,-99,0,1,1,,,,,,,,,,,,,,,
,,7/26/2024,DCY17,2,2395,,POPTRE,,2.6,1,-99,0,1,1,,,,,,,,,,,,,,,
,,7/26/2024,DCY17,2,2396,,POPTRE,,2.7,1,-99,0,1,1,,,,,,,,,,,,,,,
,,7/26/2024,DCY17,2,2397,,POPTRE,,2.7,1,-99,0,1,1,,,,,,,,,,,,,,,
,,7/26/2024,DCY17,2,2398,,POPTRE,,3,1,-99,0,1,1,,,,,,,,,,,,,,,
,,7/26/2024,DCY17,2,2399,,POPTRE,,2.7,1,-99,0,1,1,,,,,,,,,,,,,,,
,,7/26/2024,DCY17,2,2400,,POPTRE,,2.5,1,-99,0,1,1,,,,,,,,,,,,,,,
,,7/26/2024,DCY17,2,2607,,POPTRE,,2.8,1,-99,0,1,1,,,,,,,,,,,,,,,
,,7/26/2024,DCY17,2,2608,,POPTRE,,3,1,-99,0,1,1,,,,,,,,,,,,,,,
,,7/26/2024,DCY17,2,2609,,POPTRE,,3.2,1,-99,0,1,1,,,,,,,,,,,,,,,
,,7/26/2024,DCY17,2,2610,,POPTRE,,3.1,1,-99,0,1,1,,,,,,,,,,,,,,,
,,7/26/2024,DCY17,2,2611,,POPTRE,,2.6,1,-99,0,1,1,,,,,,,,,,,,,,,
,,7/26/2024,DCY17,2,2612,,POPTRE,,3.2,1,-99,0,1,1,,,,,,,,,,,,,,,
,,7/26/2024,DCY17,2,2613,,POPTRE,,2.6,1,-99,0,1,1,,,,,,,,,,,,,,,
,,7/26/2024,DCY17,2,2614,,POPTRE,,2.9,1,-99,0,1,1,,,,,,,,,,,,,,,
,,7/26/2024,DCY17,2,2615,,POPTRE,,2.6,1,-99,0,1,1,,,,,,,,,,,,,,,
,,7/26/2024,DCY17,2,2616,,POPTRE,,2.6,1,-99,0,1,1,,,,,,,,,,,,,,,
,,7/26/2024,DCY17,2,2617,,POPTRE,,2.7,1,-99,0,1,1,,,,,,,,,,,,,,,
,,7/26/2024,DCY17,2,2618,,POPTRE,,3.1,1,-99,0,1,1,,,,,,,,,,,,,,,
,,7/26/2024,DCY17,2,2619,,POPTRE,,2.9,1,-99,0,1,1,,,,canker,,,,,,,,,,,
,,7/26/2024,DCY17,2,2620,,POPTRE,,2.8,1,-99,0,1,1,,,,,,,,,,,,,,,
,,7/26/2024,DCY17,2,2621,,POPTRE,,2.6,1,-99,0,1,1,,,,,,,,,,,,,,,
,,7/26/2024,DCY17,2,2622,,POPTRE,,2.9,1,-99,0,1,1,,,,,,,,,,,,,,,
,,7/26/2024,DCY17,2,2623,,POPTRE,,2.7,1,-99,0,1,1,,,,,,,,,,,,,,,
DCY173_65,6/20/2018,7/27/2024,DCY17,3,65,,POPBAL,3.7,5.1,1,-99,0,1,1,,,,,,,,,,,,,,,
DCY173_66,6/20/2018,7/27/2024,DCY17,3,66,,POPBAL,3.2,4.2,1,-99,0,1,1,,,,,,,,,,,,,,,
DCY173_67,6/20/2018,7/27/2024,DCY17,3,67,,POPTRE,2.9,3.5,1,-99,0,1,1,,,,,,,,,,,,,,,
DCY173_68,6/20/2018,7/27/2024,DCY17,3,68,,POPTRE,2.8,3.3,1,-99,0,1,1,,,,,,,,,,,,,,,
DCY173_69,6/20/2018,7/27/2024,DCY17,3,69,,POPTRE,3,3.7,1,-99,0,1,1,,,,,,,,,,,,,,,
DCY173_70,6/20/2018,7/27/2024,DCY17,3,70,,POPTRE,3.9,5,1,-99,0,1,1,,,,,,,,,,,,,,,
DCY173_71,6/20/2018,7/27/2024,DCY17,3,71,,POPTRE,3,3.6,1,-99,0,1,1,,,,,,,,,,,,,,,
DCY173_72,6/20/2018,7/27/2024,DCY17,3,72,,POPTRE,3.7,4.8,1,-99,0,1,1,,,,,,,,,,,,,,,
DCY173_73,6/20/2018,7/27/2024,DCY17,3,73,,POPTRE,3.1,4.1,1,-99,1,1,1,,,,,,,,,,,,,,,
DCY173_74,6/20/2018,7/27/2024,DCY17,3,74,,POPTRE,3.2,-7777,1,2,0,1,1,,,,,,,,,,,,,,,
DCY173_75,6/20/2018,7/27/2024,DCY17,3,75,,POPBAL,3.2,-7777,1,-99,1,1,1,,,,,,,,,,,,,,,
DCY173_76,6/20/2018,7/27/2024,DCY17,3,76,,POPBAL,4.9,7.6,1,-99,0,1,1,,,,,,,,,,,,,,,
DCY173_77,6/20/2018,7/27/2024,DCY17,3,77,,POPTRE,3.2,4.4,1,-99,0,1,1,,,,,,,,,,,,,,,
DCY173_424,6/20/2018,7/27/2024,DCY17,3,424,,POPTRE,3.1,4.1,1,-99,0,1,1,"400 is 3.7, it is definitely 400",,,,,,,,,,,,,,
DCY173_685,6/20/2018,7/27/2024,DCY17,3,685,,POPTRE,3,3.8,1,-99,0,1,1,,,,,,,,,,,,,,,
DCY173_686,6/20/2018,7/27/2024,DCY17,3,686,,POPTRE,2.6,3.5,1,-99,0,1,1,,,,,,,,,,,,,,,
DCY173_687,6/20/2018,7/27/2024,DCY17,3,687,,POPTRE,2.6,3.2,1,-99,0,1,1,,,,,,,,,,,,,,,
DCY173_688,6/20/2018,7/27/2024,DCY17,3,688,,POPTRE,2.6,3.5,1,-99,0,1,1,,,,,,,,,,,,,,,
DCY173_1400,6/20/2018,7/27/2024,DCY17,3,1400,,POPTRE,2.7,,1,-99,0,1,1,"1401is 3.2, 1400 could be a typo for 400",,,,,,,,,,,,,,
DCY173_1402,6/20/2018,7/27/2024,DCY17,3,1402,,POPTRE,2.6,3.4,1,-99,0,1,1,,,,,,,,,,,,,,,
DCY173_1403,6/20/2018,7/27/2024,DCY17,3,1403,,POPTRE,2.8,3.3,1,-99,0,1,1,,,,,,,,,,,,,,,
DCY173_1404,6/20/2018,7/27/2024,DCY17,3,1404,,POPTRE,3,3.5,1,-99,0,1,1,,,,,,,,,,,,,,,
DCY173_1405,6/20/2018,7/27/2024,DCY17,3,1405,,POPTRE,2.5,2.6,1,-99,1,1,1,,,,,,,,,,,,,,,
DCY173_1406,6/20/2018,7/27/2024,DCY17,3,1406,,POPTRE,2.7,3.2,1,-99,0,1,1,,,,,,,,,,,,,,,
DCY173_1407,6/20/2018,7/27/2024,DCY17,3,1407,,POPTRE,2.9,4.8,1,-99,1,1,1,,,,,,,,,,,,,,,
DCY173_1408,6/20/2018,7/27/2024,DCY17,3,1408,,POPTRE,2.5,3.8,1,-99,1,1,1,,,,,,,,,,,,,,,
DCY173_1409,6/20/2018,7/27/2024,DCY17,3,1409,,POPTRE,2.5,2.6,1,-99,0,1,1,,,,,,,,,,,,,,,
DCY173_1410,6/20/2018,7/27/2024,DCY17,3,1410,,POPTRE,2.5,3.2,1,-99,0,1,1,,,,,,,,,,,,,,,
DCY173_1411,6/20/2018,7/27/2024,DCY17,3,1411,,POPTRE,3,3.9,1,-99,0,1,1,,,,,,,,,,,,,,,
DCY173_1412,6/20/2018,7/27/2024,DCY17,3,1412,,POPTRE,2.6,3.2,1,-99,0,1,1,,,,,,,,,,,,,,,
DCY173_1413,6/20/2018,7/27/2024,DCY17,3,1413,,POPTRE,2.5,3,1,-99,0,1,1,,,,,,,,,,,,,,,
DCY173_1903,6/20/2018,7/27/2024,DCY17,3,1903,,POPTRE,3.1,4,1,-99,0,1,1,,,,,,,,,,,,,,,
DCY173_2624,,7/27/2024,DCY17,3,2624,,POPTRE,,3,1,-99,0,1,1,,,,,,,,,,,,,,,
DCY173_2625,,7/27/2024,DCY17,3,2625,,POPTRE,,3,1,-99,0,1,1,,,,,,,,,,,,,,,
DCY173_2626,,7/27/2024,DCY17,3,2626,,POPTRE,,2.9,1,-99,0,1,1,,,,,,,,,,,,,,,
DCY173_2627,,7/27/2024,DCY17,3,2627,,POPTRE,,2.5,1,-99,0,1,1,,,,,,,,,,,,,,,
DCY173_2628,,7/27/2024,DCY17,3,2628,,POPTRE,,2.8,1,-99,0,1,1,,,,,,,,,,,,,,,
DCY173_2629,,7/27/2024,DCY17,3,2629,,POPTRE,,2.9,1,-99,0,1,1,,,,,,,,,,,,,,,
DCY173_2630,,7/27/2024,DCY17,3,2630,,POPTRE,,3.2,1,-99,0,1,1,,,,,,,,,,,,,,,
DCY173_2631,,7/27/2024,DCY17,3,2631,,POPTRE,,2.6,1,-99,0,1,1,,,,,,,,,,,,,,,
DCY173_2632,,7/27/2024,DCY17,3,2632,,POPTRE,,3,1,-99,0,1,1,,,,,,,,,,,,,,,
DCY173_2633,,7/27/2024,DCY17,3,2633,,POPTRE,,2.6,1,-99,0,1,1,,,,,,,,,,,,,,,
DCY173_2634,,7/27/2024,DCY17,3,2634,,POPTRE,,2.7,1,-99,0,1,1,,,,,,,,,,,,,,,
DCY173_2635,,7/27/2024,DCY17,3,2635,,POPTRE,,2.7,1,-99,0,1,1,,,,,,,,,,,,,,,
DCY173_2636,,7/27/2024,DCY17,3,2636,,POPTRE,,2.9,1,-99,0,1,1,,,,,,,,,,,,,,,
DCY173_2637,,7/27/2024,DCY17,3,2637,,POPTRE,,2.9,1,-99,0,1,1,,,,,,,,,,,,,,,
DCY173_2638,,7/27/2024,DCY17,3,2638,,POPTRE,,2.5,1,-99,0,1,1,,,,,,,,,,,,,,,
DCY173_2639,,7/27/2024,DCY17,3,2639,,POPTRE,,2.5,1,-99,0,1,1,,,,,,,,,,,,,,,
DCY173_2640,,7/27/2024,DCY17,3,2640,,POPTRE,,2.6,1,-99,0,1,1,,,,,,,,,,,,,,,
DCY173_2641,,7/27/2024,DCY17,3,2641,,POPTRE,,2.5,1,-99,0,1,1,,,,,,,,,,,,,,,
DCY173_2642,,7/27/2024,DCY17,3,2642,,POPTRE,,2.5,1,-99,0,1,1,,,,,,,,,,,,,,,
DCY173_2643,,7/27/2024,DCY17,3,2643,,POPTRE,,3.1,1,-99,0,1,1,,,,,,,,,,,,,,,
DCY173_2644,,7/27/2024,DCY17,3,2644,,POPTRE,,4,1,-99,0,1,1,,,,,,,,,,,,,,,
DCY173_2645,,7/27/2024,DCY17,3,2645,,POPTRE,,3,1,-99,0,1,1,,,,,,,,,,,,,,,
DCY173_2646,,7/27/2024,DCY17,3,2646,,POPTRE,,3.2,1,-99,0,1,1,,,,,,,,,,,,,,,
DCY173_2647,,7/27/2024,DCY17,3,2647,,POPTRE,,3.5,1,-99,0,1,1,,,,,,,,,,,,,,,
DCY173_2648,,7/27/2024,DCY17,3,2648,,POPTRE,,2.7,1,-99,0,1,1,,,,,,,,,,,,,,,
DCY173_2649,,7/27/2024,DCY17,3,2649,,POPTRE,,3.2,1,-99,0,1,1,,,,,,,,,,,,,,,
DCY173_2650,,7/27/2024,DCY17,3,2650,,POPTRE,,2.5,1,-99,0,1,1,,,,,,,,,,,,,,,
DCY173_2651,,7/27/2024,DCY17,3,2651,,POPTRE,,2.9,1,-99,0,1,1,,,,,,,,,,,,,,,
DCY173_2652,,7/27/2024,DCY17,3,2652,,POPTRE,,3.3,1,-99,0,1,1,,,,,,,,,,,,,,,
DCY173_2653,,7/27/2024,DCY17,3,2653,,POPTRE,,2.6,1,-99,0,1,1,,,,,,,,,,,,,,,
DCY173_2654,,7/27/2024,DCY17,3,2654,,POPTRE,,2.6,1,-99,0,1,1,,,,,,,,,,,,,,,
DCY173_2655,,7/27/2024,DCY17,3,2655,,POPTRE,,2.5,1,-99,0,1,1,,,,,,,,,,,,,,,
DCY173_2656,,7/27/2024,DCY17,3,2656,,POPTRE,,2.6,1,-99,0,1,1,,,,,,,,,,,,,,,
DCY173_2657,,7/27/2024,DCY17,3,2657,,POPBAL,,3.5,1,-99,0,1,1,,,,,,,,,,,,,,,
DCY174_78,6/20/2018,7/27/2024,DCY17,4,78,,POPBAL,5,7.2,1,-99,0,1,1,,,,,,,,,,,,,,,
DCY174_79,6/20/2018,7/27/2024,DCY17,4,79,,POPTRE,3.5,4.7,1,-99,0,1,1,,,,,,,,,,,,,,,
DCY174_80,6/20/2018,7/27/2024,DCY17,4,80,,POPTRE,3.1,4.1,1,-99,0,1,1,,,,,,,,,,,,,,,
DCY174_81,6/20/2018,7/27/2024,DCY17,4,81,,POPTRE,3.3,4.6,1,-99,0,1,1,,,,,,,,,,,,,,,
DCY174_82,6/20/2018,7/27/2024,DCY17,4,82,,POPBAL,5.8,8,1,-99,0,1,1,,,,,,,,,,,,,,,
DCY174_83,6/20/2018,7/27/2024,DCY17,4,83,,POPBAL,4.1,5.3,1,-99,0,1,1,,,,,,,,,,,,,,,
DCY174_84,6/20/2018,7/27/2024,DCY17,4,84,,POPTRE,2.6,-7777,1,-99,0,1,1,,,,,,,,,,,,,,,
DCY174_1414,6/20/2018,7/27/2024,DCY17,4,1414,,POPTRE,2.9,3.9,1,-99,0,1,1,,,,,,,,,,,,,,,
DCY174_1415,6/20/2018,7/27/2024,DCY17,4,1415,,POPTRE,2.8,4.3,1,-99,0,1,1,,,,,,,,,,,,,,,
DCY174_1416,6/20/2018,7/27/2024,DCY17,4,1416,,POPTRE,2.5,3.2,1,-99,0,1,1,,,,,,,,,,,,,,,
DCY174_1417,6/20/2018,7/27/2024,DCY17,4,1417,,POPTRE,3,5,1,-99,0,1,1,,,,,,,,,,,,,,,
DCY174_1418,6/20/2018,7/27/2024,DCY17,4,1418,,POPTRE,2.6,3.7,1,-99,0,1,1,,,,,,,,,,,,,,,
DCY174_1419,6/20/2018,7/27/2024,DCY17,4,1419,,POPTRE,2.5,2.8,1,-99,1,0,1,,,,,,,,,,,,,,,
DCY174_1420,6/20/2018,7/27/2024,DCY17,4,1420,,POPTRE,3.3,4.9,1,-99,0,1,1,,,,,,,,,,,,,,,
DCY174_1421,6/20/2018,7/27/2024,DCY17,4,1421,,POPTRE,2.7,3.1,1,-99,1,1,1,,,,,,,,,,,,,,,
DCY174_1422,6/20/2018,7/27/2024,DCY17,4,1422,,POPTRE,2.5,3.6,1,-99,0,1,1,,,,,,,,,,,,,,,
DCY174_1423,6/20/2018,7/27/2024,DCY17,4,1423,,POPTRE,3,4,1,-99,0,1,1,,,,,,,,,,,,,,,
DCY174_1424,6/20/2018,7/27/2024,DCY17,4,1424,,POPTRE,3.1,3.8,1,-99,0,1,1,,,,,,,,,,,,,,,
DCY174_1425,6/20/2018,7/27/2024,DCY17,4,1425,,POPTRE,2.8,3.6,1,-99,0,1,1,,,,,,,,,,,,,,,
DCY174_1904,6/20/2018,7/27/2024,DCY17,4,1904,,POPTRE,2.5,3.3,1,-99,0,1,1,,,,,,,,,,,,,,,
DCY174_1905,6/20/2018,7/27/2024,DCY17,4,1905,,POPTRE,2.5,3.3,1,-99,0,1,1,,,,,,,,,,,,,,,
DCY174_1906,6/20/2018,7/27/2024,DCY17,4,1906,,POPTRE,2.6,3.3,1,-99,0,1,1,,,,,,,,,,,,,,,
DCY174_1907,6/20/2018,7/27/2024,DCY17,4,1907,,POPTRE,2.5,2.9,1,-99,0,1,1,,,,,,,,,,,,,,,
DCY174_1908,6/20/2018,7/27/2024,DCY17,4,1908,,POPTRE,2.5,3.2,1,-99,0,1,1,,,,,,,,,,,,,,,
DCY174_1909,6/20/2018,7/27/2024,DCY17,4,1909,,POPTRE,2.7,3.9,1,-99,0,1,1,,,,,,,,,,,,,,,
DCY174_1910,6/20/2018,7/27/2024,DCY17,4,1910,,POPTRE,2.9,3.6,1,-99,0,1,1,,,,,,,,,,,,,,,
DCY174_1911,6/20/2018,7/27/2024,DCY17,4,1911,,POPTRE,2.5,3.3,1,-99,0,1,1,,,,,,,,,,,,,,,
DCY174_1912,6/20/2018,7/27/2024,DCY17,4,1912,,POPTRE,3.1,4.2,1,-99,0,1,1,,,,,,,,,,,,,,,
DCY174_1913,6/20/2018,7/27/2024,DCY17,4,1913,,POPTRE,2.5,3.1,1,-99,0,1,1,,,,,,,,,,,,,,,
DCY174_1914,6/20/2018,7/27/2024,DCY17,4,1914,,POPTRE,2.5,3.2,1,-99,0,1,1,,,,,,,,,,,,,,,
DCY174_2658,,7/27/2024,DCY17,4,2658,,POPTRE,,3.1,1,-99,0,1,1,,,,,,,,,,,,,,,
DCY174_2659,,7/27/2024,DCY17,4,2659,,POPTRE,,2.8,1,-99,0,1,1,,,,,,,,,,,,,,,
DCY174_2660,,7/27/2024,DCY17,4,2660,,POPTRE,,3.2,1,-99,0,1,1,,,,,,,,,,,,,,,
DCY174_2661,,7/27/2024,DCY17,4,2661,,POPTRE,,2.7,1,-99,0,1,1,,,,,,,,,,,,,,,
DCY174_2662,,7/27/2024,DCY17,4,2662,,POPTRE,,2.9,1,-99,0,1,1,dbh is below scars,,,,,,,,,,,,,,
DCY174_2663,,7/27/2024,DCY17,4,2663,,POPTRE,,2.5,1,-99,0,1,1,,,,,,,,,,,,,,,
DCY174_2664,,7/27/2024,DCY17,4,2664,,POPTRE,,2.9,1,-99,0,1,1,,,,,,,,,,,,,,,
DCY174_2665,,7/27/2024,DCY17,4,2665,,POPTRE,,4.3,1,-99,0,1,1,,,,,,,,,,,,,,,
DCY174_2666,,7/27/2024,DCY17,4,2666,,POPTRE,,2.8,1,-99,0,1,1,,,,,,,,,,,,,,,
DCY174_2667,,7/27/2024,DCY17,4,2667,,POPTRE,,3.1,1,-99,0,1,1,,,,,,,,,,,,,,,
DCY174_2668,,7/27/2024,DCY17,4,2668,,POPTRE,,3.2,1,-99,0,1,1,,,,,,,,,,,,,,,
DCY174_2669,,7/27/2024,DCY17,4,2669,,POPTRE,,2.6,1,-99,0,1,1,,,,,,,,,,,,,,,
DCY174_2670,,7/27/2024,DCY17,4,2670,,POPTRE,,3.3,1,-99,0,1,1,,,,,,,,,,,,,,,
DCY174_2671,,7/27/2024,DCY17,4,2671,,POPTRE,,2.8,1,-99,0,1,1,,,,,,,,,,,,,,,
DCY174_2672,,7/27/2024,DCY17,4,2672,,POPTRE,,3,1,-99,0,1,1,,,,,,,,,,,,,,,
DCY174_2673,,7/27/2024,DCY17,4,2673,,POPTRE,,3,1,-99,0,1,1,,,,,,,,,,,,,,,
DCY174_2674,,7/27/2024,DCY17,4,2674,,POPTRE,,2.7,1,-99,0,1,1,,,,,,,,,,,,,,,
DCY174_2675,,7/27/2024,DCY17,4,2675,,POPTRE,,2.8,1,-99,0,1,1,,,,,,,,,,,,,,,
DCY174_2676,,7/27/2024,DCY17,4,2676,,POPTRE,,2.8,1,-99,0,1,1,,,,,,,,,,,,,,,
DCY174_2677,,7/27/2024,DCY17,4,2677,,POPTRE,,2.6,1,-99,0,1,1,,,,,,,,,,,,,,,
DCY174_2678,,7/27/2024,DCY17,4,2678,,POPTRE,,3.2,1,-99,0,1,1,,,,,,,,,,,,,,,
DCY174_2679,,7/27/2024,DCY17,4,2679,,POPBAL,,3.5,1,-99,0,1,1,,,,,,,,,,,,,,,
DCY174_2680,,7/27/2024,DCY17,4,2680,,POPTRE,,2.8,1,-99,0,1,1,,,,,,,,,,,,,,,
DCY174_2681,,7/27/2024,DCY17,4,2681,,POPTRE,,2.6,1,-99,0,1,1,,,,,,,,,,,,,,,
DCY174_2682,,7/27/2024,DCY17,4,2682,,POPTRE,,2.8,1,-99,0,1,1,,,,,,,,,,,,,,,
DCY174_2683,,7/27/2024,DCY17,4,2683,,POPTRE,,2.5,1,-99,0,1,1,,,,,,,,,,,,,,,
DCY174_2684,,7/27/2024,DCY17,4,2684,,POPTRE,,2.5,1,-99,0,1,1,,,,,,,,,,,,,,,
DCY174_2685,,7/27/2024,DCY17,4,2685,,POPTRE,,3,1,-99,0,1,1,,,,,,,,,,,,,,,
DCY174_2686,,7/27/2024,DCY17,4,2686,,POPTRE,,2.7,1,-99,0,1,1,,,,,,,,,,,,,,,
DCY174_2687,,7/27/2024,DCY17,4,2687,,POPTRE,,3.4,1,-99,0,1,1,,,,,,,,,,,,,,,
DCY174_2688,,7/27/2024,DCY17,4,2688,,POPTRE,,3.1,1,-99,0,1,1,,,,,,,,,,,,,,,
DCY174_2689,,7/27/2024,DCY17,4,2689,,POPTRE,,2.9,1,-99,0,1,1,,,,,,,,,,,,,,,
DCY174_2690,,7/27/2024,DCY17,4,2690,,POPTRE,,2.8,1,-99,0,1,1,,,,,,,,,,,,,,,
DCY174_2691,,7/27/2024,DCY17,4,2691,,POPTRE,,3.6,1,-99,0,1,1,,,,,,,,,,,,,,,
DCY174_2692,,7/27/2024,DCY17,4,2692,,POPTRE,,4,1,-99,0,1,1,Has blue paint at dbh,,,,,,,,,,,,,,
DCY174_2693,,7/27/2024,DCY17,4,2693,,POPTRE,,2.7,1,-99,0,1,1,,,,,,,,,,,,,,,
DCY174_2694,,7/27/2024,DCY17,4,2694,,POPTRE,,2.8,1,-99,0,1,1,,,,,,,,,,,,,,,
DCY174_2695,,7/27/2024,DCY17,4,2695,,POPTRE,,3,1,-99,0,1,1,,,,,,,,,,,,,,,
DCY174_2696,,7/27/2024,DCY17,4,2696,,POPTRE,,2.9,1,-99,0,1,1,,,,,,,,,,,,,,,
DCY174_2697,,7/27/2024,DCY17,4,2697,,POPTRE,,3,1,-99,0,1,1,,,,,,,,,,,,,,,
DCY174_2698,,7/27/2024,DCY17,4,2698,,POPTRE,,3.2,1,-99,0,1,1,,,,,,,,,,,,,,,
DCY176_85,6/20/2018,6/25/2024,DCY17,6,85,,POPTRE,3.7,4.8,1,-99,0,1,1,canker,,,,,,,,,,,,,,
DCY176_86,6/20/2018,6/25/2024,DCY17,6,86,,POPTRE,3.2,5.2,1,-99,0,1,1,canker,,,,,,,,,,,,,,
DCY176_87,6/20/2018,6/25/2024,DCY17,6,87,,POPTRE,4.6,5.2,1,-99,0,1,1,,,,,,,,,,,,,,,
DCY176_88,6/20/2018,6/25/2024,DCY17,6,88,,POPTRE,3.4,4.2,1,-99,0,1,1,,,,,,,,,,,,,,,
DCY176_89,6/20/2018,6/25/2024,DCY17,6,89,,POPTRE,3.3,4.3,1,-99,0,1,1,,,,,,,,,,,,,,,
DCY176_90,6/20/2018,6/25/2024,DCY17,6,90,,POPTRE,4.4,6.4,1,-99,0,1,1,,,,,,,,,,,,,,,
DCY176_91,6/20/2018,6/25/2024,DCY17,6,91,,POPTRE,2.9,3.3,1,-99,0,1,1,Canker,,,,,,,,,,,,,,
DCY176_93,6/20/2018,6/25/2024,DCY17,6,93,,POPTRE,3.5,4.7,1,-99,0,1,1,canker at dbh,,,,,,,,,,,,,,
DCY176_94,6/20/2018,6/25/2024,DCY17,6,94,,POPTRE,3,4,1,-99,0,1,1,,,,,,,,,,,,,,,
DCY176_95,6/20/2018,6/25/2024,DCY17,6,95,,POPTRE,2.8,-9999,1,-99,0,1,1,,,,,,,,,,,,,,,
DCY176_96,6/20/2018,6/25/2024,DCY17,6,96,,POPTRE,3.6,-7777,1,-99,0,1,1,,,,,,,,,,,,,,,
DCY176_97,6/20/2018,6/25/2024,DCY17,6,97,,POPTRE,3.6,4,1,-99,1,1,1,,,,,,,,,,,,,,,
DCY176_165,6/20/2018,6/25/2024,DCY17,6,165,,POPTRE,3.6,4.4,1,-99,0,1,1,,,,,,,,,,,,,,,
DCY176_166,6/20/2018,6/25/2024,DCY17,6,166,,POPTRE,3.6,3.8,1,-99,0,1,1,,,,,,,,,,,,,,,
DCY176_167,6/20/2018,6/25/2024,DCY17,6,167,,POPTRE,3.4,4.2,1,-99,0,1,1,,,,,,,,,,,,,,,
DCY176_168,6/20/2018,6/25/2024,DCY17,6,168,,POPTRE,2.8,3.4,1,-99,0,1,1,,,,,,,,,,,,,,,
DCY176_169,6/20/2018,6/25/2024,DCY17,6,169,,POPTRE,3.4,4.5,1,-99,0,1,1,,,,,,,,,,,,,,,
DCY176_170,6/20/2018,6/25/2024,DCY17,6,170,,POPTRE,2.8,3,1,-99,0,1,1,,,,,,,,,,,,,,,
DCY176_171,6/20/2018,6/25/2024,DCY17,6,171,,POPTRE,3.1,3.5,1,-99,0,1,1,,,,,,,,,,,,,,,
DCY176_172,6/20/2018,6/25/2024,DCY17,6,172,,POPTRE,4.2,6.1,1,-99,0,1,1,,,,,,,,,,,,,,,
DCY176_173,6/20/2018,6/25/2024,DCY17,6,173,,POPTRE,3.1,3.5,1,-99,0,1,1,,,,,,,,,,,,,,,
DCY176_174,6/20/2018,6/25/2024,DCY17,6,174,,POPTRE,2.7,2.8,1,-99,0,1,1,,,,,,,,,,,,,,,
DCY176_175,6/20/2018,6/25/2024,DCY17,6,175,,POPTRE,4.1,4.9,1,-99,0,1,1,,,,,,,,,,,,,,,
DCY176_176,6/20/2018,6/25/2024,DCY17,6,176,,POPTRE,3.9,4.6,1,-99,0,1,1,,,,,,,,,,,,,,,
DCY176_177,6/20/2018,6/25/2024,DCY17,6,177,,POPTRE,3.7,4.9,1,-99,0,1,1,,,,,,,,,,,,,,,
DCY176_178,6/20/2018,6/25/2024,DCY17,6,178,,POPTRE,3.9,4.7,1,-99,0,1,1,,,,,,,,,,,,,,,
DCY176_179,6/20/2018,6/25/2024,DCY17,6,179,,POPTRE,3,3.5,1,-99,0,1,1,,,,,,,,,,,,,,,
DCY176_180,6/20/2018,6/25/2024,DCY17,6,180,,POPTRE,4.1,5,1,-99,0,1,1,,,,,,,,,,,,,,,
DCY176_181,6/20/2018,6/25/2024,DCY17,6,181,,POPTRE,3.7,4,1,-99,0,1,1,,,,,,,,,,,,,,,
DCY176_182,6/20/2018,6/25/2024,DCY17,6,182,,POPTRE,3.6,4.2,1,-99,0,1,1,canker at dbh,,,,,,,,,,,,,,
DCY176_183,6/20/2018,6/25/2024,DCY17,6,183,,POPTRE,3.3,-9999,1,-99,0,1,1,,,,,,,,,,,,,,,
DCY176_184,6/20/2018,6/25/2024,DCY17,6,184,,POPTRE,3,-9999,1,-99,0,1,1,,,,,,,,,,,,,,,
DCY176_185,6/20/2018,6/25/2024,DCY17,6,185,,POPBAL,3.8,-7777,1,-99,0,1,1,,,,,,,,,,,,,,,
DCY176_186,6/20/2018,6/25/2024,DCY17,6,186,,POPTRE,3.4,4.3,1,-99,0,1,1,,,,,,,,,,,,,,,
DCY176_187,6/20/2018,6/25/2024,DCY17,6,187,,POPTRE,3.1,3.7,1,-99,0,1,1,,,,,,,,,,,,,,,
DCY176_188,6/20/2018,6/25/2024,DCY17,6,188,,POPTRE,3.1,4.1,1,-99,0,1,1,,,,,,,,,,,,,,,
DCY176_189,6/20/2018,6/25/2024,DCY17,6,189,,POPTRE,3.4,4.1,1,-99,0,1,1,,,,,,,,,,,,,,,
DCY176_190,6/20/2018,6/25/2024,DCY17,6,190,,POPTRE,3.8,5.1,1,-99,0,1,1,,,,,,,,,,,,,,,
DCY176_1426,6/20/2018,6/25/2024,DCY17,6,1426,,POPTRE,3,4.2,1,-99,0,1,1,,,,,,,,,,,,,,,
DCY176_1427,6/20/2018,6/25/2024,DCY17,6,1427,,POPTRE,2.8,3.3,1,-99,0,1,1,,,,,,,,,,,,,,,
DCY176_1428,6/20/2018,6/25/2024,DCY17,6,1428,,POPTRE,2.6,3.4,1,-99,0,1,1,,,,,,,,,,,,,,,
DCY176_1429,6/20/2018,6/25/2024,DCY17,6,1429,,POPTRE,2.8,3.9,1,-99,0,1,1,,,,,,,,,,,,,,,
DCY176_1430,6/20/2018,6/25/2024,DCY17,6,1430,,POPTRE,2.9,4.1,1,-99,0,1,1,canker,,,,,,,,,,,,,,
DCY176_1431,6/20/2018,6/25/2024,DCY17,6,1431,,POPTRE,2.5,3.1,1,-99,0,1,1,,,,,,,,,,,,,,,
DCY176_1432,6/20/2018,6/25/2024,DCY17,6,1432,,POPTRE,2.6,-9999,0,-99,1,1,1,,,,,,,,,,,,,,,
DCY176_1433,6/20/2018,6/25/2024,DCY17,6,1433,,POPTRE,2.8,3.6,1,-99,0,1,1,canker,,,,,,,,,,,,,,
DCY176_1434,6/20/2018,6/25/2024,DCY17,6,1434,,POPTRE,3,3.9,1,-99,0,1,1,,,,,,,,,,,,,,,
DCY176_1435,6/20/2018,6/25/2024,DCY17,6,1435,,POPTRE,2.8,3.6,1,-99,0,1,1,,,,,,,,,,,,,,,
DCY176_1436,6/20/2018,6/25/2024,DCY17,6,1436,,POPTRE,3,3.7,1,-99,0,1,1,,,,,,,,,,,,,,,
DCY176_1437,6/20/2018,6/25/2024,DCY17,6,1437,,POPTRE,2.7,3.2,1,-99,0,1,1,,,,,,,,,,,,,,,
DCY176_1438,6/20/2018,6/25/2024,DCY17,6,1438,,POPTRE,2.7,3.2,1,-99,0,1,1,,,,,,,,,,,,,,,
DCY176_1439,6/20/2018,6/25/2024,DCY17,6,1439,,POPTRE,3,3.4,1,-99,0,1,1,,,,,,,,,,,,,,,
DCY176_1915,6/20/2018,6/25/2024,DCY17,6,1915,,POPTRE,2.6,3.4,1,-99,0,1,1,,,,,,,,,,,,,,,
DCY176_1916,6/20/2018,6/25/2024,DCY17,6,1916,,POPTRE,2.6,3.1,1,-99,0,1,1,,,,,,,,,,,,,,,
DCY176_1918,6/20/2018,6/25/2024,DCY17,6,1918,,POPTRE,2.7,3.4,1,-99,0,1,1,1917: 3.3 in plot,,,,,,,,,,,,,,
DCY176_1919,6/20/2018,6/25/2024,DCY17,6,1919,,POPTRE,2.5,2.7,1,-99,0,1,1,,,,,,,,,,,,,,,
DCY176_1920,6/20/2018,6/25/2024,DCY17,6,1920,,POPTRE,2.9,4,1,-99,0,1,1,,,,,,,,,,,,,,,
DCY176_1921,6/20/2018,6/25/2024,DCY17,6,1921,,POPTRE,2.5,3.8,1,-99,0,1,1,,,,,,,,,,,,,,,
DCY176_1922,6/20/2018,6/25/2024,DCY17,6,1922,,POPTRE,2.7,-7777,1,-99,1,1,1,,old notes-Near tree 1922. 2019 notes-,,,,,,,,,,,,,
DCY176_1923,6/20/2018,6/25/2024,DCY17,6,1923,,POPTRE,2.6,-7777,1,-99,0,1,1,,,,,,,,,,,,,,,
DCY176_2476,,6/25/2024,DCY17,6,2476,,POPTRE,,2.9,1,-99,0,1,1,,,,,,,,,,,,,,,
DCY176_2477,,6/25/2024,DCY17,6,2477,,POPBAL,,3.1,1,-99,0,1,1,same base with 185,,,,,,,,,,,,,,
DCY176_2478,,6/25/2024,DCY17,6,2478,,POPBAL,,4.1,1,-99,0,1,1,,,,,,,,,,,,,,,
DCY176_2479,,6/25/2024,DCY17,6,2479,,POPTRE,,3.5,1,-99,0,1,1,,,,,,,,,,,,,,,
DCY176_2480,,6/25/2024,DCY17,6,2480,,POPTRE,,2.9,1,-99,0,1,1,,,,,,,,,,,,,,,
DCY176_2481,,6/25/2024,DCY17,6,2481,,POPTRE,,3,1,-99,0,1,1,,,,,,,,,,,,,,,
DCY176_2482,,6/25/2024,DCY17,6,2482,,POPTRE,,2.8,1,-99,0,1,1,,,,,,,,,,,,,,,
DCY176_2483,,6/25/2024,DCY17,6,2483,,POPTRE,,2.5,1,-99,0,1,1,,,,,,,,,,,,,,,
DCY176_2484,,6/25/2024,DCY17,6,2484,,POPTRE,,2.6,1,-99,0,1,1,,,,,,,,,,,,,,,
DCY176_2485,,6/25/2024,DCY17,6,2485,,POPTRE,,2.6,1,-99,0,1,1,,,,,,,,,,,,,,,
DCY176_2486,,6/25/2024,DCY17,6,2486,,POPTRE,,2.8,1,-99,0,1,1,,,,,,,,,,,,,,,
DCY176_2487,,6/25/2024,DCY17,6,2487,,POPTRE,,2.9,1,-99,0,1,1,,,,,,,,,,,,,,,
DCY176_2488,,6/25/2024,DCY17,6,2488,,POPTRE,,2.5,1,-99,0,1,1,,,,,,,,,,,,,,,
DCY176_2489,,6/25/2024,DCY17,6,2489,,POPTRE,,2.6,1,-99,0,1,1,,,,,,,,,,,,,,,
DCY176_2490,,6/25/2024,DCY17,6,2490,,POPTRE,,2.8,1,-99,0,1,1,,,,,,,,,,,,,,,
DCY176_2491,,6/25/2024,DCY17,6,2491,,POPTRE,,2.7,1,-99,0,1,1,,,,,,,,,,,,,,,
DCY176_2492,,6/25/2024,DCY17,6,2492,,POPTRE,,2.8,1,-99,0,1,1,,,,,,,,,,,,,,,
DCY176_2493,,6/25/2024,DCY17,6,2493,,POPTRE,,2.8,1,-99,0,1,1,,,,,,,,,,,,,,,
DCY176_2494,,6/25/2024,DCY17,6,2494,,POPTRE,,2.7,1,-99,0,1,1,,,,,,,,,,,,,,,
DCY176_2495,,6/25/2024,DCY17,6,2495,,POPTRE,,2.5,1,-99,0,1,1,,,,,,,,,,,,,,,
DCY176_2496,,6/25/2024,DCY17,6,2496,,POPTRE,,2.7,1,-99,0,1,1,,,,,,,,,,,,,,,
DCY176_2497,,6/25/2024,DCY17,6,2497,,POPTRE,,2.7,1,-99,0,1,1,,,,,,,,,,,,,,,
DCY176_2498,,6/25/2024,DCY17,6,2498,,POPTRE,,2.7,1,-99,0,1,1,,,,,,,,,,,,,,,
DCY176_2499,,6/25/2024,DCY17,6,2499,,POPTRE,,2.6,1,-99,0,1,1,,,,,,,,,,,,,,,
DCY176_2500,,6/25/2024,DCY17,6,2500,,POPTRE,,2.7,1,-99,0,1,1,,,,,,,,,,,,,,,
DCY177_191,6/20/2018,6/25/2024,DCY17,7,191,,POPTRE,4.1,5.4,1,-99,0,1,1,,,,,,,,,,,,,,,
DCY177_192,6/20/2018,6/25/2024,DCY17,7,192,,POPTRE,3.4,4.1,1,-99,0,1,1,,,,,,,,,,,,,,,
DCY177_193,6/20/2018,6/25/2024,DCY17,7,193,,POPTRE,3.5,5.2,1,-99,0,1,1,,,,,,,,,,,,,,,
DCY177_194,6/20/2018,6/25/2024,DCY17,7,194,,POPTRE,2.9,3.1,1,-99,0,1,1,,,,,,,,,,,,,,,
DCY177_195,6/20/2018,6/25/2024,DCY17,7,195,,POPTRE,3.2,4.7,1,-99,0,1,1,,,,,,,,,,,,,,,
DCY177_196,6/20/2018,6/25/2024,DCY17,7,196,,POPBAL,4.4,7.6,1,-99,0,1,1,,,,,,,,,,,,,,,
DCY177_197,6/20/2018,6/25/2024,DCY17,7,197,,POPTRE,3.4,4.3,1,-99,0,1,1,,,,,,,,,,,,,,,
DCY177_198,6/20/2018,6/25/2024,DCY17,7,198,,POPTRE,3.3,4.5,1,-99,0,1,1,,,,,,,,,,,,,,,
DCY177_199,6/20/2018,6/25/2024,DCY17,7,199,,POPTRE,3.4,4.7,1,-99,0,1,1,,,,,,,,,,,,,,,
DCY177_200,6/20/2018,6/25/2024,DCY17,7,200,,POPTRE,4.1,5,1,-99,0,1,1,canker,,,,,,,,,,,,,,
DCY177_310,6/20/2018,6/25/2024,DCY17,7,310,,POPBAL,4.2,6.2,1,-99,0,1,1,,,,,,,,,,,,,,,
DCY177_311,6/20/2018,6/25/2024,DCY17,7,311,,POPBAL,4.2,5.3,1,-99,0,1,1,,,,,,,,,,,,,,,
DCY177_312,6/20/2018,6/25/2024,DCY17,7,312,,POPTRE,3.3,3.8,1,-99,0,1,1,,,,,,,,,,,,,,,
DCY177_313,6/20/2018,6/25/2024,DCY17,7,313,,POPTRE,2.5,-7777,1,-99,1,1,1,,,,,,,,,,,,,,,
DCY177_314,6/20/2018,6/25/2024,DCY17,7,314,,POPTRE,3.2,4.5,1,-99,0,1,1,,,,,,,,,,,,,,,
DCY177_315,6/20/2018,6/25/2024,DCY17,7,315,,POPTRE,3.4,4.5,1,-99,0,1,1,,,,,,,,,,,,,,,
DCY177_316,6/20/2018,6/25/2024,DCY17,7,316,,POPTRE,3.3,3.8,1,-99,0,1,1,,,,,,,,,,,,,,,
DCY177_317,6/20/2018,6/25/2024,DCY17,7,317,,POPTRE,3.6,-9999,1,-99,0,1,1,,,,,,,,,,,,,,,
DCY177_318,6/20/2018,6/25/2024,DCY17,7,318,,POPTRE,4.2,5.5,1,-99,0,1,1,,,,,,,,,,,,,,,
DCY177_319,6/20/2018,6/25/2024,DCY17,7,319,,POPTRE,3.1,4,1,-99,0,1,1,,,,,,,,,,,,,,,
DCY177_320,6/20/2018,6/25/2024,DCY17,7,320,,POPTRE,3.8,4.9,1,-99,0,1,1,,,,,,,,,,,,,,,
DCY177_321,6/20/2018,6/25/2024,DCY17,7,321,,POPTRE,3.3,3.9,1,-99,0,1,1,,,,,,,,,,,,,,,
DCY177_322,6/20/2018,6/25/2024,DCY17,7,322,,POPTRE,3.8,4.7,1,-99,0,1,1,,,,,,,,,,,,,,,
DCY177_323,6/20/2018,6/25/2024,DCY17,7,323,,POPTRE,3.1,3.2,1,-99,0,1,1,,,,,,,,,,,,,,,
DCY177_324,6/20/2018,6/25/2024,DCY17,7,324,,POPTRE,3,3.5,1,-99,0,1,1,,,,,,,,,,,,,,,
DCY177_325,6/20/2018,6/25/2024,DCY17,7,325,,POPTRE,4.3,5.3,1,-99,0,1,1,,,,,,,,,,,,,,,
DCY177_326,6/20/2018,6/25/2024,DCY17,7,326,,POPTRE,4,4.8,1,-99,0,1,1,,,,,,,,,,,,,,,
DCY177_327,6/20/2018,6/25/2024,DCY17,7,327,,POPTRE,3.5,4.1,1,-99,0,1,1,,,,,,,,,,,,,,,
DCY177_328,6/20/2018,6/25/2024,DCY17,7,328,,POPTRE,3.8,4.4,1,-99,0,1,1,,,,,,,,,,,,,,,
DCY177_329,6/20/2018,6/25/2024,DCY17,7,329,,POPTRE,3.5,4.6,1,-99,0,1,1,,,,,,,,,,,,,,,
DCY177_330,6/20/2018,6/25/2024,DCY17,7,330,,POPTRE,3.2,3.8,1,-99,0,1,1,,,,,,,,,,,,,,,
DCY177_331,6/20/2018,6/25/2024,DCY17,7,331,,POPTRE,3.2,4,1,-99,0,1,1,,,,,,,,,,,,,,,
DCY177_332,6/20/2018,6/25/2024,DCY17,7,332,,POPTRE,3,3.3,1,-99,0,1,1,,,,,,,,,,,,,,,
DCY177_1440,6/20/2018,6/25/2024,DCY17,7,1440,,POPTRE,2.5,3.5,1,-99,0,1,1,,,,,,,,,,,,,,,
DCY177_1441,6/20/2018,6/25/2024,DCY17,7,1441,,POPTRE,3.2,3.5,1,-99,0,1,1,,,,,,,,,,,,,,,
DCY177_1442,6/20/2018,6/25/2024,DCY17,7,1442,,POPTRE,2.8,3.6,1,-99,0,1,1,,,,,,,,,,,,,,,
DCY177_1443,6/20/2018,6/25/2024,DCY17,7,1443,,POPTRE,2.5,2.9,1,-99,0,1,1,,,,,,,,,,,,,,,
DCY177_1444,6/20/2018,6/25/2024,DCY17,7,1444,,POPTRE,2.9,3.6,1,-99,0,1,1,,,,,,,,,,,,,,,
DCY177_1445,6/20/2018,6/25/2024,DCY17,7,1445,,POPTRE,2.7,3.4,1,-99,0,1,1,,,,,,,,,,,,,,,
DCY177_1446,6/20/2018,6/25/2024,DCY17,7,1446,,POPTRE,2.5,3.3,1,-99,0,1,1,,,,,,,,,,,,,,,
DCY177_1447,6/20/2018,6/25/2024,DCY17,7,1447,,POPTRE,2.7,3.5,1,-99,0,1,1,,,,,,,,,,,,,,,
DCY177_1448,6/20/2018,6/25/2024,DCY17,7,1448,,POPTRE,3,3.5,1,-99,1,1,1,,,,,,,,,,,,,,,
DCY177_1449,6/20/2018,6/25/2024,DCY17,7,1449,,POPTRE,2.5,3.1,1,-99,0,1,1,,,,,,,,,,,,,,,
DCY177_1450,6/20/2018,6/25/2024,DCY17,7,1450,,POPTRE,2.6,3,1,-99,0,1,1,,,,,,,,,,,,,,,
DCY177_1451,6/20/2018,6/25/2024,DCY17,7,1451,,POPTRE,2.5,3.4,1,-99,0,1,1,,,,,,,,,,,,,,,
DCY177_1452,6/20/2018,6/25/2024,DCY17,7,1452,,POPTRE,2.5,3.2,1,-99,0,1,1,,,,,,,,,,,,,,,
DCY177_1453,6/20/2018,6/25/2024,DCY17,7,1453,,POPTRE,2.8,4.4,1,-99,0,1,1,,,,,,,,,,,,,,,
DCY177_1454,6/20/2018,6/25/2024,DCY17,7,1454,,POPTRE,2.7,4.1,1,-99,0,1,1,,,,,,,,,,,,,,,
DCY177_1455,6/20/2018,6/25/2024,DCY17,7,1455,,POPTRE,2.8,3.6,1,-99,0,1,1,,,,,,,,,,,,,,,
DCY177_1456,6/20/2018,6/25/2024,DCY17,7,1456,,POPTRE,2.6,3.5,1,-99,0,1,1,,,,,,,,,,,,,,,
DCY177_1457,6/20/2018,6/25/2024,DCY17,7,1457,,POPTRE,2.7,-9999,1,-99,1,1,1,,,,,,,,,,,,,,,
DCY177_1924,6/20/2018,6/25/2024,DCY17,7,1924,,POPTRE,3.2,4,1,-99,0,1,1,,,,,,,,,,,,,,,
DCY177_1925,6/20/2018,6/25/2024,DCY17,7,1925,,POPTRE,2.8,3.4,1,-99,0,1,1,,,,,,,,,,,,,,,
DCY177_1926,6/20/2018,6/25/2024,DCY17,7,1926,,POPTRE,3,3.8,1,-99,0,1,1,,,,,,,,,,,,,,,
DCY177_1927,6/20/2018,6/25/2024,DCY17,7,1927,,POPTRE,3,4.1,1,-99,0,1,1,,,,,,,,,,,,,,,
DCY177_1928,6/20/2018,6/25/2024,DCY17,7,1928,,POPTRE,2.9,3.4,1,-99,0,1,1,,,,,,,,,,,,,,,
DCY177_1929,6/20/2018,6/25/2024,DCY17,7,1929,,POPTRE,2.7,2.9,1,-99,0,1,1,,,,,,,,,,,,,,,
DCY177_1930,6/20/2018,6/25/2024,DCY17,7,1930,,POPTRE,2.5,3,1,-99,0,1,1,,,,,,,,,,,,,,,
DCY177_1931,6/20/2018,6/25/2024,DCY17,7,1931,,POPTRE,2.7,3.3,1,-99,0,1,1,,,,,,,,,,,,,,,
DCY177_1932,6/20/2018,6/25/2024,DCY17,7,1932,,POPTRE,3.2,4.4,1,-99,0,1,1,,,,,,,,,,,,,,,
DCY177_1933,6/20/2018,6/25/2024,DCY17,7,1933,,POPTRE,2.9,3.9,1,-99,0,1,1,,,,,,,,,,,,,,,
DCY177_1934,6/20/2018,6/25/2024,DCY17,7,1934,,POPTRE,2.7,3.1,1,-99,0,1,1,,,,,,,,,,,,,,,
DCY177_1935,6/20/2018,6/25/2024,DCY17,7,1935,,POPTRE,2.5,3.1,1,-99,0,1,1,,,,,,,,,,,,,,,
DCY177_1936,6/20/2018,6/25/2024,DCY17,7,1936,,POPTRE,2.8,3.7,1,-99,0,1,1,,,,,,,,,,,,,,,
DCY177_1937,6/20/2018,6/25/2024,DCY17,7,1937,,POPTRE,3,4,1,-99,0,1,1,1938- dbh 3.2,,,,,,,,,,,,,,
DCY177_2301,,6/25/2024,DCY17,7,2301,,POPTRE,,2.6,1,-99,0,1,1,,,,,,,,,,,,,,,
DCY177_2302,,6/25/2024,DCY17,7,2302,,POPTRE,,2.7,1,-99,0,1,1,,,,,,,,,,,,,,,
DCY177_2303,,6/25/2024,DCY17,7,2303,,POPTRE,,2.7,1,-99,0,1,1,,,,,,,,,,,,,,,
DCY177_2304,,6/25/2024,DCY17,7,2304,,POPTRE,,2.7,1,-99,0,1,1,,,,,,,,,,,,,,,
DCY177_2305,,6/25/2024,DCY17,7,2305,,POPTRE,,3.4,1,-99,0,1,1,,,,,,,,,,,,,,,
DCY177_2306,,6/25/2024,DCY17,7,2306,,POPTRE,,2.6,1,-99,0,1,1,,,,,,,,,,,,,,,
DCY177_2307,,6/25/2024,DCY17,7,2307,,POPTRE,,2.5,1,-99,0,1,1,,,,,,,,,,,,,,,
DCY177_2308,,6/25/2024,DCY17,7,2308,,POPTRE,,2.6,1,-99,0,1,1,,,,,,,,,,,,,,,
DCY177_2309,,6/25/2024,DCY17,7,2309,,POPTRE,,2.7,1,-99,0,1,1,,,,,,,,,,,,,,,
DCY177_2310,,6/25/2024,DCY17,7,2310,,POPTRE,,2.9,1,-99,0,1,1,,,,,,,,,,,,,,,
DCY177_2311,,6/25/2024,DCY17,7,2311,,POPTRE,,3.3,1,-99,0,1,1,,,,,,,,,,,,,,,
DCY177_2312,,6/25/2024,DCY17,7,2312,,POPTRE,,3.2,1,-99,0,1,1,,,,,,,,,,,,,,,
DCY177_2313,,6/25/2024,DCY17,7,2313,,POPTRE,,2.6,1,-99,0,1,1,,,,,,,,,,,,,,,
DCY177_2314,,6/25/2024,DCY17,7,2314,,POPTRE,,2.6,1,-99,0,1,1,,,,,,,,,,,,,,,
DCY177_2315,,6/25/2024,DCY17,7,2315,,POPTRE,,2.7,1,-99,0,1,1,,,,,,,,,,,,,,,
DCY177_2316,,6/25/2024,DCY17,7,2316,,POPTRE,,2.8,1,-99,0,1,1,,,,,,,,,,,,,,,
DCY177_2317,,6/25/2024,DCY17,7,2317,,POPTRE,,2.5,1,-99,0,1,1,,,,,,,,,,,,,,,
DCY177_2318,,6/25/2024,DCY17,7,2318,,POPTRE,,2.6,1,-99,0,1,1,,,,,,,,,,,,,,,
DCY177_2319,,6/25/2024,DCY17,7,2319,,POPTRE,,2.7,1,-99,0,1,1,,,,,,,,,,,,,,,
DCY177_2320,,6/25/2024,DCY17,7,2320,,POPTRE,,3,1,-99,0,1,1,,,,,,,,,,,,,,,
DCY177_2321,,6/25/2024,DCY17,7,2321,,POPTRE,,3,1,-99,0,1,1,,,,,,,,,,,,,,,
DCY177_2322,,6/25/2024,DCY17,7,2322,,POPTRE,,3,1,-99,1,1,1,,,,,,,,,,,,,,,
DCY177_2323,,6/25/2024,DCY17,7,2323,,POPTRE,,2.7,1,-99,0,1,1,,,,,,,,,,,,,,,
DCY177_2324,,6/25/2024,DCY17,7,2324,,POPTRE,,2.6,1,-99,0,1,1,,,,,,,,,,,,,,,
DCY177_2325,,6/25/2024,DCY17,7,2325,,POPTRE,,2.6,1,-99,0,1,1,,,,,,,,,,,,,,,
DCY177_2326,,6/25/2024,DCY17,7,2326,,POPTRE,,2.6,1,-99,0,1,1,,,,,,,,,,,,,,,
DCY178_333,6/20/2018,7/26/2024,DCY17,8,333,,POPTRE,3.4,4.1,1,-99,0,1,1,,,,,,,,,,,,,,,
DCY178_334,6/20/2018,7/26/2024,DCY17,8,334,,POPTRE,4.6,5.4,1,-99,0,1,1,in plot 7,,,,,,,,,,,,,,
DCY178_335,6/20/2018,7/26/2024,DCY17,8,335,,POPTRE,3.6,4.4,1,-99,0,1,1,plot 7,,,,,,,,,,,,,,
DCY178_336,6/20/2018,7/26/2024,DCY17,8,336,,POPTRE,4.5,5.3,1,-99,0,1,1,plot 7,,,,,,,,,,,,,,
DCY178_337,6/20/2018,7/26/2024,DCY17,8,337,,POPTRE,3.6,4.5,1,-99,0,1,1,in plot 7,,,,,,,,,,,,,,
DCY178_338,6/20/2018,7/26/2024,DCY17,8,338,,POPTRE,3.7,5.1,1,-99,0,1,1,,,,,,,,,,,,,,,
DCY178_339,6/20/2018,7/26/2024,DCY17,8,339,,POPTRE,3.5,3.9,1,-99,0,1,1,,,,,,,,,,,,,,,
DCY178_340,6/20/2018,7/26/2024,DCY17,8,340,,POPBAL,3.2,4,1,-99,0,1,1,,,,,,,,,,,,,,,
DCY178_341,6/20/2018,7/26/2024,DCY17,8,341,,POPTRE,3.5,-7777,1,-99,0,1,1,,,,,,,,,,,,,,,
DCY178_342,6/20/2018,7/26/2024,DCY17,8,342,,POPTRE,3.1,4,1,-99,0,1,1,,,,,,,,,,,,,,,
DCY178_343,6/20/2018,7/26/2024,DCY17,8,343,,POPTRE,2.6,-7777,1,-99,0,1,1,,,,,,,,,,,,,,,
DCY178_344,6/20/2018,7/26/2024,DCY17,8,344,,POPTRE,3.2,3.9,1,2,0,1,1,,,,canker,,,,,,,,,,,
DCY178_345,6/20/2018,7/26/2024,DCY17,8,345,,POPTRE,3.4,4.8,1,-99,0,1,1,gerdled,,,,,,,,,,,,,,
DCY178_347,6/20/2018,7/26/2024,DCY17,8,347,,POPTRE,2.7,3.1,1,-99,0,1,1,346 is 5.1,,,,,,,,,,,,,,
DCY178_348,6/20/2018,7/26/2024,DCY17,8,348,,POPTRE,3.2,3.7,1,-99,0,1,1,,,,,,,,,,,,,,,
DCY178_349,6/20/2018,7/26/2024,DCY17,8,349,,POPTRE,3,3.9,1,-99,0,1,1,,,,,,,,,,,,,,,
DCY178_350,6/20/2018,7/26/2024,DCY17,8,350,,POPTRE,3,3.8,1,-99,0,1,1,,,,,,,,,,,,,,,
DCY178_351,6/20/2018,7/26/2024,DCY17,8,351,,POPTRE,2.8,3.7,1,-99,1,1,1,,,,,,,,,,,,,,,
DCY178_352,6/20/2018,7/26/2024,DCY17,8,352,,POPTRE,2.8,-7777,1,2,0,1,1,,,,,,,,,,,,,,,
DCY178_353,6/20/2018,7/26/2024,DCY17,8,353,,POPTRE,3.2,-9999,1,-99,0,1,1,,,,,,,,,,,,,,,
DCY178_354,6/20/2018,7/26/2024,DCY17,8,354,,POPTRE,4.5,5.5,1,-99,0,1,1,,,,,,,,,,,,,,,
DCY178_355,6/20/2018,7/26/2024,DCY17,8,355,,POPTRE,3,3.2,1,-99,0,1,1,,,,,,,,,,,,,,,
DCY178_1459,6/20/2018,7/26/2024,DCY17,8,1459,,POPTRE,2.6,2.9,1,-99,0,1,1,,,,,,,,,,,,,,,
DCY178_1460,6/20/2018,7/26/2024,DCY17,8,1460,,POPTRE,2.5,3.2,1,-99,0,1,1,,,,,,,,,,,,,,,
DCY178_1461,6/20/2018,7/26/2024,DCY17,8,1461,,POPTRE,2.5,3.4,1,-99,0,1,1,,,,,,,,,,,,,,,
DCY178_1462,6/20/2018,7/26/2024,DCY17,8,1462,,POPTRE,2.9,4,1,-99,0,1,1,,,,,,,,,,,,,,,
DCY178_1463,6/20/2018,7/26/2024,DCY17,8,1463,,POPTRE,2.7,3.1,1,-99,0,1,1,,,,,,,,,,,,,,,
DCY178_1464,6/20/2018,7/26/2024,DCY17,8,1464,,POPTRE,2.9,3.5,1,-99,0,1,1,,,,,,,,,,,,,,,
DCY178_1465,6/20/2018,7/26/2024,DCY17,8,1465,,POPTRE,2.9,3.8,1,-99,0,1,1,,,,,,,,,,,,,,,
DCY178_1466,6/20/2018,7/26/2024,DCY17,8,1466,,POPTRE,2.6,3.1,1,-99,0,1,1,,,,,,,,,,,,,,,
DCY178_1467,6/20/2018,7/26/2024,DCY17,8,1467,,POPTRE,2.5,3.5,1,-99,0,1,1,,,,,,,,,,,,,,,
DCY178_1468,6/20/2018,7/26/2024,DCY17,8,1468,,POPTRE,2.6,2.8,1,-99,0,1,1,,,,,,,,,,,,,,,
DCY178_1469,6/20/2018,7/26/2024,DCY17,8,1469,,POPTRE,2.5,3,1,-99,0,1,1,,,,,,,,,,,,,,,
DCY178_1470,6/20/2018,7/26/2024,DCY17,8,1470,,POPTRE,2.5,3.1,1,-99,0,1,1,,,,,,,,,,,,,,,
DCY178_1471,6/20/2018,7/26/2024,DCY17,8,1471,,POPTRE,2.6,3.3,1,-99,0,1,1,,,,,,,,,,,,,,,
DCY178_1472,6/20/2018,7/26/2024,DCY17,8,1472,,POPTRE,2.8,4,1,-99,0,1,1,,,,,,,,,,,,,,,
DCY178_1473,6/20/2018,7/26/2024,DCY17,8,1473,,POPTRE,2.9,3.6,1,-99,0,1,1,,,,,,,,,,,,,,,
DCY178_1474,6/20/2018,7/26/2024,DCY17,8,1474,,POPTRE,2.5,2.8,1,-99,0,1,1,,,,,,,,,,,,,,,
DCY178_1475,6/20/2018,7/26/2024,DCY17,8,1475,,POPTRE,2.6,3,1,-99,0,1,1,,,,,,,,,,,,,,,
DCY178_1476,6/20/2018,7/26/2024,DCY17,8,1476,,POPTRE,2.5,3,1,-99,0,1,1,,,,,,,,,,,,,,,
DCY178_1477,6/20/2018,7/26/2024,DCY17,8,1477,,POPTRE,3,-7777,1,-99,1,0,1,,,,,,,,,,,,,,,
DCY178_1478,6/20/2018,7/26/2024,DCY17,8,1478,,POPTRE,3.3,4.2,1,-99,0,1,1,,,,,,,,,,,,,,,
DCY178_1479,6/20/2018,7/26/2024,DCY17,8,1479,,POPTRE,2.8,3.5,1,-99,0,1,1,,,,,,,,,,,,,,,
DCY178_1480,6/20/2018,7/26/2024,DCY17,8,1480,,POPTRE,2.9,3.6,1,-99,0,1,1,,,,,,,,,,,,,,,
DCY178_1481,6/20/2018,7/26/2024,DCY17,8,1481,,POPTRE,2.6,3.3,1,-99,0,1,1,,,,,,,,,,,,,,,
DCY178_1938,6/20/2018,7/26/2024,DCY17,8,1938,,POPTRE,2.5,3.2,1,-99,0,1,1,,,,,,,,,,,,,,,
DCY178_1939,6/20/2018,7/26/2024,DCY17,8,1939,,POPTRE,3.1,3.6,1,-99,0,1,1,,,,,,,,,,,,,,,
DCY178_1940,6/20/2018,7/26/2024,DCY17,8,1940,,POPTRE,3.1,3.9,1,-99,0,1,1,,,,,,,,,,,,,,,
DCY178_1941,6/20/2018,7/26/2024,DCY17,8,1941,,POPTRE,2.7,3.7,1,-99,0,1,1,,,,,,,,,,,,,,,
DCY178_1942,6/20/2018,7/26/2024,DCY17,8,1942,,POPTRE,2.7,3.7,1,-99,0,1,1,,,,,,,,,,,,,,,
DCY178_1943,6/20/2018,7/26/2024,DCY17,8,1943,,POPTRE,2.7,3.4,1,-99,0,1,1,,,,,,,,,,,,,,,
DCY178_1944,6/20/2018,7/26/2024,DCY17,8,1944,,POPTRE,2.9,4.2,1,-99,0,1,1,,,,,,,,,,,,,,,
DCY178_1945,6/20/2018,7/26/2024,DCY17,8,1945,,POPTRE,2.8,3,1,-99,0,0,1,,,,,,,,,,,,,,,
DCY178_1946,6/20/2018,7/26/2024,DCY17,8,1946,,POPTRE,2.8,3.3,1,-99,0,1,1,,,,,,,,,,,,,,,
DCY178_1947,6/20/2018,7/26/2024,DCY17,8,1947,,POPTRE,2.5,2.9,1,-99,0,1,1,,,,,,,,,,,,,,,
DCY178_1948,6/20/2018,7/26/2024,DCY17,8,1948,,POPTRE,3.4,4,1,-99,0,1,1,,,,,,,,,,,,,,,
DCY178_1949,6/20/2018,7/26/2024,DCY17,8,1949,,POPTRE,2.8,3.1,1,-99,0,1,1,,,,,,,,,,,,,,,
DCY178_1950,6/20/2018,7/26/2024,DCY17,8,1950,,POPTRE,2.6,3,1,2,0,1,1,,,,,,,,,,,,,,,
DCY178_1951,6/20/2018,7/26/2024,DCY17,8,1951,,POPTRE,2.5,3.1,1,-99,0,1,1,,,,,,,,,,,,,,,
DCY178_1952,6/20/2018,7/26/2024,DCY17,8,1952,,POPTRE,2.8,3.5,1,-99,0,1,1,,,,,,,,,,,,,,,
DCY178_1953,6/20/2018,7/26/2024,DCY17,8,1953,,POPTRE,2.7,3.6,1,-99,0,1,1,,,,,,,,,,,,,,,
DCY178_1954,6/20/2018,7/26/2024,DCY17,8,1954,,POPTRE,3,3.9,1,-99,0,1,1,,old notes-Near stake 8. 2019 notes-,,,,,,,,,,,,,
DCY178_1955,6/20/2018,7/26/2024,DCY17,8,1955,,POPTRE,2.8,3.3,1,-99,0,1,1,,,,,,,,,,,,,,,
DCY178_1956,6/20/2018,7/26/2024,DCY17,8,1956,,POPTRE,2.8,3.3,1,-99,0,1,1,,,,,,,,,,,,,,,
DCY178_1957,6/20/2018,7/26/2024,DCY17,8,1957,,POPTRE,3,3.6,1,-99,0,1,1,,,,,,,,,,,,,,,
DCY178_1958,6/20/2018,7/26/2024,DCY17,8,1958,,POPTRE,2.7,3.2,1,-99,0,1,1,,,,,,,,,,,,,,,
DCY178_1959,6/20/2018,7/26/2024,DCY17,8,1959,,POPTRE,2.9,3.5,1,-99,0,1,1,,,,,,,,,,,,,,,
DCY178_1960,6/20/2018,7/26/2024,DCY17,8,1960,,POPTRE,3,3.9,1,-99,0,1,1,dbh above scar,,,,,,,,,,,,,,
DCY178_1961,6/20/2018,7/26/2024,DCY17,8,1961,,POPTRE,2.6,3.2,1,-99,0,1,1,,,,,,,,,,,,,,,
DCY178_1962,6/20/2018,7/26/2024,DCY17,8,1962,,POPTRE,2.6,3.4,1,-99,0,1,1,,,,,,,,,,,,,,,
DCY178_1963,6/20/2018,7/26/2024,DCY17,8,1963,,POPTRE,2.7,2.9,1,-99,0,1,1,,,,,,,,,,,,,,,
DCY178_1964,6/20/2018,7/26/2024,DCY17,8,1964,,POPTRE,2.5,3.6,1,-99,0,1,1,,,,,,,,,,,,,,,
DCY178_2327,,7/26/2024,DCY17,8,2327,,POPTRE,,2.5,1,-99,0,1,1,,,,,,,,,,,,,,,
DCY178_2328,,7/26/2024,DCY17,8,2328,,POPTRE,,2.7,1,-99,0,1,1,,,,,,,,,,,,,,,
DCY178_2329,,7/26/2024,DCY17,8,2329,,POPTRE,,3.2,1,-99,0,1,1,,,,,,,,,,,,,,,
DCY178_2330,,7/26/2024,DCY17,8,2330,,POPTRE,,2.5,1,-99,0,1,1,,,,,,,,,,,,,,,
DCY178_2331,,7/26/2024,DCY17,8,2331,,POPTRE,,2.9,1,-99,0,1,1,,,,,,,,,,,,,,,
DCY178_2332,,7/26/2024,DCY17,8,2332,,POPTRE,,2.5,1,-99,1,1,1,,,,,,,,,,,,,,,
DCY178_2333,,7/26/2024,DCY17,8,2333,,POPTRE,,2.5,1,-99,0,1,1,,,,,,,,,,,,,,,
DCY178_2334,,7/26/2024,DCY17,8,2334,,POPTRE,,2.9,1,-99,0,1,1,,,,,,,,,,,,,,,
DCY178_2335,,7/26/2024,DCY17,8,2335,,POPTRE,,3.1,1,-99,0,1,1,,,,,,,,,,,,,,,
DCY178_2336,,7/26/2024,DCY17,8,2336,,POPTRE,,2.7,1,-99,0,1,1,,,,,,,,,,,,,,,
DCY178_2337,,7/26/2024,DCY17,8,2337,,POPTRE,,3.1,1,-99,0,1,1,,,,,,,,,,,,,,,
DCY178_2338,,7/26/2024,DCY17,8,2338,,POPTRE,,2.5,1,-99,0,1,1,,,,,,,,,,,,,,,
DCY178_2339,,7/26/2024,DCY17,8,2339,,POPTRE,,2.8,1,-99,0,1,1,,,,,,,,,,,,,,,
DCY178_2340,,7/26/2024,DCY17,8,2340,,POPTRE,,2.8,1,-99,0,1,1,,,,,,,,,,,,,,,
DCY178_2341,,7/26/2024,DCY17,8,2341,,POPTRE,,3,1,-99,0,1,1,,,,,,,,,,,,,,,
DCY178_2342,,7/26/2024,DCY17,8,2342,,POPTRE,,2.9,1,-99,0,1,1,,,,,,,,,,,,,,,
DCY178_2343,,7/26/2024,DCY17,8,2343,,POPTRE,,2.5,1,-99,0,1,1,,,,,,,,,,,,,,,
DCY178_2344,,7/26/2024,DCY17,8,2344,,POPTRE,,2.8,1,-99,0,1,1,,,,,,,,,,,,,,,
DCY178_2345,,7/26/2024,DCY17,8,2345,,POPTRE,,3.3,1,-99,0,1,1,has blue paint,,,,,,,,,,,,,,
DCY178_2346,,7/26/2024,DCY17,8,2346,,POPTRE,,2.7,1,-99,0,1,1,same base as 341,,,,,,,,,,,,,,
DCY178_2347,,7/26/2024,DCY17,8,2347,,POPTRE,,2.8,1,-99,0,1,1,,,,,,,,,,,,,,,
DCY178_2348,,7/26/2024,DCY17,8,2348,,POPTRE,,2.6,1,-99,0,1,1,,,,,,,,,,,,,,,
DCY178_2349,,7/26/2024,DCY17,8,2349,,POPTRE,,2.7,1,-99,0,1,1,,,,,,,,,,,,,,,
DCY178_2350,,7/26/2024,DCY17,8,2350,,POPTRE,,3.4,1,-99,0,1,1,,,,,,,,,,,,,,,
DCY178_2351,,7/26/2024,DCY17,8,2351,,POPTRE,,3,1,-99,0,1,1,,,,,,,,,,,,,,,
DCY178_2352,,7/26/2024,DCY17,8,2352,,POPTRE,,3,1,-99,0,1,1,,,,,,,,,,,,,,,
DCY178_2353,,7/26/2024,DCY17,8,2353,,POPTRE,,2.5,1,-99,0,1,1,,,,,,,,,,,,,,,
DCY179_356,6/20/2018,7/26/2024,DCY17,9,356,,POPTRE,3.1,4,1,-99,0,1,1,,,,,,,,,,,,,,,
DCY179_357,6/20/2018,7/26/2024,DCY17,9,357,,POPTRE,3.1,3.8,1,-99,0,1,1,,,,,,,,,,,,,,,
DCY179_358,6/20/2018,7/26/2024,DCY17,9,358,,POPTRE,3.2,4.4,1,-99,0,1,1,,,,,,,,,,,,,,,
DCY179_359,6/20/2018,7/26/2024,DCY17,9,359,,POPTRE,3.2,3.5,1,-99,0,1,1,,,,,,,,,,,,,,,
DCY179_360,6/20/2018,7/26/2024,DCY17,9,360,,POPTRE,3.2,3.7,1,-99,0,1,1,,,,,,,,,,,,,,,
DCY179_361,6/20/2018,7/26/2024,DCY17,9,361,,POPTRE,3.9,5.9,1,-99,0,1,1,,,,,,,,,,,,,,,
DCY179_362,6/20/2018,7/26/2024,DCY17,9,362,,POPTRE,4,5.4,1,-99,0,1,1,,,,,,,,,,,,,,,
DCY179_363,6/20/2018,7/26/2024,DCY17,9,363,,POPTRE,3.1,3,1,-99,0,0,1,broken at dbh,,,,,,,,,,,,,,
DCY179_364,6/20/2018,7/26/2024,DCY17,9,364,,POPTRE,2.7,-9999,1,-99,0,1,1,,,,,,,,,,,,,,,
DCY179_365,6/20/2018,7/26/2024,DCY17,9,365,,POPTRE,3.8,4.7,1,-99,0,1,1,,,,,,,,,,,,,,,
DCY179_366,6/20/2018,7/26/2024,DCY17,9,366,,POPBAL,3.6,4.6,1,-99,0,1,1,,,,,,,,,,,,,,,
DCY179_367,6/20/2018,7/26/2024,DCY17,9,367,,POPTRE,4,5.6,1,-99,0,1,1,Girdled ,,,,,,,,,,,,,,
DCY179_368,6/20/2018,7/26/2024,DCY17,9,368,,POPTRE,2.9,3.7,1,-99,0,1,1,,,,,,,,,,,,,,,
DCY179_369,6/20/2018,7/26/2024,DCY17,9,369,,POPTRE,2.9,3.5,1,-99,0,1,1,,,,,,,,,,,,,,,
DCY179_370,6/20/2018,7/26/2024,DCY17,9,370,,POPTRE,3.3,4.1,1,-99,0,1,1,,,,,,,,,,,,,,,
DCY179_371,6/20/2018,7/26/2024,DCY17,9,371,,POPTRE,3.8,4.9,1,-99,0,1,1,,,,,,,,,,,,,,,
DCY179_372,6/20/2018,7/26/2024,DCY17,9,372,,POPTRE,3.6,4,1,-99,0,1,1,,,,,,,,,,,,,,,
DCY179_373,6/20/2018,7/26/2024,DCY17,9,373,,POPTRE,3.6,4.3,1,-99,0,1,1,girdled ,,,,,,,,,,,,,,
DCY179_374,6/20/2018,7/26/2024,DCY17,9,374,,POPTRE,3.2,3.3,1,-99,0,1,1,,,,,,,,,,,,,,,
DCY179_375,6/20/2018,7/26/2024,DCY17,9,375,,POPTRE,3.5,4.5,1,-99,0,1,1,,,,,,,,,,,,,,,
DCY179_376,6/20/2018,7/26/2024,DCY17,9,376,,POPTRE,3.5,4.9,1,-99,0,1,1,,,,,,,,,,,,,,,
DCY179_377,6/20/2018,7/26/2024,DCY17,9,377,,POPBAL,5,6.6,1,-99,0,1,1,,,,,,,,,,,,,,,
DCY179_378,6/20/2018,7/26/2024,DCY17,9,378,,POPTRE,3.7,4.2,1,-99,0,1,1,,,,,,,,,,,,,,,
DCY179_379,6/20/2018,7/26/2024,DCY17,9,379,,POPTRE,3.3,3.9,1,-99,0,1,1,,,,,,,,,,,,,,,
DCY179_1482,6/20/2018,7/26/2024,DCY17,9,1482,,POPTRE,2.6,3.2,1,-99,0,1,1,,,,,,,,,,,,,,,
DCY179_1483,6/20/2018,7/26/2024,DCY17,9,1483,,POPTRE,2.5,3,1,-99,0,1,1,,,,,,,,,,,,,,,
DCY179_1484,6/20/2018,7/26/2024,DCY17,9,1484,,POPTRE,3.3,4,1,-99,0,1,1,,,,,,,,,,,,,,,
DCY179_1485,6/20/2018,7/26/2024,DCY17,9,1485,,POPTRE,2.9,3.7,1,-99,0,1,1,,,,,,,,,,,,,,,
DCY179_1486,6/20/2018,7/26/2024,DCY17,9,1486,,POPTRE,2.5,3.3,1,-99,0,1,1,,,,,,,,,,,,,,,
DCY179_1487,6/20/2018,7/26/2024,DCY17,9,1487,,POPTRE,2.9,3.7,1,-99,0,1,1,,,,,,,,,,,,,,,
DCY179_1488,6/20/2018,7/26/2024,DCY17,9,1488,,POPTRE,2.6,3.4,1,-99,0,1,1,,,,,,,,,,,,,,,
DCY179_1489,6/20/2018,7/26/2024,DCY17,9,1489,,POPTRE,3.2,4,1,-99,0,1,1,,,,,,,,,,,,,,,
DCY179_1490,6/20/2018,7/26/2024,DCY17,9,1490,,POPTRE,2.5,2.9,1,-99,0,1,1,,,,,,,,,,,,,,,
DCY179_1491,6/20/2018,7/26/2024,DCY17,9,1491,,POPTRE,2.6,3.3,1,-99,0,1,1,,,,,,,,,,,,,,,
DCY179_1492,6/20/2018,7/26/2024,DCY17,9,1492,,POPTRE,2.8,3.3,1,-99,0,1,1,,,,,,,,,,,,,,,
DCY179_1493,6/20/2018,7/26/2024,DCY17,9,1493,,POPTRE,3.1,4.1,1,-99,0,1,1,,,,,,,,,,,,,,,
DCY179_1494,6/20/2018,7/26/2024,DCY17,9,1494,,POPTRE,2.5,3,1,-99,0,1,1,,,,,,,,,,,,,,,
DCY179_1495,6/20/2018,7/26/2024,DCY17,9,1495,,POPTRE,2.8,3.6,1,-99,0,1,1,,,,,,,,,,,,,,,
DCY179_1496,6/20/2018,7/26/2024,DCY17,9,1496,,POPTRE,2.5,3.2,1,-99,0,1,1,,,,,,,,,,,,,,,
DCY179_1955,6/20/2018,7/26/2024,DCY17,9,1955,,POPTRE,2.6,3.6,1,-99,0,1,1,"We think this is a typo, it's actually 1956",,,,,,,,,,,,,,
DCY179_1966,6/20/2018,7/26/2024,DCY17,9,1966,,POPTRE,2.5,3.2,1,-99,0,1,1,,,,,,,,,,,,,,,
DCY179_1967,6/20/2018,7/26/2024,DCY17,9,1967,,POPTRE,2.9,4,1,-99,0,1,1,,,,,,,,,,,,,,,
DCY179_1968,6/20/2018,7/26/2024,DCY17,9,1968,,POPBAL,2.9,4,1,-99,0,1,1,,,,,,,,,,,,,,,
DCY179_1969,6/20/2018,7/26/2024,DCY17,9,1969,,POPTRE,2.7,3.4,1,-99,0,1,1,,,,,,,,,,,,,,,
DCY179_1970,6/20/2018,7/26/2024,DCY17,9,1970,,POPTRE,2.6,3.6,1,-99,0,1,1,,,,,,,,,,,,,,,
DCY179_1971,6/20/2018,7/26/2024,DCY17,9,1971,,POPTRE,2.7,3.2,1,-99,0,1,1,,,,,,,,,,,,,,,
DCY179_1972,6/20/2018,7/26/2024,DCY17,9,1972,,POPTRE,2.7,3.4,1,-99,0,1,1,,,,,,,,,,,,,,,
DCY179_2354,,7/26/2024,DCY17,9,2354,,POPTRE,,2.7,1,-99,0,1,1,,,,,,,,,,,,,,,
DCY179_2355,,7/26/2024,DCY17,9,2355,,POPTRE,,2.6,1,-99,0,1,1,,,,,,,,,,,,,,,
DCY179_2356,,7/26/2024,DCY17,9,2356,,POPTRE,,3.3,1,-99,0,1,1,,,,,,,,,,,,,,,
DCY179_2357,,7/26/2024,DCY17,9,2357,,POPTRE,,2.5,1,-99,0,1,1,,,,,,,,,,,,,,,
DCY179_2358,,7/26/2024,DCY17,9,2358,,POPTRE,,2.6,1,-99,0,1,1,,,,,,,,,,,,,,,
DCY179_2359,,7/26/2024,DCY17,9,2359,,POPTRE,,2.9,1,-99,0,1,1,,,,,,,,,,,,,,,
DCY179_2360,,7/26/2024,DCY17,9,2360,,POPTRE,,2.9,1,-99,0,1,1,,,,,,,,,,,,,,,
DCY179_2361,,7/26/2024,DCY17,9,2361,,POPTRE,,2.7,1,-99,0,1,1,,,,,,,,,,,,,,,
DCY179_2362,,7/26/2024,DCY17,9,2362,,POPTRE,,2.8,1,-99,0,1,1,,,,,,,,,,,,,,,
DCY179_2363,,7/26/2024,DCY17,9,2363,,POPTRE,,3.4,1,-99,0,1,1,,,,,,,,,,,,,,,
DCY179_2364,,7/26/2024,DCY17,9,2364,,POPTRE,,3,1,-99,0,0,1,,,,,,,,,,,,,,,
DCY179_2365,,7/26/2024,DCY17,9,2365,,POPTRE,,3.4,1,-99,0,1,1,,,,,,,,,,,,,,,
DCY179_2366,,7/26/2024,DCY17,9,2366,,POPTRE,,2.6,1,-99,0,1,1,,,,,,,,,,,,,,,
DCY179_2367,,7/26/2024,DCY17,9,2367,,POPTRE,,2.6,1,-99,0,1,1,,,,,,,,,,,,,,,
DCY179_2368,,7/26/2024,DCY17,9,2368,,POPTRE,,3,1,-99,0,1,1,,,,,,,,,,,,,,,
DCY179_2369,,7/26/2024,DCY17,9,2369,,POPTRE,,3.3,1,-99,0,1,1,,,,,,,,,,,,,,,
DCY179_2370,,7/26/2024,DCY17,9,2370,,POPTRE,,2.6,1,-99,0,1,1,,,,,,,,,,,,,,,
DCY179_2371,,7/26/2024,DCY17,9,2371,,POPTRE,,2.9,1,-99,0,1,1,,,,canker,,,,,,,,,,,
DCY179_2372,,7/26/2024,DCY17,9,2372,,POPTRE,,3,1,-99,0,1,1,,,,,,,,,,,,,,,
DCY179_2373,,7/26/2024,DCY17,9,2373,,POPTRE,,3,1,-99,0,1,1,,,,,,,,,,,,,,,
DCY179_2374,,7/26/2024,DCY17,9,2374,,POPTRE,,2.7,1,-99,0,1,1,,,,,,,,,,,,,,,
DCY179_2375,,7/26/2024,DCY17,9,2375,,POPTRE,,3.2,1,-99,0,1,1,,,,,,,,,,,,,,,
DCY179_2376,,7/26/2024,DCY17,9,2376,,POPTRE,,3.1,1,-99,0,1,1,,,,,,,,,,,,,,,
DCY179_2377,,7/26/2024,DCY17,9,2377,,POPTRE,,2.6,1,-99,0,1,1,,,,,,,,,,,,,,,
DCY179_2378,,7/26/2024,DCY17,9,2378,,POPBAL ,,3.2,1,-99,0,1,1,,,,,,,,,,,,,,,
DCY179_2379,,7/26/2024,DCY17,9,2379,,POPBAL ,,2.9,1,-99,0,1,1,,,,,,,,,,,,,,,
DCY1711_380,6/20/2018,7/25/2024,DCY17,11,380,,POPTRE,2.9,2.9,1,-99,1,1,1,,,,,,,,,,,,,,,
DCY1711_381,6/20/2018,7/25/2024,DCY17,11,381,,POPTRE,4.5,6.2,1,-99,0,1,1,,,,,,,,,,,,,,,
DCY1711_382,6/20/2018,7/25/2024,DCY17,11,382,,POPTRE,4,5,1,-99,0,1,1,,,,,,,,,,,,,,,
DCY1711_383,6/20/2018,7/25/2024,DCY17,11,383,,POPTRE,2.8,3.1,1,-99,0,1,1,,,,,,,,,,,,,,,
DCY1711_384,6/20/2018,7/25/2024,DCY17,11,384,,POPTRE,2.6,-9999,1,-99,0,1,1,,,,,,,,,,,,,,,
DCY1711_385,6/20/2018,7/25/2024,DCY17,11,385,,POPTRE,3.7,4.2,1,-99,0,1,1,badly girdled ,,,,,,,,,,,,,,
DCY1711_386,6/20/2018,7/25/2024,DCY17,11,386,,POPTRE,3,-7777,1,-99,0,1,1,,,,,,,,,,,,,,,
DCY1711_387,6/20/2018,7/25/2024,DCY17,11,387,,POPTRE,3,3.5,1,-99,0,1,1,,,,,,,,,,,,,,,
DCY1711_388,6/20/2018,7/25/2024,DCY17,11,388,,POPTRE,2.8,3.3,1,-99,0,1,1,,,,,,,,,,,,,,,
DCY1711_389,6/20/2018,7/25/2024,DCY17,11,389,,POPTRE,3.3,3.9,1,-99,0,1,1,,,,,,,,,,,,,,,
DCY1711_390,6/20/2018,7/25/2024,DCY17,11,390,,POPTRE,3,3.5,1,-99,0,1,1,,,,,,,,,,,,,,,
DCY1711_391,6/20/2018,7/25/2024,DCY17,11,391,,POPTRE,5,6.2,1,-99,0,1,1,,,,,,,,,,,,,,,
DCY1711_392,6/20/2018,7/25/2024,DCY17,11,392,,POPTRE,3.4,4.1,1,-99,1,1,1,,,,,,,,,,,,,,,
DCY1711_393,6/20/2018,7/25/2024,DCY17,11,393,,POPTRE,3.6,-9999,1,-99,0,1,1,,,,,,,,,,,,,,,
DCY1711_394,6/20/2018,7/25/2024,DCY17,11,394,,POPTRE,3.7,4.4,1,-99,0,1,1,,,,,,,,,,,,,,,
DCY1711_395,6/20/2018,7/25/2024,DCY17,11,395,,POPTRE,4.3,5.1,1,-99,0,1,1,,,,,,,,,,,,,,,
DCY1711_396,6/20/2018,7/25/2024,DCY17,11,396,,POPTRE,3.4,-9999,1,-99,0,1,1,,,,,,,,,,,,,,,
DCY1711_397,6/20/2018,7/25/2024,DCY17,11,397,,POPTRE,3.3,4,1,-99,0,1,1,,,,,,,,,,,,,,,
DCY1711_398,6/20/2018,7/25/2024,DCY17,11,398,,POPBAL,7.1,8.5,1,-99,0,1,1,,,,,,,,,,,,,,,
DCY1711_399,6/20/2018,7/25/2024,DCY17,11,399,,POPBAL,4.7,5.9,1,-99,0,1,1,,,,,,,,,,,,,,,
DCY1711_400,6/20/2018,7/25/2024,DCY17,11,400,,POPBAL,5.6,7.2,1,-99,0,1,1,,,,,,,,,,,,,,,
DCY1711_447,6/20/2018,7/25/2024,DCY17,11,447,,POPBAL,4.5,5.9,1,-99,0,1,1,,,,,,,,,,,,,,,
DCY1711_448,6/20/2018,7/25/2024,DCY17,11,448,,POPTRE,3.5,-9999,1,-99,0,1,1,,,,,,,,,,,,,,,
DCY1711_449,6/20/2018,7/25/2024,DCY17,11,449,,POPTRE,3.2,4.4,1,-99,0,1,1,,,,,,,,,,,,,,,
DCY1711_450,6/20/2018,7/25/2024,DCY17,11,450,2171,POPBAL,5.7,7.6,1,-99,0,1,1,,,,,,,,,,,,,,,
DCY1711_451,6/20/2018,7/25/2024,DCY17,11,451,,POPBAL,4.3,5.2,1,-99,0,1,1,,,,,,,,,,,,,,,
DCY1711_452,6/20/2018,7/25/2024,DCY17,11,452,,POPTRE,3.4,3.8,1,-99,0,1,1,,,,,,,,,,,,,,,
DCY1711_453,6/20/2018,7/25/2024,DCY17,11,453,,POPBAL,4.2,-7777,1,-99,0,1,1,,,,,,,,,,,,,,,
DCY1711_454,6/20/2018,7/25/2024,DCY17,11,454,,POPBAL,3.9,-7777,1,-99,1,1,1,,,,,,,,,,,,,,,
DCY1711_455,6/20/2018,7/25/2024,DCY17,11,455,,POPBAL,3.9,-7777,1,-99,1,1,1,,,,,,,,,,,,,,,
DCY1711_456,6/20/2018,7/25/2024,DCY17,11,456,,POPTRE,3.8,5.2,1,-99,0,1,1,,,,,,,,,,,,,,,
DCY1711_457,6/20/2018,7/25/2024,DCY17,11,457,,POPBAL,3.9,4.9,1,-99,0,1,1,,,,,,,,,,,,,,,
DCY1711_458,6/20/2018,7/25/2024,DCY17,11,458,,POPTRE,3.3,4.3,1,-99,0,1,1,,,,,,,,,,,,,,,
DCY1711_1201,6/20/2018,7/25/2024,DCY17,11,1201,,POPTRE,3,-9999,1,-99,1,1,1,,,,,,,,,,,,,,,
DCY1711_1202,6/20/2018,7/25/2024,DCY17,11,1202,,POPTRE,2.5,3,1,-99,0,1,1,,,,,,,,,,,,,,,
DCY1711_1497,6/20/2018,7/25/2024,DCY17,11,1497,,POPTRE,2.9,4,1,-99,0,1,1,,,,,,,,,,,,,,,
DCY1711_1498,6/20/2018,7/25/2024,DCY17,11,1498,,POPTRE,2.9,4.3,1,-99,0,1,1,,,,,,,,,,,,,,,
DCY1711_1499,6/20/2018,7/25/2024,DCY17,11,1499,,POPTRE,3.2,3.8,1,-99,0,1,1,,,,,,,,,,,,,,,
DCY1711_1500,6/20/2018,7/25/2024,DCY17,11,1500,,POPTRE,2.9,3.7,1,-99,0,1,1,,,,,,,,,,,,,,,
DCY1711_1973,6/20/2018,7/25/2024,DCY17,11,1973,,POPTRE,2.5,3.1,1,-99,0,1,1,,,,,,,,,,,,,,,
DCY1711_1974,6/20/2018,7/25/2024,DCY17,11,1974,,POPTRE,2.9,3.5,1,-99,0,1,1,1975 is 4.5,,,,,,,,,,,,,,
DCY1711_1976,6/20/2018,7/25/2024,DCY17,11,1976,,POPTRE,2.5,3,1,-99,0,1,1,1977 is 3.5,,,,,,,,,,,,,,
DCY1711_1978,6/20/2018,7/25/2024,DCY17,11,1978,,POPTRE,2.6,3,1,-99,0,1,1,,,,,,,,,,,,,,,
DCY1711_1979,6/20/2018,7/25/2024,DCY17,11,1979,,POPTRE,2.8,3.3,1,-99,0,1,1,,,,,,,,,,,,,,,
DCY1711_1980,6/20/2018,7/25/2024,DCY17,11,1980,,POPTRE,2.8,3.3,1,-99,0,1,1,,,,,,,,,,,,,,,
DCY1711_1981,6/20/2018,7/25/2024,DCY17,11,1981,,POPTRE,2.5,3.1,1,-99,0,1,1,,,,,,,,,,,,,,,
DCY1711_1982,6/20/2018,7/25/2024,DCY17,11,1982,,POPTRE,3,3.9,1,-99,0,1,1,,,,,,,,,,,,,,,
DCY1711_1983,6/20/2018,7/25/2024,DCY17,11,1983,,POPTRE,3,3.5,1,-99,0,1,1,,,,,,,,,,,,,,,
DCY1711_2147,,7/25/2024,DCY17,11,2147,,POPTRE,,2.7,1,-99,0,1,1,,,,,,,,,,,,,,,
DCY1711_2148,,7/25/2024,DCY17,11,2148,,POPTRE,,2.6,1,-99,0,1,1,,,,,,,,,,,,,,,
DCY1711_2149,,7/25/2024,DCY17,11,2149,,POPTRE,,3.1,1,-99,0,1,1,,,,,,,,,,,,,,,
DCY1711_2150,,7/25/2024,DCY17,11,2150,,POPTRE,,2.8,1,-99,0,1,1,,,,,,,,,,,,,,,
DCY1711_2151,,7/25/2024,DCY17,11,2151,,POPTRE,,2.9,1,-99,0,1,1,,,,,,,,,,,,,,,
DCY1711_2152,,7/25/2024,DCY17,11,2152,,POPTRE,,2.8,1,-99,0,1,1,,,,,,,,,,,,,,,
DCY1711_2153,,7/25/2024,DCY17,11,2153,,POPTRE,,2.5,1,-99,0,1,1,,,,,,,,,,,,,,,
DCY1711_2154,,7/25/2024,DCY17,11,2154,,POPTRE,,3.1,1,-99,1,1,1,,,,,,,,,,,,,,,
DCY1711_2155,,7/25/2024,DCY17,11,2155,,POPTRE,,2.7,1,-99,0,1,1,,,,,,,,,,,,,,,
DCY1711_2156,,7/25/2024,DCY17,11,2156,,POPTRE,,3.5,1,-99,0,1,1,,,,,,,,,,,,,,,
DCY1711_2157,,7/25/2024,DCY17,11,2157,,POPTRE,,2.8,1,-99,0,1,1,,,,,,,,,,,,,,,
DCY1711_2158,,7/25/2024,DCY17,11,2158,,POPTRE,,3.1,1,-99,0,1,1,,,,,,,,,,,,,,,
DCY1711_2159,,7/25/2024,DCY17,11,2159,,POPTRE,,3.3,1,-99,0,1,1,,,,,,,,,,,,,,,
DCY1711_2160,,7/25/2024,DCY17,11,2160,,POPTRE,,3,1,-99,0,1,1,,,,,,,,,,,,,,,
DCY1711_2161,,7/25/2024,DCY17,11,2161,,POPTRE,,3.6,1,-99,0,1,1,,,,,,,,,,,,,,,
DCY1711_2162,,7/25/2024,DCY17,11,2162,,POPTRE,,3.1,1,-99,0,1,1,,,,,,,,,,,,,,,
DCY1711_2163,,7/25/2024,DCY17,11,2163,,POPBAL,,2.8,1,-99,0,1,1,,,,,,,,,,,,,,,
DCY1711_2164,,7/25/2024,DCY17,11,2164,,POPBAL,,4.2,1,-99,0,1,1,,,,,,,,,,,,,,,
DCY1711_2165,,7/25/2024,DCY17,11,2165,,POPTRE,,2.8,1,-99,0,1,1,,,,,,,,,,,,,,,
DCY1711_2166,,7/25/2024,DCY17,11,2166,,POPTRE,,2.5,1,-99,0,1,1,,,,,,,,,,,,,,,
DCY1711_2167,,7/25/2024,DCY17,11,2167,,POPTRE,,2.9,1,-99,0,1,1,,,,,,,,,,,,,,,
DCY1711_2168,,7/25/2024,DCY17,11,2168,,POPTRE,,2.7,1,-99,0,1,1,,,,,,,,,,,,,,,
DCY1711_2169,,7/25/2024,DCY17,11,2169,,POPTRE,,2.5,1,-99,0,1,1,,,,,,,,,,,,,,,
DCY1711_2170,,7/25/2024,DCY17,11,2170,,POPTRE,,2.8,1,-99,0,1,1,,,,,,,,,,,,,,,
DCY1711_2172,,7/25/2024,DCY17,11,2172,,POPTRE,,3,1,-99,0,1,1,,,,,,,,,,,,,,,
DCY1711_2173,,7/25/2024,DCY17,11,2173,,POPBAL,,4.4,1,-99,0,1,1,,,,,,,,,,,,,,,
DCY1711_2174,,7/25/2024,DCY17,11,2174,,POPTRE,,2.8,1,-99,0,1,1,,,,,,,,,,,,,,,
DCY1711_2175,,7/25/2024,DCY17,11,2175,,POPTRE,,3.2,1,-99,0,1,1,,,,,,,,,,,,,,,
DCY1711_2176,,7/25/2024,DCY17,11,2176,,POPBAL,,2.8,1,-99,0,1,1,,,,,,,,,,,,,,,
DCY1711_2177,,7/25/2024,DCY17,11,2177,,POPTRE,,2.9,1,-99,0,1,1,,,,,,,,,,,,,,,
DCY1711_2178,,7/25/2024,DCY17,11,2178,,POPTRE,,2.7,1,-99,0,1,1,,,,,,,,,,,,,,,
DCY1711_2179,,7/25/2024,DCY17,11,2179,,POPTRE,,3.2,1,-99,0,1,1,,,,,,,,,,,,,,,
DCY1711_2180,,7/25/2024,DCY17,11,2180,,POPTRE,,3.1,1,-99,0,1,1,,,,Canker,,,,,,,,,,,
DCY1711_2181,,7/25/2024,DCY17,11,2181,,POPTRE,,4,1,-99,0,1,1,,,,,,,,,,,,,,,
DCY1711_2182,,7/25/2024,DCY17,11,2182,,POPTRE,,3.5,1,-99,0,1,1,,,,,,,,,,,,,,,
DCY1711_2183,,7/25/2024,DCY17,11,2183,,POPTRE,,3,1,-99,0,1,1,,,,,,,,,,,,,,,
DCY1711_2184,,7/25/2024,DCY17,11,2184,,POPTRE,,2.9,1,-99,0,1,1,,,,,,,,,,,,,,,
DCY1711_2185,,7/25/2024,DCY17,11,2185,,POPBAL,,3.4,1,-99,0,1,1,Same base as 453,,,,,,,,,,,,,,
DCY1711_2186,,7/25/2024,DCY17,11,2186,,POPTRE,,3.7,1,-99,0,1,1,same base as 454,,,,,,,,,,,,,,
DCY1711_2187,,7/25/2024,DCY17,11,2187,,POPBAL,,5.1,1,-99,0,1,1,same. base as 455,,,,,,,,,,,,,,
DCY1711_2188,,7/25/2024,DCY17,11,2188,,POPBAL,,5.5,1,-99,0,1,1,,,,,,,,,,,,,,,
DCY1712_459,6/20/2018,7/25/2024,DCY17,12,459,,POPTRE,3.3,4.3,1,-99,0,1,1,badly girtled,,,,,,,,,,,,,,
DCY1712_460,6/20/2018,7/25/2024,DCY17,12,460,,POPTRE,4.1,5,1,-99,0,1,1,,,,,,,,,,,,,,,
DCY1712_461,6/20/2018,7/25/2024,DCY17,12,461,,POPTRE,3.3,4.2,1,-99,1,1,1,,,,,,,,,,,,,,,
DCY1712_462,6/20/2018,7/25/2024,DCY17,12,462,,POPBAL,3.9,4.6,1,-99,0,1,1,,,,,,,,,,,,,,,
DCY1712_463,6/20/2018,7/25/2024,DCY17,12,463,,POPBAL,5.5,7.5,1,-99,0,1,1,,,,,,,,,,,,,,,
DCY1712_464,6/20/2018,7/25/2024,DCY17,12,464,,POPTRE,3.3,4.7,1,-99,0,1,1,,,,,,,,,,,,,,,
DCY1712_465,6/20/2018,7/25/2024,DCY17,12,465,,POPTRE,3.5,4.5,1,-99,0,1,1,,,,,,,,,,,,,,,
DCY1712_466,6/20/2018,7/25/2024,DCY17,12,466,,POPBAL,3.7,4.6,1,-99,0,1,1,badly girtled,,,,,,,,,,,,,,
DCY1712_467,6/20/2018,7/25/2024,DCY17,12,467,,POPBAL,3.3,4,1,-99,0,1,1,,,,,,,,,,,,,,,
DCY1712_468,6/20/2018,7/25/2024,DCY17,12,468,,POPTRE,3.8,4.6,1,-99,0,1,1,,,,,,,,,,,,,,,
DCY1712_469,6/20/2018,7/25/2024,DCY17,12,469,,POPTRE,3.4,4.3,1,-99,0,1,1,,,,,,,,,,,,,,,
DCY1712_470,6/20/2018,7/25/2024,DCY17,12,470,,POPBAL,4.3,5.7,1,-99,0,1,1,,,,,,,,,,,,,,,
DCY1712_471,6/20/2018,7/25/2024,DCY17,12,471,,POPTRE,4.3,4.6,1,-99,1,1,1,,,,,,,,,,,,,,,
DCY1712_472,6/20/2018,7/25/2024,DCY17,12,472,,POPTRE,3.7,2.7,1,-99,0,1,1,,,,,,,,,,,,,,,
DCY1712_473,6/20/2018,7/25/2024,DCY17,12,473,,POPBAL,6.1,7.5,1,-99,0,1,1,,,,,,,,,,,,,,,
DCY1712_474,6/20/2018,7/25/2024,DCY17,12,474,,POPTRE,3.5,3.7,1,-99,0,0,1,,,,,,,,,,,,,,,
DCY1712_475,6/20/2018,7/25/2024,DCY17,12,475,,POPTRE,3.5,4.4,1,-99,0,1,1,,,,,,,,,,,,,,,
DCY1712_476,6/20/2018,7/25/2024,DCY17,12,476,,POPTRE,3.3,4.3,1,-99,0,1,1,,,,,,,,,,,,,,,
DCY1712_477,6/20/2018,7/25/2024,DCY17,12,477,,POPTRE,3.4,4.3,1,-99,0,1,1,,,,,,,,,,,,,,,
DCY1712_478,6/20/2018,7/25/2024,DCY17,12,478,,POPTRE,4.4,5.7,1,-99,0,1,1,,,,,,,,,,,,,,,
DCY1712_479,6/20/2018,7/25/2024,DCY17,12,479,,POPTRE,3.7,4.7,1,-99,0,1,1,,,,,,,,,,,,,,,
DCY1712_480,6/20/2018,7/25/2024,DCY17,12,480,,POPTRE,4.1,5.2,1,-99,0,1,1,,,,,,,,,,,,,,,
DCY1712_481,6/20/2018,7/25/2024,DCY17,12,481,,POPTRE,3.4,4.5,1,-99,0,1,1,,,,,,,,,,,,,,,
DCY1712_482,6/20/2018,7/25/2024,DCY17,12,482,,POPTRE,3.2,3.7,1,-99,0,1,1,,,,,,,,,,,,,,,
DCY1712_701,6/20/2018,7/25/2024,DCY17,12,701,,POPTRE,2.7,3.3,1,-99,0,1,1,,old notes-After tree 2000. 2019 notes-,,,,,,,,,,,,,
DCY1712_1203,6/20/2018,7/25/2024,DCY17,12,1203,,POPTRE,2.5,3.7,1,-99,0,1,1,,,,,,,,,,,,,,,
DCY1712_1204,6/20/2018,7/25/2024,DCY17,12,1204,,POPTRE,2.6,4.1,1,-99,0,1,1,,,,canker,,,,,,,,,,,
DCY1712_1205,6/20/2018,7/25/2024,DCY17,12,1205,,POPTRE,3,4.2,1,-99,0,1,1,,,,,,,,,,,,,,,
DCY1712_1206,6/20/2018,7/25/2024,DCY17,12,1206,,POPBAL,2.8,3.8,1,-99,0,1,1,,,,,,,,,,,,,,,
DCY1712_1207,6/20/2018,7/25/2024,DCY17,12,1207,,POPTRE,3,4.8,1,-99,0,1,1,,,,,,,,,,,,,,,
DCY1712_1208,6/20/2018,7/25/2024,DCY17,12,1208,,POPTRE,3.2,5.2,1,-99,0,1,1,,,,,,,,,,,,,,,
DCY1712_1209,6/20/2018,7/25/2024,DCY17,12,1209,,POPTRE,3.1,3.7,1,-99,1,1,1,,,,,,,,,,,,,,,
DCY1712_1210,6/20/2018,7/25/2024,DCY17,12,1210,,POPTRE,3,3.9,1,-99,0,1,1,,,,,,,,,,,,,,,
DCY1712_1211,6/20/2018,7/25/2024,DCY17,12,1211,,POPTRE,2.8,3.4,1,-99,0,1,1,,,,,,,,,,,,,,,
DCY1712_1212,6/20/2018,7/25/2024,DCY17,12,1212,,POPBAL,3.4,4.5,1,-99,0,1,1,,,,,,,,,,,,,,,
DCY1712_1213,6/20/2018,7/25/2024,DCY17,12,1213,,POPTRE,2.7,3.1,1,-99,0,1,1,,,,,,,,,,,,,,,
DCY1712_1214,6/20/2018,7/25/2024,DCY17,12,1214,,POPTRE,2.9,3.5,1,-99,0,1,1,,,,,,,,,,,,,,,
DCY1712_1215,6/20/2018,7/25/2024,DCY17,12,1215,,POPTRE,3.1,3.5,1,-99,0,0,1,,,,,,,,,,,,,,,
DCY1712_1216,6/20/2018,7/25/2024,DCY17,12,1216,,POPTRE,3.2,4.5,1,-99,0,1,1,,,,,,,,,,,,,,,
DCY1712_1217,6/20/2018,7/25/2024,DCY17,12,1217,,POPTRE,2.9,3.8,1,-99,1,1,1,,,,,,,,,,,,,,,
DCY1712_1218,6/20/2018,7/25/2024,DCY17,12,1218,,POPTRE,2.7,3.5,1,-99,0,1,1,,,,,,,,,,,,,,,
DCY1712_1219,6/20/2018,7/25/2024,DCY17,12,1219,,POPTRE,2.8,3.5,1,-99,1,1,1,Actually POPBAL ,,,,,,,,,,,,,,
DCY1712_1220,6/20/2018,7/25/2024,DCY17,12,1220,,POPTRE,2.7,3.6,1,-99,1,1,1,,,,,,,,,,,,,,,
DCY1712_1221,6/20/2018,7/25/2024,DCY17,12,1221,,POPTRE,2.7,3.5,1,-99,1,1,1,,,,,,,,,,,,,,,
DCY1712_1984,6/20/2018,7/25/2024,DCY17,12,1984,,POPTRE,2.9,4.2,1,-99,0,1,1,,,,,,,,,,,,,,,
DCY1712_1985,6/20/2018,7/25/2024,DCY17,12,1985,,POPTRE,2.6,3.3,1,-99,0,1,1,,,,,,,,,,,,,,,
DCY1712_1986,6/20/2018,7/25/2024,DCY17,12,1986,,POPTRE,2.6,3.1,1,-99,1,1,1,,,,,,,,,,,,,,,
DCY1712_1987,6/20/2018,7/25/2024,DCY17,12,1987,,POPTRE,2.6,3,1,-99,0,1,1,,,,,,,,,,,,,,,
DCY1712_1988,6/20/2018,7/25/2024,DCY17,12,1988,,POPTRE,2.9,3.9,1,-99,0,1,1,,,,Canker,,,,,,,,,,,
DCY1712_1989,6/20/2018,7/25/2024,DCY17,12,1989,,POPTRE,2.5,3.2,1,-99,1,1,1,,,,,,,,,,,,,,,
DCY1712_1990,6/20/2018,7/25/2024,DCY17,12,1990,,POPTRE,3.1,4.3,1,-99,1,1,1,,,,,,,,,,,,,,,
DCY1712_1991,6/20/2018,7/25/2024,DCY17,12,1991,,POPTRE,2.9,3.9,1,-99,0,1,1,,,,,,,,,,,,,,,
DCY1712_1992,6/20/2018,7/25/2024,DCY17,12,1992,,POPTRE,2.8,3.6,1,-99,0,1,1,,,,,,,,,,,,,,,
DCY1712_1993,6/20/2018,7/25/2024,DCY17,12,1993,,POPTRE,2.8,3.2,1,-99,0,1,1,,,,,,,,,,,,,,,
DCY1712_1994,6/20/2018,7/25/2024,DCY17,12,1994,,POPTRE,2.7,3.2,1,-99,0,1,1,,,,,,,,,,,,,,,
DCY1712_1995,6/20/2018,7/25/2024,DCY17,12,1995,,POPTRE,2.5,3.4,1,-99,0,1,1,,,,,,,,,,,,,,,
DCY1712_1996,6/20/2018,7/25/2024,DCY17,12,1996,,POPTRE,3.2,4.5,1,-99,0,1,1,,,,,,,,,,,,,,,
DCY1712_1997,6/20/2018,7/25/2024,DCY17,12,1997,,POPTRE,2.9,3.2,1,-99,1,0,1,,,,,,,,,,,,,,,
DCY1712_1998,6/20/2018,7/25/2024,DCY17,12,1998,,POPTRE,3.1,3.9,1,-99,1,1,1,,,,,,,,,,,,,,,
DCY1712_1999,6/20/2018,7/25/2024,DCY17,12,1999,,POPTRE,2.8,3.7,1,-99,0,1,1,,,,,,,,,,,,,,,
DCY1712_2000,6/20/2018,7/25/2024,DCY17,12,2000,,POPTRE,2.6,3.3,1,-99,0,1,1,,,,,,,,,,,,,,,
DCY1712_2189,,7/25/2024,DCY17,12,2189,,POPTRE,,2.6,1,-99,0,1,1,,,,,,,,,,,,,,,
DCY1712_2190,,7/25/2024,DCY17,12,2190,,POPTRE,,2.9,1,-99,0,1,1,,,,,,,,,,,,,,,
DCY1712_2191,,7/25/2024,DCY17,12,2191,,POPTRE,,3,1,-99,0,1,1,,,,,,,,,,,,,,,
DCY1712_2192,,7/25/2024,DCY17,12,2192,,POPTRE,,2.8,1,-99,0,1,1,,,,,,,,,,,,,,,
DCY1712_2193,,7/25/2024,DCY17,12,2193,,POPTRE,,3.1,1,-99,0,1,1,,,,,,,,,,,,,,,
DCY1712_2194,,7/25/2024,DCY17,12,2194,,POPTRE,,3.5,1,-99,0,1,1,,,,,,,,,,,,,,,
DCY1712_2195,,7/25/2024,DCY17,12,2195,,POPTRE,,2.6,1,-99,0,1,1,,,,,,,,,,,,,,,
DCY1712_2196,,7/25/2024,DCY17,12,2196,,POPTRE,,2.7,1,-99,1,1,1,,,,,,,,,,,,,,,
DCY1712_2197,,7/25/2024,DCY17,12,2197,,POPTRE,,3.1,1,-99,0,1,1,,,,,,,,,,,,,,,
DCY1712_2198,,7/25/2024,DCY17,12,2198,,POPTRE,,3,1,-99,0,1,1,,,,,,,,,,,,,,,
DCY1712_2199,,7/25/2024,DCY17,12,2199,,POPTRE,,2.9,1,-99,0,1,1,,,,,,,,,,,,,,,
DCY1712_2200,,7/25/2024,DCY17,12,2200,,POPTRE,,2.5,1,-99,0,1,1,,,,,,,,,,,,,,,
DCY1712_2401,,7/25/2024,DCY17,12,2401,,POPTRE,,2.6,1,-99,0,1,1,,,,,,,,,,,,,,,
DCY1712_2402,,7/25/2024,DCY17,12,2402,,POPTRE,,2.9,1,-99,0,1,1,,,,,,,,,,,,,,,
DCY1712_2403,,7/25/2024,DCY17,12,2403,,POPBAL,,3,1,-99,0,1,1,,,,,,,,,,,,,,,
DCY1712_2404,,7/25/2024,DCY17,12,2404,,POPTRE,,3,1,-99,0,1,1,,,,,,,,,,,,,,,
DCY1712_2405,,7/25/2024,DCY17,12,2405,,POPTRE,,3,1,-99,1,1,1,,,,,,,,,,,,,,,
DCY1712_2406,,7/25/2024,DCY17,12,2406,,POPTRE,,2.8,1,-99,0,1,1,In 11,,,,,,,,,,,,,,
DCY1712_2407,,7/25/2024,DCY17,12,2407,,POPTRE,,3,1,-99,0,1,1,,,,,,,,,,,,,,,
DCY1712_2408,,7/25/2024,DCY17,12,2408,,POPTRE,,3,1,-99,0,1,1,,,,,,,,,,,,,,,
DCY1712_2409,,7/25/2024,DCY17,12,2409,,POPTRE,,2.8,1,-99,0,1,1,,,,,,,,,,,,,,,
DCY1712_2410,,7/25/2024,DCY17,12,2410,,POPTRE,,2.7,1,-99,0,1,1,,,,,,,,,,,,,,,
DCY1712_2411,,7/25/2024,DCY17,12,2411,,POPTRE,,2.7,1,-99,1,1,1,,,,,,,,,,,,,,,
DCY1712_2412,,7/25/2024,DCY17,12,2412,,POPTRE,,2.6,1,-99,0,1,1,,,,,,,,,,,,,,,
DCY1712_2413,,7/25/2024,DCY17,12,2413,,POPTRE,,2.9,1,-99,0,1,1,,,,,,,,,,,,,,,
DCY1712_2414,,7/25/2024,DCY17,12,2414,,POPBAL,,2.6,1,-99,0,1,1,,,,,,,,,,,,,,,
DCY1712_2415,,7/25/2024,DCY17,12,2415,,POPTRE,,3,1,-99,0,1,1,,,,,,,,,,,,,,,
DCY1712_2416,,7/25/2024,DCY17,12,2416,,POPTRE,,3.2,1,-99,0,1,1,,,,,,,,,,,,,,,
DCY1712_2417,,7/25/2024,DCY17,12,2417,,POPTRE,,3.1,1,-99,0,1,1,,,,,,,,,,,,,,,
DCY1712_2418,,7/25/2024,DCY17,12,2418,,POPBAL,,3.5,1,-99,0,1,1,,,,,,,,,,,,,,,
DCY1712_2419,,7/25/2024,DCY17,12,2419,,POPTRE,,3.3,1,-99,0,1,1,,,,,,,,,,,,,,,
DCY1713_483,6/20/2018,7/25/2024,DCY17,13,483,,POPTRE,4.2,5.7,1,-99,0,1,1,,,,,,,,,,,,,,,
DCY1713_484,6/20/2018,7/25/2024,DCY17,13,484,,POPTRE,3.2,4.5,1,-99,0,1,1,,,,,,,,,,,,,,,
DCY1713_485,6/20/2018,7/25/2024,DCY17,13,485,,POPTRE,3.8,5.2,1,-99,0,1,1,,,,,,,,,,,,,,,
DCY1713_486,6/20/2018,7/25/2024,DCY17,13,486,,POPTRE,2.8,-9999,1,-99,0,1,1,,,,,,,,,,,,,,,
DCY1713_487,6/20/2018,7/25/2024,DCY17,13,487,,POPTRE,4.6,6.9,1,-99,0,1,1,Super girdled,,,,,,,,,,,,,,
DCY1713_546,6/20/2018,7/25/2024,DCY17,13,546,,POPTRE,4.3,5.7,1,-99,0,1,1,,,,,,,,,,,,,,,
DCY1713_547,6/20/2018,7/25/2024,DCY17,13,547,,POPTRE,3.5,4.4,1,-99,0,1,1,,,,,,,,,,,,,,,
DCY1713_548,6/20/2018,7/25/2024,DCY17,13,548,,POPTRE,3,3.7,1,-99,0,1,1,,,,,,,,,,,,,,,
DCY1713_549,6/20/2018,7/25/2024,DCY17,13,549,,POPTRE,3,-8888,1,-99,0,1,1,,,,,,,,,,,,,,,
DCY1713_550,6/20/2018,7/25/2024,DCY17,13,550,,POPTRE,2.8,-8888,1,-99,0,1,1,,,,,,,,,,,,,,,
DCY1713_551,6/20/2018,7/25/2024,DCY17,13,551,,POPTRE,3.9,-8888,1,-99,0,1,1,,,,,,,,,,,,,,,
DCY1713_552,6/20/2018,7/25/2024,DCY17,13,552,,POPTRE,4.7,6.9,1,-99,0,1,1,,,,,,,,,,,,,,,
DCY1713_553,6/20/2018,7/25/2024,DCY17,13,553,,POPTRE,3,3.1,1,2.5,0,1,1,,,,,,,,,,,,,,,
DCY1713_554,6/20/2018,7/25/2024,DCY17,13,554,,POPTRE,3.5,-8888,1,-99,0,1,1,,,,,,,,,,,,,,,
DCY1713_555,6/20/2018,7/25/2024,DCY17,13,555,,POPTRE,3.9,5.7,1,-99,0,1,1,,,,,,,,,,,,,,,
DCY1713_556,6/20/2018,7/25/2024,DCY17,13,556,,POPTRE,3.4,4.7,1,-99,0,1,1,,,,,,,,,,,,,,,
DCY1713_557,6/20/2018,7/25/2024,DCY17,13,557,,POPTRE,4.7,6.3,1,-99,0,1,1,,,,,,,,,,,,,,,
DCY1713_558,6/20/2018,7/25/2024,DCY17,13,558,,POPTRE,3.5,4.3,1,-99,0,1,1,,,,,,,,,,,,,,,
DCY1713_559,6/20/2018,7/25/2024,DCY17,13,559,,POPTRE,3,3.1,1,-99,0,1,1,,,,,,,,,,,,,,,
DCY1713_560,6/20/2018,7/25/2024,DCY17,13,560,,POPTRE,3.5,4.4,1,-99,0,1,1,,,,,,,,,,,,,,,
DCY1713_561,6/20/2018,7/25/2024,DCY17,13,561,,POPTRE,3.3,-7777,1,-99,0,1,1,,,,,,,,,,,,,,,
DCY1713_562,6/20/2018,7/25/2024,DCY17,13,562,,POPTRE,4,5.4,1,-99,0,1,1,,,,,,,,,,,,,,,
DCY1713_563,6/20/2018,7/25/2024,DCY17,13,563,,POPTRE,4.3,5.1,1,-99,0,1,1,,,,,,,,,,,,,,,
DCY1713_564,6/20/2018,7/25/2024,DCY17,13,564,,POPTRE,3.2,4.3,1,-99,0,1,1,,,,,,,,,,,,,,,
DCY1713_565,6/20/2018,7/25/2024,DCY17,13,565,,POPTRE,4.9,5.8,1,-99,0,1,1,,,,,,,,,,,,,,,
DCY1713_566,6/20/2018,7/25/2024,DCY17,13,566,,POPTRE,3.9,5.2,1,-99,0,1,1,,,,,,,,,,,,,,,
DCY1713_567,6/20/2018,7/25/2024,DCY17,13,567,,POPTRE,4.6,6.3,1,-99,0,1,1,,,,,,,,,,,,,,,
DCY1713_568,6/20/2018,7/25/2024,DCY17,13,568,,POPTRE,3.6,4.7,1,-99,0,1,1,,,,,,,,,,,,,,,
DCY1713_569,6/20/2018,7/25/2024,DCY17,13,569,,POPTRE,4.6,6,1,-99,0,1,1,,,,,,,,,,,,,,,
DCY1713_570,6/20/2018,7/25/2024,DCY17,13,570,,POPTRE,4.3,5.2,1,-99,0,1,1,in plot14,,,,,,,,,,,,,,
DCY1713_571,6/20/2018,7/25/2024,DCY17,13,571,,POPTRE,3.1,4.6,1,-99,0,1,1,,,,,,,,,,,,,,,
DCY1713_572,6/20/2018,7/25/2024,DCY17,13,572,,POPTRE,3,3.2,1,-99,0,1,1,,,,,,,,,,,,,,,
DCY1713_573,6/20/2018,7/25/2024,DCY17,13,573,,POPTRE,3.2,4.5,1,-99,0,1,1,"575 is 3.6, 574 is 3",,,,,,,,,,,,,,
DCY1713_702,6/20/2018,7/25/2024,DCY17,13,702,,POPTRE,2.5,3.1,1,-99,0,1,1,,,,,,,,,,,,,,,
DCY1713_703,6/20/2018,7/25/2024,DCY17,13,703,,POPTRE,2.6,3.1,1,-99,0,1,1,,,,,,,,,,,,,,,
DCY1713_704,6/20/2018,7/25/2024,DCY17,13,704,,POPTRE,3.2,4.3,1,-99,0,1,1,,,,,,,,,,,,,,,
DCY1713_705,6/20/2018,7/25/2024,DCY17,13,705,,POPTRE,3.2,3.7,1,-99,0,1,1,,,,,,,,,,,,,,,
DCY1713_706,6/20/2018,7/25/2024,DCY17,13,706,,POPTRE,2.6,2.9,1,-99,0,1,1,,,,,,,,,,,,,,,
DCY1713_707,6/20/2018,7/25/2024,DCY17,13,707,,POPTRE,3.3,4.4,1,-99,1,1,1,,,,,,,,,,,,,,,
DCY1713_708,6/20/2018,7/25/2024,DCY17,13,708,,POPTRE,3,4.4,1,-99,0,1,1,,,,,,,,,,,,,,,
DCY1713_709,6/20/2018,7/25/2024,DCY17,13,709,,POPTRE,2.5,2.7,1,-99,0,1,1,,,,,,,,,,,,,,,
DCY1713_710,6/20/2018,7/25/2024,DCY17,13,710,,POPTRE,3.1,4.7,1,-99,0,1,1,,,,,,,,,,,,,,,
DCY1713_711,6/20/2018,7/25/2024,DCY17,13,711,,POPTRE,2.8,3,1,-99,1,1,1,"on the ground, still alive",,,,,,,,,,,,,,
DCY1713_712,6/20/2018,7/25/2024,DCY17,13,712,,POPTRE,2.6,3.5,1,-99,0,1,1,,,,,,,,,,,,,,,
DCY1713_713,6/20/2018,7/25/2024,DCY17,13,713,,POPTRE,2.5,3.5,1,-99,0,1,1,,,,,,,,,,,,,,,
DCY1713_1222,6/20/2018,7/25/2024,DCY17,13,1222,,POPTRE,2.6,3.5,1,-99,0,1,1,,,,,,,,,,,,,,,
DCY1713_1223,6/20/2018,7/25/2024,DCY17,13,1223,,POPTRE,3,3.8,1,-99,0,1,1,,,,,,,,,,,,,,,
DCY1713_1224,6/20/2018,7/25/2024,DCY17,13,1224,,POPTRE,2.8,3.7,1,-99,0,1,1,,,,,,,,,,,,,,,
DCY1713_1225,6/20/2018,7/25/2024,DCY17,13,1225,,POPTRE,2.5,2.8,1,-99,0,1,1,,,,,,,,,,,,,,,
DCY1713_1226,6/20/2018,7/25/2024,DCY17,13,1226,,POPTRE,2.5,2.9,1,-99,0,1,1,,,,,,,,,,,,,,,
DCY1713_1227,6/20/2018,7/25/2024,DCY17,13,1227,,POPTRE,2.5,3,1,-99,0,1,1,,,,,,,,,,,,,,,
DCY1713_1228,6/20/2018,7/25/2024,DCY17,13,1228,,POPTRE,2.5,3,1,-99,0,1,1,,,,,,,,,,,,,,,
DCY1713_1229,6/20/2018,7/25/2024,DCY17,13,1229,,POPTRE,2.6,3.3,1,-99,0,1,1,,,,,,,,,,,,,,,
DCY1713_1230,6/20/2018,7/25/2024,DCY17,13,1230,,POPTRE,3.2,3.4,1,-99,0,1,1,,,,,,,,,,,,,,,
DCY1713_1231,6/20/2018,7/25/2024,DCY17,13,1231,,POPTRE,2.5,3.8,1,-99,0,1,1,,,,,,,,,,,,,,,
DCY1713_1232,6/20/2018,7/25/2024,DCY17,13,1232,,POPTRE,3.2,4.8,1,-99,0,1,1,,,,,,,,,,,,,,,
DCY1713_1233,6/20/2018,7/25/2024,DCY17,13,1233,,POPTRE,3.2,3.8,1,-99,0,1,1,,,,,,,,,,,,,,,
DCY1713_1234,6/20/2018,7/25/2024,DCY17,13,1234,,POPTRE,3,4.2,1,-99,0,1,1,,,,,,,,,,,,,,,
DCY1713_1235,6/20/2018,7/25/2024,DCY17,13,1235,,POPTRE,3,3.7,1,-99,0,1,1,,,,,,,,,,,,,,,
DCY1713_2420,,7/25/2024,DCY17,13,2420,,POPTRE,,2.9,1,-99,0,1,1,,,,,,,,,,,,,,,
DCY1713_2421,,7/25/2024,DCY17,13,2421,,POPTRE,,2.5,1,-99,1,1,1,,,,,,,,,,,,,,,
DCY1713_2422,,7/25/2024,DCY17,13,2422,,POPTRE,,3,1,-99,0,1,1,,,,,,,,,,,,,,,
DCY1713_2423,,7/25/2024,DCY17,13,2423,,POPTRE,,2.6,1,-99,0,1,1,,,,,,,,,,,,,,,
DCY1713_2424,,7/25/2024,DCY17,13,2424,,POPTRE,,2.9,1,-99,0,0,1,,,,,,,,,,,,,,,
DCY1713_2425,,7/25/2024,DCY17,13,2425,,POPTRE,,3.3,1,-99,1,1,1,,,,,,,,,,,,,,,
DCY1713_2426,,7/25/2024,DCY17,13,2426,,POPTRE,,3.3,1,-99,0,1,1,,,,,,,,,,,,,,,
DCY1713_2427,,7/25/2024,DCY17,13,2427,,POPTRE,,3.5,1,-99,0,1,1,,,,,,,,,,,,,,,
DCY1713_2428,,7/25/2024,DCY17,13,2428,,POPTRE,,3.3,1,-99,0,1,1,,,,,,,,,,,,,,,
DCY1713_2429,,7/25/2024,DCY17,13,2429,,POPTRE,,4,1,-99,0,1,1,,,,,,,,,,,,,,,
DCY1713_2430,,7/25/2024,DCY17,13,2430,,POPTRE,,2.6,1,-99,1,1,1,,,,,,,,,,,,,,,
DCY1713_2431,,7/25/2024,DCY17,13,2431,,POPTRE,,3,1,-99,0,1,1,,,,,,,,,,,,,,,
DCY1713_2432,,7/25/2024,DCY17,13,2432,,POPTRE,,2.8,1,-99,0,1,1,,,,,,,,,,,,,,,
DCY1713_2433,,7/25/2024,DCY17,13,2433,,POPTRE,,2.6,1,-99,0,1,1,,,,,,,,,,,,,,,
DCY1713_2434,,7/25/2024,DCY17,13,2434,,POPTRE,,3.2,1,-99,0,1,1,,,,,,,,,,,,,,,
DCY1713_2435,,7/25/2024,DCY17,13,2435,,POPTRE,,2.5,1,-99,0,1,1,,,,,,,,,,,,,,,
DCY1713_2436,,7/25/2024,DCY17,13,2436,,POPTRE,,2.8,1,-99,0,1,1,,,,,,,,,,,,,,,
DCY1713_2437,,7/25/2024,DCY17,13,2437,,POPTRE,,2.7,1,-99,0,1,1,,,,,,,,,,,,,,,
DCY1713_2438,,7/25/2024,DCY17,13,2438,,POPTRE,,2.7,1,-99,0,1,1,,,,,,,,,,,,,,,
DCY1713_2439,,7/25/2024,DCY17,13,2439,,POPTRE,,2.9,1,-99,0,1,1,,,,,,,,,,,,,,,
DCY1713_2440,,7/25/2024,DCY17,13,2440,,POPTRE,,2.9,1,-99,0,1,1,,,,,,,,,,,,,,,
DCY1713_2441,,7/25/2024,DCY17,13,2441,,POPTRE,,3.3,1,-99,0,1,1,,,,,,,,,,,,,,,
DCY1713_2442,,7/25/2024,DCY17,13,2442,,POPTRE,,2.6,1,-99,0,1,1,,,,,,,,,,,,,,,
DCY1713_2443,,7/25/2024,DCY17,13,2443,,POPTRE,,2.6,1,-99,0,1,1,,,,,,,,,,,,,,,
DCY1713_2444,,7/25/2024,DCY17,13,2444,,POPTRE,,3.1,1,-99,0,1,1,,,,,,,,,,,,,,,
DCY1713_2445,,7/25/2024,DCY17,13,2445,,POPTRE,,2.6,1,-99,0,1,1,,,,,,,,,,,,,,,
DCY1713_2446,,7/25/2024,DCY17,13,2446,,POPTRE,,2.7,1,-99,0,1,1,,,,,,,,,,,,,,,
DCY1714_152,6/20/2018,6/26/2024,DCY17,14,152,,POPTRE,3.2,4.2,1,-99,0,1,1,,,,,,,,,,,,,,,
DCY1714_576,6/20/2018,6/26/2024,DCY17,14,576,,POPTRE,3.3,3.8,1,-99,0,1,1,,,,,,,,,,,,,,,
DCY1714_577,6/20/2018,6/26/2024,DCY17,14,577,,POPTRE,3.5,4.3,1,-99,0,1,1,,,,,,,,,,,,,,,
DCY1714_578,6/20/2018,6/26/2024,DCY17,14,578,,POPTRE,3.4,4.7,1,-99,0,1,1,scarred from wire,,,,,,,,,,,,,,
DCY1714_579,6/20/2018,6/26/2024,DCY17,14,579,,POPTRE,2.5,-8888,1,-99,0,1,1,cannot find,,,,,,,,,,,,,,
DCY1714_580,6/20/2018,6/26/2024,DCY17,14,580,,POPTRE,3.6,-8888,1,-99,0,1,1,cannot find,,,,,,,,,,,,,,
DCY1714_581,6/20/2018,6/26/2024,DCY17,14,581,,POPTRE,3.2,-8888,1,-99,0,1,1,cannot find,,,,,,,,,,,,,,
DCY1714_582,6/20/2018,6/26/2024,DCY17,14,582,,POPTRE,3.1,-8888,1,-99,0,1,1,cannot find,,,,,,,,,,,,,,
DCY1714_583,6/20/2018,6/26/2024,DCY17,14,583,,POPTRE,3.5,5.5,1,-99,0,1,1,,,,,,,,,,,,,,,
DCY1714_584,6/20/2018,6/26/2024,DCY17,14,584,,POPTRE,3.5,3.8,1,-99,1,1,1,,,,,,,,,,,,,,,
DCY1714_585,6/20/2018,6/26/2024,DCY17,14,585,,POPTRE,2.9,3.6,1,-99,1,1,1,,,,,,,,,,,,,,,
DCY1714_586,6/20/2018,6/26/2024,DCY17,14,586,,POPTRE,3.4,4,1,-99,0,1,1,,,,,,,,,,,,,,,
DCY1714_587,6/20/2018,6/26/2024,DCY17,14,587,,POPTRE,2.8,3.3,1,-99,0,1,1,,,,,,,,,,,,,,,
DCY1714_588,6/20/2018,6/26/2024,DCY17,14,588,,POPTRE,3.1,3.8,1,-99,0,1,1,girdled,,,,,,,,,,,,,,
DCY1714_589,6/20/2018,6/26/2024,DCY17,14,589,,POPTRE,3.8,4.5,1,-99,0,1,1,,,,,,,,,,,,,,,
DCY1714_590,6/20/2018,6/26/2024,DCY17,14,590,,POPTRE,4.5,6.6,1,-99,0,1,1,,,,,,,,,,,,,,,
DCY1714_591,6/20/2018,6/26/2024,DCY17,14,591,,POPTRE,4.5,5.4,1,-99,0,1,1,very girdled,,,,,,,,,,,,,,
DCY1714_592,6/20/2018,6/26/2024,DCY17,14,592,,POPTRE,2.7,-8888,1,-99,0,1,1,cannot find,,,,,,,,,,,,,,
DCY1714_593,6/20/2018,6/26/2024,DCY17,14,593,,POPTRE,4.9,6.7,1,-99,0,1,1,extreme girdle,,,,,,,,,,,,,,
DCY1714_594,6/20/2018,6/26/2024,DCY17,14,594,,POPTRE,3.8,4.4,1,-99,0,1,1,,,,,,,,,,,,,,,
DCY1714_595,6/20/2018,6/26/2024,DCY17,14,595,,POPTRE,3.4,4.5,1,-99,0,1,1,,,,,,,,,,,,,,,
DCY1714_596,6/20/2018,6/26/2024,DCY17,14,596,,POPTRE,3.5,4.4,1,-99,0,1,1,,,,Canker,,,,,,,,,,,
DCY1714_597,6/20/2018,6/26/2024,DCY17,14,597,,POPTRE,3.6,4.4,1,-99,0,1,1,Girdled,,,Canker,,,,,,,,,,,
DCY1714_598,6/20/2018,6/26/2024,DCY17,14,598,,POPTRE,3.9,4.8,1,-99,0,1,1,tag's backwards ,,,,,,,,,,,,,,
DCY1714_599,6/20/2018,6/26/2024,DCY17,14,599,,POPTRE,3.5,4,1,-99,0,1,1,,,,,,,,,,,,,,,
DCY1714_600,6/20/2018,6/26/2024,DCY17,14,600,,POPTRE,3,4.1,1,-99,0,1,1,,,,,,,,,,,,,,,
DCY1714_714,6/20/2018,6/26/2024,DCY17,14,714,,POPTRE,2.5,3.3,1,-99,0,1,1,,,,,,,,,,,,,,,
DCY1714_715,6/20/2018,6/26/2024,DCY17,14,715,,POPTRE,2.6,3,1,-99,0,1,1,"tangled with 516,17,18",,,,,,,,,,,,,,
DCY1714_716,6/20/2018,6/26/2024,DCY17,14,716,,POPTRE,2.5,3.2,1,-99,0,1,1,,,,,,,,,,,,,,,
DCY1714_717,6/20/2018,6/26/2024,DCY17,14,717,,POPTRE,2.5,3,1,-99,0,1,1,,,,,,,,,,,,,,,
DCY1714_718,6/20/2018,6/26/2024,DCY17,14,718,,POPTRE,2.6,3.2,1,-99,0,1,1,,,,,,,,,,,,,,,
DCY1714_719,6/20/2018,6/26/2024,DCY17,14,719,,POPTRE,2.6,-7777,1,-99,0,1,1,,,,,,,,,,,,,,,
DCY1714_720,6/20/2018,6/26/2024,DCY17,14,720,,POPTRE,2.9,-8888,1,-99,0,1,1,cannot find,,,,,,,,,,,,,,
DCY1714_721,6/20/2018,6/26/2024,DCY17,14,721,,POPTRE,3,3.9,1,-99,0,1,1,,,,,,,,,,,,,,,
DCY1714_722,6/20/2018,6/26/2024,DCY17,14,722,,POPTRE,2.7,3.5,1,-99,0,1,1,,,,,,,,,,,,,,,
DCY1714_723,6/20/2018,6/26/2024,DCY17,14,723,,POPTRE,2.6,3.1,1,-99,0,1,1,,,,canker,,,,,,,,,,,
DCY1714_724,6/20/2018,6/26/2024,DCY17,14,724,,POPTRE,2.7,3.3,1,-99,0,1,1,,,,,,,,,,,,,,,
DCY1714_725,6/20/2018,6/26/2024,DCY17,14,725,,POPTRE,2.5,3,1,-99,0,1,1,attached to 96 at base: 4.6 dbh,,,,,,,,,,,,,,
DCY1714_726,6/20/2018,6/26/2024,DCY17,14,726,,POPTRE,2.8,3.3,1,-99,1,1,1,,,,,,,,,,,,,,,
DCY1714_1236,6/20/2018,6/26/2024,DCY17,14,1236,,POPTRE,2.7,3.2,1,-99,0,1,1,,,,,,,,,,,,,,,
DCY1714_1237,6/20/2018,6/26/2024,DCY17,14,1237,,POPTRE,2.9,3.3,1,-99,0,1,1,,,,,,,,,,,,,,,
DCY1714_1238,6/20/2018,6/26/2024,DCY17,14,1238,,POPTRE,2.8,3.4,1,-99,0,1,1,,,,,,,,,,,,,,,
DCY1714_1239,6/20/2018,6/26/2024,DCY17,14,1239,,POPTRE,2.5,3.5,1,-99,0,1,1,,,,,,,,,,,,,,,
DCY1714_1240,6/20/2018,6/26/2024,DCY17,14,1240,,POPTRE,3.6,5.6,1,-99,0,1,1,,,,,,,,,,,,,,,
DCY1714_1241,6/20/2018,6/26/2024,DCY17,14,1241,,POPTRE,2.9,4.1,1,-99,0,1,1,,,,,,,,,,,,,,,
DCY1714_1242,6/20/2018,6/26/2024,DCY17,14,1242,,POPTRE,2.7,3,1,-99,0,1,1,,,,,,,,,,,,,,,
DCY1714_1243,6/20/2018,6/26/2024,DCY17,14,1243,,POPTRE,3.3,4.6,1,-99,0,1,1,Measured above lesion,,,,,,,,,,,,,,
DCY1714_1244,6/20/2018,6/26/2024,DCY17,14,1244,,POPTRE,2.6,2.9,1,-99,0,1,1,,,,,,,,,,,,,,,
DCY1714_1245,6/20/2018,6/26/2024,DCY17,14,1245,,POPTRE,2.8,3.1,1,-99,0,1,1,,,,,,,,,,,,,,,
DCY1714_1246,6/20/2018,6/26/2024,DCY17,14,1246,,POPTRE,3,3.3,1,-99,0,1,1,,,,,,,,,,,,,,,
DCY1714_1247,6/20/2018,6/26/2024,DCY17,14,1247,,POPTRE,2.8,3.4,1,-99,0,1,1,,,,,,,,,,,,,,,
DCY1714_1248,6/20/2018,6/26/2024,DCY17,14,1248,,POPTRE,2.9,3.5,1,-99,1,1,1,,,,,,,,,,,,,,,
DCY1714_2447,,6/26/2024,DCY17,14,2447,,POPTRE,,2.6,1,-99,0,1,1,,,,,,,,,,,,,,,
DCY1714_2448,,6/26/2024,DCY17,14,2448,,POPTRE,,3.1,1,-99,0,1,1,,,,,,,,,,,,,,,
DCY1714_2449,,6/26/2024,DCY17,14,2449,,POPTRE ,,2.6,1,-99,0,1,1,,,,,,,,,,,,,,,
DCY1714_2450,,6/26/2024,DCY17,14,2450,,POPTRE,,2.6,1,-99,0,1,1,,,,,,,,,,,,,,,
DCY1714_2451,,6/26/2024,DCY17,14,2451,,POPTRE,,2.9,1,-99,0,1,1,,,,,,,,,,,,,,,
DCY1714_2452,,6/26/2024,DCY17,14,2452,,POPTRE,,2.6,1,-99,0,1,1,,,,,,,,,,,,,,,
DCY1714_2453,,6/26/2024,DCY17,14,2453,,POPTRE,,3.1,1,-99,0,1,1,,,,,,,,,,,,,,,
DCY1714_2454,,6/26/2024,DCY17,14,2454,,POPTRE,,2.5,1,-99,0,1,1,,,,,,,,,,,,,,,
DCY1714_2455,,6/26/2024,DCY17,14,2455,,POPTRE ,,2.7,1,-99,0,1,1,,,,,,,,,,,,,,,
DCY1714_2456,,6/26/2024,DCY17,14,2456,,POPTRE,,2.5,1,-99,0,1,1,,,,,,,,,,,,,,,
DCY1714_2457,,6/26/2024,DCY17,14,2457,,POPTRE,,2.5,1,-99,0,1,1,,,,,,,,,,,,,,,
DCY1714_2458,,6/26/2024,DCY17,14,2458,,POPTRE,,2.5,1,-99,0,1,1,,,,,,,,,,,,,,,
DCY1714_2459,,6/26/2024,DCY17,14,2459,,POPTRE ,,2.5,1,-99,0,1,1,,,,,,,,,,,,,,,
DCY1714_2460,,6/26/2024,DCY17,14,2460,,POPTRE ,,3.1,1,-99,0,1,1,,,,,,,,,,,,,,,
DCY1714_2461,,6/26/2024,DCY17,14,2461,,POPTRE ,,2.6,1,-99,0,1,1,,,,,,,,,,,,,,,
DCY1714_2462,,6/26/2024,DCY17,14,2462,,POPTRE ,,3.5,1,-99,0,1,1,,,,,,,,,,,,,,,
DCY1714_2463,,6/26/2024,DCY17,14,2463,,POPTRE ,,2.7,1,-99,0,1,1,,,,,,,,,,,,,,,
DCY1714_2464,,6/26/2024,DCY17,14,2464,,POPTRE ,,3.2,1,-99,0,1,1,,,,,,,,,,,,,,,
DCY1714_2465,,6/26/2024,DCY17,14,2465,,POPTRE ,,2.9,1,-99,0,1,1,,,,canker,,,,,,,,,,,
DCY1714_2466,,6/26/2024,DCY17,14,2466,,POPTRE,,2.5,1,-99,0,1,1,,,,,,,,,,,,,,,
DCY1714_2467,,6/26/2024,DCY17,14,2467,,POPTRE ,,2.9,1,-99,0,1,1,,,,,,,,,,,,,,,
DCY1714_2468,,6/26/2024,DCY17,14,2468,,POPTRE ,,2.5,1,-99,0,1,1,,,,,,,,,,,,,,,
DCY1714_2469,,6/26/2024,DCY17,14,2469,,POPTRE ,,3.2,1,-99,0,1,1,,,,,,,,,,,,,,,
DCY1714_2470,,6/26/2024,DCY17,14,2470,,POPTRE ,,3.1,1,-99,0,1,1,,,,,,,,,,,,,,,
DCY1714_2471,,6/26/2024,DCY17,14,2471,,POPTRE ,,3.5,1,-99,0,1,1,,,,,,,,,,,,,,,
DCY1714_2472,,6/26/2024,DCY17,14,2472,,POPTRE ,,3.2,1,-99,0,1,1,,,,,,,,,,,,,,,
DCY1714_2473,,6/26/2024,DCY17,14,2473,,POPTRE ,,2.5,1,-99,0,1,1,,,,,,,,,,,,,,,
DCY1714_2474,,6/26/2024,DCY17,14,2474,,POPTRE ,,2.9,1,-99,0,1,1,,,,,,,,,,,,,,,
DCY1714_2475,,7/25/2024,DCY17,14,2475,,POPTRE ,,2.6,1,-99,0,1,1,,,,,,,,,,,,,,,
DCY31_121,6/19/2018,7/28/2024,DCY3,1,121,,POPTRE,4,6.1,1,-99,0,1,1,,,,,,,,,,,,,,,
DCY31_122,6/19/2018,7/28/2024,DCY3,1,122,,POPTRE,6.1,8.7,1,-99,0,1,1,girdled,,,,,,,,,,,,,,
DCY31_123,6/19/2018,7/28/2024,DCY3,1,123,,POPTRE,5.9,8.2,1,-99,0,1,1,Girdled,,,,,,,,,,,,,,
DCY31_124,6/19/2018,7/28/2024,DCY3,1,124,,POPTRE,6.4,9.5,1,-99,0,1,1,,,,,,,,,,,,,,,
DCY31_125,6/19/2018,7/28/2024,DCY3,1,125,,POPTRE,4,5.7,1,-99,0,1,1,,,,,,,,,,,,,,,
DCY31_126,6/19/2018,7/28/2024,DCY3,1,126,,POPTRE,4,5.5,1,-99,0,1,1,girdled,,,,,,,,,,,,,,
DCY31_127,6/19/2018,7/28/2024,DCY3,1,127,,POPTRE,3.8,5.1,1,-99,0,1,1,,,,,,,,,,,,,,,
DCY31_128,6/19/2018,7/28/2024,DCY3,1,128,,POPTRE,3.3,4.5,1,-99,0,1,1,,,,,,,,,,,,,,,
DCY31_129,6/19/2018,7/28/2024,DCY3,1,129,,POPTRE,3.5,4.7,1,-99,0,1,1,,,,,,,,,,,,,,,
DCY31_130,6/19/2018,7/28/2024,DCY3,1,130,,POPTRE,3.6,5.2,1,-99,0,1,1,,,,,,,,,,,,,,,
DCY31_131,6/19/2018,7/28/2024,DCY3,1,131,,POPTRE,3.3,4.4,1,-99,0,1,1,,,,,,,,,,,,,,,
DCY31_132,6/19/2018,7/28/2024,DCY3,1,132,,POPTRE,4.5,5.8,1,-99,0,1,1,,,,,,,,,,,,,,,
DCY31_133,6/19/2018,7/28/2024,DCY3,1,133,,POPTRE,4.8,6.5,1,-99,0,1,1,,,,,,,,,,,,,,,
DCY31_134,6/19/2018,7/28/2024,DCY3,1,134,,POPTRE,4.3,6.6,1,-99,0,1,1,girdled,,,,,,,,,,,,,,
DCY31_135,6/19/2018,7/28/2024,DCY3,1,135,,POPTRE,4.6,7.2,1,-99,0,1,1,,,,,,,,,,,,,,,
DCY31_136,6/19/2018,7/28/2024,DCY3,1,136,,POPTRE,3.4,4.4,1,-99,0,1,1,,,,,,,,,,,,,,,
DCY31_137,6/19/2018,7/28/2024,DCY3,1,137,,POPTRE,3.6,-8888,1,-99,0,1,1,,,,,,,,,,,,,,,
DCY31_138,6/19/2018,7/28/2024,DCY3,1,138,,POPTRE,3.7,4.9,1,-99,0,1,1,,,,,,,,,,,,,,,
DCY31_139,6/19/2018,7/28/2024,DCY3,1,139,,POPTRE,5,6,1,-99,0,1,1,,,,,,,,,,,,,,,
DCY31_140,6/19/2018,7/28/2024,DCY3,1,140,,POPTRE,4.3,5.6,1,-99,0,1,1,girdled,,,,,,,,,,,,,,
DCY31_141,6/19/2018,7/28/2024,DCY3,1,141,,POPTRE,3.1,4,1,-99,0,1,1,,,,,,,,,,,,,,,
DCY31_142,6/19/2018,7/28/2024,DCY3,1,142,,POPTRE,3.8,4.9,1,-99,0,1,1,,,,,,,,,,,,,,,
DCY31_143,6/19/2018,7/28/2024,DCY3,1,143,,POPTRE,3.8,5.1,1,-99,0,1,1,,,,,,,,,,,,,,,
DCY31_144,6/19/2018,7/28/2024,DCY3,1,144,,POPTRE,4.1,5.4,1,-99,0,1,1,,,,,,,,,,,,,,,
DCY31_145,6/19/2018,7/28/2024,DCY3,1,145,,POPTRE,4.3,6.5,1,-99,0,1,1,,,,,,,,,,,,,,,
DCY31_320,6/19/2018,7/28/2024,DCY3,1,320,,POPTRE,2.5,3.8,1,-99,0,1,1,out of plot,,,,,,,,,,,,,,
DCY31_321,6/19/2018,7/28/2024,DCY3,1,321,,POPTRE,2.8,4.8,1,-99,0,1,1,,,,,,,,,,,,,,,
DCY31_322,6/19/2018,7/28/2024,DCY3,1,322,,POPTRE,2.5,4.2,1,-99,0,1,1,,,,,,,,,,,,,,,
DCY31_323,6/19/2018,7/28/2024,DCY3,1,323,,POPTRE,2.8,3.9,1,-99,0,1,1,,,,,,,,,,,,,,,
DCY31_324,6/19/2018,7/28/2024,DCY3,1,324,,POPTRE,2.6,3.3,1,-99,0,1,1,,,,,,,,,,,,,,,
DCY31_325,6/19/2018,7/28/2024,DCY3,1,325,,POPTRE,2.9,3.9,1,-99,0,1,1,,,,,,,,,,,,,,,
DCY31_326,6/19/2018,7/28/2024,DCY3,1,326,,POPTRE,2.5,3.8,1,-99,0,1,1,,,,,,,,,,,,,,,
DCY31_327,6/19/2018,7/28/2024,DCY3,1,327,,POPTRE,2.5,3.4,1,-99,0,1,1,,,,,,,,,,,,,,,
DCY31_328,6/19/2018,7/28/2024,DCY3,1,328,,POPTRE,2.8,3.4,1,-99,0,1,1,,,,,,,,,,,,,,,
DCY31_329,6/19/2018,7/28/2024,DCY3,1,329,,POPTRE,2.5,4.1,1,-99,0,1,1,,,,,,,,,,,,,,,
DCY31_330,6/19/2018,7/28/2024,DCY3,1,330,,POPTRE,3.5,5,1,-99,0,1,1,,,,,,,,,,,,,,,
DCY31_331,6/19/2018,7/28/2024,DCY3,1,331,,POPTRE,3.1,4.1,1,-99,0,1,1,,,,,,,,,,,,,,,
DCY31_332,6/19/2018,7/28/2024,DCY3,1,332,,POPTRE,3,3.9,1,-99,0,1,1,,,,,,,,,,,,,,,
DCY31_333,6/19/2018,7/28/2024,DCY3,1,333,,POPTRE,3.3,4.4,1,-99,0,1,1,,,,,,,,,,,,,,,
DCY31_334,6/19/2018,7/28/2024,DCY3,1,334,,POPTRE,3.3,4.5,1,-99,0,1,1,,,,,,,,,,,,,,,
DCY31_335,6/19/2018,7/28/2024,DCY3,1,335,,POPTRE,2.7,3.7,1,-99,0,1,1,,,,,,,,,,,,,,,
DCY31_336,6/19/2018,7/28/2024,DCY3,1,336,,POPTRE,2.9,3.7,1,-99,0,1,1,,,,,,,,,,,,,,,
DCY31_337,6/19/2018,7/28/2024,DCY3,1,337,,POPTRE,3.1,4,1,-99,0,1,1,,,,,,,,,,,,,,,
DCY31_338,6/19/2018,7/28/2024,DCY3,1,338,,POPTRE,2.8,3.7,1,-99,0,1,1,,,,,,,,,,,,,,,
DCY31_339,6/19/2018,7/28/2024,DCY3,1,339,,POPTRE,3,3.9,1,-99,0,1,1,,,,,,,,,,,,,,,
DCY31_340,6/19/2018,7/28/2024,DCY3,1,340,,POPTRE,2.8,3.4,1,-99,0,1,1,,,,,,,,,,,,,,,
DCY31_341,6/19/2018,7/28/2024,DCY3,1,341,,POPTRE,2.8,3.8,1,-99,0,1,1,,,,,,,,,,,,,,,
DCY31_342,6/19/2018,7/28/2024,DCY3,1,342,,POPTRE,2.8,3.5,1,-99,0,1,1,,,,,,,,,,,,,,,
DCY31_343,6/19/2018,7/28/2024,DCY3,1,343,,POPTRE,3.1,4.1,1,-99,0,1,1,,,,,,,,,,,,,,,
DCY31_344,6/19/2018,7/28/2024,DCY3,1,344,,POPTRE,2.5,3.2,1,-99,0,1,1,,,,,,,,,,,,,,,
DCY31_345,6/19/2018,7/28/2024,DCY3,1,345,,POPTRE,3,3.8,1,-99,0,1,1,,,,,,,,,,,,,,,
DCY31_346,6/19/2018,7/28/2024,DCY3,1,346,,POPTRE,2.5,3,1,-99,0,1,1,,,,,,,,,,,,,,,
DCY31_348,6/19/2018,7/28/2024,DCY3,1,348,,POPTRE,2.8,3.6,1,-99,0,1,1,,,,,,,,,,,,,,,
DCY31_349,6/19/2018,7/28/2024,DCY3,1,349,,POPTRE,3.2,4.2,1,-99,0,1,1,,,,,,,,,,,,,,,
DCY31_624,6/19/2018,7/28/2024,DCY3,1,624,,POPTRE,2.5,3.2,1,-99,0,1,1,,,,,,,,,,,,,,,
DCY31_625,6/19/2018,7/28/2024,DCY3,1,625,,POPTRE,2.7,3.3,1,-99,0,1,1,in plot 2,,,,,,,,,,,,,,
DCY31_626,6/19/2018,7/28/2024,DCY3,1,626,,POPTRE,2.7,3.5,1,-99,0,1,1,,,,,,,,,,,,,,,
DCY31_627,6/19/2018,7/28/2024,DCY3,1,627,,POPTRE,2.5,3.2,1,-99,0,1,1,,,,,,,,,,,,,,,
DCY31_628,6/19/2018,7/28/2024,DCY3,1,628,,POPTRE,3,4.1,1,-99,0,1,1,,,,,,,,,,,,,,,
DCY31_629,6/19/2018,7/28/2024,DCY3,1,629,,POPTRE,2.6,3.2,1,-99,0,1,1,,,,,,,,,,,,,,,
DCY31_630,6/19/2018,7/28/2024,DCY3,1,630,,POPTRE,2.6,3.3,1,-99,0,1,1,,,,,,,,,,,,,,,
DCY31_631,6/19/2018,7/28/2024,DCY3,1,631,,POPTRE,2.9,3.5,1,-99,0,1,1,,,,,,,,,,,,,,,
DCY31_632,6/19/2018,7/28/2024,DCY3,1,632,,POPTRE,2.7,3.1,1,-99,0,1,1,,,,,,,,,,,,,,,
DCY31_633,6/19/2018,7/28/2024,DCY3,1,633,,POPTRE,2.8,3.7,1,-99,0,1,1,,,,,,,,,,,,,,,
DCY31_634,6/19/2018,7/28/2024,DCY3,1,634,,POPTRE,2.8,3.6,1,-99,0,1,1,,,,,,,,,,,,,,,
DCY31_635,6/19/2018,7/28/2024,DCY3,1,635,,POPTRE,2.9,3.7,1,-99,0,1,1,,,,,,,,,,,,,,,
DCY31_636,6/19/2018,7/28/2024,DCY3,1,636,,POPTRE,3.3,4.5,1,-99,0,1,1,,,,,,,,,,,,,,,
DCY31_637,6/19/2018,7/28/2024,DCY3,1,637,,POPTRE,2.8,3.5,1,-99,0,1,1,,,,,,,,,,,,,,,
DCY31_638,6/19/2018,7/28/2024,DCY3,1,638,,POPTRE,2.5,3.5,1,-99,0,1,1,,,,,,,,,,,,,,,
DCY31_2095,,7/28/2024,DCY3,1,2095,,POPTRE,,2.7,1,-99,0,1,1,,,,,,,,,,,,,,,
DCY31_2096,,7/28/2024,DCY3,1,2096,,POPTRE,,2.5,1,-99,0,1,1,,,,,,,,,,,,,,,
DCY31_2097,,7/28/2024,DCY3,1,2097,,POPTRE,,2.5,1,-99,0,1,1,,,,,,,,,,,,,,,
DCY31_2098,,7/28/2024,DCY3,1,2098,,POPTRE,,3,1,-99,0,1,1,,,,,,,,,,,,,,,
DCY31_2099,,7/28/2024,DCY3,1,2099,,POPTRE,,2.7,1,-99,0,1,1,,,,,,,,,,,,,,,
DCY31_2100,,7/28/2024,DCY3,1,2100,,POPTRE,,2.6,1,-99,0,1,1,,,,,,,,,,,,,,,
DCY31_2101,,7/28/2024,DCY3,1,2101,,POPTRE,,2.7,1,-99,0,1,1,,,,,,,,,,,,,,,
DCY31_2102,,7/28/2024,DCY3,1,2102,,POPTRE,,2.5,1,-99,0,1,1,,,,,,,,,,,,,,,
DCY31_2103,,7/28/2024,DCY3,1,2103,,POPTRE,,3,1,-99,0,1,1,,,,,,,,,,,,,,,
DCY31_2104,,7/28/2024,DCY3,1,2104,,POPTRE,,2.7,1,-99,0,1,1,,,,,,,,,,,,,,,
DCY31_2105,,7/28/2024,DCY3,1,2105,,POPTRE,,2.5,1,-99,0,1,1,,,,,,,,,,,,,,,
DCY31_2106,,7/28/2024,DCY3,1,2106,,POPTRE,,2.9,1,-99,0,1,1,,,,,,,,,,,,,,,
DCY31_2107,,7/28/2024,DCY3,1,2107,,POPTRE,,2.5,1,-99,0,1,1,,,,,,,,,,,,,,,
DCY31_2108,,7/28/2024,DCY3,1,2108,,POPTRE,,2.5,1,-99,0,1,1,,,,,,,,,,,,,,,
DCY31_2109,,7/28/2024,DCY3,1,2109,,POPTRE,,2.7,1,-99,0,1,1,,,,,,,,,,,,,,,
DCY31_2110,,7/28/2024,DCY3,1,2110,,POPTRE,,3,1,-99,0,1,1,,,,,,,,,,,,,,,
DCY31_2111,,7/28/2024,DCY3,1,2111,,POPTRE,,2.8,1,-99,0,1,1,,,,,,,,,,,,,,,
DCY31_2112,,7/28/2024,DCY3,1,2112,,POPTRE,,2.8,1,-99,0,1,1,,,,,,,,,,,,,,,
DCY31_2113,,7/28/2024,DCY3,1,2113,,POPTRE,,2.6,1,-99,0,1,1,,,,,,,,,,,,,,,
DCY31_2114,,7/28/2024,DCY3,1,2114,,POPTRE,,2.7,1,-99,0,1,1,,,,,,,,,,,,,,,
DCY31_2115,,7/28/2024,DCY3,1,2115,,POPTRE,,3.3,1,-99,0,1,1,,,,,,,,,,,,,,,
DCY31_2116,,7/28/2024,DCY3,1,2116,,POPTRE,,2.9,1,-99,0,1,1,,,,,,,,,,,,,,,
DCY31_2117,,7/28/2024,DCY3,1,2117,,POPTRE,,2.6,1,-99,0,1,1,,,,,,,,,,,,,,,
DCY31_2118,,7/28/2024,DCY3,1,2118,,POPTRE,,3.2,1,-99,0,1,1,,,,,,,,,,,,,,,
DCY31_2119,,7/28/2024,DCY3,1,2119,,POPTRE,,2.7,1,-99,0,1,1,,,,,,,,,,,,,,,
DCY31_2120,,7/28/2024,DCY3,1,2120,,POPTRE,,2.7,1,-99,0,1,1,,,,,,,,,,,,,,,
DCY31_2121,,7/28/2024,DCY3,1,2121,,POPTRE,,2.9,1,-99,0,1,1,,,,,,,,,,,,,,,
DCY31_2122,,7/28/2024,DCY3,1,2122,,POPTRE,,3,1,-99,0,1,1,,,,,,,,,,,,,,,
DCY31_2123,,7/28/2024,DCY3,1,2123,,POPTRE,,3,1,-99,0,1,1,,,,,,,,,,,,,,,
DCY31_2124,,7/28/2024,DCY3,1,2124,,POPTRE,,2.5,1,-99,0,1,1,,,,,,,,,,,,,,,
DCY32_146,6/19/2018,7/28/2024,DCY3,2,146,,POPTRE,3.8,5.3,1,-99,0,1,1,,,,,,,,,,,,,,,
DCY32_147,6/19/2018,7/28/2024,DCY3,2,147,,POPTRE,3.4,4.6,1,-99,0,1,1,,,,,,,,,,,,,,,
DCY32_148,6/19/2018,7/28/2024,DCY3,2,148,,POPTRE,3.4,4.8,1,-99,0,1,1,,,,,,,,,,,,,,,
DCY32_149,6/19/2018,7/28/2024,DCY3,2,149,,POPTRE,3.7,5.5,1,-99,0,1,1,,,,,,,,,,,,,,,
DCY32_350,6/19/2018,7/28/2024,DCY3,2,350,,POPTRE,2.6,3.5,1,-99,0,1,1,,,,,,,,,,,,,,,
DCY32_351,6/19/2018,7/28/2024,DCY3,2,351,,POPTRE,3.1,4.4,1,-99,0,1,1,,,,,,,,,,,,,,,
DCY32_352,6/19/2018,7/28/2024,DCY3,2,352,,POPTRE,3.5,4.6,1,-99,0,1,1,,,,,,,,,,,,,,,
DCY32_353,6/19/2018,7/28/2024,DCY3,2,353,,POPTRE,2.8,3.1,1,-99,0,1,1,,,,,,,,,,,,,,,
DCY32_354,6/19/2018,7/28/2024,DCY3,2,354,,POPTRE,2.5,3.6,1,-99,0,1,1,,,,,,,,,,,,,,,
DCY32_355,6/19/2018,7/28/2024,DCY3,2,355,,POPTRE,3,5,1,-99,0,1,1,,,,,,,,,,,,,,,
DCY32_356,6/19/2018,7/28/2024,DCY3,2,356,,POPTRE,3,4.2,1,-99,0,1,1,,,,,,,,,,,,,,,
DCY32_357,6/19/2018,7/28/2024,DCY3,2,357,,POPTRE,2.8,4.2,1,-99,0,1,1,,,,,,,,,,,,,,,
DCY32_358,6/19/2018,7/28/2024,DCY3,2,358,,POPTRE,2.5,3.7,1,-99,0,1,1,,,,,,,,,,,,,,,
DCY32_639,6/19/2018,7/28/2024,DCY3,2,639,,POPTRE,3,3.8,1,-99,0,1,1,,,,,,,,,,,,,,,
DCY32_640,6/19/2018,7/28/2024,DCY3,2,640,,POPTRE,2.5,3.3,1,-99,0,1,1,,,,,,,,,,,,,,,
DCY32_641,6/19/2018,7/28/2024,DCY3,2,641,,POPTRE,2.6,3.4,1,-99,0,1,1,,,,,,,,,,,,,,,
DCY32_642,6/19/2018,7/28/2024,DCY3,2,642,,POPTRE,2.9,3.6,1,-99,0,1,1,,,,,,,,,,,,,,,
DCY32_643,6/19/2018,7/28/2024,DCY3,2,643,,POPTRE,2.6,3.1,1,-99,0,1,1,,,,,,,,,,,,,,,
DCY32_644,6/19/2018,7/28/2024,DCY3,2,644,,POPTRE,2.9,4.7,1,-99,0,1,1,,,,,,,,,,,,,,,
DCY32_645,6/19/2018,7/28/2024,DCY3,2,645,,POPTRE,2.8,4.7,1,-99,0,1,1,,,,,,,,,,,,,,,
DCY32_646,6/19/2018,7/28/2024,DCY3,2,646,,POPTRE,2.6,4.9,1,-99,0,1,1,,,,,,,,,,,,,,,
DCY32_2057,,7/28/2024,DCY3,2,2057,,POPTRE,,2.9,1,-99,0,1,1,,,,,,,,,,,,,,,
DCY32_2058,,7/28/2024,DCY3,2,2058,,POPTRE,,2.9,1,-99,0,1,1,same base as 640,,,,,,,,,,,,,,
DCY32_2059,,7/28/2024,DCY3,2,2059,,POPTRE,,3.1,1,-99,0,1,1,,,,,,,,,,,,,,,
DCY32_2060,,7/28/2024,DCY3,2,2060,,POPTRE,,2.6,1,-99,0,1,1,,,,,,,,,,,,,,,
DCY32_2061,,7/28/2024,DCY3,2,2061,,POPTRE,,3.1,1,-99,0,1,1,,,,,,,,,,,,,,,
DCY32_2062,,7/28/2024,DCY3,2,2062,,POPTRE,,3.2,1,-99,0,1,1,,,,,,,,,,,,,,,
DCY32_2063,,7/28/2024,DCY3,2,2063,,POPTRE,,3,1,-99,0,1,1,,,,,,,,,,,,,,,
DCY32_2064,,7/28/2024,DCY3,2,2064,,POPTRE,,2.8,1,-99,0,1,1,,,,,,,,,,,,,,,
DCY32_2065,,7/28/2024,DCY3,2,2065,,POPTRE,,3.4,1,-99,0,1,1,,,,,,,,,,,,,,,
DCY32_2066,,7/28/2024,DCY3,2,2066,,POPTRE,,3.4,1,-99,0,1,1,,,,,,,,,,,,,,,
DCY32_2067,,7/28/2024,DCY3,2,2067,,POPTRE,,2.8,1,-99,0,1,1,,,,,,,,,,,,,,,
DCY32_2068,,7/28/2024,DCY3,2,2068,,POPTRE,,2.6,1,-99,0,1,1,,,,,,,,,,,,,,,
DCY32_2069,,7/28/2024,DCY3,2,2069,,POPTRE,,3,1,-99,0,1,1,,,,,,,,,,,,,,,
DCY32_2070,,7/28/2024,DCY3,2,2070,,POPTRE,,3.1,1,-99,0,1,1,,,,,,,,,,,,,,,
DCY32_2071,,7/28/2024,DCY3,2,2071,,POPTRE,,2.6,1,-99,0,1,1,,,,,,,,,,,,,,,
DCY32_2072,,7/28/2024,DCY3,2,2072,,POPTRE,,3.2,1,-99,0,1,1,,,,,,,,,,,,,,,
DCY32_2073,,7/28/2024,DCY3,2,2073,,POPTRE,,2.5,1,-99,0,1,1,,,,,,,,,,,,,,,
DCY32_2074,,7/28/2024,DCY3,2,2074,,POPTRE,,2.9,1,-99,0,1,1,,,,,,,,,,,,,,,
DCY32_2075,,7/28/2024,DCY3,2,2075,,POPTRE,,2.8,1,-99,0,1,1,,,,,,,,,,,,,,,
DCY32_2076,,7/28/2024,DCY3,2,2076,,POPTRE,,2.7,1,-99,0,1,1,,,,,,,,,,,,,,,
DCY32_2077,,7/28/2024,DCY3,2,2077,,POPTRE,,2.5,1,-99,0,1,1,,,,,,,,,,,,,,,
DCY32_2078,,7/28/2024,DCY3,2,2078,,POPTRE,,2.6,1,-99,0,1,1,,,,,,,,,,,,,,,
DCY32_2079,,7/28/2024,DCY3,2,2079,,POPTRE,,2.9,1,-99,0,1,1,,,,,,,,,,,,,,,
DCY32_2080,,7/28/2024,DCY3,2,2080,,POPTRE,,3.2,1,-99,0,1,1,,,,,,,,,,,,,,,
DCY32_2081,,7/28/2024,DCY3,2,2081,,POPTRE,,2.7,1,-99,0,1,1,,,,,,,,,,,,,,,
DCY32_2082,,7/28/2024,DCY3,2,2082,,POPTRE,,2.8,1,-99,0,1,1,,,,,,,,,,,,,,,
DCY32_2083,,7/28/2024,DCY3,2,2083,,POPTRE,,3.1,1,-99,0,1,1,,,,,,,,,,,,,,,
DCY32_2084,,7/28/2024,DCY3,2,2084,,POPTRE,,2.6,1,-99,0,1,1,,,,,,,,,,,,,,,
DCY32_2085,,7/28/2024,DCY3,2,2085,,POPTRE,,2.9,1,-99,0,1,1,,,,,,,,,,,,,,,
DCY32_2086,,7/28/2024,DCY3,2,2086,,POPTRE,,2.5,1,-99,0,1,1,,,,,,,,,,,,,,,
DCY32_2087,,7/28/2024,DCY3,2,2087,,POPTRE,,2.6,1,-99,0,1,1,,,,,,,,,,,,,,,
DCY32_2088,,7/28/2024,DCY3,2,2088,,POPTRE,,2.7,1,-99,0,1,1,,,,,,,,,,,,,,,
DCY32_2089,,7/28/2024,DCY3,2,2089,,POPTRE,,3.3,1,-99,0,1,1,,,,,,,,,,,,,,,
DCY32_2090,,7/28/2024,DCY3,2,2090,,POPTRE,,2.8,1,-99,0,1,1,,,,,,,,,,,,,,,
DCY32_2091,,7/28/2024,DCY3,2,2091,,POPTRE,,2.7,1,-99,0,1,1,,,,,,,,,,,,,,,
DCY32_2092,,7/28/2024,DCY3,2,2092,,POPTRE,,3,1,-99,0,1,1,,,,,,,,,,,,,,,
DCY32_2093,,7/28/2024,DCY3,2,2093,,POPTRE,,3,1,-99,0,1,1,,,,,,,,,,,,,,,
DCY32_2094,,7/28/2024,DCY3,2,2094,,POPTRE,,2.9,1,-99,0,1,1,,,,,,,,,,,,,,,
DCY33_2032,,7/28/2024,DCY3,3,2032,,POPTRE,,2.5,1,-99,0,1,1,,,,,,,,,,,,,,,
DCY33_2033,,7/28/2024,DCY3,3,2033,,POPTRE,,3.3,1,-99,0,1,1,,,,,,,,,,,,,,,
DCY33_2034,,7/28/2024,DCY3,3,2034,,POPTRE,,3.4,1,-99,0,1,1,,,,,,,,,,,,,,,
DCY33_2035,,7/28/2024,DCY3,3,2035,,POPTRE,,4.7,1,-99,0,1,1,,,,,,,,,,,,,,,
DCY33_2036,,7/28/2024,DCY3,3,2036,,POPTRE,,3.3,1,-99,0,1,1,,,,,,,,,,,,,,,
DCY33_2037,,7/28/2024,DCY3,3,2037,,POPTRE,,3.3,1,-99,0,1,1,,,,,,,,,,,,,,,
DCY33_2038,,7/28/2024,DCY3,3,2038,,POPTRE,,3.3,1,-99,0,1,1,,,,,,,,,,,,,,,
DCY33_2039,,7/28/2024,DCY3,3,2039,,POPTRE,,2.8,1,-99,0,1,1,,,,,,,,,,,,,,,
DCY33_2040,,7/28/2024,DCY3,3,2040,,POPTRE,,3,1,-99,0,1,1,,,,,,,,,,,,,,,
DCY33_2041,,7/28/2024,DCY3,3,2041,,POPTRE,,3.4,1,-99,0,1,1,,,,,,,,,,,,,,,
DCY33_2042,,7/28/2024,DCY3,3,2042,,POPTRE,,3.8,1,-99,0,1,1,,,,,,,,,,,,,,,
DCY33_2043,,7/28/2024,DCY3,3,2043,,POPTRE,,2.7,1,-99,0,1,1,,,,,,,,,,,,,,,
DCY33_2044,,7/28/2024,DCY3,3,2044,,POPTRE,,2.7,1,-99,0,1,1,,,,,,,,,,,,,,,
DCY33_2045,,7/28/2024,DCY3,3,2045,,POPTRE,,3.6,1,-99,0,1,1,,,,,,,,,,,,,,,
DCY33_2046,,7/28/2024,DCY3,3,2046,,POPTRE,,3.7,1,-99,0,1,1,,,,,,,,,,,,,,,
DCY33_2047,,7/28/2024,DCY3,3,2047,,POPTRE,,3.4,1,-99,0,1,1,,,,,,,,,,,,,,,
DCY33_2048,,7/28/2024,DCY3,3,2048,,BETNEO,,2.9,1,-99,0,1,1,,,,,,,,,,,,,,,
DCY33_2049,,7/28/2024,DCY3,3,2049,,POPTRE,,3.1,1,-99,0,1,1,,,,,,,,,,,,,,,
DCY33_2050,,7/28/2024,DCY3,3,2050,,POPTRE,,3,1,-99,0,1,1,,,,,,,,,,,,,,,
DCY33_2051,,7/28/2024,DCY3,3,2051,,POPTRE,,2.8,1,-99,0,1,1,,,,,,,,,,,,,,,
DCY33_2052,,7/28/2024,DCY3,3,2052,,POPTRE,,3.6,1,-99,0,1,1,,,,,,,,,,,,,,,
DCY33_2053,,7/28/2024,DCY3,3,2053,,POPTRE,,3.8,1,-99,0,1,1,,,,,,,,,,,,,,,
DCY33_2054,,7/28/2024,DCY3,3,2054,,POPTRE,,2.9,1,-99,0,1,1,,,,,,,,,,,,,,,
DCY33_2055,,7/28/2024,DCY3,3,2055,,POPTRE,,3.3,1,-99,0,1,1,,,,,,,,,,,,,,,
DCY33_2056,,7/28/2024,DCY3,3,2056,,POPTRE,,3,1,-99,0,1,1,,,,,,,,,,,,,,,
DCY34_150,6/19/2018,7/28/2024,DCY3,4,150,,POPTRE,5.1,8.3,1,-99,0,1,1,,,,,,,,,,,,,,,
DCY34_151,6/19/2018,7/28/2024,DCY3,4,151,,POPTRE,4.7,7.9,1,-99,0,1,1,,,,,,,,,,,,,,,
DCY34_359,6/19/2018,7/28/2024,DCY3,4,359,,POPTRE,2.7,4.7,1,-99,0,1,1,,,,,,,,,,,,,,,
DCY34_360,6/19/2018,7/28/2024,DCY3,4,360,,BETNEO,3.2,5.1,1,-99,0,1,1,,,,,,,,,,,,,,,
DCY34_361,6/19/2018,7/28/2024,DCY3,4,361,,POPTRE,3.7,6.1,1,-99,0,1,1,,,,,,,,,,,,,,,
DCY34_647,6/19/2018,7/28/2024,DCY3,4,647,,POPTRE,2.7,5.1,1,-99,0,1,1,,,,,,,,,,,,,,,
DCY34_648,6/19/2018,7/28/2024,DCY3,4,648,,POPTRE,2.5,4.9,1,-99,0,1,1,,,,,,,,,,,,,,,
DCY34_649,6/19/2018,7/28/2024,DCY3,4,649,,POPTRE,3.8,5.6,1,-99,0,1,1,,,,,,,,,,,,,,,
DCY34_650,6/19/2018,7/28/2024,DCY3,4,650,,POPTRE,3,5,1,-99,0,1,1,,,,,,,,,,,,,,,
DCY34_651,6/19/2018,7/28/2024,DCY3,4,651,,POPTRE,2.5,4.4,1,-99,0,1,1,,,,,,,,,,,,,,,
DCY34_652,6/19/2018,7/28/2024,DCY3,4,652,,POPTRE,2.8,4.8,1,-99,0,1,1,,,,,,,,,,,,,,,
DCY34_653,6/19/2018,7/28/2024,DCY3,4,653,,POPTRE,2.7,4.6,1,-99,0,1,1,,,,,,,,,,,,,,,
DCY34_654,6/19/2018,7/28/2024,DCY3,4,654,,POPTRE,2.6,4.8,1,-99,0,1,1,,,,,,,,,,,,,,,
DCY34_2001,,7/28/2024,DCY3,4,2001,,POPTRE,,2.9,1,-99,0,1,1,,,,,,,,,,,,,,,
DCY34_2002,,7/28/2024,DCY3,4,2002,,POPTRE,,3.6,1,-99,0,1,1,,,,,,,,,,,,,,,
DCY34_2003,,7/28/2024,DCY3,4,2003,,POPTRE,,2.7,1,-99,0,1,1,,,,,,,,,,,,,,,
DCY34_2004,,7/28/2024,DCY3,4,2004,,POPTRE,,2.9,1,-99,0,1,1,,,,,,,,,,,,,,,
DCY34_2005,,7/28/2024,DCY3,4,2005,,POPTRE,,3.1,1,-99,0,1,1,,,,,,,,,,,,,,,
DCY34_2006,,7/28/2024,DCY3,4,2006,,POPTRE,,3.2,1,-99,0,1,1,,,,,,,,,,,,,,,
DCY34_2007,,7/28/2024,DCY3,4,2007,,POPTRE,,4.2,1,-99,0,1,1,,,,,,,,,,,,,,,
DCY34_2008,,7/28/2024,DCY3,4,2008,,POPTRE,,3.1,1,-99,0,1,1,,,,,,,,,,,,,,,
DCY34_2009,,7/28/2024,DCY3,4,2009,,POPTRE,,3.1,1,-99,0,1,1,growing into another tree,,,,,,,,,,,,,,
DCY34_2010,,7/28/2024,DCY3,4,2010,,POPTRE,,2.7,1,-99,0,1,1,,,,,,,,,,,,,,,
DCY34_2011,,7/28/2024,DCY3,4,2011,,POPTRE,,3.9,1,-99,0,1,1,,,,,,,,,,,,,,,
DCY34_2012,,7/28/2024,DCY3,4,2012,,POPTRE,,3.3,1,-99,0,1,1,,,,,,,,,,,,,,,
DCY34_2013,,7/28/2024,DCY3,4,2013,,POPTRE,,3.2,1,-99,0,1,1,,,,,,,,,,,,,,,
DCY34_2014,,7/28/2024,DCY3,4,2014,,POPTRE,,3.3,1,-99,0,1,1,,,,,,,,,,,,,,,
DCY34_2015,,7/28/2024,DCY3,4,2015,,POPTRE,,3.8,1,-99,0,1,1,,,,,,,,,,,,,,,
DCY34_2016,,7/28/2024,DCY3,4,2016,,POPTRE,,2.7,1,-99,0,1,1,,,,,,,,,,,,,,,
DCY34_2017,,7/28/2024,DCY3,4,2017,,POPTRE,,3.1,1,-99,0,1,1,,,,,,,,,,,,,,,
DCY34_2018,,7/28/2024,DCY3,4,2018,,POPTRE,,2.9,1,-99,0,1,1,,,,,,,,,,,,,,,
DCY34_2019,,7/28/2024,DCY3,4,2019,,POPTRE,,3.8,1,-99,0,1,1,,,,,,,,,,,,,,,
DCY34_2020,,7/28/2024,DCY3,4,2020,,POPTRE ,,3.3,1,-99,0,1,1,,,,,,,,,,,,,,,
DCY34_2021,,7/28/2024,DCY3,4,2021,,POPTRE,,3.4,1,-99,0,1,1,,,,,,,,,,,,,,,
DCY34_2022,,7/28/2024,DCY3,4,2022,,POPTRE,,3.9,1,-99,0,1,1,,,,,,,,,,,,,,,
DCY34_2023,,7/28/2024,DCY3,4,2023,,POPTRE,,3.1,1,-99,0,1,1,,,,,,,,,,,,,,,
DCY34_2024,,7/28/2024,DCY3,4,2024,,POPTRE,,3.4,1,-99,0,1,1,,,,,,,,,,,,,,,
DCY34_2025,,7/28/2024,DCY3,4,2025,,POPTRE,,3.3,1,-99,0,1,1,,,,,,,,,,,,,,,
DCY34_2026,,7/28/2024,DCY3,4,2026,,POPTRE,,3.3,1,-99,0,1,1,,,,,,,,,,,,,,,
DCY34_2027,,7/28/2024,DCY3,4,2027,,POPTRE,,3.4,1,-99,0,1,1,,,,,,,,,,,,,,,
DCY34_2028,,7/28/2024,DCY3,4,2028,,POPTRE,,2.7,1,-99,0,1,1,,,,,,,,,,,,,,,
DCY34_2029,,7/28/2024,DCY3,4,2029,,POPTRE,,3.9,1,-99,0,1,1,,,,,,,,,,,,,,,
DCY34_2031,,7/28/2024,DCY3,4,2031,,POPTRE,,2.5,1,-99,0,1,1,,,,,,,,,,,,,,,
DCY34_2039,,7/28/2024,DCY3,4,2039,,POPTRE,,3.8,1,-99,0,1,1,,,,,,,,,,,,,,,
DCY34_2791,,7/28/2024,DCY3,4,2791,,POPTRE,,3.7,1,-99,0,1,1,,,,,,,,,,,,,,,
DCY34_2792,,7/28/2024,DCY3,4,2792,,POPTRE ,,4,1,-99,0,1,1,,,,,,,,,,,,,,,
DCY34_2793,,7/28/2024,DCY3,4,2793,,POPTRE ,,3,1,-99,0,1,1,,,,,,,,,,,,,,,
DCY34_2794,,7/28/2024,DCY3,4,2794,,POPTRE ,,28,1,-99,0,1,1,,,,,,,,,,,,,,,
DCY34_2795,,7/28/2024,DCY3,4,2795,,POPTRE,,2.9,1,-99,0,1,1,,,,,,,,,,,,,,,
DCY34_2796,,7/28/2024,DCY3,4,2796,,POPTRE ,,2.6,1,-99,0,1,1,,,,,,,,,,,,,,,
DCY34_2797,,7/28/2024,DCY3,4,2797,,POPTRE,,3.4,1,-99,0,1,1,,,,,,,,,,,,,,,
DCY34_2798,,7/28/2024,DCY3,4,2798,,POPTRE,,3.7,1,-99,0,1,1,,,,,,,,,,,,,,,
DCY34_2799,,7/28/2024,DCY3,4,2799,,POPTRE,,3.6,1,-99,0,1,1,,,,,,,,,,,,,,,
DCY34_2800,,7/28/2024,DCY3,4,2800,,POPTRE,,3,1,-99,0,1,1,,,,,,,,,,,,,,,
DCY36_655,6/19/2018,7/28/2024,DCY3,6,655,,POPTRE,2.5,4.6,1,-99,0,1,1,,,,,,,,,,,,,,,
DCY36_656,6/19/2018,7/28/2024,DCY3,6,656,,POPTRE,3.4,5.1,1,-99,0,1,1,,,,,,,,,,,,,,,
DCY36_2759,,7/28/2024,DCY3,6,2759,,POPTRE,,2.8,1,-99,0,1,1,,,,,,,,,,,,,,,
DCY36_2760,,7/28/2024,DCY3,6,2760,,POPTRE,,4.2,1,-99,0,1,1,,,,,,,,,,,,,,,
DCY36_2761,,7/28/2024,DCY3,6,2761,,POPTRE,,3.3,1,-99,0,1,1,,,,,,,,,,,,,,,
DCY36_2762,,7/28/2024,DCY3,6,2762,,POPTRE,,4.5,1,-99,0,1,1,,,,,,,,,,,,,,,
DCY36_2763,,7/28/2024,DCY3,6,2763,,POPTRE,,3.2,1,-99,0,1,1,,,,,,,,,,,,,,,
DCY36_2764,,7/28/2024,DCY3,6,2764,,POPTRE,,2.5,1,-99,0,1,1,,,,,,,,,,,,,,,
DCY36_2765,,7/28/2024,DCY3,6,2765,,POPTRE,,2.6,1,-99,0,1,1,,,,,,,,,,,,,,,
DCY36_2766,,7/28/2024,DCY3,6,2766,,POPTRE,,4.1,1,-99,0,1,1,,,,,,,,,,,,,,,
DCY36_2767,,7/28/2024,DCY3,6,2767,,POPTRE,,2.9,1,-99,0,1,1,,,,,,,,,,,,,,,
DCY36_2768,,7/28/2024,DCY3,6,2768,,POPTRE,,3.6,1,-99,0,1,1,,,,,,,,,,,,,,,
DCY36_2769,,7/28/2024,DCY3,6,2769,,POPTRE,,4.6,1,-99,0,1,1,,,,,,,,,,,,,,,
DCY36_2770,,7/28/2024,DCY3,6,2770,,POPTRE,,3.4,1,-99,0,1,1,,,,,,,,,,,,,,,
DCY36_2771,,7/28/2024,DCY3,6,2771,,POPTRE,,5,1,-99,0,1,1,,,,,,,,,,,,,,,
DCY36_2772,,7/28/2024,DCY3,6,2772,,POPTRE,,3.3,1,-99,0,1,1,,,,,,,,,,,,,,,
DCY36_2773,,7/28/2024,DCY3,6,2773,,POPTRE,,4.2,1,-99,0,1,1,,,,,,,,,,,,,,,
DCY36_2774,,7/28/2024,DCY3,6,2774,,POPTRE,,2.6,1,-99,0,1,1,,,,,,,,,,,,,,,
DCY36_2775,,7/28/2024,DCY3,6,2775,,POPTRE,,3.2,1,-99,0,1,1,,,,,,,,,,,,,,,
DCY36_2776,,7/28/2024,DCY3,6,2776,,POPTRE,,4.3,1,-99,0,1,1,,,,,,,,,,,,,,,
DCY36_2777,,7/28/2024,DCY3,6,2777,,POPTRE,,3.7,1,-99,0,1,1,,,,,,,,,,,,,,,
DCY36_2778,,7/28/2024,DCY3,6,2778,,POPTRE,,2.9,1,-99,0,1,1,,,,,,,,,,,,,,,
DCY36_2779,,7/28/2024,DCY3,6,2779,,POPTRE,,3.4,1,-99,0,1,1,,,,,,,,,,,,,,,
DCY36_2780,,7/28/2024,DCY3,6,2780,,POPTRE,,2.5,1,-99,0,1,1,,,,,,,,,,,,,,,
DCY36_2781,,7/28/2024,DCY3,6,2781,,BETNEO,,2.8,1,-99,0,1,1,,,,,,,,,,,,,,,
DCY36_2782,,7/28/2024,DCY3,6,2782,,POPTRE,,2.5,1,-99,0,1,1,,,,,,,,,,,,,,,
DCY36_2783,,7/28/2024,DCY3,6,2783,,POPTRE,,3.8,1,-99,0,1,1,,,,,,,,,,,,,,,
DCY36_2784,,7/28/2024,DCY3,6,2784,,POPTRE,,3.2,1,-99,0,1,1,,,,,,,,,,,,,,,
DCY36_2785,,7/28/2024,DCY3,6,2785,,POPTRE,,3.6,1,-99,0,1,1,,,,,,,,,,,,,,,
DCY36_2786,,7/28/2024,DCY3,6,2786,,POPTRE ,,2.5,1,-99,0,1,1,,,,,,,,,,,,,,,
DCY36_2787,,7/28/2024,DCY3,6,2787,,POPTRE,,3,1,-99,0,1,1,,,,,,,,,,,,,,,
DCY36_2788,,7/28/2024,DCY3,6,2788,,POPTRE ,,2.5,1,-99,0,1,1,,,,,,,,,,,,,,,
DCY36_2789,,7/28/2024,DCY3,6,2789,,POPTRE ,,3.1,1,-99,0,1,1,,,,,,,,,,,,,,,
DCY36_2790,,7/28/2024,DCY3,6,2790,,POPTRE ,,3.4,1,-99,0,1,1,,,,,,,,,,,,,,,
DCY37_2750,,7/28/2024,DCY3,7,2750,,POPTRE,,3.9,1,-99,0,1,1,,,,,,,,,,,,,,,
DCY37_2751,,7/28/2024,DCY3,7,2751,,POPTRE,,3.1,1,-99,0,1,1,,,,,,,,,,,,,,,
DCY37_2752,,7/28/2024,DCY3,7,2752,,POPTRE,,3,1,-99,0,1,1,,,,,,,,,,,,,,,
DCY37_2753,,7/28/2024,DCY3,7,2753,,POPTRE,,2.7,1,-99,0,1,1,,,,,,,,,,,,,,,
DCY37_2754,,7/28/2024,DCY3,7,2754,,POPTRE,,2.9,1,-99,0,1,1,,,,,,,,,,,,,,,
DCY37_2755,,7/28/2024,DCY3,7,2755,,POPTRE,,3.1,1,-99,0,1,1,,,,,,,,,,,,,,,
DCY37_2756,,7/28/2024,DCY3,7,2756,,POPTRE,,2.8,1,-99,0,1,1,,,,,,,,,,,,,,,
DCY37_2757,,7/28/2024,DCY3,7,2757,,BETNEO,,2.5,1,-99,0,1,1,,,,,,,,,,,,,,,
DCY37_2758,,7/28/2024,DCY3,7,2758,,POPTRE,,2.5,1,-99,0,1,1,,,,,,,,,,,,,,,
DCY38_153,6/19/2018,7/27/2024,DCY3,8,153,,POPTRE,5,7.4,1,-99,0,1,1,,,,,,,,,,,,,,,
DCY38_362,6/19/2018,7/27/2024,DCY3,8,362,,POPTRE,3.1,4.8,1,-99,0,1,1,,,,,,,,,,,,,,,
DCY38_657,6/19/2018,7/27/2024,DCY3,8,657,,POPTRE,3.5,5.2,1,-99,0,1,1,,,,,,,,,,,,,,,
DCY38_2744,,7/27/2024,DCY3,8,2744,,POPTRE,,4.5,1,-99,0,1,1,,,,,,,,,,,,,,,
DCY38_2745,,7/27/2024,DCY3,8,2745,,POPTRE,,2.6,1,-99,0,1,1,,,,,,,,,,,,,,,
DCY38_2746,,7/27/2024,DCY3,8,2746,,POPTRE,,2.6,1,-99,0,1,1,,,,,,,,,,,,,,,
DCY38_2747,,7/27/2024,DCY3,8,2747,,POPTRE,,2.5,1,-99,0,1,1,,,,,,,,,,,,,,,
DCY38_2748,,7/27/2024,DCY3,8,2748,,POPTRE,,2.8,1,-99,0,1,1,,,,,,,,,,,,,,,
DCY38_2749,,7/27/2024,DCY3,8,2749,,POPTRE,,3,1,-99,0,1,1,,,,,,,,,,,,,,,
DCY39_154,6/19/2018,7/27/2024,DCY3,9,154,,POPTRE,3.8,4.8,1,-99,0,1,1,,,,,,,,,,,,,,,
DCY39_155,6/19/2018,7/27/2024,DCY3,9,155,,POPTRE,3.7,5,1,-99,0,1,1,,,,,,,,,,,,,,,
DCY39_156,6/19/2018,7/27/2024,DCY3,9,156,,POPTRE,3.8,5.3,1,-99,0,1,1,,,,,,,,,,,,,,,
DCY39_157,6/19/2018,7/27/2024,DCY3,9,157,,POPTRE,3.6,4.6,1,-99,0,1,1,,,,,,,,,,,,,,,
DCY39_158,6/19/2018,7/27/2024,DCY3,9,158,,POPTRE,3.8,5.4,1,-99,0,1,1,,,,,,,,,,,,,,,
DCY39_159,6/19/2018,7/27/2024,DCY3,9,159,,POPTRE,3.8,5.4,1,-99,0,1,1,,,,,,,,,,,,,,,
DCY39_160,6/19/2018,7/27/2024,DCY3,9,160,,POPTRE,7,9.1,1,-99,0,1,1,,,,,,,,,,,,,,,
DCY39_161,6/19/2018,7/27/2024,DCY3,9,161,,POPTRE,5.1,8.1,1,-99,0,1,1,,,,,,,,,,,,,,,
DCY39_162,6/19/2018,7/27/2024,DCY3,9,162,,POPTRE,4.5,6.2,1,-99,0,1,1,,,,,,,,,,,,,,,
DCY39_163,6/19/2018,7/27/2024,DCY3,9,163,,POPTRE,3.9,4.5,1,-99,0,1,1,,,,,,,,,,,,,,,
DCY39_363,6/19/2018,7/27/2024,DCY3,9,363,,POPTRE,2.7,3.9,1,-99,0,1,1,,,,,,,,,,,,,,,
DCY39_364,6/19/2018,7/27/2024,DCY3,9,364,,POPTRE,2.6,3.9,1,-99,0,1,1,,,,,,,,,,,,,,,
DCY39_365,6/19/2018,7/27/2024,DCY3,9,365,,POPTRE,3.2,5.9,1,-99,0,1,1,,,,,,,,,,,,,,,
DCY39_366,6/19/2018,7/27/2024,DCY3,9,366,,POPTRE,2.6,3.2,1,-99,0,1,1,,,,,,,,,,,,,,,
DCY39_367,6/19/2018,7/27/2024,DCY3,9,367,,POPTRE,3.3,4.4,1,-99,0,1,1,,,,,,,,,,,,,,,
DCY39_368,6/19/2018,7/27/2024,DCY3,9,368,,POPTRE,3.2,4.5,1,-99,0,1,1,,,,,,,,,,,,,,,
DCY39_369,6/19/2018,7/27/2024,DCY3,9,369,,POPTRE,2.5,3.2,1,-99,0,1,1,,,,,,,,,,,,,,,
DCY39_370,6/19/2018,7/27/2024,DCY3,9,370,,POPTRE,2.8,3.9,1,-99,0,1,1,,,,,,,,,,,,,,,
DCY39_658,6/19/2018,7/27/2024,DCY3,9,658,,POPTRE,2.8,3.5,1,-99,0,1,1,,,,,,,,,,,,,,,
DCY39_659,6/19/2018,7/27/2024,DCY3,9,659,,POPTRE,2.9,3.6,1,-99,0,1,1,,,,,,,,,,,,,,,
DCY39_660,6/19/2018,7/27/2024,DCY3,9,660,,POPTRE,2.6,3,1,-99,0,1,1,,,,,,,,,,,,,,,
DCY39_661,6/19/2018,7/27/2024,DCY3,9,661,,POPTRE,3,3.5,1,-99,0,1,1,,,,,,,,,,,,,,,
DCY39_662,6/19/2018,7/27/2024,DCY3,9,662,,POPTRE,2.9,3.5,1,-99,0,1,1,,,,,,,,,,,,,,,
DCY39_663,6/19/2018,7/27/2024,DCY3,9,663,,POPTRE,2.8,3.4,1,-99,0,1,1,,,,,,,,,,,,,,,
DCY39_664,6/19/2018,7/27/2024,DCY3,9,664,,POPTRE,3.1,3.7,1,-99,0,1,1,,,,,,,,,,,,,,,
DCY39_665,6/19/2018,7/27/2024,DCY3,9,665,,POPTRE,4.1,5.9,1,-99,0,1,1,,,,,,,,,,,,,,,
DCY39_666,6/19/2018,7/27/2024,DCY3,9,666,,POPTRE,2.8,4.2,1,-99,0,1,1,,,,,,,,,,,,,,,
DCY39_667,6/19/2018,7/27/2024,DCY3,9,667,,POPTRE,2.8,4.4,1,-99,0,1,1,,,,,,,,,,,,,,,
DCY39_2732,,7/27/2024,DCY3,9,2732,,POPTRE,,2.7,1,-99,0,1,1,,,,,,,,,,,,,,,
DCY39_2733,,7/27/2024,DCY3,9,2733,,POPTRE,,2.6,1,-99,0,1,1,,,,,,,,,,,,,,,
DCY39_2734,,7/27/2024,DCY3,9,2734,,POPTRE,,2.7,1,-99,0,1,1,,,,,,,,,,,,,,,
DCY39_2735,,7/27/2024,DCY3,9,2735,,POPTRE,,2.5,1,-99,0,1,1,,,,,,,,,,,,,,,
DCY39_2736,,7/27/2024,DCY3,9,2736,,POPTRE,,3.2,1,-99,0,1,1,,,,,,,,,,,,,,,
DCY39_2737,,7/27/2024,DCY3,9,2737,,POPTRE,,3.3,1,-99,0,1,1,,,,,,,,,,,,,,,
DCY39_2738,,7/27/2024,DCY3,9,2738,,POPTRE,,2.6,1,-99,0,1,1,,,,,,,,,,,,,,,
DCY39_2739,,7/27/2024,DCY3,9,2739,,POPTRE,,2.9,1,-99,0,1,1,,,,,,,,,,,,,,,
DCY39_2740,,7/27/2024,DCY3,9,2740,,POPTRE,,2.7,1,-99,0,1,1,,,,,,,,,,,,,,,
DCY39_2741,,7/27/2024,DCY3,9,2741,,POPTRE,,3,1,-99,0,1,1,,,,,,,,,,,,,,,
DCY39_2742,,7/27/2024,DCY3,9,2742,,POPTRE,,2.5,1,-99,0,1,1,,,,,,,,,,,,,,,
DCY39_2743,,7/27/2024,DCY3,9,2743,,POPBAL,,2.6,1,-99,0,1,1,,,,,,,,,,,,,,,
DCY311_164,6/19/2018,7/27/2024,DCY3,11,164,,POPBAL,3.7,5,1,-99,0,1,1,,,,,,,,,,,,,,,
DCY311_2730,,7/27/2024,DCY3,11,2730,,POPTRE ,,3.2,1,-99,0,1,1,,,,,,,,,,,,,,,
DCY311_2731,,7/27/2024,DCY3,11,2731,,POPTRE ,,2.6,1,-99,0,1,1,,,,,,,,,,,,,,,
DCY312_371,6/19/2018,7/27/2024,DCY3,12,371,,POPBAL,3,4,1,-99,0,1,1,,,,,,,,,,,,,,,
DCY312_2718,,7/27/2024,DCY3,12,2718,,POPBAL,,2.6,1,-99,0,1,1,,,,,,,,,,,,,,,
DCY312_2719,,7/27/2024,DCY3,12,2719,,POPBAL,,2.8,1,-99,0,1,1,,,,,,,,,,,,,,,
DCY312_2720,,7/27/2024,DCY3,12,2720,,POPBAL,,3.2,1,-99,0,1,1,,,,,,,,,,,,,,,
DCY312_2721,,7/27/2024,DCY3,12,2721,,POPBAL,,3.2,1,-99,0,1,1,,,,,,,,,,,,,,,
DCY312_2722,,7/27/2024,DCY3,12,2722,,POPBAL,,2.7,1,-99,0,1,1,,,,,,,,,,,,,,,
DCY312_2723,,7/27/2024,DCY3,12,2723,,POPTRE,,2.7,1,-99,0,1,1,,,,,,,,,,,,,,,
DCY312_2724,,7/27/2024,DCY3,12,2724,,POPTRE,,3.2,1,-99,0,1,1,,,,,,,,,,,,,,,
DCY312_2725,,7/27/2024,DCY3,12,2725,,POPTRE,,2.9,1,-99,0,1,1,,,,,,,,,,,,,,,
DCY312_2726,,7/27/2024,DCY3,12,2726,,POPTRE,,2.9,1,-99,0,1,1,,,,,,,,,,,,,,,
DCY312_2727,,7/27/2024,DCY3,12,2727,,POPTRE,,2.5,1,-99,0,1,1,,,,,,,,,,,,,,,
DCY312_2728,,7/27/2024,DCY3,12,2728,,POPTRE,,3.6,1,-99,0,1,1,,,,,,,,,,,,,,,
DCY312_2729,,7/27/2024,DCY3,12,2729,,POPTRE,,2.5,1,-99,0,1,1,,,,,,,,,,,,,,,
DCY313_2711,,7/27/2024,DCY3,13,2711,,POPTRE,,2.8,1,-99,0,1,1,,,,,,,,,,,,,,,
DCY313_2712,,7/27/2024,DCY3,13,2712,,POPTRE,,3.7,1,-99,0,1,1,,,,,,,,,,,,,,,
DCY313_2713,,7/27/2024,DCY3,13,2713,,POPTRE,,4.1,1,-99,0,1,1,,,,,,,,,,,,,,,
DCY313_2714,,7/27/2024,DCY3,13,2714,,POPTRE,,2.9,1,-99,0,1,1,,,,,,,,,,,,,,,
DCY313_2715,,7/27/2024,DCY3,13,2715,,POPTRE,,2.5,1,-99,0,1,1,,,,,,,,,,,,,,,
DCY313_2716,,7/27/2024,DCY3,13,2716,,POPTRE,,2.7,1,-99,0,1,1,,,,,,,,,,,,,,,
DCY313_2717,,7/27/2024,DCY3,13,2717,,POPTRE,,2.7,1,-99,0,1,1,,,,,,,,,,,,,,,
DCY314_2702,,7/27/2024,DCY3,14,2702,,POPTRE,,4.2,1,-99,0,1,1,,,,,,,,,,,,,,,
DCY314_2703,,7/27/2024,DCY3,14,2703,,POPTRE,,3.3,1,-99,0,1,1,,,,,,,,,,,,,,,
DCY314_2704,,7/27/2024,DCY3,14,2704,,BETNEO,,4.7,1,-99,0,1,1,,,,,,,,,,,,,,,
DCY314_2705,,7/27/2024,DCY3,14,2705,,POPTRE,,4.1,1,-99,0,1,1,,,,,,,,,,,,,,,
DCY314_2706,,7/27/2024,DCY3,14,2706,,BETNEO,,3.1,1,-99,0,1,1,,,,,,,,,,,,,,,
DCY314_2707,,7/27/2024,DCY3,14,2707,,POPTRE,,3.2,1,-99,0,1,1,,,,,,,,,,,,,,,
DCY314_2708,,7/27/2024,DCY3,14,2708,,POPTRE ,,3.5,1,-99,0,1,1,,,,,,,,,,,,,,,
DCY314_2709,,7/27/2024,DCY3,14,2709,,POPTRE,,3.6,1,-99,0,1,1,,,,,,,,,,,,,,,
DCY314_2710,,7/27/2024,DCY3,14,2710,,POPTRE,,2.6,1,-99,0,1,1,,,,,,,,,,,,,,,
DCY47_587,6/19/2018,6/28/2024,DCY4,7,587,,PICGLA,2.6,3.7,1,-99,0,1,1,,,,,,,,,,,,,,,
DCY47_2294,,6/28/2024,DCY4,7,2294,,PICMAR,,2.7,1,-99,0,1,1,,,,,,,,,,,,,,,
DCY47_2295,,6/28/2024,DCY4,7,2295,,PICMAR,,3.9,1,-99,0,1,1,,,,,,,,,,,,,,,
DCY411_2801,,6/28/2024,DCY4,11,2801,,PICMAR,,3.3,1,-99,0,1,1,,,,,,,,,,,,,,,
DCY411_2802,,6/28/2024,DCY4,11,2802,,PICMAR,,3.2,1,-99,0,1,1,,,,,,,,,,,,,,,
DCY413_2296,,6/28/2024,DCY4,13,2296,,PICMAR,,3.2,1,-99,0,1,1,,,,,,,,,,,,,,,
DCY413_2297,,6/28/2024,DCY4,13,2297,,PICMAR,,3.6,1,-99,0,1,1,,,,,,,,,,,,,,,
DCY413_2298,,6/28/2024,DCY4,13,2298,,PICMAR,,2.6,1,-99,0,1,1,,,,,,,,,,,,,,,
DCY413_2299,,6/28/2024,DCY4,13,2299,,PICMAR,,2.8,1,-99,0,1,1,,,,,,,,,,,,,,,
DCY413_2300,,6/28/2024,DCY4,13,2300,,PICMAR,,3.2,1,-99,0,1,1,,,,,,,,,,,,,,,
DCY51_921,6/19/2018,7/28/2024,DCY5,1,921,,POPTRE,3.6,5.6,1,-99,0,1,1,,,,,,,,,,,,,,,
DCY51_922,6/19/2018,7/28/2024,DCY5,1,922,,POPTRE,5.1,7.1,1,-99,0,1,1,,,,,,,,,,,,,,,
DCY51_2803,,7/28/2024,DCY5,1,2803,,POPTRE,,2.5,1,-99,0,1,1,,,,,,,,,,,,,,,
DCY51_2804,,7/28/2024,DCY5,1,2804,,POPTRE,,3.9,1,-99,0,1,1,,,,,,,,,,,,,,,
DCY51_2805,,7/28/2024,DCY5,1,2805,,POPTRE,,2.7,1,-99,0,1,1,,,,,,,,,,,,,,,
DCY51_2806,,7/28/2024,DCY5,1,2806,,POPTRE,,2.6,1,-99,0,1,1,,,,,,,,,,,,,,,
DCY51_2807,,7/28/2024,DCY5,1,2807,,POPTRE,,3,1,-99,0,1,1,,,,,,,,,,,,,,,
DCY51_2808,,7/28/2024,DCY5,1,2808,,POPTRE,,2.6,1,-99,0,1,1,,,,,,,,,,,,,,,
DCY51_2809,,7/28/2024,DCY5,1,2809,,BETNEO,,2.6,1,-99,0,1,1,,,,,,,,,,,,,,,
DCY52_790,6/19/2018,7/28/2024,DCY5,2,790,,POPTRE,2.9,3.8,1,-99,0,1,1,,,,,,,,,,,,,,,
DCY52_923,6/19/2018,7/28/2024,DCY5,2,923,,POPTRE,3.4,4.7,1,-99,0,1,1,,,,,,,,,,,,,,,
DCY52_924,6/19/2018,7/28/2024,DCY5,2,924,,POPTRE,4.3,6.2,1,-99,0,1,1,,,,,,,,,,,,,,,
DCY52_925,6/19/2018,7/28/2024,DCY5,2,925,,POPTRE,3.1,3.7,1,-99,0,1,1,,,,,,,,,,,,,,,
DCY52_926,6/19/2018,7/28/2024,DCY5,2,926,,POPTRE,3.2,3.7,1,-99,0,1,1,,,,,,,,,,,,,,,
DCY52_927,6/19/2018,7/28/2024,DCY5,2,927,,POPTRE,3.2,3.8,1,-99,0,1,1,,,,,,,,,,,,,,,
DCY52_928,6/19/2018,7/28/2024,DCY5,2,928,,POPTRE,3.5,4.3,1,-99,0,1,1,,,,,,,,,,,,,,,
DCY52_929,6/19/2018,7/28/2024,DCY5,2,929,,POPTRE,3.1,3.6,1,-99,0,1,1,,,,,,,,,,,,,,,
DCY52_930,6/19/2018,7/28/2024,DCY5,2,930,,POPTRE,3.3,4.1,1,-99,0,1,1,,,,,,,,,,,,,,,
DCY52_1212,6/19/2018,7/28/2024,DCY5,2,1212,,POPTRE,2.6,3.3,1,-99,0,1,1,,,,,,,,,,,,,,,
DCY52_2810,,7/28/2024,DCY5,2,2810,,POPTRE,,3.4,1,-99,0,1,1,,,,,,,,,,,,,,,
DCY52_2811,,7/28/2024,DCY5,2,2811,,POPTRE,,2.7,1,-99,0,1,1,,,,,,,,,,,,,,,
DCY52_2812,,7/28/2024,DCY5,2,2812,,POPTRE,,3.2,1,-99,0,1,1,,,,,,,,,,,,,,,
DCY52_2813,,7/28/2024,DCY5,2,2813,,POPTRE,,2.8,1,-99,0,1,1,,,,,,,,,,,,,,,
DCY52_2814,,7/28/2024,DCY5,2,2814,,POPTRE,,3,1,-99,0,1,1,,,,,,,,,,,,,,,
DCY52_2815,,7/28/2024,DCY5,2,2815,,POPTRE,,2.9,1,-99,0,1,1,,,,,,,,,,,,,,,
DCY52_2816,,7/28/2024,DCY5,2,2816,,POPTRE,,2.9,1,-99,0,0,1,,,,,,,,,,,,,,,
DCY52_2817,,7/28/2024,DCY5,2,2817,,POPTRE,,2.6,1,-99,0,1,1,,,,,,,,,,,,,,,
DCY52_2818,,7/28/2024,DCY5,2,2818,,POPTRE,,2.8,1,-99,0,1,1,,,,,,,,,,,,,,,
DCY53_791,6/19/2018,7/28/2024,DCY5,3,791,,POPTRE,3,4.3,1,-99,0,1,1,,,,,,,,,,,,,,,
DCY53_792,6/19/2018,7/28/2024,DCY5,3,792,,POPTRE,2.7,4.1,1,-99,0,1,1,,,,,,,,,,,,,,,
DCY53_931,6/19/2018,7/28/2024,DCY5,3,931,,POPTRE,3,3.2,1,-99,0,1,1,,,,,,,,,,,,,,,
DCY53_932,6/19/2018,7/28/2024,DCY5,3,932,,POPTRE,3.1,4.1,1,-99,0,1,1,,,,,,,,,,,,,,,
DCY53_933,6/19/2018,7/28/2024,DCY5,3,933,,POPTRE,4.1,5.2,1,-99,0,1,1,,,,,,,,,,,,,,,
DCY53_934,6/19/2018,7/28/2024,DCY5,3,934,,POPTRE,2.9,3.8,1,-99,0,1,1,,,,,,,,,,,,,,,
DCY53_935,6/19/2018,7/28/2024,DCY5,3,935,,POPTRE,3.4,4.3,1,-99,0,1,1,,,,,,,,,,,,,,,
DCY53_2819,,7/28/2024,DCY5,3,2819,,POPTRE,,3,1,-99,0,1,1,,,,,,,,,,,,,,,
DCY53_2820,,7/28/2024,DCY5,3,2820,,POPTRE,,3,1,-99,0,1,1,,,,,,,,,,,,,,,
DCY53_2821,,7/28/2024,DCY5,3,2821,,POPTRE,,3,1,-99,0,1,1,,,,,,,,,,,,,,,
DCY53_2822,,7/28/2024,DCY5,3,2822,,POPTRE,,2.5,1,-99,0,1,1,,,,,,,,,,,,,,,
DCY53_2823,,7/28/2024,DCY5,3,2823,,POPTRE,,3.1,1,-99,0,1,1,,,,,,,,,,,,,,,
DCY53_2824,,7/28/2024,DCY5,3,2824,,POPTRE,,2.7,1,-99,0,1,1,,,,,,,,,,,,,,,
DCY53_2825,,7/28/2024,DCY5,3,2825,,POPTRE,,2.5,1,-99,0,1,1,,,,,,,,,,,,,,,
DCY53_2826,,7/28/2024,DCY5,3,2826,,POPTRE,,2.5,1,-99,0,1,1,,,,,,,,,,,,,,,
DCY53_2827,,7/28/2024,DCY5,3,2827,,POPTRE,,2.8,1,-99,0,1,1,,,,,,,,,,,,,,,
DCY53_2828,,7/28/2024,DCY5,3,2828,,POPTRE,,2.8,1,-99,0,1,1,,,,,,,,,,,,,,,
DCY54_525,6/19/2018,7/28/2024,DCY5,4,525,,POPTRE,2.5,3.2,1,-99,0,1,1,,old notes-Tree 1213 is in plot 6. 2019 notes-,,,,,,,,,,,,,
DCY54_936,6/19/2018,7/28/2024,DCY5,4,936,,POPTRE,3.1,4,1,-99,0,1,1,,,,,,,,,,,,,,,
DCY54_937,6/19/2018,7/28/2024,DCY5,4,937,,POPTRE,3.4,4,1,-99,0,1,1,,,,,,,,,,,,,,,
DCY54_1214,6/19/2018,7/28/2024,DCY5,4,1214,,POPTRE,2.6,3.6,1,-99,0,1,1,,,,,,,,,,,,,,,
DCY54_1215,6/19/2018,7/28/2024,DCY5,4,1215,,POPTRE,2.5,3.4,1,-99,0,1,1,,,,,,,,,,,,,,,
DCY54_2829,,7/28/2024,DCY5,4,2829,,POPTRE,,3,1,-99,0,1,1,,,,,,,,,,,,,,,
DCY54_2830,,7/28/2024,DCY5,4,2830,,POPTRE,,3,1,-99,0,1,1,,,,,,,,,,,,,,,
DCY54_2831,,7/28/2024,DCY5,4,2831,,POPTRE,,2.9,1,-99,0,1,1,,,,,,,,,,,,,,,
DCY54_2832,,7/28/2024,DCY5,4,2832,,POPTRE,,2.6,1,-99,0,1,1,,,,,,,,,,,,,,,
DCY54_2833,,7/28/2024,DCY5,4,2833,,POPTRE,,3,1,-99,0,1,1,,,,,,,,,,,,,,,
DCY54_2834,,7/28/2024,DCY5,4,2834,,POPTRE,.,3.1,1,-99,0,1,1,,,,,,,,,,,,,,,
DCY54_2835,,7/28/2024,DCY5,4,2835,,POPTRE,,3.1,1,-99,0,1,1,,,,,,,,,,,,,,,
DCY54_2836,,7/28/2024,DCY5,4,2836,,POPTRE,,2.6,1,-99,0,1,1,,,,,,,,,,,,,,,
DCY54_2837,,7/28/2024,DCY5,4,2837,,POPTRE,,2.5,1,-99,0,1,1,,,,,,,,,,,,,,,
DCY56_526,6/19/2018,7/28/2024,DCY5,6,526,,POPTRE,2.5,3.2,1,-99,0,1,1,,,,,,,,,,,,,,,
DCY56_938,6/19/2018,7/28/2024,DCY5,6,938,,POPTRE,3.2,4,1,-99,0,1,1,,,,,,,,,,,,,,,
DCY56_939,6/19/2018,7/28/2024,DCY5,6,939,,POPTRE,4.2,5.1,1,-99,0,1,1,,,,,,,,,,,,,,,
DCY56_940,6/19/2018,7/28/2024,DCY5,6,940,,POPTRE,3.4,4.6,1,-99,0,1,1,,,,,,,,,,,,,,,
DCY56_941,6/19/2018,7/28/2024,DCY5,6,941,,POPTRE,4.2,5.4,1,-99,0,1,1,,,,,,,,,,,,,,,
DCY56_1213,6/19/2018,7/28/2024,DCY5,6,1213,,POPTRE,2.8,3.8,1,-99,0,1,1,Actually in 7,,,,,,,,,,,,,,
DCY56_1216,6/19/2018,7/28/2024,DCY5,6,1216,,POPTRE,2.5,3.4,1,-99,0,1,1,,,,,,,,,,,,,,,
DCY56_2838,,7/28/2024,DCY5,6,2838,,POPTRE,,2.9,1,-99,0,1,1,,,,,,,,,,,,,,,
DCY56_2839,,7/28/2024,DCY5,6,2839,,POPTRE,,3.2,1,-99,0,1,1,,,,,,,,,,,,,,,
DCY56_2840,,7/28/2024,DCY5,6,2840,,POPTRE,,2.5,1,-99,0,1,1,,,,,,,,,,,,,,,
DCY56_2841,,7/28/2024,DCY5,6,2841,,POPTRE,,2.8,1,-99,0,1,1,,,,,,,,,,,,,,,
DCY57_527,6/19/2018,7/29/2024,DCY5,7,527,,POPTRE,3.1,3.8,1,-99,1,1,1,,,,,,,,,,,,,,,
DCY57_528,6/19/2018,7/29/2024,DCY5,7,528,,POPTRE,2.9,4.2,1,-99,0,1,1,,,,,,,,,,,,,,,
DCY57_529,6/19/2018,7/29/2024,DCY5,7,529,,POPTRE,2.7,3.8,1,-99,0,1,1,,,,,,,,,,,,,,,
DCY57_530,6/19/2018,7/29/2024,DCY5,7,530,,POPTRE,2.6,3.6,1,-99,0,1,1,,,,,,,,,,,,,,,
DCY57_531,6/19/2018,7/29/2024,DCY5,7,531,,POPTRE,2.7,3.7,1,-99,0,1,1,,,,,,,,,,,,,,,
DCY57_942,6/19/2018,7/29/2024,DCY5,7,942,,POPTRE,4.1,5.1,1,-99,0,1,1,,,,,,,,,,,,,,,
DCY57_943,6/19/2018,7/29/2024,DCY5,7,943,,POPTRE,3,4.2,1,-99,0,1,1,,,,,,,,,,,,,,,
DCY57_944,6/19/2018,7/29/2024,DCY5,7,944,,POPTRE,4.1,5.7,1,-99,0,1,1,girdled,,,,,,,,,,,,,,
DCY57_945,6/19/2018,7/29/2024,DCY5,7,945,,POPTRE,3.2,4.1,1,-99,0,1,1,,,,,,,,,,,,,,,
DCY57_946,6/19/2018,7/29/2024,DCY5,7,946,,POPTRE,4.8,6.3,1,-99,0,1,1,girdled,,,,,,,,,,,,,,
DCY57_947,6/19/2018,7/29/2024,DCY5,7,947,,POPTRE,3.7,4.8,1,-99,0,1,1,,,,,,,,,,,,,,,
DCY57_948,6/19/2018,7/29/2024,DCY5,7,948,,POPTRE,3.5,4.5,1,-99,0,1,1,,,,,,,,,,,,,,,
DCY57_949,6/19/2018,7/29/2024,DCY5,7,949,,POPTRE,3.6,4.9,1,-99,0,1,1,,,,,,,,,,,,,,,
DCY57_950,6/19/2018,7/29/2024,DCY5,7,950,,POPTRE,3.5,4.1,1,-99,0,1,1,,,,,,,,,,,,,,,
DCY57_1217,6/19/2018,7/29/2024,DCY5,7,1217,,POPTRE,2.5,3,1,-99,0,1,1,,,,,,,,,,,,,,,
DCY57_1218,6/19/2018,7/29/2024,DCY5,7,1218,,POPTRE,2.6,3.1,1,-99,0,1,1,,,,,,,,,,,,,,,
DCY57_1219,6/19/2018,7/29/2024,DCY5,7,1219,,POPTRE,2.8,3.7,1,-99,0,1,1,,,,,,,,,,,,,,,
DCY57_2842,,7/29/2024,DCY5,7,2842,,POPTRE,,2.8,1,-99,0,1,1,,,,,,,,,,,,,,,
DCY57_2843,,7/29/2024,DCY5,7,2843,,POPTRE,,3,1,-99,0,1,1,,,,,,,,,,,,,,,
DCY57_2844,,7/29/2024,DCY5,7,2844,,POPTRE,,3,1,-99,0,0,1,,,,,,,,,,,,,,,
DCY57_2845,,7/29/2024,DCY5,7,2845,,POPTRE,,2.8,1,-99,0,1,1,,,,,,,,,,,,,,,
DCY57_2846,,7/29/2024,DCY5,7,2846,,POPTRE,,3.1,1,-99,0,1,1,,,,,,,,,,,,,,,
DCY57_2847,,7/29/2024,DCY5,7,2847,,POPTRE,,2.8,1,-99,0,1,1,,,,,,,,,,,,,,,
DCY57_2848,,7/29/2024,DCY5,7,2848,,POPTRE,,3.2,1,-99,0,1,1,,,,,,,,,,,,,,,
DCY57_2849,,7/29/2024,DCY5,7,2849,,POPTRE,,3.4,1,-99,0,1,1,,,,,,,,,,,,,,,
DCY57_2850,,7/29/2024,DCY5,7,2850,,POPTRE,,3.1,1,-99,0,1,1,,,,,,,,,,,,,,,
DCY58_951,6/19/2018,7/29/2024,DCY5,8,951,,POPTRE,3.3,4.7,1,-99,0,1,1,,,,,,,,,,,,,,,
DCY58_952,6/19/2018,7/29/2024,DCY5,8,952,,POPTRE,3.7,4.8,1,-99,0,1,1,,,,,,,,,,,,,,,
DCY58_2851,,7/29/2024,DCY5,8,2851,,POPTRE,,2.7,1,-99,0,1,1,,,,,,,,,,,,,,,
DCY58_2852,,7/29/2024,DCY5,8,2852,,POPTRE,,2.7,1,-99,0,1,1,,,,,,,,,,,,,,,
DCY58_2853,,7/29/2024,DCY5,8,2853,,POPTRE,,2.6,1,-99,0,1,1,,,,,,,,,,,,,,,
DCY59_532,6/19/2018,7/29/2024,DCY5,9,532,,POPTRE,2.5,4.3,1,-99,0,1,1,,,,,,,,,,,,,,,
DCY59_953,6/19/2018,7/29/2024,DCY5,9,953,,POPTRE,4.1,5.6,1,-99,0,1,1,,,,,,,,,,,,,,,
DCY59_954,6/19/2018,7/29/2024,DCY5,9,954,,POPTRE,2.9,4,1,-99,0,1,1,,,,,,,,,,,,,,,
DCY59_955,6/19/2018,7/29/2024,DCY5,9,955,,POPTRE,3.9,5.2,1,-99,0,1,1,,,,,,,,,,,,,,,
DCY59_1220,6/19/2018,7/29/2024,DCY5,9,1220,,POPTRE,2.8,3.5,1,-99,0,1,1,,,,,,,,,,,,,,,
DCY59_2854,,7/29/2024,DCY5,9,2854,,POPTRE,,2.5,1,-99,0,1,1,,,,,,,,,,,,,,,
DCY59_2855,,7/29/2024,DCY5,9,2855,,POPTRE,,2.8,1,-99,0,1,1,,,,,,,,,,,,,,,
DCY59_2856,,7/29/2024,DCY5,9,2856,,POPTRE,,2.9,1,-99,0,1,1,,,,,,,,,,,,,,,
DCY59_2857,,7/29/2024,DCY5,9,2857,,POPTRE,,3.6,1,-99,0,1,1,,,,,,,,,,,,,,,
DCY59_2858,,7/29/2024,DCY5,9,2858,,POPTRE,,3.7,1,-99,0,1,1,,,,,,,,,,,,,,,
DCY59_2859,,7/29/2024,DCY5,9,2859,,POPTRE,,3.2,1,-99,0,1,1,,,,,,,,,,,,,,,
DCY59_2860,,7/29/2024,DCY5,9,2860,,PICMAR,,2.5,1,-99,0,1,1,,,,,,,,,,,,,,,
DCY511_533,6/19/2018,7/29/2024,DCY5,11,533,,POPTRE,2.5,3.2,1,-99,0,1,1,,,,,,,,,,,,,,,
DCY511_534,6/19/2018,7/29/2024,DCY5,11,534,,POPTRE,2.5,3.3,1,-99,0,1,1,,,,,,,,,,,,,,,
DCY511_956,6/19/2018,7/29/2024,DCY5,11,956,,POPTRE,3.2,4.2,1,-99,0,1,1,,,,,,,,,,,,,,,
DCY511_957,6/19/2018,7/29/2024,DCY5,11,957,,POPTRE,3.3,4.2,1,-99,0,1,1,,,,,,,,,,,,,,,
DCY511_958,6/19/2018,7/29/2024,DCY5,11,958,,POPTRE,3.5,4.3,1,-99,0,1,1,,,,,,,,,,,,,,,
DCY511_1221,6/19/2018,7/29/2024,DCY5,11,1221,,POPTRE,2.6,3.5,1,-99,0,1,1,,,,,,,,,,,,,,,
DCY511_1222,6/19/2018,7/29/2024,DCY5,11,1222,,POPTRE,2.6,3,1,-99,0,1,1,,,,,,,,,,,,,,,
DCY511_2861,,7/29/2024,DCY5,11,2861,,POPTRE,,2.7,1,-99,0,1,1,,,,,,,,,,,,,,,
DCY511_2862,,7/29/2024,DCY5,11,2862,,POPTRE,,3.3,1,-99,0,1,1,,,,,,,,,,,,,,,
DCY511_2863,,7/29/2024,DCY5,11,2863,,POPTRE,,3,1,-99,0,1,1,,,,,,,,,,,,,,,
DCY511_2864,,7/29/2024,DCY5,11,2864,,POPTRE,,3.1,1,-99,0,1,1,,,,,,,,,,,,,,,
DCY511_2865,,7/29/2024,DCY5,11,2865,,POPTRE,,2.7,1,-99,0,1,1,,,,,,,,,,,,,,,
DCY511_2866,,7/29/2024,DCY5,11,2866,,POPTRE,,2.5,1,-99,0,1,1,,,,,,,,,,,,,,,
DCY511_2867,,7/29/2024,DCY5,11,2867,,POPTRE,,3,1,-99,0,1,1,,,,,,,,,,,,,,,
DCY511_2868,,7/29/2024,DCY5,11,2868,,POPTRE ,,3.2,1,-99,0,1,1,,,,,,,,,,,,,,,
DCY511_2869,,7/29/2024,DCY5,11,2869,,POPTRE ,,2.6,1,-99,0,1,1,,,,,,,,,,,,,,,
DCY511_2870,,7/29/2024,DCY5,11,2870,,POPTRE,,2.5,1,-99,0,1,1,On the boundary of 9 & 11,,,,,,,,,,,,,,
DCY512_535,6/19/2018,7/29/2024,DCY5,12,535,,POPTRE,2.8,3.5,1,-99,0,1,1,,,,,,,,,,,,,,,
DCY512_536,6/19/2018,7/29/2024,DCY5,12,536,,POPTRE,2.6,3.4,1,-99,0,1,1,,,,,,,,,,,,,,,
DCY512_959,6/19/2018,7/29/2024,DCY5,12,959,,POPTRE,3.8,3.9,1,-99,0,1,1,,,,,,,,,,,,,,,
DCY512_960,6/19/2018,7/29/2024,DCY5,12,960,,POPTRE,3.1,3.7,1,-99,0,1,1,,,,,,,,,,,,,,,
DCY512_961,6/19/2018,7/29/2024,DCY5,12,961,,POPTRE,2.9,3.4,1,-99,0,1,1,,,,,,,,,,,,,,,
DCY512_962,6/19/2018,7/29/2024,DCY5,12,962,,POPTRE,3.2,3.6,1,-99,0,1,1,,,,,,,,,,,,,,,
DCY512_963,6/19/2018,7/29/2024,DCY5,12,963,,POPTRE,3.1,3.6,1,-99,0,1,1,,,,,,,,,,,,,,,
DCY512_964,6/19/2018,7/29/2024,DCY5,12,964,,POPTRE,3,4,1,-99,0,1,1,,,,,,,,,,,,,,,
DCY512_965,6/19/2018,7/29/2024,DCY5,12,965,,POPTRE,3.1,3.7,1,-99,0,1,1,,,,,,,,,,,,,,,
DCY512_966,6/19/2018,7/29/2024,DCY5,12,966,,POPTRE,3.1,3.9,1,-99,0,1,1,,,,,,,,,,,,,,,
DCY512_967,6/19/2018,7/29/2024,DCY5,12,967,,POPTRE,3.8,4.8,1,-99,0,1,1,,,,,,,,,,,,,,,
DCY512_968,6/19/2018,7/29/2024,DCY5,12,968,,POPTRE,4.3,5.4,1,-99,0,1,1,,,,,,,,,,,,,,,
DCY512_969,6/19/2018,7/29/2024,DCY5,12,969,,POPTRE,3,3.4,1,-99,0,1,1,,,,,,,,,,,,,,,
DCY512_970,6/19/2018,7/29/2024,DCY5,12,970,,POPTRE,4.8,6.1,1,-99,0,1,1,,,,,,,,,,,,,,,
DCY512_971,6/19/2018,7/29/2024,DCY5,12,971,,POPTRE,3.7,5.5,1,-99,0,1,1,,,,,,,,,,,,,,,
DCY512_1223,6/19/2018,7/29/2024,DCY5,12,1223,,POPTRE,2.6,3.5,1,-99,0,1,1,in plot 13,,,,,,,,,,,,,,
DCY512_2871,,7/29/2024,DCY5,12,2871,,POPTRE,,3,1,-99,0,1,1,,,,,,,,,,,,,,,
DCY512_2872,,7/29/2024,DCY5,12,2872,,POPTRE,,3.1,1,-99,0,1,1,,,,,,,,,,,,,,,
DCY512_2873,,7/29/2024,DCY5,12,2873,,POPTRE,,3,1,-99,0,1,1,,,,,,,,,,,,,,,
DCY512_2874,,7/29/2024,DCY5,12,2874,,POPTRE,,3,1,-99,0,1,1,,,,,,,,,,,,,,,
DCY512_2875,,7/29/2024,DCY5,12,2875,,POPTRE,,3,1,-99,0,1,1,,,,,,,,,,,,,,,
DCY512_2876,,7/29/2024,DCY5,12,2876,,POPTRE,,2.9,1,-99,0,1,1,,,,,,,,,,,,,,,
DCY512_2877,,7/29/2024,DCY5,12,2877,,POPTRE,,2.7,1,-99,0,1,1,,,,,,,,,,,,,,,
DCY512_2878,,7/29/2024,DCY5,12,2878,,POPTRE,,3.1,1,-99,0,1,1,,,,,,,,,,,,,,,
DCY512_2879,,7/29/2024,DCY5,12,2879,,POPTRE,,3,1,-99,0,1,1,,,,,,,,,,,,,,,
DCY512_2880,,7/29/2024,DCY5,12,2880,,POPTRE,,3.4,1,-99,0,1,1,,,,,,,,,,,,,,,
DCY512_2881,,7/29/2024,DCY5,12,2881,,POPTRE,,2.6,1,-99,0,1,1,,,,,,,,,,,,,,,
DCY512_2882,,7/29/2024,DCY5,12,2882,,POPTRE,,2.6,1,-99,0,1,1,,,,,,,,,,,,,,,
DCY512_2883,,7/29/2024,DCY5,12,2883,,POPTRE,,2.7,1,-99,0,1,1,,,,,,,,,,,,,,,
DCY512_2884,,7/29/2024,DCY5,12,2884,,POPTRE,,2.5,1,-99,0,1,1,,,,,,,,,,,,,,,
DCY512_2885,,7/29/2024,DCY5,12,2885,,POPTRE,,2.6,1,-99,0,1,1,,,,,,,,,,,,,,,
DCY512_2886,,7/29/2024,DCY5,12,2886,,POPTRE,,3,1,-99,0,1,1,,,,,,,,,,,,,,,
DCY512_2887,,7/29/2024,DCY5,12,2887,,POPTRE,,3.7,1,-99,0,1,1,,,,,,,,,,,,,,,
DCY513_537,6/19/2018,7/29/2024,DCY5,13,537,,POPTRE,2.6,3.1,1,-99,0,1,1,,,,,,,,,,,,,,,
DCY513_538,6/19/2018,7/29/2024,DCY5,13,538,,POPTRE,2.5,3,1,-99,0,1,1,,,,,,,,,,,,,,,
DCY513_539,6/19/2018,7/29/2024,DCY5,13,539,,POPTRE,2.5,2.9,1,-99,0,1,1,,,,,,,,,,,,,,,
DCY513_540,6/19/2018,7/29/2024,DCY5,13,540,,POPTRE,2.6,3.4,1,-99,0,1,1,,,,,,,,,,,,,,,
DCY513_972,6/19/2018,7/29/2024,DCY5,13,972,,POPTRE,4,5.3,1,-99,0,1,1,,,,,,,,,,,,,,,
DCY513_973,6/19/2018,7/29/2024,DCY5,13,973,,POPTRE,3.5,4.2,1,-99,0,1,1,,,,,,,,,,,,,,,
DCY513_974,6/19/2018,7/29/2024,DCY5,13,974,,POPTRE,4,4.9,1,-99,0,1,1,,,,,,,,,,,,,,,
DCY513_975,6/19/2018,7/29/2024,DCY5,13,975,,POPTRE,3.3,4.2,1,-99,0,1,1,,,,,,,,,,,,,,,
DCY513_976,6/19/2018,7/29/2024,DCY5,13,976,,POPTRE,4.6,5.6,1,-99,0,1,1,,,,,,,,,,,,,,,
DCY513_977,6/19/2018,7/29/2024,DCY5,13,977,,POPTRE,2.9,3.2,1,-99,0,1,1,,,,,,,,,,,,,,,
DCY513_978,6/19/2018,7/29/2024,DCY5,13,978,,POPTRE,3.7,4.8,1,-99,0,1,1,,,,,,,,,,,,,,,
DCY513_979,6/19/2018,7/29/2024,DCY5,13,979,,POPTRE,3.1,3.9,1,-99,0,1,1,,,,,,,,,,,,,,,
DCY513_980,6/19/2018,7/29/2024,DCY5,13,980,,POPTRE,4.3,5.5,1,-99,0,1,1,,,,,,,,,,,,,,,
DCY513_981,6/19/2018,7/29/2024,DCY5,13,981,,POPTRE,3.8,4.6,1,-99,0,1,1,,,,,,,,,,,,,,,
DCY513_1224,6/19/2018,7/29/2024,DCY5,13,1224,,POPTRE,2.6,3.4,1,-99,0,1,1,,,,,,,,,,,,,,,
DCY513_1225,6/19/2018,7/29/2024,DCY5,13,1225,,POPTRE,2.9,3.4,1,-99,0,1,1,,,,,,,,,,,,,,,
DCY513_1226,6/19/2018,7/29/2024,DCY5,13,1226,,POPTRE,2.9,3.8,1,-99,0,1,1,,,,,,,,,,,,,,,
DCY513_1227,6/19/2018,7/29/2024,DCY5,13,1227,,POPTRE,2.8,3.5,1,-99,0,1,1,,,,,,,,,,,,,,,
DCY513_1228,6/19/2018,7/29/2024,DCY5,13,1228,,POPTRE,2.7,-7777,0,-99,1,1,1,,old notes-On the ground but alive and seems healthy. 2019 notes-,,,,,,,,,,,,,
DCY513_1229,6/19/2018,7/29/2024,DCY5,13,1229,,POPTRE,2.7,-7777,0,-99,1,1,1,,old notes-On the ground but alive and healthy . 2019 notes-,,,,,,,,,,,,,
DCY513_2888,,7/29/2024,DCY5,13,2888,,POPTRE,,2.8,1,-99,0,1,1,,,,,,,,,,,,,,,
DCY513_2889,,7/29/2024,DCY5,13,2889,,POPTRE,,2.6,1,-99,0,1,1,,,,,,,,,,,,,,,
DCY513_2890,,7/29/2024,DCY5,13,2890,,POPTRE,,3.1,1,-99,0,1,1,,,,,,,,,,,,,,,
DCY514_541,6/19/2018,7/29/2024,DCY5,14,541,,POPTRE,2.7,3.5,1,-99,0,1,1,,,,,,,,,,,,,,,
DCY514_542,6/19/2018,7/29/2024,DCY5,14,542,,POPTRE,2.7,3.3,1,-99,0,1,1,,,,,,,,,,,,,,,
DCY514_543,6/19/2018,7/29/2024,DCY5,14,543,,POPTRE,2.7,3.3,1,-99,0,1,1,,,,,,,,,,,,,,,
DCY514_544,6/19/2018,7/29/2024,DCY5,14,544,,POPTRE,2.7,3.6,1,-99,0,1,1,,,,,,,,,,,,,,,
DCY514_982,6/19/2018,7/29/2024,DCY5,14,982,,POPTRE,3.7,4.7,1,-99,1,1,1,,,,,,,,,,,,,,,
DCY514_983,6/19/2018,7/29/2024,DCY5,14,983,,POPTRE,3.3,4.2,1,-99,0,1,1,,,,,,,,,,,,,,,
DCY514_984,6/19/2018,7/29/2024,DCY5,14,984,,POPTRE,3.2,3.9,1,-99,0,1,1,,,,,,,,,,,,,,,
DCY514_985,6/19/2018,7/29/2024,DCY5,14,985,,POPTRE,3.1,4.3,1,-99,0,1,1,,,,,,,,,,,,,,,
DCY514_986,6/19/2018,7/29/2024,DCY5,14,986,,POPTRE,3.3,4,1,-99,0,1,1,,,,,,,,,,,,,,,
DCY514_987,6/19/2018,7/29/2024,DCY5,14,987,,POPTRE,3.5,4.3,1,-99,0,1,1,,,,,,,,,,,,,,,
DCY514_988,6/19/2018,7/29/2024,DCY5,14,988,,POPTRE,3.6,4.1,1,-99,0,1,1,,,,,,,,,,,,,,,
DCY514_1230,6/19/2018,7/29/2024,DCY5,14,1230,,POPTRE,2.6,3.2,1,-99,0,1,1,,,,,,,,,,,,,,,
DCY514_1231,6/19/2018,7/29/2024,DCY5,14,1231,,POPTRE,2.6,3.2,1,-99,0,1,1,,,,,,,,,,,,,,,
DCY514_1232,6/19/2018,7/29/2024,DCY5,14,1232,,POPTRE,2.6,3.1,1,-99,0,1,1,,,,,,,,,,,,,,,
DCY514_2891,,7/29/2024,DCY5,14,2891,,POPTRE,,3,1,-99,0,1,1,,,,,,,,,,,,,,,
DCY514_2892,,7/29/2024,DCY5,14,2892,,POPTRE,,2.9,1,-99,1,1,1,,,,,,,,,,,,,,,
DCY514_2893,,7/29/2024,DCY5,14,2893,,POPTRE,,2.5,1,-99,0,1,1,,,,,,,,,,,,,,,
DCY514_2894,,7/29/2024,DCY5,14,2894,,POPTRE,,2.7,1,-99,0,1,1,,,,,,,,,,,,,,,
DCY514_2895,,7/29/2024,DCY5,14,2895,,POPTRE,,2.5,1,-99,0,1,1,,,,,,,,,,,,,,,
DCY514_2896,,7/29/2024,DCY5,14,2896,,POPTRE,,3.1,1,-99,0,1,1,,,,,,,,,,,,,,,
DCY514_2897,,7/29/2024,DCY5,14,2897,,POPTRE,,2.7,1,-99,0,1,1,,,,,,,,,,,,,,,
DCY514_2898,,7/29/2024,DCY5,14,2898,,POPTRE,,2.9,1,-99,0,1,1,,,,,,,,,,,,,,,
DCY514_2899,,7/29/2024,DCY5,14,2899,,POPTRE,,3,1,-99,0,1,1,,,,,,,,,,,,,,,
DCY514_2900,,7/29/2024,DCY5,14,2900,,POPTRE,,2.5,1,-99,0,1,1,,,,,,,,,,,,,,,
DCY61_789,6/19/2018,7/29/2024,DCY6,1,789,,BETNEO,2.6,4.2,1,-99,0,1,1,,,,,,,,,,,,,,,
DCY61_2075,,7/29/2024,DCY6,1,2075,,BETNEO,,4.3,1,-99,0,1,1,,,,,,,,,,,,,,,
DCY61_2076,,7/29/2024,DCY6,1,2076,,BETNEO,,2.9,1,-99,0,1,1,,,,,,,,,,,,,,,
DCY61_2077,,7/29/2024,DCY6,1,2077,,BETNEO,,2.8,1,-99,0,1,1,,,,,,,,,,,,,,,
DCY61_2078,,7/29/2024,DCY6,1,2078,,BETNEO,,4.3,1,-99,0,1,1,,,,,,,,,,,,,,,
DCY61_2079,,7/29/2024,DCY6,1,2079,,BETNEO,,2.6,1,-99,0,1,1,,,,,,,,,,,,,,,
DCY61_2080,,7/29/2024,DCY6,1,2080,,BETNEO,,2.5,1,-99,0,1,1,,,,,,,,,,,,,,,
DCY64_2081,,7/29/2024,DCY6,4,2081,,POPTRE,,3.3,1,-99,0,1,1,,,,,,,,,,,,,,,
DCY64_2082,,7/29/2024,DCY6,4,2082,,POPTRE,,3.1,1,-99,0,1,1,,,,,,,,,,,,,,,
DCY64_2083,,7/29/2024,DCY6,4,2083,,POPTRE,,2.9,1,-99,0,1,1,,,,,,,,,,,,,,,
DCY64_2084,,7/29/2024,DCY6,4,2084,,POPTRE ,,2.7,1,-99,0,1,1,,,,,,,,,,,,,,,
DCY66_2085,,7/29/2024,DCY6,6,2085,,POPTRE ,,2.6,1,-99,0,1,1,,,,,,,,,,,,,,,
DCY68_2086,,7/29/2024,DCY6,8,2086,,BETNEO ,,2.6,1,-99,0,1,1,,,,,,,,,,,,,,,
DCY68_2087,,7/29/2024,DCY6,8,2087,,BETNEO ,,3.2,1,-99,0,1,1,,,,,,,,,,,,,,,
DCY69_2088,,7/29/2024,DCY6,9,2088,,POPTRE ,,3.2,1,-99,0,1,1,,,,,,,,,,,,,,,
DCY69_2089,,7/29/2024,DCY6,9,2089,,POPTRE ,,2.5,1,-99,0,1,1,,,,,,,,,,,,,,,
DCY69_2090,,7/29/2024,DCY6,9,2090,,POPTRE ,,4.8,1,-99,0,1,1,,,,,,,,,,,,,,,
DCY69_2091,,7/29/2024,DCY6,9,2091,,POPTRE ,,3.3,1,-99,0,1,1,,,,,,,,,,,,,,,
DCY69_2092,,7/29/2024,DCY6,9,2092,,POPTRE ,,3,1,-99,0,1,1,,,,,,,,,,,,,,,
DCY69_2093,,7/29/2024,DCY6,9,2093,,BETNEO ,,2.8,1,-99,0,1,1,,,,,,,,,,,,,,,
DCY611_2094,,7/29/2024,DCY6,11,2094,,POPTRE ,,3,1,-99,0,1,1,,,,,,,,,,,,,,,
DCY611_2095,,7/29/2024,DCY6,11,2095,,POPTRE,,2.9,1,-99,0,1,1,,,,,,,,,,,,,,,
DCY611_2096,,7/29/2024,DCY6,11,2096,,POPTRE,,3,1,-99,0,1,1,,,,,,,,,,,,,,,
DCY611_2097,,7/29/2024,DCY6,11,2097,,POPTRE,,2.8,1,-99,0,1,1,,,,,,,,,,,,,,,
DCY611_2098,,7/29/2024,DCY6,11,2098,,POPTRE,,2.5,1,-99,0,1,1,,,,,,,,,,,,,,,
DCY612_2099,,7/29/2024,DCY6,12,2099,,POPTRE,,4.2,1,-99,0,1,1,,,,,,,,,,,,,,,
DCY612_2100,,7/29/2024,DCY6,12,2100,,PICMAR,,2.5,1,-99,0,1,1,,,,,,,,,,,,,,,
DCY71_2301,,7/29/2024,DCY7,1,2301,,POPTRE,,2.6,1,-99,0,1,1,,,,,,,,,,,,,,,
DCY71_2302,,7/29/2024,DCY7,1,2302,,POPTRE,,2.7,1,-99,0,1,1,,,,,,,,,,,,,,,
DCY71_2303,,7/29/2024,DCY7,1,2303,,POPTRE,,2.7,1,-99,0,1,1,,,,,,,,,,,,,,,
DCY71_2304,,7/29/2024,DCY7,1,2304,,POPTRE,,4.1,1,-99,0,1,1,,,,,,,,,,,,,,,
DCY71_2305,,7/29/2024,DCY7,1,2305,,POPTRE,,2.5,1,-99,0,1,1,,,,,,,,,,,,,,,
DCY71_2306,,7/29/2024,DCY7,1,2306,,POPTRE,,2.5,1,-99,0,1,1,,,,,,,,,,,,,,,
DCY71_2307,,7/29/2024,DCY7,1,2307,,POPTRE,,3.4,1,-99,0,1,1,,,,,,,,,,,,,,,
DCY71_2308,,7/29/2024,DCY7,1,2308,,POPTRE,,3.3,1,-99,0,1,1,,,,,,,,,,,,,,,
DCY71_2309,,7/29/2024,DCY7,1,2309,,POPTRE,,2.8,1,-99,0,1,1,,,,,,,,,,,,,,,
DCY71_2310,,7/29/2024,DCY7,1,2310,,POPTRE,,2.8,1,-99,0,1,1,,,,,,,,,,,,,,,
DCY71_2311,,7/29/2024,DCY7,1,2311,,POPTRE,,3.4,1,-99,0,1,1,,,,,,,,,,,,,,,
DCY71_2312,,7/29/2024,DCY7,1,2312,,POPTRE,,4,1,-99,0,1,1,,,,,,,,,,,,,,,
DCY71_2313,,7/29/2024,DCY7,1,2313,,POPTRE,,2.9,1,-99,0,1,1,,,,,,,,,,,,,,,
DCY71_2314,,7/29/2024,DCY7,1,2314,,POPTRE,,3.5,1,-99,0,1,1,,,,,,,,,,,,,,,
DCY71_2315,,7/29/2024,DCY7,1,2315,,POPTRE,,3.1,1,-99,0,1,1,,,,,,,,,,,,,,,
DCY71_2316,,7/29/2024,DCY7,1,2316,,POPTRE,,2.9,1,-99,0,1,1,,,,,,,,,,,,,,,
DCY71_2317,,7/29/2024,DCY7,1,2317,,POPTRE,,2.9,1,-99,0,1,1,,,,,,,,,,,,,,,
DCY71_2318,,7/29/2024,DCY7,1,2318,,POPTRE,,2.8,1,-99,0,1,1,,,,,,,,,,,,,,,
DCY71_2319,,7/29/2024,DCY7,1,2319,,POPTRE,,2.6,1,-99,0,1,1,,,,,,,,,,,,,,,
DCY71_2320,,7/29/2024,DCY7,1,2320,,POPTRE,,2.9,1,-99,0,1,1,,,,,,,,,,,,,,,
DCY71_2321,,7/29/2024,DCY7,1,2321,,POPTRE,,3.2,1,-99,0,1,1,,,,,,,,,,,,,,,
DCY71_2322,,7/29/2024,DCY7,1,2322,,POPTRE,,3,1,-99,0,1,1,,,,,,,,,,,,,,,
DCY71_2323,,7/29/2024,DCY7,1,2323,,POPTRE,,2.5,1,-99,0,1,1,,,,,,,,,,,,,,,
DCY71_2324,,7/29/2024,DCY7,1,2324,,POPTRE,,2.8,1,-99,0,1,1,,,,,,,,,,,,,,,
DCY71_2325,,7/29/2024,DCY7,1,2325,,POPTRE,,2.5,1,-99,0,1,1,,,,,,,,,,,,,,,
DCY71_2326,,7/29/2024,DCY7,1,2326,,POPTRE,,2.7,1,-99,0,1,1,,,,,,,,,,,,,,,
DCY71_2327,,7/29/2024,DCY7,1,2327,,POPTRE,,4,1,-99,0,1,1,,,,,,,,,,,,,,,
DCY71_2328,,7/29/2024,DCY7,1,2328,,POPTRE,,3.4,1,-99,0,1,1,,,,,,,,,,,,,,,
DCY71_2329,,7/29/2024,DCY7,1,2329,,POPTRE,,3.7,1,-99,0,1,1,,,,,,,,,,,,,,,
DCY71_2330,,7/29/2024,DCY7,1,2330,,POPTRE,,2.8,1,-99,0,1,1,,,,,,,,,,,,,,,
DCY71_2331,,7/29/2024,DCY7,1,2331,,POPTRE,,2.8,1,-99,0,1,1,,,,,,,,,,,,,,,
DCY71_2332,,7/29/2024,DCY7,1,2332,,POPTRE,,3,1,-99,0,1,1,,,,,,,,,,,,,,,
DCY71_2333,,7/29/2024,DCY7,1,2333,,POPTRE,,3.2,1,-99,0,1,1,,,,,,,,,,,,,,,
DCY71_2334,,7/29/2024,DCY7,1,2334,,POPTRE,,2.8,1,-99,0,1,1,,,,,,,,,,,,,,,
DCY71_2335,,7/29/2024,DCY7,1,2335,,POPTRE,,2.9,1,-99,0,1,1,,,,,,,,,,,,,,,
DCY71_2336,,7/29/2024,DCY7,1,2336,,POPTRE,,3,1,-99,0,1,1,,,,,,,,,,,,,,,
DCY71_2337,,7/29/2024,DCY7,1,2337,,POPTRE,,3,1,-99,0,1,1,,,,,,,,,,,,,,,
DCY71_2338,,7/29/2024,DCY7,1,2338,,POPTRE,,3.1,1,-99,0,1,1,,,,,,,,,,,,,,,
DCY71_2339,,7/29/2024,DCY7,1,2339,,POPTRE,,3.4,1,-99,0,1,1,,,,,,,,,,,,,,,
DCY71_2340,,7/29/2024,DCY7,1,2340,,POPTRE,,2.9,1,-99,0,1,1,,,,,,,,,,,,,,,
DCY71_2341,,7/29/2024,DCY7,1,2341,,POPTRE,,2.6,1,-99,0,1,1,,,,,,,,,,,,,,,
DCY71_2342,,7/29/2024,DCY7,1,2342,,POPTRE,,3.7,1,-99,0,1,1,,,,,,,,,,,,,,,
DCY71_2343,,7/29/2024,DCY7,1,2343,,POPTRE,,4.4,1,-99,0,1,1,,,,,,,,,,,,,,,
DCY71_2344,,7/29/2024,DCY7,1,2344,,POPTRE,,3,1,-99,0,1,1,,,,,,,,,,,,,,,
DCY71_2345,,7/29/2024,DCY7,1,2345,,POPTRE,,4.1,1,-99,0,1,1,,,,,,,,,,,,,,,
DCY71_2346,,7/29/2024,DCY7,1,2346,,POPTRE,,4,1,-99,0,1,1,,,,,,,,,,,,,,,
DCY71_2347,,7/29/2024,DCY7,1,2347,,POPTRE,,3,1,-99,0,1,1,,,,,,,,,,,,,,,
DCY71_2348,,7/29/2024,DCY7,1,2348,,POPTRE,,4,1,-99,0,1,1,,,,,,,,,,,,,,,
DCY71_2349,,7/29/2024,DCY7,1,2349,,POPTRE,,3.1,1,-99,0,1,1,,,,,,,,,,,,,,,
DCY71_2350,,7/29/2024,DCY7,1,2350,,POPTRE,,3.1,1,-99,0,1,1,,,,,,,,,,,,,,,
DCY71_2351,,7/29/2024,DCY7,1,2351,,POPTRE,,2.6,1,-99,0,1,1,,,,,,,,,,,,,,,
DCY71_2352,,7/29/2024,DCY7,1,2352,,POPTRE,,3.5,1,-99,0,1,1,,,,,,,,,,,,,,,
DCY71_2353,,7/29/2024,DCY7,1,2353,,POPTRE,,2.9,1,-99,0,1,1,,,,,,,,,,,,,,,
DCY71_2354,,7/29/2024,DCY7,1,2354,,POPTRE,,3,1,-99,0,1,1,,,,,,,,,,,,,,,
DCY71_2355,,7/29/2024,DCY7,1,2355,,POPTRE,,3.5,1,-99,0,1,1,,,,,,,,,,,,,,,
DCY71_2356,,7/29/2024,DCY7,1,2356,,POPTRE,,3,1,-99,0,1,1,,,,,,,,,,,,,,,
DCY71_2357,,7/29/2024,DCY7,1,2357,,POPTRE,,2.7,1,-99,0,1,1,,,,,,,,,,,,,,,
DCY71_2358,,7/29/2024,DCY7,1,2358,,POPTRE,,2.7,1,-99,0,1,1,,,,,,,,,,,,,,,
DCY71_2359,,7/29/2024,DCY7,1,2359,,POPTRE,,2.5,1,-99,0,1,1,,,,,,,,,,,,,,,
DCY71_2360,,7/29/2024,DCY7,1,2360,,POPTRE,,3.6,1,-99,0,1,1,,,,,,,,,,,,,,,
DCY71_2361,,7/29/2024,DCY7,1,2361,,POPTRE,,2.7,1,-99,0,1,1,,,,,,,,,,,,,,,
DCY71_2362,,7/29/2024,DCY7,1,2362,,POPTRE,,2.7,1,-99,0,1,1,,,,,,,,,,,,,,,
DCY71_2363,,7/29/2024,DCY7,1,2363,,POPTRE,,2.5,1,-99,0,1,1,,,,,,,,,,,,,,,
DCY71_2364,,7/29/2024,DCY7,1,2364,,POPTRE,,3.1,1,-99,0,1,1,,,,,,,,,,,,,,,
DCY71_2365,,7/29/2024,DCY7,1,2365,,POPTRE,,2.7,1,-99,0,1,1,,,,,,,,,,,,,,,
DCY71_2366,,7/29/2024,DCY7,1,2366,,POPTRE,,2.6,1,-99,0,1,1,,,,,,,,,,,,,,,
DCY71_2367,,7/29/2024,DCY7,1,2367,,POPTRE,,3.7,1,-99,0,1,1,,,,,,,,,,,,,,,
DCY71_2368,,7/29/2024,DCY7,1,2368,,POPTRE,,2.9,1,-99,0,1,1,,,,,,,,,,,,,,,
DCY71_2369,,7/29/2024,DCY7,1,2369,,POPTRE,,2.6,1,-99,0,1,1,,,,,,,,,,,,,,,
DCY71_2370,,7/29/2024,DCY7,1,2370,,POPTRE,,2.8,1,-99,0,1,1,,,,,,,,,,,,,,,
DCY71_2371,,7/29/2024,DCY7,1,2371,,POPTRE,,2.6,1,-99,0,1,1,,,,,,,,,,,,,,,
DCY71_2372,,7/29/2024,DCY7,1,2372,,POPTRE,,3,1,-99,0,1,1,,,,,,,,,,,,,,,
DCY71_2373,,7/29/2024,DCY7,1,2373,,POPTRE,,2.9,1,-99,0,1,1,,,,,,,,,,,,,,,
DCY72_2374,,7/30/2024,DCY7,2,2374,,POPTRE,,4.2,1,-99,0,1,1,,,,,,,,,,,,,,,
DCY72_2375,,7/30/2024,DCY7,2,2375,,POPTRE,,3.2,1,-99,0,1,1,,,,,,,,,,,,,,,
DCY72_2376,,7/30/2024,DCY7,2,2376,,POPTRE,,5.3,1,-99,0,1,1,,,,,,,,,,,,,,,
DCY72_2377,,7/30/2024,DCY7,2,2377,,POPTRE,,2.5,1,-99,0,1,1,,,,,,,,,,,,,,,
DCY72_2378,,7/30/2024,DCY7,2,2378,,POPTRE,,3.7,1,-99,0,1,1,,,,,,,,,,,,,,,
DCY72_2379,,7/30/2024,DCY7,2,2379,,POPTRE,,2.8,1,-99,0,1,1,,,,,,,,,,,,,,,
DCY72_2380,,7/30/2024,DCY7,2,2380,,POPTRE,,2.6,1,-99,0,1,1,,,,,,,,,,,,,,,
DCY72_2381,,7/30/2024,DCY7,2,2381,,POPTRE,,3,1,-99,0,1,1,,,,,,,,,,,,,,,
DCY72_2382,,7/30/2024,DCY7,2,2382,,POPTRE,,2.7,1,-99,0,1,1,,,,,,,,,,,,,,,
DCY72_2383,,7/30/2024,DCY7,2,2383,,POPTRE,,3,1,-99,0,1,1,,,,,,,,,,,,,,,
DCY72_2384,,7/30/2024,DCY7,2,2384,,POPTRE,,3.2,1,-99,0,1,1,,,,,,,,,,,,,,,
DCY72_2385,,7/30/2024,DCY7,2,2385,,POPTRE,,4.6,1,-99,0,1,1,,,,,,,,,,,,,,,
DCY72_2386,,7/30/2024,DCY7,2,2386,,POPTRE,,3.7,1,-99,0,1,1,,,,,,,,,,,,,,,
DCY72_2387,,7/30/2024,DCY7,2,2387,,POPTRE,,3.3,1,-99,0,1,1,,,,,,,,,,,,,,,
DCY72_2388,,7/30/2024,DCY7,2,2388,,POPTRE,,3.3,1,-99,0,1,1,,,,,,,,,,,,,,,
DCY72_2389,,7/30/2024,DCY7,2,2389,,POPTRE,,3,1,-99,0,1,1,,,,scarred heavily at dbh,,,,,,,,,,,
DCY72_2390,,7/30/2024,DCY7,2,2390,,POPTRE,,3.7,1,-99,0,1,1,,,,,,,,,,,,,,,
DCY72_2391,,7/30/2024,DCY7,2,2391,,POPTRE,,2.8,1,-99,0,1,1,,,,,,,,,,,,,,,
DCY72_2392,,7/30/2024,DCY7,2,2392,,POPTRE,,3.3,1,-99,0,1,1,,,,,,,,,,,,,,,
DCY72_2393,,7/30/2024,DCY7,2,2393,,POPTRE,,2.5,1,-99,0,1,1,,,,,,,,,,,,,,,
DCY72_2394,,7/30/2024,DCY7,2,2394,,POPTRE,,3.6,1,-99,0,1,1,,,,,,,,,,,,,,,
DCY72_2395,,7/30/2024,DCY7,2,2395,,POPTRE,,2.7,1,-99,0,1,1,,,,,,,,,,,,,,,
DCY72_2396,,7/30/2024,DCY7,2,2396,,POPTRE,,2.6,1,-99,0,1,1,,,,,,,,,,,,,,,
DCY72_2397,,7/30/2024,DCY7,2,2397,,POPTRE,,3.1,1,-99,0,1,1,,,,,,,,,,,,,,,
DCY72_2398,,7/30/2024,DCY7,2,2398,,POPTRE,,2.6,1,-99,0,1,1,,,,,,,,,,,,,,,
DCY72_2399,,7/30/2024,DCY7,2,2399,,POPTRE,,3.8,1,-99,0,1,1,,,,,,,,,,,,,,,
DCY72_2400,,7/30/2024,DCY7,2,2400,,POPTRE,,2.8,1,-99,0,1,1,,,,,,,,,,,,,,,
DCY72_2401,,7/30/2024,DCY7,2,2401,,POPTRE,,2.8,1,-99,0,1,1,,,,,,,,,,,,,,,
DCY72_2402,,7/30/2024,DCY7,2,2402,,POPTRE,,2.6,1,-99,0,1,1,,,,,,,,,,,,,,,
DCY72_2403,,7/30/2024,DCY7,2,2403,,POPTRE,,4.4,1,-99,0,1,1,,,,,,,,,,,,,,,
DCY72_2404,,7/30/2024,DCY7,2,2404,,POPTRE,,3.2,1,-99,0,1,1,,,,,,,,,,,,,,,
DCY72_2405,,7/30/2024,DCY7,2,2405,,POPTRE,,2.9,1,-99,0,1,1,,,,,,,,,,,,,,,
DCY72_2406,,7/30/2024,DCY7,2,2406,,POPTRE,,3.4,1,-99,0,1,1,,,,,,,,,,,,,,,
DCY72_2407,,7/30/2024,DCY7,2,2407,,POPTRE,,3,1,-99,0,1,1,,,,,,,,,,,,,,,
DCY72_2408,,7/30/2024,DCY7,2,2408,,POPTRE,,3.2,1,-99,0,1,1,,,,,,,,,,,,,,,
DCY72_2409,,7/30/2024,DCY7,2,2409,,POPTRE,,3.9,1,-99,0,1,1,,,,,,,,,,,,,,,
DCY72_2410,,7/30/2024,DCY7,2,2410,,POPTRE,,3.3,1,-99,0,1,1,,,,,,,,,,,,,,,
DCY72_2411,,7/30/2024,DCY7,2,2411,,POPTRE,,2.7,1,-99,0,1,1,,,,,,,,,,,,,,,
DCY72_2412,,7/30/2024,DCY7,2,2412,,POPTRE,,2.6,1,-99,0,1,1,,,,,,,,,,,,,,,
DCY72_2413,,7/30/2024,DCY7,2,2413,,POPTRE,,3.2,1,-99,0,1,1,,,,,,,,,,,,,,,
DCY72_2414,,7/30/2024,DCY7,2,2414,,POPTRE,,2.7,1,-99,0,1,1,,,,,,,,,,,,,,,
DCY72_2415,,7/30/2024,DCY7,2,2415,,POPTRE,,3.1,1,-99,0,1,1,,,,,,,,,,,,,,,
DCY72_2416,,7/30/2024,DCY7,2,2416,,POPTRE,,2.6,1,-99,0,1,1,,,,,,,,,,,,,,,
DCY72_2417,,7/30/2024,DCY7,2,2417,,BETNEO,,3.8,1,-99,0,1,1,,,,,,,,,,,,,,,
DCY72_2418,,7/30/2024,DCY7,2,2418,,POPTRE ,,2.7,1,-99,0,1,1,,,,,,,,,,,,,,,
DCY72_2419,,7/30/2024,DCY7,2,2419,,POPTRE ,,3.5,1,-99,0,1,1,,,,,,,,,,,,,,,
DCY72_2420,,7/30/2024,DCY7,2,2420,,POPTRE ,,2.6,1,-99,0,1,1,,,,,,,,,,,,,,,
DCY72_2421,,7/30/2024,DCY7,2,2421,,POPTRE ,,2.7,1,-99,0,1,1,,,,,,,,,,,,,,,
DCY72_2422,,7/30/2024,DCY7,2,2422,,BETNEO,,3.7,1,-99,0,1,1,,,,,,,,,,,,,,,
DCY72_2423,,7/30/2024,DCY7,2,2423,,POPTRE,,2.5,1,-99,0,1,1,,,,,,,,,,,,,,,
DCY72_2424,,7/30/2024,DCY7,2,2424,,POPTRE,,2.9,1,-99,0,1,1,,,,,,,,,,,,,,,
DCY72_2425,,7/30/2024,DCY7,2,2425,,POPTRE,,3.3,1,-99,0,1,1,,,,,,,,,,,,,,,
DCY72_2426,,7/30/2024,DCY7,2,2426,,POPTRE,,4.4,1,-99,0,1,1,,,,,,,,,,,,,,,
DCY72_2427,,7/30/2024,DCY7,2,2427,,POPTRE,,2.9,1,-99,0,1,1,,,,,,,,,,,,,,,
DCY72_2428,,7/30/2024,DCY7,2,2428,,POPTRE,,3.5,1,-99,0,1,1,,,,,,,,,,,,,,,
DCY72_2429,,7/30/2024,DCY7,2,2429,,POPTRE,,2.6,1,-99,0,1,1,,,,,,,,,,,,,,,
DCY72_2430,,7/30/2024,DCY7,2,2430,,POPTRE,,2.8,1,-99,0,1,1,,,,,,,,,,,,,,,
DCY72_2431,,7/30/2024,DCY7,2,2431,,POPTRE,,3.6,1,-99,0,1,1,,,,,,,,,,,,,,,
DCY73_2432,,7/30/2024,DCY7,3,2432,,POPTRE ,,2.5,1,-99,0,1,1,,,,,,,,,,,,,,,
DCY73_2433,,7/30/2024,DCY7,3,2433,,POPTRE,,3.7,1,-99,0,1,1,,,,,,,,,,,,,,,
DCY73_2434,,7/30/2024,DCY7,3,2434,,POPTRE,,2.8,1,-99,0,1,1,,,,,,,,,,,,,,,
DCY73_2435,,7/30/2024,DCY7,3,2435,,POPTRE,,2.5,1,-99,0,1,1,,,,,,,,,,,,,,,
DCY73_2436,,7/30/2024,DCY7,3,2436,,POPTRE ,,3.5,1,-99,0,1,1,,,,,,,,,,,,,,,
DCY73_2437,,7/30/2024,DCY7,3,2437,,POPTRE,,3.1,1,-99,0,1,1,,,,,,,,,,,,,,,
DCY73_2438,,7/30/2024,DCY7,3,2438,,POPTRE,,2.5,1,-99,0,1,1,,,,,,,,,,,,,,,
DCY73_2439,,7/30/2024,DCY7,3,2439,,POPTRE,,2.5,1,-99,0,1,1,,,,,,,,,,,,,,,
DCY73_2440,,7/30/2024,DCY7,3,2440,,POPTRE ,,2.7,1,-99,0,1,1,,,,,,,,,,,,,,,
DCY73_2441,,7/30/2024,DCY7,3,2441,,POPTRE,,5.2,1,-99,0,1,1,,,,,,,,,,,,,,,
DCY73_2442,,7/30/2024,DCY7,3,2442,,POPTRE,,2.5,1,-99,0,1,1,,,,,,,,,,,,,,,
DCY73_2443,,7/30/2024,DCY7,3,2443,,POPTRE,,3.4,1,-99,0,1,1,,,,,,,,,,,,,,,
DCY73_2444,,7/30/2024,DCY7,3,2444,,POPTRE ,,4.7,1,-99,0,1,1,,,,,,,,,,,,,,,
DCY73_2445,,7/30/2024,DCY7,3,2445,,POPTRE,,2.5,1,-99,0,1,1,,,,,,,,,,,,,,,
DCY73_2446,,7/30/2024,DCY7,3,2446,,POPTRE,,3.6,1,-99,0,1,1,,,,,,,,,,,,,,,
DCY73_2447,,7/30/2024,DCY7,3,2447,,POPTRE,,3,1,-99,0,1,1,,,,,,,,,,,,,,,
DCY73_2448,,7/30/2024,DCY7,3,2448,,POPTRE ,,4.2,1,-99,0,1,1,,,,,,,,,,,,,,,
DCY73_2449,,7/30/2024,DCY7,3,2449,,POPTRE,,2.8,1,-99,0,1,1,,,,,,,,,,,,,,,
DCY73_2450,,7/30/2024,DCY7,3,2450,,POPTRE,,2.7,1,-99,0,1,1,,,,,,,,,,,,,,,
DCY73_2451,,7/30/2024,DCY7,3,2451,,POPTRE,,4.5,1,-99,0,1,1,,,,,,,,,,,,,,,
DCY73_2452,,7/30/2024,DCY7,3,2452,,POPTRE,,3,1,-99,0,1,1,,,,,,,,,,,,,,,
DCY73_2453,,7/30/2024,DCY7,3,2453,,POPTRE,,2.7,1,-99,0,1,1,,,,,,,,,,,,,,,
DCY73_2454,,7/30/2024,DCY7,3,2454,,POPTRE,,2.6,1,-99,0,1,1,,,,,,,,,,,,,,,
DCY73_2455,,7/30/2024,DCY7,3,2455,,POPTRE,,3.4,1,-99,0,1,1,,,,,,,,,,,,,,,
DCY73_2456,,7/30/2024,DCY7,3,2456,,POPTRE,,2.7,1,-99,0,1,1,,,,,,,,,,,,,,,
DCY73_2457,,7/30/2024,DCY7,3,2457,,POPTRE,,2.6,1,-99,0,1,1,,,,,,,,,,,,,,,
DCY73_2458,,7/30/2024,DCY7,3,2458,,POPTRE,,5.1,1,-99,0,1,1,,,,,,,,,,,,,,,
DCY73_2459,,7/30/2024,DCY7,3,2459,,POPTRE,,3.4,1,-99,0,1,1,,,,,,,,,,,,,,,
DCY73_2460,,7/30/2024,DCY7,3,2460,,POPTRE,,3.3,1,-99,0,1,1,,,,,,,,,,,,,,,
DCY73_2461,,7/30/2024,DCY7,3,2461,,POPTRE,,3,1,-99,0,1,1,,,,,,,,,,,,,,,
DCY73_2462,,7/30/2024,DCY7,3,2462,,POPTRE,,2.9,1,-99,0,1,1,,,,,,,,,,,,,,,
DCY73_2463,,7/30/2024,DCY7,3,2463,,POPTRE,,3.3,1,-99,0,1,1,,,,,,,,,,,,,,,
DCY73_2464,,7/30/2024,DCY7,3,2464,,POPTRE,,2.8,1,-99,0,1,1,,,,,,,,,,,,,,,
DCY73_2465,,7/30/2024,DCY7,3,2465,,POPTRE,,2.5,1,-99,0,1,1,,,,,,,,,,,,,,,
DCY73_2466,,7/30/2024,DCY7,3,2466,,POPTRE,,4,1,-99,0,1,1,,,,,,,,,,,,,,,
DCY73_2467,,7/30/2024,DCY7,3,2467,,POPTRE,,3.2,1,-99,0,1,1,,,,,,,,,,,,,,,
DCY73_2468,,7/30/2024,DCY7,3,2468,,POPTRE,,2.8,1,-99,0,1,1,,,,,,,,,,,,,,,
DCY73_2469,,7/30/2024,DCY7,3,2469,,POPTRE,,4.7,1,-99,0,1,1,,,,,,,,,,,,,,,
DCY73_2470,,7/30/2024,DCY7,3,2470,,POPTRE,,3,1,-99,0,1,1,,,,,,,,,,,,,,,
DCY74_2471,,7/30/2024,DCY7,4,2471,,POPTRE,,3.8,1,-99,0,1,1,,,,,,,,,,,,,,,
DCY74_2472,,7/30/2024,DCY7,4,2472,,POPTRE,,3,1,-99,0,1,1,,,,,,,,,,,,,,,
DCY74_2473,,7/30/2024,DCY7,4,2473,,POPTRE,,2.5,1,-99,0,1,1,,,,,,,,,,,,,,,
DCY74_2474,,7/30/2024,DCY7,4,2474,,POPTRE,,3.3,1,-99,0,1,1,,,,,,,,,,,,,,,
DCY74_2475,,7/30/2024,DCY7,4,2475,,POPTRE,,4.1,1,-99,0,1,1,,,,,,,,,,,,,,,
DCY74_2476,,7/30/2024,DCY7,4,2476,,POPTRE,,3.9,1,-99,0,1,1,,,,,,,,,,,,,,,
DCY74_2477,,7/30/2024,DCY7,4,2477,,POPTRE,,2.8,1,-99,0,1,1,,,,,,,,,,,,,,,
DCY74_2478,,7/30/2024,DCY7,4,2478,,POPTRE,,3.1,1,-99,0,1,1,,,,,,,,,,,,,,,
DCY74_2479,,7/30/2024,DCY7,4,2479,,POPTRE,,4.8,1,-99,0,1,1,,,,,,,,,,,,,,,
DCY74_2480,,7/30/2024,DCY7,4,2480,,POPTRE,,4.6,1,-99,0,1,1,,,,,,,,,,,,,,,
DCY74_2481,,7/30/2024,DCY7,4,2481,,POPTRE,,3.1,1,-99,0,1,1,,,,,,,,,,,,,,,
DCY74_2482,,7/30/2024,DCY7,4,2482,,POPTRE,,3.1,1,-99,0,1,1,,,,,,,,,,,,,,,
DCY74_2483,,7/30/2024,DCY7,4,2483,,POPTRE,,3.5,1,-99,0,1,1,,,,,,,,,,,,,,,
DCY74_2484,,7/30/2024,DCY7,4,2484,,POPTRE,,4.3,1,-99,0,1,1,,,,,,,,,,,,,,,
DCY74_2485,,7/30/2024,DCY7,4,2485,,POPTRE,,3,1,-99,0,1,1,,,,,,,,,,,,,,,
DCY74_2486,,7/30/2024,DCY7,4,2486,,POPTRE,,2.7,1,-99,0,1,1,,,,,,,,,,,,,,,
DCY74_2487,,7/30/2024,DCY7,4,2487,,POPTRE,,3.5,1,-99,0,1,1,,,,,,,,,,,,,,,
DCY74_2488,,7/30/2024,DCY7,4,2488,,POPTRE,,2.8,1,-99,0,1,1,,,,,,,,,,,,,,,
DCY74_2489,,7/30/2024,DCY7,4,2489,,POPTRE,,2.8,1,-99,0,1,1,,,,,,,,,,,,,,,
DCY74_2490,,7/30/2024,DCY7,4,2490,,POPTRE,,4.4,1,-99,0,1,1,,,,,,,,,,,,,,,
DCY74_2491,,7/30/2024,DCY7,4,2491,,POPTRE,,2.7,1,-99,0,1,1,,,,,,,,,,,,,,,
DCY74_2492,,7/30/2024,DCY7,4,2492,,POPTRE,,2.6,1,-99,0,1,1,,,,,,,,,,,,,,,
DCY74_2493,,7/30/2024,DCY7,4,2493,,POPTRE,,3.5,1,-99,0,1,1,,,,,,,,,,,,,,,
DCY74_2494,,7/30/2024,DCY7,4,2494,,POPTRE,,4,1,-99,0,1,1,,,,,,,,,,,,,,,
DCY74_2495,,7/30/2024,DCY7,4,2495,,POPTRE,,3.3,1,-99,0,1,1,,,,,,,,,,,,,,,
DCY74_2496,,7/30/2024,DCY7,4,2496,,POPTRE,,3.4,1,-99,0,1,1,,,,,,,,,,,,,,,
DCY74_2497,,7/30/2024,DCY7,4,2497,,POPTRE,,4.1,1,-99,0,1,1,,,,,,,,,,,,,,,
DCY74_2498,,7/30/2024,DCY7,4,2498,,POPTRE,,3.3,1,-99,0,1,1,,,,,,,,,,,,,,,
DCY74_2499,,7/30/2024,DCY7,4,2499,,POPTRE,,2.9,1,-99,0,1,1,,,,,,,,,,,,,,,
DCY74_2500,,7/30/2024,DCY7,4,2500,,POPTRE,,2.6,1,-99,0,1,1,,,,,,,,,,,,,,,
DCY74_2501,,7/30/2024,DCY7,4,2501,,POPTRE,,2.5,1,-99,0,1,1,,,,,,,,,,,,,,,
DCY74_2502,,7/30/2024,DCY7,4,2502,,POPTRE,,2.5,1,-99,0,1,1,,,,,,,,,,,,,,,
DCY74_2503,,7/30/2024,DCY7,4,2503,,POPTRE,,2.6,1,-99,0,1,1,,,,,,,,,,,,,,,
DCY74_2504,,7/30/2024,DCY7,4,2504,,POPTRE,,2.9,1,-99,0,1,1,,,,,,,,,,,,,,,
DCY74_2505,,7/30/2024,DCY7,4,2505,,POPTRE,,3.9,1,-99,0,1,1,,,,,,,,,,,,,,,
DCY74_2506,,7/30/2024,DCY7,4,2506,,POPTRE,,2.6,1,-99,0,1,1,,,,,,,,,,,,,,,
DCY74_2507,,7/30/2024,DCY7,4,2507,,POPTRE,,4,1,-99,0,1,1,,,,,,,,,,,,,,,
DCY74_2508,,7/30/2024,DCY7,4,2508,,POPTRE,,3.3,1,-99,0,1,1,,,,,,,,,,,,,,,
DCY74_2509,,7/30/2024,DCY7,4,2509,,POPTRE,,3.6,1,-99,0,1,1,,,,,,,,,,,,,,,
DCY76_2510,,7/30/2024,DCY7,6,2510,,POPTRE,,3,1,-99,0,1,1,,,,,,,,,,,,,,,
DCY76_2511,,7/30/2024,DCY7,6,2511,,BETNEO,,2.5,1,-99,0,1,1,,,,,,,,,,,,,,,
DCY76_2512,,7/30/2024,DCY7,6,2512,,POPTRE ,,2.8,1,-99,0,1,1,,,,,,,,,,,,,,,
DCY76_2513,,7/30/2024,DCY7,6,2513,,POPTRE ,,2.7,1,-99,0,1,1,,,,,,,,,,,,,,,
DCY76_2514,,7/30/2024,DCY7,6,2514,,POPTRE ,,3.5,1,-99,0,1,1,,,,,,,,,,,,,,,
DCY76_2515,,7/30/2024,DCY7,6,2515,,POPTRE ,,2.9,1,-99,0,1,1,,,,,,,,,,,,,,,
DCY76_2516,,7/30/2024,DCY7,6,2516,,POPTRE ,,3.1,1,-99,0,1,1,,,,,,,,,,,,,,,
DCY76_2517,,7/30/2024,DCY7,6,2517,,POPTRE ,,2.5,1,-99,0,1,1,,,,,,,,,,,,,,,
DCY76_2518,,7/30/2024,DCY7,6,2518,,POPTRE ,,3.1,1,-99,0,1,1,,,,,,,,,,,,,,,
DCY76_2519,,7/30/2024,DCY7,6,2519,,POPTRE ,,3,1,-99,0,1,1,,,,,,,,,,,,,,,
DCY76_2520,,7/30/2024,DCY7,6,2520,,POPTRE ,,2.7,1,-99,0,1,1,,,,,,,,,,,,,,,
DCY76_2521,,7/30/2024,DCY7,6,2521,,POPTRE ,,3.7,1,-99,0,1,1,,,,,,,,,,,,,,,
DCY76_2522,,7/30/2024,DCY7,6,2522,,POPTRE ,,2.6,1,-99,0,1,1,,,,,,,,,,,,,,,
DCY76_2523,,7/30/2024,DCY7,6,2523,,POPTRE ,,3.2,1,-99,0,1,1,Scarring above dbh,,,,,,,,,,,,,,
DCY76_2524,,7/30/2024,DCY7,6,2524,,POPTRE ,,2.6,1,-99,0,1,1,,,,,,,,,,,,,,,
DCY76_2525,,7/30/2024,DCY7,6,2525,,POPTRE ,,2.5,1,-99,0,1,1,,,,,,,,,,,,,,,
DCY76_2526,,7/30/2024,DCY7,6,2526,,POPTRE ,,3,1,-99,0,1,1,,,,,,,,,,,,,,,
DCY76_2527,,7/30/2024,DCY7,6,2527,,POPTRE ,,5.3,1,-99,0,1,1,,,,,,,,,,,,,,,
DCY76_2528,,7/30/2024,DCY7,6,2528,,POPTRE ,,3.7,1,-99,0,1,1,,,,,,,,,,,,,,,
DCY76_2529,,7/30/2024,DCY7,6,2529,,POPTRE ,,2.8,1,-99,0,1,1,,,,,,,,,,,,,,,
DCY76_2530,,7/30/2024,DCY7,6,2530,,POPTRE ,,2.8,1,-99,0,1,1,,,,,,,,,,,,,,,
DCY76_2531,,7/30/2024,DCY7,6,2531,,POPTRE ,,2.9,1,-99,0,1,1,,,,,,,,,,,,,,,
DCY76_2532,,7/30/2024,DCY7,6,2532,,POPTRE ,,3.6,1,-99,0,1,1,,,,,,,,,,,,,,,
DCY76_2533,,7/30/2024,DCY7,6,2533,,POPTRE ,,2.5,1,-99,0,1,1,,,,,,,,,,,,,,,
DCY77_2534,,7/30/2024,DCY7,7,2534,,POPTRE ,,3.2,1,-99,0,1,1,,,,,,,,,,,,,,,
DCY77_2535,,7/30/2024,DCY7,7,2535,,POPTRE ,,3.7,1,-99,0,1,1,,,,,,,,,,,,,,,
DCY77_2536,,7/30/2024,DCY7,7,2536,,POPTRE ,,4,1,-99,0,1,1,,,,,,,,,,,,,,,
DCY77_2537,,7/30/2024,DCY7,7,2537,,POPTRE ,,3.1,1,-99,0,1,1,,,,,,,,,,,,,,,
DCY77_2538,,7/30/2024,DCY7,7,2538,,POPTRE ,,2.8,1,-99,0,1,1,,,,,,,,,,,,,,,
DCY77_2539,,7/30/2024,DCY7,7,2539,,POPTRE ,,3.5,1,-99,0,1,1,,,,,,,,,,,,,,,
DCY77_2540,,7/30/2024,DCY7,7,2540,,POPTRE ,,3.1,1,-99,0,1,1,,,,,,,,,,,,,,,
DCY77_2541,,7/30/2024,DCY7,7,2541,,POPTRE ,,3.1,1,-99,0,1,1,,,,,,,,,,,,,,,
DCY77_2542,,7/30/2024,DCY7,7,2542,,POPTRE ,,3.2,1,-99,0,1,1,,,,,,,,,,,,,,,
DCY77_2543,,7/30/2024,DCY7,7,2543,,POPTRE ,,3.1,1,-99,0,1,1,,,,,,,,,,,,,,,
DCY77_2544,,7/30/2024,DCY7,7,2544,,POPTRE ,,3,1,-99,0,1,1,,,,,,,,,,,,,,,
DCY77_2545,,7/30/2024,DCY7,7,2545,,POPTRE ,,3.2,1,-99,0,1,1,,,,,,,,,,,,,,,
DCY77_2546,,7/30/2024,DCY7,7,2546,,POPTRE ,,2.8,1,-99,0,1,1,,,,,,,,,,,,,,,
DCY77_2547,,7/30/2024,DCY7,7,2547,,POPTRE ,,2.5,1,-99,0,1,1,,,,,,,,,,,,,,,
DCY77_2548,,7/30/2024,DCY7,7,2548,,POPTRE ,,2.7,1,-99,0,1,1,,,,,,,,,,,,,,,
DCY77_2549,,7/30/2024,DCY7,7,2549,,POPTRE ,,3,1,-99,0,1,1,,,,,,,,,,,,,,,
DCY77_2550,,7/30/2024,DCY7,7,2550,,POPTRE ,,3.7,1,-99,0,1,1,,,,,,,,,,,,,,,
DCY77_2551,,7/30/2024,DCY7,7,2551,,POPTRE ,,3.4,1,-99,0,1,1,,,,,,,,,,,,,,,
DCY77_2552,,7/30/2024,DCY7,7,2552,,POPTRE ,,2.6,1,-99,0,1,1,,,,,,,,,,,,,,,
DCY77_2553,,7/30/2024,DCY7,7,2553,,POPTRE ,,3.6,1,-99,0,1,1,,,,,,,,,,,,,,,
DCY77_2554,,7/30/2024,DCY7,7,2554,,POPTRE ,,3.6,1,-99,0,1,1,,,,,,,,,,,,,,,
DCY77_2555,,7/30/2024,DCY7,7,2555,,POPTRE ,,3.5,1,-99,0,1,1,,,,,,,,,,,,,,,
DCY77_2556,,7/30/2024,DCY7,7,2556,,POPTRE ,,3.2,1,-99,0,1,1,,,,,,,,,,,,,,,
DCY77_2557,,7/30/2024,DCY7,7,2557,,POPTRE ,,3,1,-99,0,1,1,,,,,,,,,,,,,,,
DCY77_2558,,7/30/2024,DCY7,7,2558,,POPTRE ,,3,1,-99,0,1,1,,,,,,,,,,,,,,,
DCY77_2559,,7/30/2024,DCY7,7,2559,,POPTRE ,,2.7,1,-99,0,1,1,,,,,,,,,,,,,,,
DCY77_2560,,7/30/2024,DCY7,7,2560,,POPTRE ,,3.7,1,-99,0,1,1,,,,,,,,,,,,,,,
DCY77_2561,,7/30/2024,DCY7,7,2561,,POPTRE ,,4.1,1,-99,0,1,1,,,,,,,,,,,,,,,
DCY77_2562,,7/30/2024,DCY7,7,2562,,POPTRE ,,3.1,1,-99,0,1,1,,,,,,,,,,,,,,,
DCY77_2563,,7/30/2024,DCY7,7,2563,,POPTRE ,,2.5,1,-99,0,1,1,,,,,,,,,,,,,,,
DCY77_2564,,7/30/2024,DCY7,7,2564,,POPTRE ,,2.7,1,-99,0,1,1,,,,,,,,,,,,,,,
DCY77_2565,,7/30/2024,DCY7,7,2565,,POPTRE ,,2.5,1,-99,0,1,1,,,,,,,,,,,,,,,
DCY77_2566,,7/30/2024,DCY7,7,2566,,POPTRE ,,3,1,-99,0,1,1,,,,,,,,,,,,,,,
DCY77_2567,,7/30/2024,DCY7,7,2567,,POPTRE ,,2.7,1,-99,0,1,1,,,,,,,,,,,,,,,
DCY77_2568,,7/30/2024,DCY7,7,2568,,POPTRE ,,2.7,1,-99,0,1,1,,,,,,,,,,,,,,,
DCY77_2569,,7/30/2024,DCY7,7,2569,,POPTRE ,,2.5,1,-99,0,1,1,,,,,,,,,,,,,,,
DCY77_2570,,7/30/2024,DCY7,7,2570,,POPTRE ,,2.9,1,-99,0,1,1,,,,,,,,,,,,,,,
DCY77_2571,,7/30/2024,DCY7,7,2571,,POPTRE ,,2.7,1,-99,0,1,1,,,,,,,,,,,,,,,
DCY77_2572,,7/30/2024,DCY7,7,2572,,POPTRE ,,2.8,1,-99,0,1,1,,,,,,,,,,,,,,,
DCY77_2573,,7/30/2024,DCY7,7,2573,,POPTRE ,,4.3,1,-99,0,1,1,,,,,,,,,,,,,,,
DCY78_2574,,7/30/2024,DCY7,8,2574,,POPTRE ,,4.3,1,-99,0,1,1,,,,,,,,,,,,,,,
DCY78_2575,,7/30/2024,DCY7,8,2575,,POPTRE ,,3.2,1,-99,0,1,1,,,,,,,,,,,,,,,
DCY78_2576,,7/30/2024,DCY7,8,2576,,POPTRE ,,3.5,1,-99,0,1,1,,,,,,,,,,,,,,,
DCY78_2577,,7/30/2024,DCY7,8,2577,,POPTRE ,,3,1,-99,0,1,1,,,,,,,,,,,,,,,
DCY78_2578,,7/30/2024,DCY7,8,2578,,POPTRE ,,3.5,1,-99,0,1,1,,,,,,,,,,,,,,,
DCY78_2579,,7/30/2024,DCY7,8,2579,,POPTRE ,,3.2,1,-99,0,1,1,,,,,,,,,,,,,,,
DCY78_2580,,7/30/2024,DCY7,8,2580,,POPTRE ,,3.5,1,-99,0,1,1,,,,,,,,,,,,,,,
DCY78_2581,,7/30/2024,DCY7,8,2581,,POPTRE ,,2.6,1,-99,0,1,1,,,,,,,,,,,,,,,
DCY78_2582,,7/30/2024,DCY7,8,2582,,POPTRE ,,4.4,1,-99,0,1,1,,,,,,,,,,,,,,,
DCY78_2583,,7/30/2024,DCY7,8,2583,,POPTRE ,,3.1,1,-99,0,1,1,,,,,,,,,,,,,,,
DCY78_2584,,7/30/2024,DCY7,8,2584,,POPTRE ,,2.7,1,-99,0,1,1,,,,,,,,,,,,,,,
DCY78_2585,,7/30/2024,DCY7,8,2585,,POPTRE ,,2.5,1,-99,0,1,1,,,,,,,,,,,,,,,
DCY78_2586,,7/30/2024,DCY7,8,2586,,POPTRE ,,2.7,1,-99,0,1,1,,,,,,,,,,,,,,,
DCY78_2587,,7/30/2024,DCY7,8,2587,,POPTRE ,,3.2,1,-99,0,1,1,,,,,,,,,,,,,,,
DCY78_2588,,7/30/2024,DCY7,8,2588,,POPTRE ,,2.5,1,-99,0,1,1,,,,,,,,,,,,,,,
DCY78_2589,,7/30/2024,DCY7,8,2589,,POPTRE ,,3.3,1,-99,0,1,1,,,,,,,,,,,,,,,
DCY78_2590,,7/30/2024,DCY7,8,2590,,POPTRE ,,2.6,1,-99,0,1,1,,,,,,,,,,,,,,,
DCY78_2591,,7/30/2024,DCY7,8,2591,,POPTRE ,,2.8,1,-99,0,1,1,,,,,,,,,,,,,,,
DCY78_2592,,7/30/2024,DCY7,8,2592,,POPTRE ,,3.6,1,-99,0,1,1,,,,,,,,,,,,,,,
DCY78_2593,,7/30/2024,DCY7,8,2593,,POPTRE ,,2.8,1,-99,0,1,1,,,,,,,,,,,,,,,
DCY78_2594,,7/30/2024,DCY7,8,2594,,POPTRE ,,3.3,1,-99,0,1,1,,,,,,,,,,,,,,,
DCY78_2595,,7/30/2024,DCY7,8,2595,,POPTRE ,,3.2,1,-99,0,1,1,,,,,,,,,,,,,,,
DCY79_2596,,7/30/2024,DCY7,9,2596,,POPTRE ,,3.1,1,-99,0,1,1,,,,,,,,,,,,,,,
DCY79_2597,,7/30/2024,DCY7,9,2597,,POPTRE ,,3.2,1,-99,0,1,1,,,,,,,,,,,,,,,
DCY79_2598,,7/30/2024,DCY7,9,2598,,POPTRE ,,2.8,1,-99,0,1,1,,,,,,,,,,,,,,,
DCY79_2599,,7/30/2024,DCY7,9,2599,,POPTRE ,,3.2,1,-99,0,1,1,,,,,,,,,,,,,,,
DCY79_2600,,7/30/2024,DCY7,9,2600,,POPTRE ,,2.6,1,-99,0,1,1,,,,,,,,,,,,,,,
DCY79_2601,,7/30/2024,DCY7,9,2601,,POPTRE ,,2.8,1,-99,0,1,1,,,,,,,,,,,,,,,
DCY79_2602,,7/30/2024,DCY7,9,2602,,POPTRE ,,2.9,1,-99,0,1,1,,,,,,,,,,,,,,,
DCY79_2603,,7/30/2024,DCY7,9,2603,,POPTRE ,,3.3,1,-99,0,1,1,,,,,,,,,,,,,,,
DCY79_2604,,7/30/2024,DCY7,9,2604,,POPTRE ,,2.7,1,-99,0,1,1,,,,,,,,,,,,,,,
DCY79_2605,,7/30/2024,DCY7,9,2605,,POPTRE ,,3.2,1,-99,0,1,1,,,,galls above and below dbh,,,,,,,,,,,
DCY79_2606,,7/30/2024,DCY7,9,2606,,POPTRE ,,3.7,1,-99,0,1,1,,,,,,,,,,,,,,,
DCY79_2607,,7/30/2024,DCY7,9,2607,,POPTRE ,,2.7,1,-99,0,1,1,,,,,,,,,,,,,,,
DCY79_2608,,7/30/2024,DCY7,9,2608,,POPTRE ,,3,1,-99,0,1,1,,,,,,,,,,,,,,,
DCY79_2609,,7/30/2024,DCY7,9,2609,,POPTRE ,,3.2,1,-99,0,1,1,,,,,,,,,,,,,,,
DCY79_2610,,7/30/2024,DCY7,9,2610,,POPTRE ,,3.6,1,-99,0,1,1,,,,,,,,,,,,,,,
DCY79_2611,,7/30/2024,DCY7,9,2611,,POPTRE ,,2.6,1,-99,0,1,1,,,,,,,,,,,,,,,
DCY79_2612,,7/30/2024,DCY7,9,2612,,POPTRE ,,2.5,1,-99,0,1,1,,,,,,,,,,,,,,,
DCY79_2613,,7/30/2024,DCY7,9,2613,,POPTRE ,,2.8,1,-99,0,1,1,,,,,,,,,,,,,,,
DCY79_2614,,7/30/2024,DCY7,9,2614,,POPTRE ,,3.3,1,-99,0,1,1,,,,,,,,,,,,,,,
DCY79_2615,,7/30/2024,DCY7,9,2615,,POPTRE ,,3.2,1,-99,0,1,1,,,,,,,,,,,,,,,
DCY79_2616,,7/30/2024,DCY7,9,2616,,POPTRE ,,4,1,-99,0,1,1,,,,,,,,,,,,,,,
DCY79_2617,,7/30/2024,DCY7,9,2617,,POPTRE ,,2.5,1,-99,0,1,1,,,,,,,,,,,,,,,
DCY79_2618,,7/30/2024,DCY7,9,2618,,POPTRE ,,3,1,-99,0,1,1,,,,,,,,,,,,,,,
DCY79_2619,,7/30/2024,DCY7,9,2619,,POPTRE ,,2.9,1,-99,0,1,1,,,,,,,,,,,,,,,
DCY79_2620,,7/30/2024,DCY7,9,2620,,POPTRE ,,2.9,1,-99,0,1,1,,,,gall at dbh,,,,,,,,,,,
DCY79_2621,,7/30/2024,DCY7,9,2621,,POPTRE ,,2.5,1,-99,0,1,1,,,,,,,,,,,,,,,
DCY79_2622,,7/30/2024,DCY7,9,2622,,POPTRE ,,4.4,1,-99,0,1,1,,,,,,,,,,,,,,,
DCY79_2623,,7/30/2024,DCY7,9,2623,,POPTRE ,,2.8,1,-99,0,1,1,,,,,,,,,,,,,,,
DCY79_2624,,7/30/2024,DCY7,9,2624,,POPTRE ,,4.8,1,-99,0,1,1,,,,,,,,,,,,,,,
DCY79_2625,,7/30/2024,DCY7,9,2625,,POPTRE ,,3.9,1,-99,0,1,1,,,,,,,,,,,,,,,
DCY79_2626,,7/30/2024,DCY7,9,2626,,POPTRE ,,2.7,1,-99,0,1,1,,,,,,,,,,,,,,,
DCY79_2627,,7/30/2024,DCY7,9,2627,,POPTRE ,,3.3,1,-99,0,1,1,,,,,,,,,,,,,,,
DCY79_2628,,7/30/2024,DCY7,9,2628,,POPTRE ,,4.3,1,-99,0,1,1,,,,,,,,,,,,,,,
DCY79_2629,,7/30/2024,DCY7,9,2629,,POPTRE ,,4,1,-99,0,1,1,,,,,,,,,,,,,,,
DCY79_2630,,7/30/2024,DCY7,9,2630,,POPTRE ,,2.5,1,-99,0,1,1,,,,,,,,,,,,,,,
DCY79_2631,,7/30/2024,DCY7,9,2631,,POPTRE ,,3.5,1,-99,0,1,1,,,,,,,,,,,,,,,
DCY79_2632,,7/30/2024,DCY7,9,2632,,POPTRE ,,2.8,1,-99,0,1,1,,,,,,,,,,,,,,,
DCY79_2633,,7/30/2024,DCY7,9,2633,,POPTRE ,,3.2,1,-99,0,1,1,,,,,,,,,,,,,,,
DCY79_2634,,7/30/2024,DCY7,9,2634,,POPTRE ,,2.7,1,-99,0,1,1,,,,,,,,,,,,,,,
DCY79_2635,,7/30/2024,DCY7,9,2635,,POPTRE ,,3.1,1,-99,0,1,1,,,,,,,,,,,,,,,
DCY79_2636,,7/30/2024,DCY7,9,2636,,POPTRE ,,5.2,1,-99,0,1,1,,,,,,,,,,,,,,,
DCY79_2637,,7/30/2024,DCY7,9,2637,,POPTRE ,,3.7,1,-99,0,1,1,,,,,,,,,,,,,,,
DCY79_2638,,7/30/2024,DCY7,9,2638,,POPTRE ,,2.8,1,-99,0,1,1,,,,,,,,,,,,,,,
DCY79_2639,,7/30/2024,DCY7,9,2639,,POPTRE ,,2.6,1,-99,0,1,1,,,,,,,,,,,,,,,
DCY79_2640,,7/30/2024,DCY7,9,2640,,POPTRE ,,3.5,1,-99,0,1,1,,,,,,,,,,,,,,,
DCY79_2641,,7/30/2024,DCY7,9,2641,,POPTRE ,,3.7,1,-99,0,1,1,,,,,,,,,,,,,,,
DCY79_2642,,7/30/2024,DCY7,9,2642,,POPTRE ,,3.4,1,-99,0,1,1,,,,,,,,,,,,,,,
DCY79_2643,,7/30/2024,DCY7,9,2643,,BETNEO ,,3.5,1,-99,0,1,1,,,,,,,,,,,,,,,
DCY79_2644,,7/30/2024,DCY7,9,2644,,POPTRE ,,3,1,-99,0,1,1,,,,,,,,,,,,,,,
DCY79_2645,,7/30/2024,DCY7,9,2645,,POPTRE ,,3.1,1,-99,0,1,1,,,,,,,,,,,,,,,
DCY79_2646,,7/30/2024,DCY7,9,2646,,POPTRE ,,4.3,1,-99,0,1,1,,,,,,,,,,,,,,,
DCY79_2647,,7/30/2024,DCY7,9,2647,,POPTRE ,,2.5,1,-99,0,1,1,,,,,,,,,,,,,,,
DCY79_2648,,7/30/2024,DCY7,9,2648,,POPTRE ,,2.9,1,-99,0,1,1,,,,,,,,,,,,,,,
DCY79_2649,,7/30/2024,DCY7,9,2649,,POPTRE ,,3.2,1,-99,0,1,1,,,,,,,,,,,,,,,
DCY79_2650,,7/30/2024,DCY7,9,2650,,POPTRE ,,3,1,-99,0,1,1,,,,,,,,,,,,,,,
DCY711_2651,,7/30/2024,DCY7,11,2651,,POPTRE ,,2.8,1,-99,0,1,1,,,,,,,,,,,,,,,
DCY711_2652,,7/30/2024,DCY7,11,2652,,POPTRE ,,2.5,1,-99,0,1,1,,,,,,,,,,,,,,,
DCY711_2653,,7/30/2024,DCY7,11,2653,,POPTRE ,,2.9,1,-99,0,1,1,,,,,,,,,,,,,,,
DCY711_2654,,7/30/2024,DCY7,11,2654,,POPTRE ,,2.5,1,-99,0,1,1,,,,,,,,,,,,,,,
DCY711_2655,,7/30/2024,DCY7,11,2655,,POPTRE ,,2.8,1,-99,0,1,1,,,,,,,,,,,,,,,
DCY711_2656,,7/30/2024,DCY7,11,2656,,POPTRE ,,3.2,1,-99,0,1,1,,,,,,,,,,,,,,,
DCY711_2657,,7/30/2024,DCY7,11,2657,,POPTRE ,,2.7,1,-99,0,1,1,,,,,,,,,,,,,,,
DCY711_2658,,7/30/2024,DCY7,11,2658,,POPTRE ,,3,1,-99,0,1,1,,,,,,,,,,,,,,,
DCY711_2659,,7/30/2024,DCY7,11,2659,,POPTRE ,,2.6,1,-99,0,1,1,,,,,,,,,,,,,,,
DCY711_2660,,7/30/2024,DCY7,11,2660,,POPTRE ,-,3.4,1,-99,0,1,1,,,,,,,,,,,,,,,
DCY711_2661,,7/30/2024,DCY7,11,2661,,POPTRE ,,3.4,1,-99,0,1,1,,,,,,,,,,,,,,,
DCY711_2662,,7/30/2024,DCY7,11,2662,,POPTRE ,,3.4,1,-99,0,1,1,,,,,,,,,,,,,,,
DCY711_2663,,7/30/2024,DCY7,11,2663,,POPTRE ,,3,1,-99,0,1,1,,,,,,,,,,,,,,,
DCY711_2664,,7/30/2024,DCY7,11,2664,,POPTRE ,,3.5,1,-99,0,1,1,,,,,,,,,,,,,,,
DCY711_2665,,7/30/2024,DCY7,11,2665,,POPTRE ,,2.8,1,-99,0,1,1,,,,,,,,,,,,,,,
DCY711_2666,,7/30/2024,DCY7,11,2666,,POPTRE ,,3,1,-99,0,1,1,,,,,,,,,,,,,,,
DCY711_2667,,7/30/2024,DCY7,11,2667,,POPTRE ,,3.5,1,-99,0,1,1,,,,,,,,,,,,,,,
DCY711_2668,,7/30/2024,DCY7,11,2668,,POPTRE ,,3.9,1,-99,0,1,1,,,,,,,,,,,,,,,
DCY711_2669,,7/30/2024,DCY7,11,2669,,POPTRE ,,3,1,-99,0,1,1,,,,,,,,,,,,,,,
DCY711_2670,,7/30/2024,DCY7,11,2670,,BETNEO,,2.5,1,-99,0,1,1,,,,,,,,,,,,,,,
DCY711_2671,,7/30/2024,DCY7,11,2671,,POPTRE ,,2.7,1,-99,0,1,1,,,,,,,,,,,,,,,
DCY711_2672,,7/30/2024,DCY7,11,2672,,POPTRE ,,2.6,1,-99,0,1,1,,,,,,,,,,,,,,,
DCY711_2673,,7/30/2024,DCY7,11,2673,,POPTRE ,,3,1,-99,0,1,1,,,,,,,,,,,,,,,
DCY711_2674,,7/30/2024,DCY7,11,2674,,POPTRE ,,2.8,1,-99,0,1,1,,,,,,,,,,,,,,,
DCY711_2675,,7/30/2024,DCY7,11,2675,,POPTRE ,,2.9,1,-99,0,1,1,,,,,,,,,,,,,,,
DCY711_2676,,7/30/2024,DCY7,11,2676,,POPTRE ,,2.6,1,-99,0,1,1,,,,,,,,,,,,,,,
DCY711_2677,,7/30/2024,DCY7,11,2677,,POPTRE ,,2.8,1,-99,0,1,1,,,,,,,,,,,,,,,
DCY712_2678,,7/30/2024,DCY7,12,2678,,POPTRE ,,3,1,-99,0,1,1,,,,,,,,,,,,,,,
DCY712_2679,,7/30/2024,DCY7,12,2679,,POPTRE ,,3.5,1,-99,0,1,1,,,,,,,,,,,,,,,
DCY712_2680,,7/30/2024,DCY7,12,2680,,POPTRE ,,3.5,1,-99,0,1,1,,,,,,,,,,,,,,,
DCY712_2681,,7/30/2024,DCY7,12,2681,,POPTRE ,,2.8,1,-99,0,1,1,,,,,,,,,,,,,,,
DCY712_2682,,7/30/2024,DCY7,12,2682,,POPTRE ,,3,1,-99,0,1,1,,,,,,,,,,,,,,,
DCY712_2683,,7/30/2024,DCY7,12,2683,,POPTRE ,,2.6,1,-99,0,1,1,,,,,,,,,,,,,,,
DCY712_2684,,7/30/2024,DCY7,12,2684,,POPTRE ,,3.7,1,-99,0,1,1,,,,,,,,,,,,,,,
DCY712_2685,,7/30/2024,DCY7,12,2685,,BETNEO,,3,1,-99,0,1,1,,,,,,,,,,,,,,,
DCY712_2686,,7/30/2024,DCY7,12,2686,,POPTRE ,,3,1,-99,0,1,1,,,,,,,,,,,,,,,
DCY712_2687,,7/30/2024,DCY7,12,2687,,POPTRE ,,2.6,1,-99,0,1,1,,,,,,,,,,,,,,,
DCY712_2688,,7/30/2024,DCY7,12,2688,,POPTRE ,,2.6,1,-99,0,1,1,,,,,,,,,,,,,,,
DCY712_2689,,7/30/2024,DCY7,12,2689,,BETNEO,,3.1,1,-99,0,1,1,,,,,,,,,,,,,,,
DCY712_2690,,7/30/2024,DCY7,12,2690,,POPTRE ,,3.2,1,-99,0,1,1,,,,,,,,,,,,,,,
DCY712_2691,,7/30/2024,DCY7,12,2691,,POPTRE ,,3,1,-99,0,1,1,,,,,,,,,,,,,,,
DCY712_2692,,7/30/2024,DCY7,12,2692,,POPTRE ,,4.8,1,-99,0,1,1,,,,,,,,,,,,,,,
DCY712_2693,,7/30/2024,DCY7,12,2693,,POPTRE ,,4.5,1,-99,0,1,1,,,,galls,,,,,,,,,,,
DCY712_2694,,7/30/2024,DCY7,12,2694,,POPTRE ,,2.8,1,-99,0,1,1,,,,,,,,,,,,,,,
DCY712_2695,,7/30/2024,DCY7,12,2695,,POPTRE ,,4.2,1,-99,0,1,1,,,,,,,,,,,,,,,
DCY712_2696,,7/30/2024,DCY7,12,2696,,POPTRE ,,2.6,1,-99,0,1,1,,,,,,,,,,,,,,,
DCY712_2697,,7/30/2024,DCY7,12,2697,,POPTRE ,,4.1,1,-99,0,1,1,,,,,,,,,,,,,,,
DCY712_2698,,7/30/2024,DCY7,12,2698,,POPTRE ,,3.8,1,-99,0,1,1,,,,,,,,,,,,,,,
DCY712_2699,,7/30/2024,DCY7,12,2699,,POPTRE ,,3.4,1,-99,0,1,1,,,,,,,,,,,,,,,
DCY712_2700,,7/30/2024,DCY7,12,2700,,POPTRE ,,2.7,1,-99,0,1,1,,,,,,,,,,,,,,,
DCY712_2701,,7/30/2024,DCY7,12,2701,,POPTRE ,,2.9,1,-99,0,1,1,,,,,,,,,,,,,,,
DCY712_2702,,7/30/2024,DCY7,12,2702,,POPTRE ,,2.7,1,-99,0,1,1,,,,,,,,,,,,,,,
DCY712_2703,,7/30/2024,DCY7,12,2703,,POPTRE ,,2.5,1,-99,0,1,1,,,,,,,,,,,,,,,
DCY712_2704,,7/30/2024,DCY7,12,2704,,POPTRE ,,2.6,1,-99,0,1,1,,,,,,,,,,,,,,,
DCY712_2705,,7/30/2024,DCY7,12,2705,,POPTRE ,,3,1,-99,0,1,1,,,,,,,,,,,,,,,
DCY712_2706,,7/30/2024,DCY7,12,2706,,POPTRE ,,2.7,1,-99,0,1,1,,,,,,,,,,,,,,,
DCY712_2707,,7/30/2024,DCY7,12,2707,,POPTRE ,,2.8,1,-99,0,1,1,,,,,,,,,,,,,,,
DCY712_2708,,7/30/2024,DCY7,12,2708,,POPTRE ,,2.7,1,-99,0,1,1,,,,,,,,,,,,,,,
DCY712_2709,,7/30/2024,DCY7,12,2709,,POPTRE ,,2.8,1,-99,0,1,1,,,,,,,,,,,,,,,
DCY712_2710,,7/30/2024,DCY7,12,2710,,POPTRE ,,2.5,1,-99,0,1,1,,,,,,,,,,,,,,,
DCY712_2711,,7/30/2024,DCY7,12,2711,,POPTRE ,,3.1,1,-99,0,1,1,,,,,,,,,,,,,,,
DCY712_2712,,7/30/2024,DCY7,12,2712,,POPTRE ,,3.7,1,-99,0,1,1,,,,,,,,,,,,,,,
DCY712_2713,,7/30/2024,DCY7,12,2713,,POPTRE ,,2.7,1,-99,0,1,1,,,,,,,,,,,,,,,
DCY712_2714,,7/30/2024,DCY7,12,2714,,POPTRE ,,2.5,1,-99,0,1,1,,,,,,,,,,,,,,,
DCY712_2715,,7/30/2024,DCY7,12,2715,,POPTRE ,,2.7,1,-99,0,1,1,,,,,,,,,,,,,,,
DCY713_2716,,7/30/2024,DCY7,13,2716,,POPTRE ,,2.6,1,-99,0,1,1,,,,,,,,,,,,,,,
DCY713_2717,,7/30/2024,DCY7,13,2717,,POPTRE ,,4,1,-99,0,1,1,,,,,,,,,,,,,,,
DCY713_2718,,7/30/2024,DCY7,13,2718,,POPTRE ,,3.5,1,-99,0,1,1,,,,,,,,,,,,,,,
DCY713_2719,,7/30/2024,DCY7,13,2719,,POPTRE ,,2.7,1,-99,0,1,1,,,,,,,,,,,,,,,
DCY713_2720,,7/30/2024,DCY7,13,2720,,POPTRE ,,3,1,-99,0,1,1,,,,,,,,,,,,,,,
DCY713_2721,,7/30/2024,DCY7,13,2721,,POPTRE ,,2.8,1,-99,0,1,1,,,,,,,,,,,,,,,
DCY713_2722,,7/30/2024,DCY7,13,2722,,POPTRE ,,2.6,1,-99,0,1,1,,,,,,,,,,,,,,,
DCY713_2723,,7/30/2024,DCY7,13,2723,,POPTRE ,,3.9,1,-99,0,1,1,,,,,,,,,,,,,,,
DCY713_2724,,7/30/2024,DCY7,13,2724,,POPTRE ,,2.9,1,-99,0,1,1,,,,,,,,,,,,,,,
DCY713_2725,,7/30/2024,DCY7,13,2725,,POPTRE ,,3.5,1,-99,0,1,1,,,,,,,,,,,,,,,
DCY713_2726,,7/30/2024,DCY7,13,2726,,POPTRE ,,5.1,1,-99,0,1,1,,,,,,,,,,,,,,,
DCY713_2727,,7/30/2024,DCY7,13,2727,,POPTRE ,,3,1,-99,0,1,1,,,,,,,,,,,,,,,
DCY713_2728,,7/30/2024,DCY7,13,2728,,POPTRE ,,2.9,1,-99,0,1,1,,,,,,,,,,,,,,,
DCY713_2729,,7/30/2024,DCY7,13,2729,,POPTRE ,,3.1,1,-99,0,1,1,,,,,,,,,,,,,,,
DCY713_2730,,7/30/2024,DCY7,13,2730,,POPTRE ,,3.2,1,-99,0,1,1,,,,,,,,,,,,,,,
DCY713_2731,,7/30/2024,DCY7,13,2731,,POPTRE ,,2.5,1,-99,0,1,1,,,,,,,,,,,,,,,
DCY713_2732,,7/30/2024,DCY7,13,2732,,POPTRE ,,4,1,-99,0,1,1,,,,,,,,,,,,,,,
DCY713_2733,,7/30/2024,DCY7,13,2733,,POPTRE ,,2.5,1,-99,0,1,1,,,,,,,,,,,,,,,
DCY713_2734,,7/30/2024,DCY7,13,2734,,POPTRE ,,2.7,1,-99,0,1,1,,,,,,,,,,,,,,,
DCY713_2735,,7/30/2024,DCY7,13,2735,,POPTRE ,,4.9,1,-99,0,1,1,,,,,,,,,,,,,,,
DCY713_2736,,7/30/2024,DCY7,13,2736,,POPTRE ,,2.5,1,-99,0,1,1,,,,,,,,,,,,,,,
DCY713_2737,,7/30/2024,DCY7,13,2737,,POPTRE ,,2.8,1,-99,0,1,1,,,,,,,,,,,,,,,
DCY713_2738,,7/30/2024,DCY7,13,2738,,POPTRE ,,3.5,1,-99,0,1,1,,,,,,,,,,,,,,,
DCY713_2739,,7/30/2024,DCY7,13,2739,,POPTRE ,,4.5,1,-99,0,1,1,,,,,,,,,,,,,,,
DCY714_2740,,7/30/2024,DCY7,14,2740,,BETNEO,,5.3,1,-99,0,1,1,,,,,,,,,,,,,,,
DCY714_2741,,7/30/2024,DCY7,14,2741,,POPTRE ,,2.7,1,-99,0,1,1,,,,,,,,,,,,,,,
DCY714_2742,,7/30/2024,DCY7,14,2742,,POPTRE ,,3.1,1,-99,0,1,1,,,,,,,,,,,,,,,
DCY714_2743,,7/30/2024,DCY7,14,2743,,POPTRE ,,3.7,1,-99,0,1,1,,,,,,,,,,,,,,,
DCY714_2744,,7/30/2024,DCY7,14,2744,,POPTRE ,,4.2,1,-99,0,1,1,,,,,,,,,,,,,,,
DCY714_2745,,7/30/2024,DCY7,14,2745,,POPTRE ,,4.2,1,-99,0,1,1,,,,,,,,,,,,,,,
DCY714_2746,,7/30/2024,DCY7,14,2746,,POPTRE ,,4.5,1,-99,0,1,1,,,,,,,,,,,,,,,
DCY714_2747,,7/30/2024,DCY7,14,2747,,POPTRE ,,3,1,-99,0,1,1,,,,,,,,,,,,,,,
DCY714_2748,,7/30/2024,DCY7,14,2748,,POPTRE ,,3.7,1,-99,0,1,1,,,,,,,,,,,,,,,
DCY714_2749,,7/30/2024,DCY7,14,2749,,POPTRE ,,2.7,1,-99,0,1,1,,,,,,,,,,,,,,,
DCY714_2750,,7/30/2024,DCY7,14,2750,,POPTRE ,,2.5,1,-99,0,1,1,,,,,,,,,,,,,,,
DCY714_2751,,7/30/2024,DCY7,14,2751,,POPTRE ,,2.7,1,-99,0,1,1,,,,,,,,,,,,,,,
DCY714_2752,,7/30/2024,DCY7,14,2752,,POPTRE ,,3,1,-99,0,1,1,,,,,,,,,,,,,,,
DCY714_2753,,7/30/2024,DCY7,14,2753,,POPTRE ,,2.7,1,-99,0,1,1,,,,,,,,,,,,,,,
DCY714_2754,,7/30/2024,DCY7,14,2754,,POPTRE ,,3.1,1,-99,0,1,1,,,,,,,,,,,,,,,
FP1C1_101,8/13/2018,7/8/2024,FP1C,1,101,,POPBAL,-9999,-8888,0,-99,0,1,1,All missing trees were probably dragged off by beavers ,old notes-. 2019 notes-Dead or did we miss it,,,,,,,,,,,,,
FP1C1_630,8/13/2018,7/8/2024,FP1C,1,630,,POPBAL,2.5,5,1,-99,0,1,1,,,,,,,,,,,,,,,
FP1C1_631,8/13/2018,7/8/2024,FP1C,1,631,,POPBAL,6.5,-8888,1,-99,0,1,1,,,,,,,,,,,,,,,
FP1C1_632,8/13/2018,7/8/2024,FP1C,1,632,,POPBAL,3.7,-8888,1,-99,0,1,1,,old notes-DBH taken at 1.7m. 2019 notes-,,,,,,,,,,,,,
FP1C1_633,8/13/2018,7/8/2024,FP1C,1,633,,POPBAL,3.5,-8888,1,-99,0,1,1,,,,,,,,,,,,,,,
FP1C1_634,8/13/2018,7/8/2024,FP1C,1,634,,POPBAL,3.2,6.2,1,-99,0,1,1,,,,,,,,,,,,,,,
FP1C1_2367,,7/8/2024,FP1C,1,2367,,POPBAL,,4.5,1,-99,0,1,1,,,,,,,,,,,,,,,
FP1C1_2368,,7/8/2024,FP1C,1,2368,,POPBAL,,4.2,1,-99,0,1,1,,,,,,,,,,,,,,,
FP1C1_2369,,7/8/2024,FP1C,1,2369,,POPBAL,,2.9,1,-99,0,1,1,,,,,,,,,,,,,,,
FP1C1_2370,,7/8/2024,FP1C,1,2370,,POPBAL,,2.6,1,-99,0,1,1,,,,,,,,,,,,,,,
FP1C1_2371,,7/8/2024,FP1C,1,2371,,POPBAL,,2.6,1,-99,0,1,1,,,,,,,,,,,,,,,
FP1C1_2372,,7/8/2024,FP1C,1,2372,,POPBAL,,2.9,1,-99,0,1,1,,,,,,,,,,,,,,,
FP1C1_2373,,7/8/2024,FP1C,1,2373,,POPBAL,,2.8,1,-99,0,1,1,,,,,,,,,,,,,,,
FP1C1_2374,,7/8/2024,FP1C,1,2374,,POPBAL,,3.1,1,-99,0,1,1,,,,,,,,,,,,,,,
FP1C1_2375,,7/8/2024,FP1C,1,2375,,POPBAL,,2.6,1,-99,0,1,1,,,,,,,,,,,,,,,
FP1C1_2376,,7/8/2024,FP1C,1,2376,,POPBAL,,3.2,1,-99,0,1,1,,,,,,,,,,,,,,,
FP1C1_2377,,7/8/2024,FP1C,1,2377,,POPBAL,,3.4,1,-99,0,1,1,,,,,,,,,,,,,,,
FP1C1_2378,,7/8/2024,FP1C,1,2378,,POPBAL,,2.5,1,-99,0,1,1,,,,,,,,,,,,,,,
FP1C1_2379,,7/8/2024,FP1C,1,2379,,POPBAL,,3.2,1,-99,0,1,1,,,,,,,,,,,,,,,
FP1C1_2380,,7/8/2024,FP1C,1,2380,,POPBAL,,2.9,1,-99,0,1,1,,,,,,,,,,,,,,,
FP1C1_2381,,7/8/2024,FP1C,1,2381,,POPBAL,,3.3,1,-99,0,1,1,,,,,,,,,,,,,,,
FP1C2_544,8/13/2018,7/8/2024,FP1C,2,544,,POPBAL,-9999,-8888,0,-99,0,1,1,,old notes-. 2019 notes-Dead or did we miss it,,,,,,,,,,,,,
FP1C2_635,8/13/2018,7/8/2024,FP1C,2,635,,POPBAL,4.1,-8888,1,-99,0,1,1,,old notes-Near stake 2 (82). 2019 notes-,,,,,,,,,,,,,
FP1C2_636,8/13/2018,7/8/2024,FP1C,2,636,,POPBAL,4.5,-8888,1,-99,0,1,1,,old notes-Near stake 2 (82). 2019 notes-,,,,,,,,,,,,,
FP1C2_637,8/13/2018,7/8/2024,FP1C,2,637,,POPBAL,4.9,-8888,1,-99,0,1,1,,,,,,,,,,,,,,,
FP1C2_638,8/13/2018,7/8/2024,FP1C,2,638,,POPBAL,3,-8888,1,-99,0,1,1,,old notes-Middle of plot. 2019 notes-,,,,,,,,,,,,,
FP1C2_639,8/13/2018,7/8/2024,FP1C,2,639,,POPBAL,3.5,-8888,1,-99,0,1,1,,old notes-Near 638. 2019 notes-,,,,,,,,,,,,,
FP1C2_640,8/13/2018,7/8/2024,FP1C,2,640,,POPBAL,4.8,-8888,1,-99,0,1,1,,,,,,,,,,,,,,,
FP1C2_641,8/13/2018,7/8/2024,FP1C,2,641,,POPBAL,3.9,-8888,1,-99,0,1,1,,,,,,,,,,,,,,,
FP1C2_642,8/13/2018,7/8/2024,FP1C,2,642,,POPBAL,3.6,-8888,1,-99,0,1,1,,,,,,,,,,,,,,,
FP1C2_643,8/13/2018,7/8/2024,FP1C,2,643,,POPBAL,3.5,-8888,1,-99,0,1,1,,,,,,,,,,,,,,,
FP1C2_644,8/13/2018,7/8/2024,FP1C,2,644,,POPBAL,3.7,-8888,1,-99,0,1,1,,,,,,,,,,,,,,,
FP1C2_645,8/13/2018,7/8/2024,FP1C,2,645,,POPBAL,4.7,7.8,1,-99,0,1,1,,,,,,,,,,,,,,,
FP1C2_646,8/13/2018,7/8/2024,FP1C,2,646,,POPBAL,2.7,-8888,1,-99,0,1,1,,,,,,,,,,,,,,,
FP1C2_647,8/13/2018,7/8/2024,FP1C,2,647,,POPBAL,4.2,-8888,1,-99,0,1,1,,,,,,,,,,,,,,,
FP1C2_648,8/13/2018,7/8/2024,FP1C,2,648,,POPBAL,3.9,6.3,1,-99,0,1,1,,,,,,,,,,,,,,,
FP1C2_649,8/13/2018,7/8/2024,FP1C,2,649,,POPBAL,3.6,-8888,1,-99,0,1,1,,,,,,,,,,,,,,,
FP1C2_2382,,7/8/2024,FP1C,2,2382,,POPBAL,,3.9,1,-99,0,1,1,,,,,,,,,,,,,,,
FP1C2_2383,,7/8/2024,FP1C,2,2383,,POPBAL,,4.2,1,-99,0,1,1,,,,,,,,,,,,,,,
FP1C2_2384,,7/8/2024,FP1C,2,2384,,POPBAL,,2.9,1,-99,0,1,1,,,,,,,,,,,,,,,
FP1C2_2385,,7/8/2024,FP1C,2,2385,,POPBAL,,3.5,1,-99,0,1,1,,,,,,,,,,,,,,,
FP1C2_2386,,7/8/2024,FP1C,2,2386,,POPBAL,,4,1,-99,0,1,1,,,,,,,,,,,,,,,
FP1C2_2387,,7/8/2024,FP1C,2,2387,,POPBAL,,4.8,1,-99,0,1,1,,,,,,,,,,,,,,,
FP1C2_2388,,7/8/2024,FP1C,2,2388,,POPBAL,,2.6,1,-99,0,1,1,,,,,,,,,,,,,,,
FP1C2_2389,,7/8/2024,FP1C,2,2389,,POPBAL,,3,1,-99,0,1,1,,,,,,,,,,,,,,,
FP1C3_650,8/13/2018,7/8/2024,FP1C,3,650,,POPBAL,3.1,4.4,1,-99,0,1,1,,,,,,,,,,,,,,,
FP1C3_651,8/13/2018,7/8/2024,FP1C,3,651,,POPBAL,3,4.4,1,-99,0,1,1,,,,,,,,,,,,,,,
FP1C3_652,8/13/2018,7/8/2024,FP1C,3,652,,POPBAL,3.7,5.6,1,-99,0,1,1,,,,,,,,,,,,,,,
FP1C3_653,8/13/2018,7/8/2024,FP1C,3,653,,POPBAL,3.5,6,1,-99,0,1,1,,,,,,,,,,,,,,,
FP1C3_654,8/13/2018,7/8/2024,FP1C,3,654,,POPBAL,2.5,4,1,-99,0,1,1,,,,,,,,,,,,,,,
FP1C3_655,8/13/2018,7/8/2024,FP1C,3,655,,POPBAL,4.4,6.4,1,-99,0,1,1,,,,,,,,,,,,,,,
FP1C3_656,8/13/2018,7/8/2024,FP1C,3,656,,POPBAL,2.8,4.3,1,-99,0,1,1,,,,,,,,,,,,,,,
FP1C3_657,8/13/2018,7/8/2024,FP1C,3,657,,POPBAL,3.7,6.3,1,-99,0,1,1,,,,,,,,,,,,,,,
FP1C3_658,8/13/2018,7/8/2024,FP1C,3,658,,POPBAL,3.5,5,1,-99,0,1,1,,,,,,,,,,,,,,,
FP1C3_659,8/13/2018,7/8/2024,FP1C,3,659,,POPBAL,3.6,4.9,1,-99,0,1,1,,,,,,,,,,,,,,,
FP1C3_660,8/13/2018,7/8/2024,FP1C,3,660,,POPBAL,3.2,4.9,1,-99,0,1,1,,,,,,,,,,,,,,,
FP1C3_661,8/13/2018,7/8/2024,FP1C,3,661,,POPBAL,3.6,5.5,1,-99,0,1,1,,,,,,,,,,,,,,,
FP1C3_662,8/13/2018,7/8/2024,FP1C,3,662,,POPBAL,3.1,4.5,1,-99,0,1,1,,,,,,,,,,,,,,,
FP1C3_663,8/13/2018,7/8/2024,FP1C,3,663,,POPBAL,3.2,5.1,1,-99,0,1,1,,,,,,,,,,,,,,,
FP1C3_664,8/13/2018,7/8/2024,FP1C,3,664,,POPBAL,3,4.7,1,-99,0,1,1,,,,,,,,,,,,,,,
FP1C3_665,8/13/2018,7/8/2024,FP1C,3,665,,POPBAL,5.4,8.2,1,-99,0,1,1,,,,,,,,,,,,,,,
FP1C3_666,8/13/2018,7/8/2024,FP1C,3,666,,POPBAL,2.8,3.7,1,-99,0,1,1,,,,,,,,,,,,,,,
FP1C3_667,8/13/2018,7/8/2024,FP1C,3,667,,POPBAL,2.9,4,1,-99,0,1,1,,,,,,,,,,,,,,,
FP1C3_668,8/13/2018,7/8/2024,FP1C,3,668,,POPBAL,3.3,5.5,1,-99,0,1,1,,,,,,,,,,,,,,,
FP1C3_669,8/13/2018,7/8/2024,FP1C,3,669,,POPBAL,4.9,8,1,-99,0,1,1,,,,,,,,,,,,,,,
FP1C3_670,8/13/2018,7/8/2024,FP1C,3,670,,POPBAL,2.5,3.5,1,-99,0,1,1,,,,,,,,,,,,,,,
FP1C3_671,8/13/2018,7/8/2024,FP1C,3,671,,POPBAL,3.9,5.2,1,-99,1,1,1,,,,,,,,,,,,,,,
FP1C3_672,8/13/2018,7/8/2024,FP1C,3,672,,POPBAL,3.3,5.3,1,-99,0,1,1,,,,,,,,,,,,,,,
FP1C3_673,8/13/2018,7/8/2024,FP1C,3,673,,POPBAL,3,-8888,1,-99,0,1,1,,,,,,,,,,,,,,,
FP1C3_674,8/13/2018,7/8/2024,FP1C,3,674,,POPBAL,2.6,-7777,1,-99,0,1,1,,,,,,,,,,,,,,,
FP1C3_2390,,7/8/2024,FP1C,3,2390,,POPBAL,,3.6,1,-99,0,1,1,,,,,,,,,,,,,,,
FP1C3_2391,,7/8/2024,FP1C,3,2391,,POPBAL,,2.8,1,-99,0,1,1,,,,,,,,,,,,,,,
FP1C3_2392,,7/8/2024,FP1C,3,2392,,POPBAL,,2.7,1,2,0,1,1,,,,,,,,,,,,,,,
FP1C3_2393,,7/8/2024,FP1C,3,2393,,POPBAL,,2.7,1,-99,0,1,1,,,,,,,,,,,,,,,
FP1C3_2394,,7/8/2024,FP1C,3,2394,,POPBAL,,3.1,1,-99,0,1,1,,,,,,,,,,,,,,,
FP1C3_2395,,7/8/2024,FP1C,3,2395,,POPBAL,,3.2,1,-99,0,1,1,,,,,,,,,,,,,,,
FP1C3_2396,,7/8/2024,FP1C,3,2396,,POPBAL,,3.1,1,-99,0,1,1,,,,,,,,,,,,,,,
FP1C3_2397,,7/8/2024,FP1C,3,2397,,POPBAL,,2.7,1,-99,0,1,1,,,,,,,,,,,,,,,
FP1C3_2398,,7/8/2024,FP1C,3,2398,,POPBAL,,2.9,1,-99,0,1,1,,,,,,,,,,,,,,,
FP1C3_2399,,7/8/2024,FP1C,3,2399,,POPBAL,,2.8,1,-99,0,1,1,,,,,,,,,,,,,,,
FP1C4_675,8/13/2018,7/8/2024,FP1C,4,675,,POPBAL,4.7,7.8,1,-99,0,1,1,,,,,,,,,,,,,,,
FP1C4_676,8/13/2018,7/8/2024,FP1C,4,676,,POPBAL,3.7,5.9,1,-99,0,1,1,,,,,,,,,,,,,,,
FP1C4_677,8/13/2018,7/8/2024,FP1C,4,677,,POPBAL,2.8,4.3,1,-99,0,1,1,,,,,,,,,,,,,,,
FP1C4_678,8/13/2018,7/8/2024,FP1C,4,678,,POPBAL,2.5,3.9,1,-99,0,1,1,,,,,,,,,,,,,,,
FP1C4_679,8/13/2018,7/8/2024,FP1C,4,679,,POPBAL,3.3,4.7,1,-99,0,1,1,,,,,,,,,,,,,,,
FP1C4_680,8/13/2018,7/8/2024,FP1C,4,680,,POPBAL,4.4,7,1,-99,0,1,1,,,,,,,,,,,,,,,
FP1C4_681,8/13/2018,7/8/2024,FP1C,4,681,,POPBAL,4.7,6.9,1,-99,0,1,1,,,,,,,,,,,,,,,
FP1C4_682,8/13/2018,7/8/2024,FP1C,4,682,,POPBAL,3.5,4.8,1,-99,1,1,1,,,,,,,,,,,,,,,
FP1C4_1785,8/13/2018,7/8/2024,FP1C,4,1785,,POPBAL,4.7,6.9,1,-99,0,1,1,,,,,,,,,,,,,,,
FP1C4_1786,8/13/2018,7/8/2024,FP1C,4,1786,,POPBAL,6.3,9.3,1,-99,0,1,1,,,,,,,,,,,,,,,
FP1C4_2400,,7/8/2024,FP1C,4,2400,,POPBAL,,2.8,1,-99,0,1,1,,,,,,,,,,,,,,,
FP1C4_2401,,7/8/2024,FP1C,4,2401,,POPBAL,,3.9,1,-99,0,1,1,,,,,,,,,,,,,,,
FP1C4_2402,,7/8/2024,FP1C,4,2402,,POPBAL,,2.7,1,-99,0,1,1,,,,,,,,,,,,,,,
FP1C4_2403,,7/8/2024,FP1C,4,2403,,POPBAL,,2.6,1,-99,0,1,1,,,,,,,,,,,,,,,
FP1C4_2404,,7/8/2024,FP1C,4,2404,,POPBAL,,2.6,1,-99,0,1,1,,,,,,,,,,,,,,,
FP1C6_2405,,7/8/2024,FP1C,6,2405,,POPBAL,,4.3,1,-99,1,1,1,near plot stake 7,,,,,,,,,,,,,,
FP1C7_109,8/13/2018,7/8/2024,FP1C,7,109,,POPBAL,15.5,-9999,0,-99,0,1,0,,,,,,,,,,,,,,,
FP1C7_113,8/13/2018,7/8/2024,FP1C,7,113,,POPBAL,8.4,-8888,1,-99,0,1,1,,,,,,,,,,,,,,,
FP1C7_114,8/13/2018,7/8/2024,FP1C,7,114,,POPBAL,11.8,-9999,0,-99,0,1,0,,,,,,,,,,,,,,,
FP1C7_116,8/13/2018,7/8/2024,FP1C,7,116,,POPBAL,9.5,-8888,1,-99,0,1,1,,,,,,,,,,,,,,,
FP1C7_124,8/13/2018,7/8/2024,FP1C,7,124,,POPBAL,9.4,-8888,1,-99,0,1,1,,,,,,,,,,,,,,,
FP1C7_125,8/13/2018,7/8/2024,FP1C,7,125,,POPBAL,-9999,-8888,0,-99,0,1,1,,old notes-. 2019 notes-Missing,,,,,,,,,,,,,
FP1C7_536,8/13/2018,7/8/2024,FP1C,7,536,,POPBAL,6.2,-8888,1,-99,0,1,1,,,,,,,,,,,,,,,
FP1C7_537,8/13/2018,7/8/2024,FP1C,7,537,,POPBAL,8.3,-8888,1,-99,0,1,1,,,,,,,,,,,,,,,
FP1C7_543,8/13/2018,7/8/2024,FP1C,7,543,,POPBAL,6.1,-8888,1,-99,0,1,1,,,,,,,,,,,,,,,
FP1C7_1776,8/13/2018,7/8/2024,FP1C,7,1776,,POPBAL,3.2,-8888,1,-99,0,1,1,,,,,,,,,,,,,,,
FP1C7_1777,8/13/2018,7/8/2024,FP1C,7,1777,,POPBAL,3.9,-8888,1,-99,0,1,1,,,,,,,,,,,,,,,
FP1C7_1778,8/13/2018,7/8/2024,FP1C,7,1778,,POPBAL,3,-8888,1,-99,0,1,1,,,,,,,,,,,,,,,
FP1C7_1779,8/13/2018,7/8/2024,FP1C,7,1779,,POPBAL,5,9,1,-99,0,1,1,,,,,,,,,,,,,,,
FP1C7_1780,8/13/2018,7/8/2024,FP1C,7,1780,,POPBAL,4.1,-8888,1,-99,0,1,1,,,,,,,,,,,,,,,
FP1C7_1781,8/13/2018,7/8/2024,FP1C,7,1781,,POPBAL,2.9,4.6,1,-99,0,1,1,,,,,,,,,,,,,,,
FP1C7_1782,8/13/2018,7/8/2024,FP1C,7,1782,,POPBAL,3.3,5,1,-99,0,1,1,,,,,,,,,,,,,,,
FP1C7_1783,8/13/2018,7/8/2024,FP1C,7,1783,,POPBAL,4.7,8.3,1,-99,0,1,1,,,,,,,,,,,,,,,
FP1C7_1784,8/13/2018,7/8/2024,FP1C,7,1784,,POPBAL,3.3,-8888,1,-99,0,1,1,,,,,,,,,,,,,,,
FP1C7_2406,,7/8/2024,FP1C,7,2406,,POPBAL,,3.8,1,-99,0,1,1,,,,,,,,,,,,,,,
FP1C7_2407,,7/8/2024,FP1C,7,2407,,POPBAL,,3.2,1,-99,0,1,1,,,,,,,,,,,,,,,
FP1C7_2408,,7/8/2024,FP1C,7,2408,,POPBAL,,4,1,-99,0,1,1,,,,,,,,,,,,,,,
FP1C7_2409,,7/8/2024,FP1C,7,2409,,POPBAL,,3.4,1,-99,0,1,1,,,,,,,,,,,,,,,
FP1C7_2410,,7/8/2024,FP1C,7,2410,,POPBAL,,3.3,1,-99,0,1,1,,,,,,,,,,,,,,,
FP1C7_2411,,7/8/2024,FP1C,7,2411,,POPBAL,,3.9,1,-99,0,1,1,,,,,,,,,,,,,,,
FP1C7_2412,,7/8/2024,FP1C,7,2412,,POPBAL,,2.8,1,-99,0,1,1,,,,,,,,,,,,,,,
FP1C7_2413,,7/8/2024,FP1C,7,2413,,POPBAL,,2.8,1,-99,0,1,1,,,,,,,,,,,,,,,
FP1C7_2414,,7/8/2024,FP1C,7,2414,,POPBAL,,2.6,1,-99,0,1,1,,,,,,,,,,,,,,,
FP1C7_2415,,7/8/2024,FP1C,7,2415,,POPBAL,,2.7,1,-99,0,1,1,,,,,,,,,,,,,,,
FP1C7_2416,,7/8/2024,FP1C,7,2416,,POPBAL,,2.7,1,-99,0,1,1,,,,,,,,,,,,,,,
FP1C7_2417,,7/8/2024,FP1C,7,2417,,POPBAL,,4.1,1,-99,0,1,1,,,,,,,,,,,,,,,
FP1C8_119,8/13/2018,7/8/2024,FP1C,8,119,,POPBAL,9.1,-8888,1,-99,0,1,1,,,,,,,,,,,,,,,
FP1C8_393,8/13/2018,7/8/2024,FP1C,8,393,,POPBAL,2.7,-8888,1,-99,0,1,1,,,,,,,,,,,,,,,
FP1C8_394,8/13/2018,7/8/2024,FP1C,8,394,,POPBAL,4.6,-8888,1,-99,0,1,1,,,,,,,,,,,,,,,
FP1C8_395,8/13/2018,7/8/2024,FP1C,8,395,,POPBAL,6.5,-8888,1,-99,0,1,1,,,,,,,,,,,,,,,
FP1C8_396,8/13/2018,7/8/2024,FP1C,8,396,,POPBAL,5,-8888,1,-99,0,1,1,,,,,,,,,,,,,,,
FP1C8_397,8/13/2018,7/8/2024,FP1C,8,397,,POPBAL,3.3,-8888,1,-99,0,1,1,,,,,,,,,,,,,,,
FP1C8_398,8/13/2018,7/8/2024,FP1C,8,398,,POPBAL,3,-8888,1,-99,0,1,1,,,,,,,,,,,,,,,
FP1C8_399,8/13/2018,7/8/2024,FP1C,8,399,,POPBAL,3.2,-8888,1,-99,0,1,1,,,,,,,,,,,,,,,
FP1C8_400,8/13/2018,7/8/2024,FP1C,8,400,,POPBAL,4.2,-8888,1,-99,0,1,1,,,,,,,,,,,,,,,
FP1C8_1752,8/13/2018,7/8/2024,FP1C,8,1752,,POPBAL,5.5,-8888,1,-99,0,1,1,,,,,,,,,,,,,,,
FP1C8_1753,8/13/2018,7/8/2024,FP1C,8,1753,,POPBAL,3,-8888,1,-99,0,1,1,,,,,,,,,,,,,,,
FP1C8_1754,8/13/2018,7/8/2024,FP1C,8,1754,,POPBAL,4,5.7,1,-99,0,1,1,,,,,,,,,,,,,,,
FP1C8_1755,8/13/2018,7/8/2024,FP1C,8,1755,,POPBAL,2.8,4.3,1,-99,0,1,1,,,,,,,,,,,,,,,
FP1C8_1756,8/13/2018,7/8/2024,FP1C,8,1756,,POPBAL,3.6,-8888,1,-99,0,1,1,,,,,,,,,,,,,,,
FP1C8_1757,8/13/2018,7/8/2024,FP1C,8,1757,,POPBAL,2.7,4.2,1,-99,0,1,1,,,,,,,,,,,,,,,
FP1C8_1758,8/13/2018,7/8/2024,FP1C,8,1758,,POPBAL,3.5,5.7,1,-99,0,1,1,,,,,,,,,,,,,,,
FP1C8_1759,8/13/2018,7/8/2024,FP1C,8,1759,,POPBAL,3.4,-8888,1,-99,0,1,1,,,,,,,,,,,,,,,
FP1C8_1760,8/13/2018,7/8/2024,FP1C,8,1760,,POPBAL,5.7,-8888,1,-99,0,1,1,,,,,,,,,,,,,,,
FP1C8_1761,8/13/2018,7/8/2024,FP1C,8,1761,,POPBAL,4.1,-8888,1,-99,0,1,1,,,,,,,,,,,,,,,
FP1C8_1762,8/13/2018,7/8/2024,FP1C,8,1762,,POPBAL,5.7,-8888,1,-99,0,1,1,,,,,,,,,,,,,,,
FP1C8_1763,8/13/2018,7/8/2024,FP1C,8,1763,,POPBAL,4.4,-8888,1,-99,0,1,1,,,,,,,,,,,,,,,
FP1C8_1764,8/13/2018,7/8/2024,FP1C,8,1764,,POPBAL,2.7,4.8,1,-99,0,1,1,,,,,,,,,,,,,,,
FP1C8_1765,8/13/2018,7/8/2024,FP1C,8,1765,,POPBAL,6.5,-8888,1,-99,0,1,1,,,,,,,,,,,,,,,
FP1C8_1766,8/13/2018,7/8/2024,FP1C,8,1766,,POPBAL,3.5,5,1,-99,0,1,1,,,,,,,,,,,,,,,
FP1C8_1767,8/13/2018,7/8/2024,FP1C,8,1767,,POPBAL,4.4,6.7,1,-99,0,1,1,,,,,,,,,,,,,,,
FP1C8_1768,8/13/2018,7/8/2024,FP1C,8,1768,,POPBAL,2.7,3.4,1,-99,0,1,1,,,,,,,,,,,,,,,
FP1C8_1769,8/13/2018,7/8/2024,FP1C,8,1769,,POPBAL,4.6,-8888,1,-99,0,1,1,,,,,,,,,,,,,,,
FP1C8_1770,8/13/2018,7/8/2024,FP1C,8,1770,,POPBAL,3.5,-8888,1,-99,0,1,1,,,,,,,,,,,,,,,
FP1C8_1771,8/13/2018,7/8/2024,FP1C,8,1771,,POPBAL,2.7,3.2,1,-99,0,1,1,,,,,,,,,,,,,,,
FP1C8_1772,8/13/2018,7/8/2024,FP1C,8,1772,,POPBAL,4.7,-8888,1,-99,0,1,1,,,,,,,,,,,,,,,
FP1C8_1773,8/13/2018,7/8/2024,FP1C,8,1773,,POPBAL,4.6,-9999,0,-99,0,1,0,,,,,,,,,,,,,,,
FP1C8_1775,8/13/2018,7/8/2024,FP1C,8,1775,,POPBAL,2.8,-7777,1,-99,0,1,1,,,,,,,,,,,,,,,
FP1C8_2418,,7/8/2024,FP1C,8,2418,,POPBAL,,2.6,1,-99,0,1,1,,,,,,,,,,,,,,,
FP1C8_2419,,7/8/2024,FP1C,8,2419,,PICGLA,,3,1,-99,0,1,1,,,,,,,,,,,,,,,
FP1C8_2420,,7/8/2024,FP1C,8,2420,,POPBAL,,2.7,1,-99,0,1,1,,,,,,,,,,,,,,,
FP1C8_2421,,7/8/2024,FP1C,8,2421,,POPBAL,,3.2,1,-99,0,1,1,,,,,,,,,,,,,,,
FP1C8_2422,,7/8/2024,FP1C,8,2422,,POPBAL,,3.7,1,-99,0,1,1,,,,,,,,,,,,,,,
FP1C8_2423,,7/8/2024,FP1C,8,2423,,POPBAL,,4.6,1,-99,0,1,1,,,,,,,,,,,,,,,
FP1C8_2424,,7/8/2024,FP1C,8,2424,,POPBAL,,2.8,1,-99,0,1,1,,,,,,,,,,,,,,,
FP1C8_2425,,7/8/2024,FP1C,8,2425,,POPBAL,,3.2,1,-99,0,1,1,,,,,,,,,,,,,,,
FP1C8_2426,,7/8/2024,FP1C,8,2426,,POPBAL,,3.6,1,-99,0,1,1,,,,,,,,,,,,,,,
FP1C8_2427,,7/8/2024,FP1C,8,2427,,POPBAL,,3.7,1,-99,0,1,1,,,,,,,,,,,,,,,
FP1C8_2428,,7/8/2024,FP1C,8,2428,,POPBAL,,2.7,1,-99,0,1,1,,,,,,,,,,,,,,,
FP1C8_2429,,7/8/2024,FP1C,8,2429,,POPBAL,,3.4,1,-99,1,1,1,,,,,,,,,,,,,,,
FP1C8_2430,,7/8/2024,FP1C,8,2430,,POPBAL,,2.5,1,-99,0,1,1,,,,,,,,,,,,,,,
FP1C8_2431,,7/8/2024,FP1C,8,2431,,POPBAL,,9.5,1,-99,0,1,1,,,,,,,,,,,,,,,
FP1C8_2432,,7/8/2024,FP1C,8,2432,,POPBAL,,4.4,1,-99,0,1,1,,,,,,,,,,,,,,,
FP1C8_2433,,7/8/2024,FP1C,8,2433,,POPBAL,,3.4,1,-99,0,1,1,,,,,,,,,,,,,,,
FP1C8_2434,,7/8/2024,FP1C,8,2434,,POPBAL,,2.7,1,-99,0,1,1,,,,,,,,,,,,,,,
FP1C9_385,8/13/2018,7/8/2024,FP1C,9,385,,POPBAL,3.5,-8888,1,-99,0,1,1,,old notes-Near stake 11. 2019 notes-,,,,,,,,,,,,,
FP1C9_386,8/13/2018,7/8/2024,FP1C,9,386,,POPBAL,4.8,-8888,1,-99,0,1,1,,,,,,,,,,,,,,,
FP1C9_387,8/13/2018,7/8/2024,FP1C,9,387,,POPBAL,4.3,7.5,1,-99,0,1,1,,,,,,,,,,,,,,,
FP1C9_388,8/13/2018,7/8/2024,FP1C,9,388,,POPBAL,5.5,9.1,1,-99,0,1,1,,,,,,,,,,,,,,,
FP1C9_389,8/13/2018,7/8/2024,FP1C,9,389,,POPBAL,5.4,-8888,1,-99,0,1,1,,,,,,,,,,,,,,,
FP1C9_390,8/13/2018,7/8/2024,FP1C,9,390,,POPBAL,2.8,-8888,1,-99,0,1,1,,,,,,,,,,,,,,,
FP1C9_391,8/13/2018,7/8/2024,FP1C,9,391,,POPBAL,9.5,-8888,1,-99,0,1,1,,,,,,,,,,,,,,,
FP1C9_392,8/13/2018,7/8/2024,FP1C,9,392,,POPBAL,4.5,-8888,1,-99,0,1,1,,,,,,,,,,,,,,,
FP1C9_2435,,7/8/2024,FP1C,9,2435,,POPBAL,,3.1,1,-99,0,1,1,,,,,,,,,,,,,,,
FP1C9_2436,,7/8/2024,FP1C,9,2436,,POPBAL,,3.9,1,-99,0,1,1,,,,,,,,,,,,,,,
FP1C9_2437,,7/8/2024,FP1C,9,2437,,POPBAL,,2.8,1,-99,0,1,1,,,,,,,,,,,,,,,
FP1C9_2438,,7/8/2024,FP1C,9,2438,,POPBAL,,4.2,1,-99,0,1,1,,,,,,,,,,,,,,,
FP1C9_2439,,7/8/2024,FP1C,9,2439,,POPBAL,,3.7,1,-99,0,1,1,"on the ground, under a dead tree, next to plot stake 10",,,,,,,,,,,,,,
FP1C11_132,8/13/2018,7/8/2024,FP1C,11,132,,POPBAL,5.6,-8888,1,-99,0,1,1,,,,,,,,,,,,,,,
FP1C11_133,8/13/2018,7/8/2024,FP1C,11,133,,POPBAL,6.6,-8888,1,-99,0,1,1,,,,,,,,,,,,,,,
FP1C11_369,8/13/2018,7/8/2024,FP1C,11,369,,POPBAL,4,6.3,1,-99,0,1,1,,,,,,,,,,,,,,,
FP1C11_370,8/13/2018,7/8/2024,FP1C,11,370,,POPBAL,3.2,4,1,-99,0,1,1,,,,,,,,,,,,,,,
FP1C11_371,8/13/2018,7/8/2024,FP1C,11,371,,POPBAL,2.7,3.4,1,-99,0,1,1,,,,,,,,,,,,,,,
FP1C11_372,8/13/2018,7/8/2024,FP1C,11,372,,POPBAL,3.9,5.7,1,-99,0,1,1,,,,,,,,,,,,,,,
FP1C11_373,8/13/2018,7/8/2024,FP1C,11,373,,POPBAL,3.9,6,1,-99,0,1,1,,,,,,,,,,,,,,,
FP1C11_374,8/13/2018,7/8/2024,FP1C,11,374,,POPBAL,3.4,5.3,1,-99,0,1,1,,,,,,,,,,,,,,,
FP1C11_375,8/13/2018,7/8/2024,FP1C,11,375,,POPBAL,4.7,7.6,1,-99,0,1,1,,,,,,,,,,,,,,,
FP1C11_376,8/13/2018,7/8/2024,FP1C,11,376,,POPBAL,2.8,4,1,-99,0,1,1,,,,,,,,,,,,,,,
FP1C11_377,8/13/2018,7/8/2024,FP1C,11,377,,POPBAL,5.6,-8888,1,-99,0,1,1,,,,,,,,,,,,,,,
FP1C11_378,8/13/2018,7/8/2024,FP1C,11,378,,POPBAL,3.2,4.7,1,-99,0,1,1,,,,,,,,,,,,,,,
FP1C11_379,8/13/2018,7/8/2024,FP1C,11,379,,POPBAL,4,6.2,1,-99,0,1,1,,,,,,,,,,,,,,,
FP1C11_380,8/13/2018,7/8/2024,FP1C,11,380,,POPBAL,4,6.3,1,-99,0,1,1,,,,,,,,,,,,,,,
FP1C11_381,8/13/2018,7/8/2024,FP1C,11,381,,POPBAL,4.8,-8888,1,-99,0,1,1,,,,,,,,,,,,,,,
FP1C11_382,8/13/2018,7/8/2024,FP1C,11,382,,POPBAL,4.1,-8888,1,-99,0,1,1,,,,,,,,,,,,,,,
FP1C11_383,8/13/2018,7/8/2024,FP1C,11,383,,POPBAL,3.7,5,1,-99,0,1,1,,,,,,,,,,,,,,,
FP1C11_384,8/13/2018,7/8/2024,FP1C,11,384,,POPBAL,8,-9999,0,-99,0,1,0,,,,,,,,,,,,,,,
FP1C11_530,8/13/2018,7/8/2024,FP1C,11,530,,POPBAL,8.1,-8888,1,-99,0,1,1,,,,,,,,,,,,,,,
FP1C11_531,8/13/2018,7/8/2024,FP1C,11,531,,POPBAL,8.5,-9999,0,-99,0,1,0,,,,,,,,,,,,,,,
FP1C11_532,8/13/2018,7/8/2024,FP1C,11,532,,POPBAL,5.7,-8888,1,-99,0,1,1,,,,,,,,,,,,,,,
FP1C11_2440,,7/8/2024,FP1C,11,2440,,POPBAL,,4,1,-99,0,1,1,,,,,,,,,,,,,,,
FP1C11_2441,,7/8/2024,FP1C,11,2441,,POPBAL,,3.6,1,-99,0,1,1,,,,,,,,,,,,,,,
FP1C11_2442,,7/8/2024,FP1C,11,2442,,POPBAL,,3,1,-99,0,1,1,,,,,,,,,,,,,,,
FP1C11_2443,,7/8/2024,FP1C,11,2443,,POPBAL,,3.5,1,-99,0,1,1,,,,,,,,,,,,,,,
FP1C11_2444,,7/8/2024,FP1C,11,2444,,POPBAL,,3.9,1,-99,0,1,1,,,,,,,,,,,,,,,
FP1C11_2445,,7/8/2024,FP1C,11,2445,,POPBAL,,4.7,1,-99,0,1,1,,,,,,,,,,,,,,,
FP1C11_2446,,7/8/2024,FP1C,11,2446,,POPBAL,,2.8,1,-99,0,1,1,,,,,,,,,,,,,,,
FP1C12_140,8/13/2018,7/8/2024,FP1C,12,140,2457,POPBAL,8.8,11.4,1,-99,0,1,1,new number-2457,,,,,,,,,,,,,,
FP1C12_141,8/13/2018,7/8/2024,FP1C,12,141,2256,POPBAL,6.7,8.6,1,-99,0,1,1,new number-2256,,,,,,,,,,,,,,
FP1C12_144,8/13/2018,7/8/2024,FP1C,12,144,2455,POPBAL,8.5,11.2,1,-99,0,1,1,new number-2455,,,,,,,,,,,,,,
FP1C12_347,8/13/2018,7/8/2024,FP1C,12,347,,POPBAL,5.4,6.7,1,-99,0,1,1,,,,,,,,,,,,,,,
FP1C12_348,8/13/2018,7/8/2024,FP1C,12,348,,POPBAL,3.1,4,1,-99,0,1,1,,,,,,,,,,,,,,,
FP1C12_349,8/13/2018,7/8/2024,FP1C,12,349,,POPBAL,4.7,6.2,1,-99,0,1,1,,,,,,,,,,,,,,,
FP1C12_350,8/13/2018,7/8/2024,FP1C,12,350,,POPBAL,2.9,-8888,1,-99,0,1,1,,,,,,,,,,,,,,,
FP1C12_351,8/13/2018,7/8/2024,FP1C,12,351,,POPBAL,4.1,-8888,1,-99,0,1,1,,,,,,,,,,,,,,,
FP1C12_352,8/13/2018,7/8/2024,FP1C,12,352,,POPBAL,4.8,-8888,1,-99,0,1,1,,,,,,,,,,,,,,,
FP1C12_353,8/13/2018,7/8/2024,FP1C,12,353,,POPBAL,3.3,4.5,1,-99,0,1,1,,,,,,,,,,,,,,,
FP1C12_354,8/13/2018,7/8/2024,FP1C,12,354,,POPBAL,6.3,8.5,1,-99,0,1,1,,,,,,,,,,,,,,,
FP1C12_355,8/13/2018,7/8/2024,FP1C,12,355,,POPBAL,2.7,3.4,1,-99,0,1,1,,,,,,,,,,,,,,,
FP1C12_356,8/13/2018,7/8/2024,FP1C,12,356,,POPBAL,2.8,3.4,1,-99,0,1,1,,,,,,,,,,,,,,,
FP1C12_357,8/13/2018,7/8/2024,FP1C,12,357,,POPBAL,3.9,5.3,1,-99,0,1,1,,,,,,,,,,,,,,,
FP1C12_358,8/13/2018,7/8/2024,FP1C,12,358,,POPBAL,5.3,7.5,1,-99,0,1,1,,,,,,,,,,,,,,,
FP1C12_359,8/13/2018,7/8/2024,FP1C,12,359,,POPBAL,3.5,4.5,1,-99,0,1,1,,,,,,,,,,,,,,,
FP1C12_360,8/13/2018,7/8/2024,FP1C,12,360,,POPBAL,3.9,5.3,1,-99,0,1,1,,,,,,,,,,,,,,,
FP1C12_361,8/13/2018,7/8/2024,FP1C,12,361,,POPBAL,2.5,3.1,1,-99,0,1,1,,,,,,,,,,,,,,,
FP1C12_362,8/13/2018,7/8/2024,FP1C,12,362,,POPBAL,5.6,8.1,1,-99,0,1,1,,,,,,,,,,,,,,,
FP1C12_363,8/13/2018,7/8/2024,FP1C,12,363,,POPBAL,5.6,-8888,1,-99,0,1,1,,,,,,,,,,,,,,,
FP1C12_364,8/13/2018,7/8/2024,FP1C,12,364,,POPBAL,2.9,4.1,1,-99,0,1,1,,,,,,,,,,,,,,,
FP1C12_365,8/13/2018,7/8/2024,FP1C,12,365,,POPBAL,2.7,3.6,1,-99,0,1,1,,,,,,,,,,,,,,,
FP1C12_366,8/13/2018,7/8/2024,FP1C,12,366,,POPBAL,2.6,3.3,1,-99,0,1,1,,,,,,,,,,,,,,,
FP1C12_367,8/13/2018,7/8/2024,FP1C,12,367,,POPBAL,5,6.5,1,-99,0,1,1,,,,,,,,,,,,,,,
FP1C12_368,8/13/2018,7/8/2024,FP1C,12,368,,POPBAL,3.1,3.6,1,-99,0,1,1,,,,,,,,,,,,,,,
FP1C12_533,8/13/2018,7/8/2024,FP1C,12,533,2250,POPBAL,8.7,10.7,1,-99,0,1,1,new number-2250,old notes-new #533. 2019 notes-,,,,,,,,,,,,,
FP1C12_534,8/13/2018,7/8/2024,FP1C,12,534,,POPBAL,6.9,8.8,1,-99,0,1,1,,,,,,,,,,,,,,,
FP1C12_535,8/13/2018,7/8/2024,FP1C,12,535,,POPBAL,5.5,7.2,1,-99,0,1,1,,,,,,,,,,,,,,,
FP1C12_1774,8/13/2018,7/8/2024,FP1C,12,1774,,POPBAL,4.8,-8888,1,-99,0,1,1,,old notes-Near stake 13. 2019 notes-,,,,,,,,,,,,,
FP1C12_2447,,7/8/2024,FP1C,12,2447,,POPBAL,,2.5,1,-99,0,1,1,,,,,,,,,,,,,,,
FP1C12_2448,,7/8/2024,FP1C,12,2448,,POPBAL,,3.2,1,-99,0,1,1,,,,,,,,,,,,,,,
FP1C12_2449,,7/8/2024,FP1C,12,2449,,POPBAL,,2.7,1,-99,0,1,1,,,,,,,,,,,,,,,
FP1C12_2451,,7/8/2024,FP1C,12,2451,,POPBAL,,3.6,1,-99,0,1,1,,,,,,,,,,,,,,,
FP1C12_2452,,7/8/2024,FP1C,12,2452,,POPBAL,,3.3,1,-99,0,1,1,,,,,,,,,,,,,,,
FP1C12_2453,,7/8/2024,FP1C,12,2453,,POPBAL,,3.4,1,-99,0,1,1,,,,,,,,,,,,,,,
FP1C12_2454,,7/8/2024,FP1C,12,2454,,POPBAL,,2.9,1,-99,1,1,1,,,,,,,,,,,,,,,
FP1C13_143,8/13/2018,7/8/2024,FP1C,13,143,,POPBAL,6.6,9.7,1,-99,0,1,1,New tag-2459,,,,,,,,,,,,,,
FP1C13_337,8/13/2018,7/8/2024,FP1C,13,337,,POPBAL,4,5.9,1,-99,0,1,1,,,,,,,,,,,,,,,
FP1C13_338,8/13/2018,7/8/2024,FP1C,13,338,,POPBAL,6.7,8,1,-99,1,1,1,,,,,,,,,,,,,,,
FP1C13_339,8/13/2018,7/8/2024,FP1C,13,339,,POPBAL,4.2,6.1,1,-99,0,1,1,,,,,,,,,,,,,,,
FP1C13_340,8/13/2018,7/8/2024,FP1C,13,340,,POPBAL,4.9,7.2,1,-99,0,1,1,,,,,,,,,,,,,,,
FP1C13_341,8/13/2018,7/8/2024,FP1C,13,341,,POPBAL,2.9,3.5,1,-99,0,1,1,,,,,,,,,,,,,,,
FP1C13_342,8/13/2018,7/8/2024,FP1C,13,342,,POPBAL,4.1,5.7,1,-99,0,1,1,,,,,,,,,,,,,,,
FP1C13_343,8/13/2018,7/8/2024,FP1C,13,343,,POPBAL,3.4,5.1,1,-99,0,1,1,,,,,,,,,,,,,,,
FP1C13_344,8/13/2018,7/8/2024,FP1C,13,344,,POPBAL,4.1,-8888,1,-99,0,1,1,,,,,,,,,,,,,,,
FP1C13_345,8/13/2018,7/8/2024,FP1C,13,345,,POPBAL,3.5,5.5,1,-99,0,1,1,,,,,,,,,,,,,,,
FP1C13_346,8/13/2018,7/8/2024,FP1C,13,346,,POPBAL,4,5.9,1,-99,0,1,1,,,,,,,,,,,,,,,
FP1C13_538,8/13/2018,7/8/2024,FP1C,13,538,,POPBAL,8.2,11.4,1,-99,0,1,1,,,,,,,,,,,,,,,
FP1C13_539,8/13/2018,7/8/2024,FP1C,13,539,,POPBAL,6.8,-8888,1,-99,0,1,1,,,,,,,,,,,,,,,
FP1C13_540,8/13/2018,7/8/2024,FP1C,13,540,,POPBAL,8,-9999,0,-99,0,1,0,,,,,,,,,,,,,,,
FP1C13_541,8/13/2018,7/8/2024,FP1C,13,541,,POPBAL,8.3,-8888,1,-99,0,1,1,,,,,,,,,,,,,,,
FP1C13_542,8/13/2018,7/8/2024,FP1C,13,542,,POPBAL,6.4,-8888,1,-99,0,1,1,,,,,,,,,,,,,,,
FP1C13_2458,,7/8/2024,FP1C,13,2458,,POPBAL,,4.3,1,-99,0,1,1,,,,,,,,,,,,,,,
FP1C13_2460,,7/8/2024,FP1C,13,2460,,POPBAL,,3.5,1,-99,0,1,1,,,,,,,,,,,,,,,
FP1C13_2461,,7/8/2024,FP1C,13,2461,,POPBAL,,4.4,1,-99,0,1,1,,,,,,,,,,,,,,,
FP1C13_2462,,7/8/2024,FP1C,13,2462,,POPBAL,,3.9,1,-99,0,1,1,,,,,,,,,,,,,,,
FP1C13_2463,,7/8/2024,FP1C,13,2463,,POPBAL,,2.5,1,-99,0,1,1,,,,,,,,,,,,,,,
FP1C13_2464,,7/8/2024,FP1C,13,2464,,POPBAL,,2.5,1,-99,0,1,1,,,,,,,,,,,,,,,
FP1C13_2465,,7/8/2024,FP1C,13,2465,,POPBAL,,3,1,-99,0,1,1,,,,,,,,,,,,,,,
FP1C13_2466,,7/8/2024,FP1C,13,2466,,POPBAL,,2.7,1,-99,0,1,1,,,,,,,,,,,,,,,
FP1C13_2467,,7/8/2024,FP1C,13,2467,,POPBAL,,3.5,1,-99,0,1,1,,,,,,,,,,,,,,,
FP1C13_2468,,7/8/2024,FP1C,13,2468,,POPBAL,,3,1,-99,0,1,1,,,,,,,,,,,,,,,
FP1C13_2469,,7/8/2024,FP1C,13,2469,,POPBAL,,3.3,1,-99,0,1,1,,,,,,,,,,,,,,,
FP1C13_2470,,7/8/2024,FP1C,13,2470,,POPBAL,,2.7,1,-99,0,1,1,,,,,,,,,,,,,,,
FP1C14_334,8/13/2018,7/8/2024,FP1C,14,334,,POPBAL,3.9,7.4,1,-99,0,1,1,,,,,,,,,,,,,,,
FP1C14_335,8/13/2018,7/8/2024,FP1C,14,335,,POPBAL,2.9,5.2,1,-99,0,1,1,,,,,,,,,,,,,,,
FP1C14_336,8/13/2018,7/8/2024,FP1C,14,336,,POPBAL,5.4,7.9,1,-99,0,1,1,,,,,,,,,,,,,,,
FP1C14_2471,,7/8/2024,FP1C,14,2471,,POPBAL,,3.1,1,-99,0,1,1,,,,,,,,,,,,,,,
FP1C14_2472,,7/8/2024,FP1C,14,2472,,POPBAL,,3.5,1,-99,0,1,1,,,,,,,,,,,,,,,
FP1C14_2473,,7/8/2024,FP1C,14,2473,,POPBAL,,3.3,1,-99,0,1,1,,,,,,,,,,,,,,,
FP1C14_2474,,7/8/2024,FP1C,14,2474,,POPBAL,,3.4,1,-99,0,1,1,,,,,,,,,,,,,,,
FP1C14_2475,,7/8/2024,FP1C,14,2475,,POPBAL,,2.9,1,-99,0,1,1,,,,,,,,,,,,,,,
FP1C14_2476,,7/8/2024,FP1C,14,2476,,POPBAL,,2.9,1,-99,0,1,1,,,,,,,,,,,,,,,
FP1C14_2477,,7/8/2024,FP1C,14,2477,,POPBAL,,3.7,1,-99,0,1,1,,,,,,,,,,,,,,,
FP1C14_2478,,7/8/2024,FP1C,14,2478,,POPBAL,,6.7,1,-99,0,1,1,,,,,,,,,,,,,,,
FP1C14_2479,,7/8/2024,FP1C,14,2479,,POPBAL,,3.4,1,-99,0,1,1,,,,,,,,,,,,,,,
FP1C14_2480,,7/8/2024,FP1C,14,2480,,POPBAL,,3,1,-99,0,1,1,,,,,,,,,,,,,,,
FP1C14_2481,,7/8/2024,FP1C,14,2481,,POPBAL,,2.5,1,-99,0,1,1,,,,,,,,,,,,,,,
FP2A1_15,8/15/2018,7/15/2024,FP2A,1,15,,POPBAL,19.6,21.1,1,-99,0,1,1,,,,,,,,,,,,,,,
FP2A1_82,8/15/2018,7/15/2024,FP2A,1,82,,POPBAL,22,24,1,-99,0,1,1,,,,,,,,,,,,,,,
FP2A1_83,8/15/2018,7/15/2024,FP2A,1,83,,POPBAL,14,15.2,1,-99,0,1,1,,,,,,,,,,,,,,,
FP2A1_84,8/15/2018,7/15/2024,FP2A,1,84,,POPBAL,10.6,-7777,0,-99,0,1,1,,,,,,,,,,,,,,,
FP2A1_683,8/15/2018,7/15/2024,FP2A,1,683,,POPBAL,6.3,7.8,1,-99,1,1,1,Actually popbal,,,,,,,,,,,,,,
FP2A1_684,8/15/2018,7/15/2024,FP2A,1,684,,POPBAL,3.8,4.2,1,-99,0,1,1,,old notes-Near corner. 2019 notes-,,,,,,,,,,,,,
FP2A1_1801,8/15/2018,7/15/2024,FP2A,1,1801,,POPBAL,29.2,31.1,1,-99,0,1,1,,,,,,,,,,,,,,,
FP2A2_11,8/15/2018,7/15/2024,FP2A,2,11,,POPBAL,19.4,20.9,1,-99,0,1,1,,,,,,,,,,,,,,,
FP2A2_13,8/15/2018,7/15/2024,FP2A,2,13,,POPBAL,11.9,12.6,1,-99,0,1,1,,,,,,,,,,,,,,,
FP2A2_14,8/15/2018,7/15/2024,FP2A,2,14,,POPBAL,16.9,18.3,1,-99,0,1,1,,,,,,,,,,,,,,,
FP2A2_20,8/15/2018,7/15/2024,FP2A,2,20,,POPBAL,19.3,21,1,-99,0,1,1,,,,,,,,,,,,,,,
FP2A2_21,8/15/2018,7/15/2024,FP2A,2,21,,POPBAL,20.2,22,1,-99,0,1,1,,,,,,,,,,,,,,,
FP2A2_22,8/15/2018,7/15/2024,FP2A,2,22,,POPBAL,14.9,15.3,1,-99,0,1,1,,,,,,,,,,,,,,,
FP2A2_23,8/15/2018,7/15/2024,FP2A,2,23,,POPBAL,10.6,-7777,0,-99,0,1,1,,,,,,,,,,,,,,,
FP2A2_24,8/15/2018,7/15/2024,FP2A,2,24,,POPBAL,23.5,25,1,-99,0,1,1,,,,,,,,,,,,,,,
FP2A2_66,8/15/2018,7/15/2024,FP2A,2,66,,POPBAL,12,12.7,1,-99,0,1,1,,,,,,,,,,,,,,,
FP2A2_67,8/15/2018,7/15/2024,FP2A,2,67,,POPBAL,28.8,30.1,1,-99,0,1,1,,,,,,,,,,,,,,,
FP2A2_68,8/15/2018,7/15/2024,FP2A,2,68,,POPBAL,21.8,22.3,1,-99,0,1,1,,,,,,,,,,,,,,,
FP2A2_78,8/15/2018,7/15/2024,FP2A,2,78,,POPBAL,19.6,20.4,1,-99,0,1,1,,,,,,,,,,,,,,,
FP2A2_79,8/15/2018,7/15/2024,FP2A,2,79,,POPBAL,13.3,14.1,1,-99,0,1,1,,,,,,,,,,,,,,,
FP2A2_80,8/15/2018,7/15/2024,FP2A,2,80,,POPBAL,19.8,21,1,-99,0,1,1,,,,,,,,,,,,,,,
FP2A3_18,8/15/2018,7/15/2024,FP2A,3,18,,POPBAL,-7777,20.8,1,-99,0,1,1,actually alive,,,,,,,,,,,,,,
FP2A3_30,8/15/2018,7/15/2024,FP2A,3,30,,POPBAL,15.9,17.1,1,-99,0,1,1,,,,,,,,,,,,,,,
FP2A3_31,8/15/2018,7/15/2024,FP2A,3,31,,POPBAL,22.4,23.4,1,-99,0,1,1,,,,,,,,,,,,,,,
FP2A3_32,8/15/2018,7/15/2024,FP2A,3,32,,POPBAL,12.5,-7777,0,7,0,1,1,,,,,,,,,,,,,,,
FP2A3_2105,,7/15/2024,FP2A,3,2105,,PICGLA,,2.5,1,-99,0,1,1,,,,,,,,,,,,,,,
FP2A4_28,8/15/2018,7/15/2024,FP2A,4,28,,POPBAL,22.6,24.1,1,-99,0,1,1,,,,,,,,,,,,,,,
FP2A4_29,8/15/2018,7/15/2024,FP2A,4,29,,POPBAL,22.1,23.2,1,-99,0,1,1,,"old notes-5.3 old band, 1.32 new. 2019 notes-",,,,,,,,,,,,,
FP2A4_37,8/15/2018,7/15/2024,FP2A,4,37,,POPBAL,15.9,16.7,1,-99,0,1,1,,,,,,,,,,,,,,,
FP2A4_38,8/15/2018,7/15/2024,FP2A,4,38,,POPBAL,10.8,11.9,1,-99,0,1,1,,,,,,,,,,,,,,,
FP2A4_53,8/15/2018,7/15/2024,FP2A,4,53,,POPBAL,13.9,16.1,1,-99,0,1,1,,,,,,,,,,,,,,,
FP2A4_581,8/15/2018,7/15/2024,FP2A,4,581,,POPBAL,5.8,6.8,1,-99,0,1,1,,,,,,,,,,,,,,,
FP2A4_1804,8/15/2018,7/15/2024,FP2A,4,1804,,POPBAL,15.8,17.9,1,-99,0,1,1,,,,,,,,,,,,,,,
FP2A4_1805,8/15/2018,7/15/2024,FP2A,4,1805,,POPBAL,14.6,15.8,1,-99,0,1,1,,,,,,,,,,,,,,,
FP2A4_1806,8/15/2018,7/15/2024,FP2A,4,1806,,POPBAL,22.3,23.9,1,-99,0,1,1,,,,,,,,,,,,,,,
FP2A4_2106,,7/15/2024,FP2A,4,2106,,PICGLA,,4.8,1,-99,0,1,1,,,,,,,,,,,,,,,
FP2A4_2107,,7/15/2024,FP2A,4,2107,,PICGLA,,2.7,1,-99,0,1,1,,,,,,,,,,,,,,,
FP2A6_50,8/15/2018,7/15/2024,FP2A,6,50,,POPBAL,15.4,15.7,1,-99,0,1,1,,,,,,,,,,,,,,,
FP2A6_52,8/15/2018,7/15/2024,FP2A,6,52,,POPBAL,11.2,11.5,1,-99,0,1,1,,,,,,,,,,,,,,,
FP2A6_54,8/15/2018,7/15/2024,FP2A,6,54,,POPBAL,18.9,20.4,1,-99,0,1,1,,,,,,,,,,,,,,,
FP2A6_210,8/15/2018,7/15/2024,FP2A,6,210,,POPBAL,21.2,23.2,1,-99,0,1,1,,,,,,,,,,,,,,,
FP2A6_221,8/15/2018,7/15/2024,FP2A,6,221,,POPBAL,22.6,24.1,1,-99,0,1,1,,,,,,,,,,,,,,,
FP2A6_222,8/15/2018,7/15/2024,FP2A,6,222,,POPBAL,15.4,16.9,1,-99,0,1,1,,,,,,,,,,,,,,,
FP2A6_223,8/15/2018,7/15/2024,FP2A,6,223,,POPBAL,7.5,7.7,1,-99,0,1,1,,,,,,,,,,,,,,,
FP2A6_224,8/15/2018,7/15/2024,FP2A,6,224,,POPBAL,21.8,23.1,1,-99,0,1,1,,,,,,,,,,,,,,,
FP2A6_1808,8/15/2018,7/15/2024,FP2A,6,1808,,POPBAL,26.7,27.8,1,-99,0,1,1,,,,,,,,,,,,,,,
FP2A7_55,8/15/2018,7/15/2024,FP2A,7,55,,POPBAL,25.7,26.9,1,-99,0,1,1,,,,,,,,,,,,,,,
FP2A7_56,8/15/2018,7/15/2024,FP2A,7,56,,POPBAL,20.8,22.2,1,-99,0,1,1,,,,,,,,,,,,,,,
FP2A7_61,8/15/2018,7/15/2024,FP2A,7,61,,POPBAL,19.2,20.1,1,-99,0,1,1,,,,,,,,,,,,,,,
FP2A7_62,8/15/2018,7/15/2024,FP2A,7,62,,POPBAL,13.4,-9999,0,-99,0,1,0,,,,,,,,,,,,,,,
FP2A7_63,8/15/2018,7/15/2024,FP2A,7,63,,POPBAL,12.5,13.8,1,-99,0,1,1,,,,,,,,,,,,,,,
FP2A7_64,8/15/2018,7/15/2024,FP2A,7,64,,POPBAL,16,16.8,1,-99,0,1,1,,,,,,,,,,,,,,,
FP2A7_73,8/15/2018,7/15/2024,FP2A,7,73,,POPBAL,12.6,13.8,1,-99,0,1,1,,,,,,,,,,,,,,,
FP2A7_75,8/15/2018,7/15/2024,FP2A,7,75,,POPBAL,14.7,16.2,1,-99,0,1,1,,,,,,,,,,,,,,,
FP2A7_202,8/15/2018,7/15/2024,FP2A,7,202,,POPBAL,17,-9999,0,-99,0,1,0,,,,,,,,,,,,,,,
FP2A7_203,8/15/2018,7/15/2024,FP2A,7,203,,POPBAL,13.8,14.5,1,-99,0,1,1,,,,,,,,,,,,,,,
FP2A7_204,8/15/2018,7/15/2024,FP2A,7,204,,POPBAL,17.4,18.5,1,-99,0,1,1,,,,,,,,,,,,,,,
FP2A7_212,8/15/2018,7/15/2024,FP2A,7,212,,POPBAL,5.3,-7777,0,-99,0,1,1,,,,,,,,,,,,,,,
FP2A7_1809,8/15/2018,7/15/2024,FP2A,7,1809,,POPBAL,17.8,19.2,1,-99,0,1,1,,,,,,,,,,,,,,,
FP2A7_1810,8/15/2018,7/15/2024,FP2A,7,1810,,POPBAL,13.9,14.9,1,-99,0,1,1,,,,,,,,,,,,,,,
FP2A7_1811,8/15/2018,7/15/2024,FP2A,7,1811,,POPBAL,16.2,16.7,1,-99,0,1,1,,,,,,,,,,,,,,,
FP2A7_1812,8/15/2018,7/15/2024,FP2A,7,1812,,POPBAL,13.7,-7777,0,-99,0,1,1,,,,,,,,,,,,,,,
FP2A7_1813,8/15/2018,7/15/2024,FP2A,7,1813,,POPBAL,16,17,1,-99,0,1,1,,,,,,,,,,,,,,,
FP2A7_1814,8/15/2018,7/15/2024,FP2A,7,1814,,POPBAL,18,18.8,1,-99,0,1,1,,,,,,,,,,,,,,,
FP2A7_1815,8/15/2018,7/15/2024,FP2A,7,1815,,POPBAL,9.8,9.9,1,-99,0,1,1,,,,,,,,,,,,,,,
FP2A7_1816,8/15/2018,7/15/2024,FP2A,7,1816,,POPBAL,14.7,15.1,1,-99,0,1,1,,,,,,,,,,,,,,,
FP2A7_1817,8/15/2018,7/15/2024,FP2A,7,1817,,POPBAL,21.7,22.1,1,-99,0,1,1,,,,,,,,,,,,,,,
FP2A7_1819,8/15/2018,7/15/2024,FP2A,7,1819,,POPBAL,21.7,22.2,1,-99,0,1,1,,,,,,,,,,,,,,,
FP2A8_69,8/15/2018,7/16/2024,FP2A,8,69,,POPBAL,21.4,23,1,-99,0,1,1,,,,,,,,,,,,,,,
FP2A8_70,8/15/2018,7/16/2024,FP2A,8,70,,POPBAL,20.1,21.6,1,-99,0,1,1,,,,,,,,,,,,,,,
FP2A8_71,8/15/2018,7/16/2024,FP2A,8,71,,POPBAL,22.3,23.5,1,-99,0,1,1,,,,,,,,,,,,,,,
FP2A8_74,8/15/2018,7/16/2024,FP2A,8,74,,POPBAL,20.1,20.7,1,-99,0,1,1,,,,,,,,,,,,,,,
FP2A8_77,8/15/2018,7/16/2024,FP2A,8,77,,POPBAL,13.5,14.2,1,-99,1,1,1,,,,,,,,,,,,,,,
FP2A8_96,8/15/2018,7/16/2024,FP2A,8,96,,POPBAL,18,18.9,1,-99,0,1,1,,,,,,,,,,,,,,,
FP2A8_97,8/15/2018,7/16/2024,FP2A,8,97,,POPBAL,13.3,14.5,1,-99,1,1,1,,,,,,,,,,,,,,,
FP2A8_205,8/15/2018,7/16/2024,FP2A,8,205,,POPBAL,15.4,-7777,0,-99,0,1,1,,,,,,,,,,,,,,,
FP2A8_1820,8/15/2018,7/16/2024,FP2A,8,1820,,POPBAL,22.5,23.9,1,-99,0,1,1,,,,,,,,,,,,,,,
FP2A9_86,8/15/2018,7/16/2024,FP2A,9,86,,POPBAL,22.1,23.3,1,-99,0,1,1,,,,,,,,,,,,,,,
FP2A9_87,8/15/2018,7/16/2024,FP2A,9,87,,POPBAL,24,25.8,1,-99,0,1,1,,,,,,,,,,,,,,,
FP2A9_88,8/15/2018,7/16/2024,FP2A,9,88,,POPBAL,21.5,22.1,1,-99,0,1,1,,,,,,,,,,,,,,,
FP2A9_89,8/15/2018,7/16/2024,FP2A,9,89,,POPBAL,23.5,24.9,1,-99,0,1,1,,,,,,,,,,,,,,,
FP2A9_94,8/15/2018,7/16/2024,FP2A,9,94,,POPBAL,28.9,30.9,1,-99,0,1,1,,,,,,,,,,,,,,,
FP2A9_1821,8/15/2018,7/16/2024,FP2A,9,1821,,POPBAL,12.7,14.2,1,-99,1,1,1,,,,,,,,,,,,,,,
FP2A9_1822,8/15/2018,7/16/2024,FP2A,9,1822,,POPBAL,27.3,28.1,1,-99,0,1,1,,,,,,,,,,,,,,,
FP2A9_1823,8/15/2018,7/16/2024,FP2A,9,1823,,POPBAL,18.2,19.4,1,-99,0,1,1,,,,,,,,,,,,,,,
FP2A11_93,8/15/2018,7/16/2024,FP2A,11,93,,POPBAL,18.4,19.5,1,-99,0,1,1,,,,,,,,,,,,,,,
FP2A11_257,8/15/2018,7/16/2024,FP2A,11,257,,POPBAL,19.5,20.6,1,-99,0,1,1,,,,,,,,,,,,,,,
FP2A11_1829,8/15/2018,7/16/2024,FP2A,11,1829,,POPBAL,25.6,27.5,1,-99,0,1,1,,,,,,,,,,,,,,,
FP2A11_1830,8/15/2018,7/16/2024,FP2A,11,1830,,POPBAL,22.9,24.2,1,-99,0,1,1,,,,,,,,,,,,,,,
FP2A11_1831,8/15/2018,7/16/2024,FP2A,11,1831,,POPBAL,16.2,17.5,1,-99,0,1,1,,,,,,,,,,,,,,,
FP2A12_98,8/15/2018,7/16/2024,FP2A,12,98,,POPBAL,17.1,18.4,1,-99,0,1,1,,,,,,,,,,,,,,,
FP2A12_99,8/15/2018,7/16/2024,FP2A,12,99,,POPBAL,26.3,27.3,1,-99,0,1,1,,,,,,,,,,,,,,,
FP2A12_1832,8/15/2018,7/16/2024,FP2A,12,1832,,POPBAL,30,31.4,1,-99,0,1,1,,,,,,,,,,,,,,,
FP2A12_1833,8/15/2018,7/16/2024,FP2A,12,1833,,POPBAL,12.7,14.2,1,-99,0,1,1,,,,,,,,,,,,,,,
FP2A13_100,8/15/2018,7/16/2024,FP2A,13,100,,POPBAL,13.6,14.7,1,-99,0,1,1,,,,,,,,,,,,,,,
FP2A13_101,8/15/2018,7/16/2024,FP2A,13,101,,POPBAL,25.5,26.7,1,-99,0,1,1,,old notes-new #101. 2019 notes-,,,,,,,,,,,,,
FP2A13_207,8/15/2018,7/16/2024,FP2A,13,207,,POPBAL,5.6,-8888,1,-99,0,1,1,missing,,,,,,,,,,,,,,
FP2A13_209,8/15/2018,7/16/2024,FP2A,13,209,,POPBAL,21.1,22.2,1,-99,0,1,1,,,,,,,,,,,,,,,
FP2A13_235,8/15/2018,7/16/2024,FP2A,13,235,,POPBAL,9,-7777,0,2,0,1,1,,,,,,,,,,,,,,,
FP2A13_236,8/15/2018,7/16/2024,FP2A,13,236,,POPBAL,16.7,18.1,1,-99,0,1,1,,,,,,,,,,,,,,,
FP2A13_238,8/15/2018,7/16/2024,FP2A,13,238,,POPBAL,17.7,18.1,1,-99,0,1,1,,,,,,,,,,,,,,,
FP2A13_239,8/15/2018,7/16/2024,FP2A,13,239,,POPBAL,22.6,24.2,1,-99,0,1,1,,,,,,,,,,,,,,,
FP2A13_248,8/15/2018,7/16/2024,FP2A,13,248,,POPBAL,9.3,9.7,1,-99,0,1,1,,,,,,,,,,,,,,,
FP2A13_249,8/15/2018,7/16/2024,FP2A,13,249,,POPBAL,15.4,-7777,0,-99,0,1,1,,,,,,,,,,,,,,,
FP2A13_252,8/15/2018,7/16/2024,FP2A,13,252,,POPBAL,8.5,-8888,1,-99,0,1,1,,,,,,,,,,,,,,,
FP2A13_256,8/15/2018,7/16/2024,FP2A,13,256,,POPBAL,12.4,13.2,1,-99,0,1,1,,,,,,,,,,,,,,,
FP2A13_2941,8/15/2018,7/16/2024,FP2A,13,2941,,POPBAL,5.7,-8888,1,-99,1,1,1,missing,,,,,,,,,,,,,,
FP2A13_2942,8/15/2018,7/16/2024,FP2A,13,2942,,POPBAL,7.8,-9999,0,-99,0,1,0,,,,,,,,,,,,,,,
FP2A13_2943,8/15/2018,7/16/2024,FP2A,13,2943,,POPBAL,14.4,14.6,1,-99,0,1,1,,,,,,,,,,,,,,,
FP2A13_2944,8/15/2018,7/16/2024,FP2A,13,2944,,POPBAL,19.4,20.8,1,-99,0,1,1,,,,,,,,,,,,,,,
FP2A13_2945,8/15/2018,7/16/2024,FP2A,13,2945,,POPBAL,7.5,-9999,0,-99,0,1,0,,,,,,,,,,,,,,,
FP2A13_2946,8/15/2018,7/16/2024,FP2A,13,2946,,POPBAL,24.7,25.5,1,-99,0,1,1,,,,,,,,,,,,,,,
FP2A13_2948,8/15/2018,7/16/2024,FP2A,13,2948,,POPBAL,19.7,21.4,1,-99,0,1,1,,,,,,,,,,,,,,,
FP2A13_2949,8/15/2018,7/16/2024,FP2A,13,2949,,POPBAL,11.9,12.5,1,-99,0,1,1,,,,,,,,,,,,,,,
FP2A13_2950,8/15/2018,7/16/2024,FP2A,13,2950,,POPBAL,11.2,-7777,0,-99,0,1,1,,,,,,,,,,,,,,,
FP2A13_2952,8/15/2018,7/16/2024,FP2A,13,2952,,POPBAL,9,9.2,1,-99,0,1,1,,,,,,,,,,,,,,,
FP2A13_2953,8/15/2018,7/16/2024,FP2A,13,2953,,POPBAL,15.9,17.4,1,-99,0,1,1,,,,,,,,,,,,,,,
FP2A13_2955,8/15/2018,7/16/2024,FP2A,13,2955,,POPBAL,15.5,16.3,1,-99,0,1,1,,,,,,,,,,,,,,,
FP2A13_2956,8/15/2018,7/16/2024,FP2A,13,2956,,POPBAL,21.8,22.6,1,-99,0,1,1,,old notes-band 1.29. 2019 notes-,,,,,,,,,,,,,
FP2A13_2957,8/15/2018,7/16/2024,FP2A,13,2957,,POPBAL,17.8,18,1,-99,0,1,1,,old notes-doubled checked. 2019 notes-,,,,,,,,,,,,,
FP2A13_2958,8/15/2018,7/16/2024,FP2A,13,2958,,POPBAL,12.7,-7777,0,-99,0,1,1,,,,,,,,,,,,,,,
FP2A14_211,8/15/2018,7/16/2024,FP2A,14,211,,POPBAL,20.3,21.2,1,-99,0,1,1,,,,,,,,,,,,,,,
FP2A14_215,8/15/2018,7/16/2024,FP2A,14,215,,POPBAL,20,20.7,1,-99,0,1,1,,,,,,,,,,,,,,,
FP2A14_241,8/15/2018,7/16/2024,FP2A,14,241,,POPBAL,13.2,13.7,1,-99,0,1,1,,,,,,,,,,,,,,,
FP2A14_242,8/15/2018,7/16/2024,FP2A,14,242,,POPBAL,11.1,11.2,1,-99,0,1,1,,,,,,,,,,,,,,,
FP2A14_243,8/15/2018,7/16/2024,FP2A,14,243,,POPBAL,17,18.7,1,-99,0,1,1,,,,,,,,,,,,,,,
FP2A14_245,8/15/2018,7/16/2024,FP2A,14,245,,POPBAL,21.3,22.8,1,-99,0,1,1,,,,,,,,,,,,,,,
FP2A14_2109,,7/16/2024,FP2A,14,2109,,PICGLA,,5.5,1,-99,0,1,1,,,,,,,,,,,,,,,
FP2A14_2960,8/15/2018,7/16/2024,FP2A,14,2960,,POPBAL,18.5,20,1,-99,0,1,1,,,,,,,,,,,,,,,
FP2A14_2961,8/15/2018,7/16/2024,FP2A,14,2961,,POPBAL,10.5,-7777,0,-99,0,1,1,,,,,,,,,,,,,,,
FP2A14_2962,8/15/2018,7/16/2024,FP2A,14,2962,,POPBAL,15.6,16.1,1,-99,0,1,1,,,,,,,,,,,,,,,
FP2A14_2963,8/15/2018,7/16/2024,FP2A,14,2963,,POPBAL,5.5,-9999,0,-99,1,1,0,,,,,,,,,,,,,,,
FP2A14_2964,8/15/2018,7/16/2024,FP2A,14,2964,,POPBAL,16.7,17.6,1,-99,0,1,1,,,,,,,,,,,,,,,
FP2A21_2,8/15/2018,7/16/2024,FP2A,21,2,,POPBAL,19,21.3,1,-99,0,1,1,,,,,,,,,,,,,,,
FP2A21_3,8/15/2018,7/16/2024,FP2A,21,3,,POPBAL,21.8,23.1,1,-99,0,1,1,,,,,,,,,,,,,,,
FP2A22_6,8/15/2018,7/16/2024,FP2A,22,6,,POPBAL,20.7,22,1,-99,0,1,1,,,,,,,,,,,,,,,
FP2A22_7,8/15/2018,7/16/2024,FP2A,22,7,,POPBAL,22.1,23.2,1,-99,0,1,1,,,,,,,,,,,,,,,
FP2A22_8,8/15/2018,7/16/2024,FP2A,22,8,,POPBAL,13.5,14.6,1,-99,0,1,1,,old notes-new fork! Dead to below original dbh. 2019 notes-,,,,,,,,,,,,,
FP2A22_9,8/15/2018,7/16/2024,FP2A,22,9,,POPBAL,15,15.6,1,-99,0,1,1,,,,,,,,,,,,,,,
FP2A22_1802,8/15/2018,7/16/2024,FP2A,22,1802,,POPBAL,15.8,17.6,1,-99,0,1,1,,,,,,,,,,,,,,,
FP2A24_16,8/15/2018,7/16/2024,FP2A,24,16,,POPBAL,21.2,23.7,1,-99,0,1,1,,,,,,,,,,,,,,,
FP2A24_17,8/15/2018,7/16/2024,FP2A,24,17,,POPBAL,28.9,29.9,1,-99,0,1,1,,,,,,,,,,,,,,,
FP2A24_26,8/15/2018,7/16/2024,FP2A,24,26,,POPBAL,6.3,-7777,0,-99,1,1,1,,,,,,,,,,,,,,,
FP2A25_27,8/15/2018,7/16/2024,FP2A,25,27,,POPBAL,9.8,10.8,1,-99,0,1,1,,,,,,,,,,,,,,,
FP2A25_686,8/15/2018,7/15/2024,FP2A,25,686,,POPBAL,8.4,10.1,1,-99,0,1,1,actually in plot 25,old notes-Plot 25. 2019 notes-,,,,,,,,,,,,,
FP2A26_33,8/15/2018,7/16/2024,FP2A,26,33,,POPBAL,16,16.4,1,-99,0,1,1,,,,,,,,,,,,,,,
FP2A26_34,8/15/2018,7/16/2024,FP2A,26,34,,POPBAL,13.7,16.1,1,-99,1,1,1,,,,,,,,,,,,,,,
FP2A26_35,8/15/2018,7/16/2024,FP2A,26,35,,POPBAL,25.2,26.7,1,-99,0,1,1,,,,,,,,,,,,,,,
FP2A27_36,8/15/2018,7/15/2024,FP2A,27,36,,POPBAL,25.1,26.4,1,-99,0,1,1,,,,,,,,,,,,,,,
FP2A27_42,8/15/2018,7/15/2024,FP2A,27,42,,POPBAL,14.1,15.3,1,-99,0,1,1,,,,,,,,,,,,,,,
FP2A27_43,8/15/2018,7/15/2024,FP2A,27,43,,POPBAL,23.5,24.4,1,-99,0,1,1,"Bump at dbh, measured above ",,,,,,,,,,,,,,
FP2A27_45,8/15/2018,7/15/2024,FP2A,27,45,,POPBAL,15.8,16.3,1,-99,0,1,1,,,,,,,,,,,,,,,
FP2A27_2108,,7/15/2024,FP2A,27,2108,,PICGLA,,3.8,1,-99,0,1,1,,,,,,,,,,,,,,,
FP2A28_46,8/15/2018,7/15/2024,FP2A,28,46,,POPBAL,25.2,26.1,1,-99,0,1,1,,,,,,,,,,,,,,,
FP2A28_47,8/15/2018,7/15/2024,FP2A,28,47,,POPBAL,14.6,-7777,0,-99,0,1,1,,,,,,,,,,,,,,,
FP2A28_48,8/15/2018,7/15/2024,FP2A,28,48,,POPBAL,27.5,29.1,1,-99,0,1,1,,,,,,,,,,,,,,,
FP2A28_49,8/15/2018,7/15/2024,FP2A,28,49,,POPBAL,16.5,17,1,-99,0,1,1,,,,,,,,,,,,,,,
FP2A28_582,8/15/2018,7/15/2024,FP2A,28,582,,POPBAL,-7777,-7777,0,1.5,0,1,1,,,,,,,,,,,,,,,
FP2A28_1807,8/15/2018,7/15/2024,FP2A,28,1807,,POPBAL,7.1,8.7,1,-99,0,1,1,,,,,,,,,,,,,,,
FP2A29_213,8/15/2018,7/16/2024,FP2A,29,213,,POPBAL,22.1,22.9,1,-99,0,1,1,,,,,,,,,,,,,,,
FP2A29_216,8/15/2018,7/16/2024,FP2A,29,216,,POPBAL,19,20,1,-99,0,1,1,,,,,,,,,,,,,,,
FP2A29_217,8/15/2018,7/16/2024,FP2A,29,217,,POPBAL,20.3,21.5,1,-99,0,1,1,,,,,,,,,,,,,,,
FP2A29_218,8/15/2018,7/16/2024,FP2A,29,218,,POPBAL,21.7,22.5,1,-99,0,1,1,,,,,,,,,,,,,,,
FP2A29_219,8/15/2018,7/16/2024,FP2A,29,219,,POPBAL,6.6,-7777,0,-99,0,1,1,,,,,,,,,,,,,,,
FP2A29_220,8/15/2018,7/16/2024,FP2A,29,220,,POPBAL,7.3,7.7,1,-99,0,1,1,,,,,,,,,,,,,,,
FP2A29_225,8/15/2018,7/16/2024,FP2A,29,225,,POPBAL,21.4,22.3,1,-99,0,1,1,,,,,,,,,,,,,,,
FP2A29_228,8/15/2018,7/16/2024,FP2A,29,228,,POPBAL,18,18.7,1,-99,0,1,1,,old notes-. 2019 notes-Major fungus wound ooze,,,,,,,,,,,,,
FP2A29_2965,8/15/2018,7/16/2024,FP2A,29,2965,,POPBAL,11.5,12.3,1,-99,0,1,1,,,,,,,,,,,,,,,
FP2A29_2966,8/15/2018,7/16/2024,FP2A,29,2966,,POPBAL,10.4,-7777,0,-99,0,1,1,,,,,,,,,,,,,,,
FP2A29_2967,8/15/2018,7/16/2024,FP2A,29,2967,,POPBAL,19.4,20.7,1,-99,0,1,1,,,,,,,,,,,,,,,
FP2A29_2968,8/15/2018,7/16/2024,FP2A,29,2968,,POPBAL,18.8,20.7,1,-99,0,1,1,,,,,,,,,,,,,,,
FP2A31_230,8/15/2018,7/16/2024,FP2A,31,230,,POPBAL,13.5,14.6,1,-99,1,1,1,,,,,,,,,,,,,,,
FP2A31_246,8/15/2018,7/16/2024,FP2A,31,246,,POPBAL,8.8,9.5,1,-99,0,1,1,,,,,,,,,,,,,,,
FP2A31_687,8/15/2018,7/15/2024,FP2A,31,687,,POPBAL,5,5.5,1,-99,0,1,1,actually in plot 31,old notes-Plot 32. 2019 notes-,,,,,,,,,,,,,
FP2A32_231,8/15/2018,7/16/2024,FP2A,32,231,,POPBAL,19.75,20.6,1,-99,0,1,1,,,,,,,,,,,,,,,
FP2A32_232,8/15/2018,7/16/2024,FP2A,32,232,,POPBAL,9.6,-9999,0,-99,0,1,0,,,,,,,,,,,,,,,
FP2A32_233,8/15/2018,7/16/2024,FP2A,32,233,,POPBAL,15.9,17.5,1,-99,0,1,1,,,,,,,,,,,,,,,
FP2A32_234,8/15/2018,7/16/2024,FP2A,32,234,,POPBAL,6.4,6.5,1,-99,0,1,1,,,,,,,,,,,,,,,
FP2A32_253,8/15/2018,7/16/2024,FP2A,32,253,,POPBAL,19.5,20.6,1,-99,0,1,1,,,,,,,,,,,,,,,
FP2A32_254,8/15/2018,7/16/2024,FP2A,32,254,,POPBAL,23,25.2,1,-99,0,1,1,,,,,,,,,,,,,,,
FP2A32_580,8/15/2018,7/16/2024,FP2A,32,580,,POPBAL,-7777,-8888,0,-99,0,1,1,missing,old notes-. 2019 notes-Probably,,,,,,,,,,,,,
FP2A32_2969,8/15/2018,7/16/2024,FP2A,32,2969,,POPBAL,22.1,23,1,-99,0,1,1,,old notes-band 1.5. 2019 notes-,,,,,,,,,,,,,
FP2A32_2970,8/15/2018,7/16/2024,FP2A,32,2970,,POPBAL,21,-9999,0,-99,0,1,0,,,,,,,,,,,,,,,
FP2A32_2971,8/15/2018,7/16/2024,FP2A,32,2971,,POPBAL,3.6,4.1,1,-99,0,1,1,,"old notes-new fork, new mark below dbh. 2019 notes-",,,,,,,,,,,,,
FP2A32_2972,8/15/2018,7/16/2024,FP2A,32,2972,,POPBAL,14.6,17.2,1,-99,0,1,1,,,,,,,,,,,,,,,
FP2A32_2973,8/15/2018,7/16/2024,FP2A,32,2973,,POPBAL,11.4,-7777,0,4,0,1,1,,,,,,,,,,,,,,,
FP2A32_2974,8/15/2018,7/16/2024,FP2A,32,2974,,POPBAL,19.3,20.7,1,-99,0,1,1,,,,,,,,,,,,,,,
FP2A32_2977,8/15/2018,7/16/2024,FP2A,32,2977,,POPBAL,11.4,12.2,1,-99,0,1,1,,,,,,,,,,,,,,,
FP2A32_2978,8/15/2018,7/16/2024,FP2A,32,2978,,POPBAL,14,14.3,1,-99,0,1,1,,,,,,,,,,,,,,,
FP2A32_2979,8/15/2018,7/16/2024,FP2A,32,2979,,POPBAL,17.1,17.6,1,-99,0,1,1,,,,,,,,,,,,,,,
FP2A34_2975,8/15/2018,7/16/2024,FP2A,34,2975,,POPBAL,26.4,28.1,1,-99,0,1,1,,,,,,,,,,,,,,,
FP2A35_261,8/15/2018,7/16/2024,FP2A,35,261,,POPBAL,21.4,22.7,1,-99,0,1,1,,,,,,,,,,,,,,,
FP2A35_262,8/15/2018,7/16/2024,FP2A,35,262,,POPBAL,3.4,-7777,0,-99,0,1,1,,,,,,,,,,,,,,,
FP2A36_258,8/15/2018,7/16/2024,FP2A,36,258,,POPBAL,13.7,15,1,-99,0,1,1,,,,,,,,,,,,,,,
FP2A36_259,8/15/2018,7/16/2024,FP2A,36,259,,POPBAL,3.6,-9999,0,-99,0,1,0,,,,,,,,,,,,,,,
FP2A36_260,8/15/2018,7/16/2024,FP2A,36,260,,POPBAL,12,14.3,1,-99,0,1,1,,,,,,,,,,,,,,,
FP2A36_1825,8/15/2018,7/16/2024,FP2A,36,1825,,POPBAL,24.1,25.2,1,-99,0,1,1,,,,,,,,,,,,,,,
FP2A36_1826,8/15/2018,7/16/2024,FP2A,36,1826,,POPBAL,21.3,22.7,1,-99,0,1,1,,,,,,,,,,,,,,,
FP2A36_1827,8/15/2018,7/16/2024,FP2A,36,1827,,POPBAL,3.9,-7777,0,-99,0,1,1,,,,,,,,,,,,,,,
FP2A36_1828,8/15/2018,7/16/2024,FP2A,36,1828,,POPBAL,20.5,21.7,1,-99,0,1,1,,,,,,,,,,,,,,,
FP2A37_91,8/15/2018,7/16/2024,FP2A,37,91,,POPBAL,12.3,13.3,1,-99,0,1,1,,,,,,,,,,,,,,,
FP2A37_92,8/15/2018,7/16/2024,FP2A,37,92,,POPBAL,24,25.5,1,-99,0,1,1,,,,,,,,,,,,,,,
FP2A37_95,8/15/2018,7/16/2024,FP2A,37,95,,POPBAL,12.3,-7777,0,-99,0,1,1,,,,,,,,,,,,,,,
FP2A37_1824,8/15/2018,7/16/2024,FP2A,37,1824,,POPBAL,19.6,21.5,1,-99,0,1,1,,,,,,,,,,,,,,,
FP2A38_685,8/15/2018,7/15/2024,FP2A,38,685,,POPBAL,3.1,3.7,1,-99,0,1,1,actually in plot 38,old notes-Plot 38. 2019 notes-,,,,,,,,,,,,,
FP2A38_2104,,7/15/2024,FP2A,38,2104,,POPBAL,,2.8,1,-99,0,1,1,,,,,,,,,,,,,,,
FP2B1_146,8/14/2018,7/10/2024,FP2B,1,146,,POPBAL,-9999,-8888,0,-99,0,1,1,,"old notes-. 2019 notes-Can’t find tree, prolly dead.",,,,,,,,,,,,,
FP2B1_2146,8/14/2018,7/10/2024,FP2B,1,2146,,POPBAL,-9999,-8888,0,-99,0,1,1,,"old notes-. 2019 notes-Can’t find tree, prolly dead. Same as 146?",,,,,,,,,,,,,
FP2B1_2495,,7/10/2024,FP2B,1,2495,,PICGLA,,3.9,1,-99,0,1,1,,,,,,,,,,,,,,,
FP2B1_3759,8/14/2018,7/10/2024,FP2B,1,3759,,POPBAL,19.3,24.3,1,-99,0,1,1,,,,,,,,,,,,,,,
FP2B1_8009,8/14/2018,7/10/2024,FP2B,1,8009,,PICGLA,16.6,21.9,1,-99,0,1,1,,,,,,,,,,,,,,,
FP2B2_113,8/14/2018,7/10/2024,FP2B,2,113,2503,PICGLA,14.9,21,1,-99,0,1,1,new tag,,,,,,,,,,,,,,
FP2B2_198,8/14/2018,7/10/2024,FP2B,2,198,,POPBAL,-9999,-8888,0,-99,0,1,1,,"old notes-. 2019 notes-Missing. General site note. Many popbal trees are missing, and cannot be located on the ground. There are a lot of popbal beaver stumps.",,,,,,,,,,,,,
FP2B2_199,8/14/2018,7/10/2024,FP2B,2,199,,POPBAL,-9999,-8888,0,-99,0,1,1,,"old notes-. 2019 notes-Missing. General site note. Many popbal trees are missing, and cannot be located on the ground. There are a lot of popbal beaver stumps.",,,,,,,,,,,,,
FP2B2_201,8/14/2018,7/10/2024,FP2B,2,201,,POPBAL,-9999,-8888,0,-99,0,1,1,,"old notes-. 2019 notes-Missing. General site note. Many popbal trees are missing, and cannot be located on the ground. There are a lot of popbal beaver stumps.",,,,,,,,,,,,,
FP2B2_202,8/14/2018,7/10/2024,FP2B,2,202,,POPBAL,-9999,-8888,0,-99,0,1,1,,"old notes-. 2019 notes-Missing. General site note. Many popbal trees are missing, and cannot be located on the ground. There are a lot of popbal beaver stumps.",,,,,,,,,,,,,
FP2B2_251,8/14/2018,7/10/2024,FP2B,2,251,2501,POPBAL,5.4,6.8,1,-99,0,1,1,,"old notes-. 2019 notes-Missing. General site note. Many popbal trees are missing, and cannot be located on the ground. There are a lot of popbal beaver stumps.",,,,,,,,,,,,,
FP2B2_252,8/14/2018,7/10/2024,FP2B,2,252,2499,POPBAL,4.1,5.3,1,-99,0,1,1,,"old notes-. 2019 notes-Missing. General site note. Many popbal trees are missing, and cannot be located on the ground. There are a lot of popbal beaver stumps.",,,,,,,,,,,,,
FP2B2_278,8/14/2018,7/10/2024,FP2B,2,278,,POPBAL,-9999,-8888,0,-99,0,1,1,,"old notes-. 2019 notes-Missing. General site note. Many popbal trees are missing, and cannot be located on the ground. There are a lot of popbal beaver stumps.",,,,,,,,,,,,,
FP2B2_287,8/14/2018,7/10/2024,FP2B,2,287,2500,POPBAL,5.9,6.8,1,-99,0,1,1,new tag,,,,,,,,,,,,,,
FP2B2_294,8/14/2018,7/10/2024,FP2B,2,294,,POPBAL,-9999,-8888,0,-99,0,1,1,,"old notes-. 2019 notes-Missing. General site note. Many popbal trees are missing, and cannot be located on the ground. There are a lot of popbal beaver stumps.",,,,,,,,,,,,,
FP2B2_299,8/14/2018,7/10/2024,FP2B,2,299,2505,POPBAL,,3.8,0,-99,0,1,1,new tag,old notes-. 2019 notes-Missing,,,New tag2505 not dead and down,,,,,,,,,,
FP2B2_1000,,7/10/2024,FP2B,2,1000,,POPBAL,6.7,8.5,1,-99,0,1,1,,,,,,,,,,,,,,,
FP2B2_1254,8/14/2018,7/10/2024,FP2B,2,1254,,POPBAL,-9999,-8888,0,-99,0,1,1,,old notes-. 2019 notes-Missing,,,,,,,,,,,,,
FP2B2_2496,,7/10/2024,FP2B,2,2496,,POPBAL,,3.4,1,-99,0,1,1,,,,,,,,,,,,,,,
FP2B2_2497,,7/10/2024,FP2B,2,2497,,POPBAL,,2.6,1,-99,0,1,1,,,,,,,,,,,,,,,
FP2B2_2498,,7/10/2024,FP2B,2,2498,,PICGLA,,4.9,1,-99,0,1,1,,,,,,,,,,,,,,,
FP2B2_2515,,7/10/2024,FP2B,2,2515,,POPBAL,,3.2,1,-99,0,1,1,,,,,,,,,,,,,,,
FP2B2_3000,8/14/2018,7/10/2024,FP2B,2,3000,,POPBAL,-9999,-8888,0,-99,0,1,1,,,,,,,,,,,,,,,
FP2B2_3760,8/14/2018,7/10/2024,FP2B,2,3760,2504,PICGLA,20.5,27.3,1,-99,0,1,1,new tag,,,,,,,,,,,,,,
FP2B2_8022,8/14/2018,7/10/2024,FP2B,2,8022,2502,PICGLA,16.3,20.6,1,-99,0,1,1,new tag,old notes-. 2019 notes-Add tree 1000 popbal day 6.7,,,,,,,,,,,,,
FP2B3_128,8/14/2018,7/10/2024,FP2B,3,128,2513,PICGLA,12.6,18,1,-99,0,1,1,new tag,old notes-. 2019 notes-Add 117 picgla dbh 11.3,,,,,,,,,,,,,
FP2B3_311,8/14/2018,7/10/2024,FP2B,3,311,,POPBAL,-9999,-8888,0,-99,0,1,1,,old notes-no data. 2019 notes-,,,,,,,,,,,,,
FP2B3_327,8/14/2018,7/10/2024,FP2B,3,327,,POPBAL,-9999,-8888,0,-99,0,1,1,,Tree sized stem deceased; remaining leader below DBH,,,,,,,,,,,,,
FP2B3_330,8/14/2018,7/10/2024,FP2B,3,330,,POPBAL,-9999,-8888,0,-99,0,1,1,,,,,,,,,,,,,,,
FP2B3_331,8/14/2018,7/10/2024,FP2B,3,331,2512,POPBAL,,6.3,1,-99,0,1,1,new tag,,,,,,,,,,,,,,
FP2B3_335,8/14/2018,7/10/2024,FP2B,3,335,,POPBAL,-9999,-8888,0,-99,0,1,1,,,,,,,,,,,,,,,
FP2B3_370,8/14/2018,7/10/2024,FP2B,3,370,,POPBAL,-9999,-8888,0,-99,0,1,1,,,,,,,,,,,,,,,
FP2B3_483,8/14/2018,7/10/2024,FP2B,3,483,,POPBAL,3.1,4.3,1,-99,0,1,1,,,,,,,,,,,,,,,
FP2B3_484,8/14/2018,7/10/2024,FP2B,3,484,,PICGLA,4.2,6.7,1,-99,0,1,1,,,,,,,,,,,,,,,
FP2B3_485,8/14/2018,7/10/2024,FP2B,3,485,,POPBAL,3.2,4.7,1,-99,0,1,1,,,,,,,,,,,,,,,
FP2B3_486,8/14/2018,7/10/2024,FP2B,3,486,,POPBAL,4.8,7,1,-99,0,1,1,,,,,,,,,,,,,,,
FP2B3_487,8/14/2018,7/10/2024,FP2B,3,487,,POPBAL,2.9,3.3,1,-99,0,1,1,,,,,,,,,,,,,,,
FP2B3_488,8/14/2018,7/10/2024,FP2B,3,488,,POPBAL,4.2,6.1,1,-99,0,1,1,,,,,,,,,,,,,,,
FP2B3_490,8/14/2018,7/10/2024,FP2B,3,490,,POPBAL,3.2,4.3,1,-99,0,1,1,,,,,,,,,,,,,,,
FP2B3_491,8/14/2018,7/10/2024,FP2B,3,491,,POPBAL,2.6,3.4,1,-99,0,1,1,,,,,,,,,,,,,,,
FP2B3_492,8/14/2018,7/10/2024,FP2B,3,492,,POPBAL,3.9,5.9,1,-99,0,1,1,,,,,,,,,,,,,,,
FP2B3_493,8/14/2018,7/10/2024,FP2B,3,493,,POPBAL,4.7,6.5,1,-99,0,1,1,,,,,,,,,,,,,,,
FP2B3_494,8/14/2018,7/10/2024,FP2B,3,494,,POPBAL,3.1,4.4,1,-99,0,1,1,,,,,,,,,,,,,,,
FP2B3_495,8/14/2018,7/10/2024,FP2B,3,495,,POPBAL,2.7,4,1,-99,0,1,1,,,,,,,,,,,,,,,
FP2B3_496,8/14/2018,7/10/2024,FP2B,3,496,,POPBAL,2.7,3,1,-99,0,1,1,,,,,,,,,,,,,,,
FP2B3_497,8/14/2018,7/10/2024,FP2B,3,497,,POPBAL,3.9,5.5,1,-99,0,1,1,,,,,,,,,,,,,,,
FP2B3_498,8/14/2018,7/10/2024,FP2B,3,498,,POPBAL,5,6.5,1,-99,0,1,1,,,,,,,,,,,,,,,
FP2B3_499,8/14/2018,7/10/2024,FP2B,3,499,,POPBAL,2.9,4,1,-99,0,1,1,,,,,,,,,,,,,,,
FP2B3_500,8/14/2018,7/10/2024,FP2B,3,500,,POPBAL,4.1,6.4,1,-99,0,1,1,,,,,,,,,,,,,,,
FP2B3_996,8/14/2018,7/10/2024,FP2B,3,996,,PICGLA,11.6,15.1,1,-99,0,1,1,,,,,,,,,,,,,,,
FP2B3_997,8/14/2018,7/10/2024,FP2B,3,997,,PICGLA,15.2,22.5,1,-99,0,1,1,,,,,,,,,,,,,,,
FP2B3_999,8/14/2018,7/10/2024,FP2B,3,999,,PICGLA,11.4,15,1,-99,0,1,1,,,,,,,,,,,,,,,
FP2B3_2506,,7/10/2024,FP2B,3,2506,,POPBAL,,3.8,1,-99,0,1,1,,,,,,,,,,,,,,,
FP2B3_2507,,7/10/2024,FP2B,3,2507,,POPBAL,,3.1,1,-99,0,1,1,,,,,,,,,,,,,,,
FP2B3_2508,,7/10/2024,FP2B,3,2508,,POPBAL,,2.9,1,-99,0,1,1,,,,,,,,,,,,,,,
FP2B3_2509,,7/10/2024,FP2B,3,2509,,POPBAL,,2.8,1,-99,0,1,1,,,,,,,,,,,,,,,
FP2B3_2510,,7/10/2024,FP2B,3,2510,,POPBAL,,3,1,-99,0,1,1,,,,,,,,,,,,,,,
FP2B3_2511,,7/10/2024,FP2B,3,2511,,POPBAL,,3,1,-99,0,1,1,,,,,,,,,,,,,,,
FP2B3_2514,,7/10/2024,FP2B,3,2514,,POPBAL,,3.9,1,-99,0,1,1,,,,,,,,,,,,,,,
FP2B3_2516,,7/10/2024,FP2B,3,2516,,POPBAL,,3.6,1,-99,0,1,1,,,,,,,,,,,,,,,
FP2B3_2517,,7/10/2024,FP2B,3,2517,,POPBAL,,2.8,1,-99,0,1,1,,,,,,,,,,,,,,,
FP2B3_6505,8/14/2018,7/10/2024,FP2B,3,6505,,POPBAL,-9999,-8888,0,-99,0,1,1,,,,,,,,,,,,,,,
FP2B3_6506,8/14/2018,7/10/2024,FP2B,3,6506,,POPBAL,-9999,-8888,0,-99,0,1,1,,,,,,,,,,,,,,,
FP2B3_8033,8/14/2018,7/10/2024,FP2B,3,8033,,POPBAL,-9999,-8888,0,-99,0,1,1,,,,,,,,,,,,,,,
FP2B3_8040,8/14/2018,7/10/2024,FP2B,3,8040,,POPBAL,-9999,-8888,0,-99,0,1,1,,,,,,,,,,,,,,,
FP2B4_48,,7/10/2024,FP2B,4,48,,POPBAL,,5.4,1,-99,0,1,1,*close to 2541; unrecorded before,,"tree not in dataset, check master",,,,,,,,,,,,
FP2B4_381,8/14/2018,7/10/2024,FP2B,4,381,,POPBAL,-9999,-8888,0,-99,0,1,1,,,,,,,,,,,,,,,
FP2B4_385,8/14/2018,7/10/2024,FP2B,4,385,2528,POPBAL,6.3,7.7,1,-99,0,1,1,,,,,,,,,,,,,,,
FP2B4_387,8/14/2018,7/10/2024,FP2B,4,387,,POPBAL,-9999,-8888,0,-99,0,1,1,,,,,,,,,,,,,,,
FP2B4_392,8/14/2018,7/10/2024,FP2B,4,392,,POPBAL,-9999,-8888,0,-99,0,1,1,,,,,,,,,,,,,,,
FP2B4_403,8/14/2018,7/10/2024,FP2B,4,403,,POPBAL,-9999,-8888,0,-99,0,1,1,,,,,,,,,,,,,,,
FP2B4_412,8/14/2018,7/10/2024,FP2B,4,412,,POPBAL,-9999,-8888,0,-99,0,1,1,,,,,,,,,,,,,,,
FP2B4_416,8/14/2018,7/10/2024,FP2B,4,416,,POPBAL,-9999,-8888,0,-99,0,1,1,,,,,,,,,,,,,,,
FP2B4_423,8/14/2018,7/10/2024,FP2B,4,423,,POPBAL,-9999,-8888,0,-99,0,1,1,,,,,,,,,,,,,,,
FP2B4_424,8/14/2018,7/10/2024,FP2B,4,424,2531,POPBAL,7.5,8.7,1,-99,0,1,1,,,,,,,,,,,,,,,
FP2B4_435,8/14/2018,7/10/2024,FP2B,4,435,,POPBAL,-9999,-8888,0,-99,0,1,1,,,,,,,,,,,,,,,
FP2B4_489,8/14/2018,7/10/2024,FP2B,4,489,,POPBAL,2.8,3.2,1,-99,0,1,1,,,,,,,,,,,,,,,
FP2B4_501,8/14/2018,7/10/2024,FP2B,4,501,,POPBAL,3.5,-8888,1,-99,0,1,1,,,,,,,,,,,,,,,
FP2B4_502,8/14/2018,7/10/2024,FP2B,4,502,,POPBAL,3.2,3.9,1,-99,0,1,1,,,,,,,,,,,,,,,
FP2B4_504,8/14/2018,7/10/2024,FP2B,4,504,,POPBAL,2.7,3.5,1,-99,0,1,1,,,,,,,,,,,,,,,
FP2B4_505,8/14/2018,7/10/2024,FP2B,4,505,,PICGLA,10.5,17.7,1,-99,0,1,1,,,,,,,,,,,,,,,
FP2B4_506,8/14/2018,7/10/2024,FP2B,4,506,,POPBAL,3.1,4.3,1,-99,0,1,1,,,,,,,,,,,,,,,
FP2B4_507,8/14/2018,7/10/2024,FP2B,4,507,,POPBAL,3,4,1,-99,0,1,1,,,,,,,,,,,,,,,
FP2B4_656,8/14/2018,7/10/2024,FP2B,4,656,,POPBAL,2.6,3.7,1,-99,0,1,1,,,,,,,,,,,,,,,
FP2B4_657,8/14/2018,7/10/2024,FP2B,4,657,,POPBAL,2.5,3.4,1,-99,0,1,1,,,,,,,,,,,,,,,
FP2B4_658,8/14/2018,7/10/2024,FP2B,4,658,,POPBAL,3.1,3.9,1,-99,0,1,1,,,,,,,,,,,,,,,
FP2B4_659,8/14/2018,7/10/2024,FP2B,4,659,,POPBAL,3.3,4.6,1,-99,0,1,1,,,,,,,,,,,,,,,
FP2B4_660,8/14/2018,7/10/2024,FP2B,4,660,,POPBAL,3.9,5.6,1,-99,0,1,1,,,,,,,,,,,,,,,
FP2B4_661,8/14/2018,7/10/2024,FP2B,4,661,,POPBAL,3.7,4.6,1,-99,0,1,1,,,,,,,,,,,,,,,
FP2B4_662,8/14/2018,7/10/2024,FP2B,4,662,,POPBAL,2.5,-9999,0,-99,0,1,0,,,,,,,,,,,,,,,
FP2B4_995,8/14/2018,7/10/2024,FP2B,4,995,,POPBAL,,9.9,1,-99,0,1,1,,,,,,,,,,,,,,,
FP2B4_2517,,7/10/2024,FP2B,4,2517,,POPBAL,,2.6,1,-99,0,1,1,,,,,,,,,,,,,,,
FP2B4_2518,,7/10/2024,FP2B,4,2518,,POPBAL,,3.9,1,-99,0,1,1,,,,,,,,,,,,,,,
FP2B4_2519,,7/10/2024,FP2B,4,2519,,POPBAL,,2.9,1,-99,0,1,1,,,,,,,,,,,,,,,
FP2B4_2521,,7/10/2024,FP2B,4,2521,,POPBAL,,5,1,-99,0,1,1,,,,,,,,,,,,,,,
FP2B4_2522,,7/10/2024,FP2B,4,2522,,POPBAL,,2.8,1,-99,0,1,1,,,,,,,,,,,,,,,
FP2B4_2523,,7/10/2024,FP2B,4,2523,,POPBAL,,4.6,1,-99,0,1,1,,,,,,,,,,,,,,,
FP2B4_2524,,7/10/2024,FP2B,4,2524,,POPBAL,,2.5,1,-99,0,1,1,,,,,,,,,,,,,,,
FP2B4_2525,,7/10/2024,FP2B,4,2525,,POPBAL,,3.3,1,-99,0,1,1,,,,,,,,,,,,,,,
FP2B4_2526,,7/10/2024,FP2B,4,2526,,POPBAL,,2.9,1,-99,0,1,1,,,,,,,,,,,,,,,
FP2B4_2527,,7/10/2024,FP2B,4,2527,,POPBAL,,2.7,1,-99,0,1,1,,,,,,,,,,,,,,,
FP2B4_2529,,7/10/2024,FP2B,4,2529,,POPBAL,,2.6,1,-99,0,1,1,,,,,,,,,,,,,,,
FP2B4_2530,,7/10/2024,FP2B,4,2530,,PICGLA,,3.5,1,-99,0,1,1,,,,,,,,,,,,,,,
FP2B4_2532,,7/10/2024,FP2B,4,2532,,POPBAL,,2.9,1,-99,0,1,1,,,,,,,,,,,,,,,
FP2B4_2533,8/14/2018,7/10/2024,FP2B,4,2533,,POPBAL,6.9,8.2,1,-99,0,1,1,,,,,,,,,,,,,,,
FP2B4_2534,,7/10/2024,FP2B,4,2534,,POPBAL,,3.5,1,-99,0,1,1,,,,,,,,,,,,,,,
FP2B4_2535,,7/10/2024,FP2B,4,2535,,POPBAL,,4.1,1,-99,0,1,1,,,,,,,,,,,,,,,
FP2B4_2536,,7/10/2024,FP2B,4,2536,,POPBAL,,4,1,-99,0,1,1,,,,,,,,,,,,,,,
FP2B4_2537,,7/10/2024,FP2B,4,2537,,POPBAL,,3.2,1,-99,0,1,1,,,,,,,,,,,,,,,
FP2B4_2538,,7/10/2024,FP2B,4,2538,,POPBAL,,2.9,1,-99,0,1,1,,,,,,,,,,,,,,,
FP2B4_2539,,7/10/2024,FP2B,4,2539,,POPBAL,,2.5,1,-99,0,1,1,,,,,,,,,,,,,,,
FP2B4_2540,,7/10/2024,FP2B,4,2540,,POPBAL,,2.6,1,-99,0,1,1,,,,,,,,,,,,,,,
FP2B4_2541,,7/10/2024,FP2B,4,2541,,POPBAL,,3.2,1,-99,0,1,1,,,,,,,,,,,,,,,
FP2B4_2542,,7/10/2024,FP2B,4,2542,,POPBAL,,2.5,1,-99,0,1,1,,,,,,,,,,,,,,,
FP2B4_2543,,7/10/2024,FP2B,4,2543,,POPBAL,,3,1,-99,0,1,1,,,,,,,,,,,,,,,
FP2B4_2544,,7/10/2024,FP2B,4,2544,,POPBAL,,3.8,1,-99,0,1,1,,,,,,,,,,,,,,,
FP2B4_2545,,7/10/2024,FP2B,4,2545,,POPBAL,,5.7,1,-99,0,1,1,,,,,,,,,,,,,,,
FP2B4_2546,,7/10/2024,FP2B,4,2546,,POPBAL,,3.8,1,-99,0,1,1,,,,,,,,,,,,,,,
FP2B4_2547,,7/10/2024,FP2B,4,2547,,POPBAL,,2.5,1,-99,0,1,1,,,,,,,,,,,,,,,
FP2B4_2548,,7/10/2024,FP2B,4,2548,,POPBAL,,2.7,1,-99,0,1,1,,,,,,,,,,,,,,,
FP2B4_2549,,7/10/2024,FP2B,4,2549,,POPBAL,,3,1,-99,0,1,1,,,,,,,,,,,,,,,
FP2B4_2550,,7/10/2024,FP2B,4,2550,,POPBAL,,2.7,1,-99,0,1,1,,,,,,,,,,,,,,,
FP2B4_6507,8/14/2018,7/10/2024,FP2B,4,6507,,POPBAL,-9999,-8888,0,-99,0,1,1,,,,,,,,,,,,,,,
FP2B4_8042,8/14/2018,7/10/2024,FP2B,4,8042,,POPBAL,-9999,-8888,0,-99,0,1,1,,,,,,,,,,,,,,,
FP2B4_8043,8/14/2018,7/10/2024,FP2B,4,8043,,POPBAL,16.3,18.2,1,-99,0,1,1,,,,,,,,,,,,,,,
FP2B6_96,9/24/2018,7/10/2024,FP2B,6,96,,POPBAL,-9999,-8888,0,-99,0,1,1,,,,,,,,,,,,,,,
FP2B6_463,9/24/2018,7/10/2024,FP2B,6,463,2552,POPBAL,11.1,12.4,1,-99,0,1,1,,,,,,,,,,,,,,,
FP2B6_998,9/24/2018,7/10/2024,FP2B,6,998,,POPBAL,6.8,8,1,-99,0,1,1,,,,,,,,,,,,,,,
FP2B6_1827,8/14/2018,7/10/2024,FP2B,6,1827,,POPBAL,3.1,5.5,1,-99,0,1,1,,,,,,,,,,,,,,,
FP2B6_1828,8/14/2018,7/10/2024,FP2B,6,1828,,POPBAL,4.4,-8888,1,-99,0,1,1,,,,,,,,,,,,,,,
FP2B6_2551,,7/10/2024,FP2B,6,2551,,POPBAL,,3.2,1,-99,0,1,1,,,,,,,,,,,,,,,
FP2B6_2553,,7/10/2024,FP2B,6,2553,,POPBAL,,2.9,1,-99,0,1,1,,,,,,,,,,,,,,,
FP2B6_2554,,7/10/2024,FP2B,6,2554,,POPBAL,,2.9,1,-99,0,1,1,,,,,,,,,,,,,,,
FP2B6_2555,,7/10/2024,FP2B,6,2555,,POPBAL,,2.7,1,-99,0,1,1,,,,,,,,,,,,,,,
FP2B6_2556,,7/10/2024,FP2B,6,2556,,POPBAL,,2.6,1,-99,0,1,1,,,,,,,,,,,,,,,
FP2B6_2557,,7/10/2024,FP2B,6,2557,,POPBAL,,4.3,1,-99,0,1,1,,,,,,,,,,,,,,,
FP2B6_2558,,7/10/2024,FP2B,6,2558,,POPBAL,,3,1,-99,0,1,1,,,,,,,,,,,,,,,
FP2B6_2559,,7/10/2024,FP2B,6,2559,,PICGLA,,5,1,-99,0,1,1,,,,,,,,,,,,,,,
FP2B6_8046,9/24/2018,7/10/2024,FP2B,6,8046,,POPBAL,8.5,10.2,1,-99,0,1,1,,,,,,,,,,,,,,,
FP2B6_8047,9/24/2018,7/10/2024,FP2B,6,8047,,POPBAL,12.4,15,1,-99,0,1,1,,,,,,,,,,,,,,,
FP2B7_172,9/24/2018,7/10/2024,FP2B,7,172,2562,PICGLA,11.2,16.5,1,-99,0,1,1,,,,,,,,,,,,,,,
FP2B7_480,9/24/2018,7/10/2024,FP2B,7,480,,POPBAL,-7777,-8888,0,-99,0,1,1,,,,,,,,,,,,,,,
FP2B7_485,9/24/2018,7/10/2024,FP2B,7,485,,POPBAL,-9999,-8888,0,-99,0,1,1,,,,,,,,,,,,,,,
FP2B7_492,9/24/2018,7/10/2024,FP2B,7,492,,POPBAL,-9999,-8888,0,-99,0,1,1,,,,,,,,,,,,,,,
FP2B7_499,9/24/2018,7/10/2024,FP2B,7,499,,POPBAL,-9999,-8888,0,-99,0,1,1,,,,,,,,,,,,,,,
FP2B7_502,9/24/2018,7/10/2024,FP2B,7,502,,POPBAL,-9999,-8888,0,-99,0,1,1,,,,,,,,,,,,,,,
FP2B7_505,9/24/2018,7/10/2024,FP2B,7,505,,POPBAL,-9999,-8888,0,-99,0,1,1,,,,,,,,,,,,,,,
FP2B7_506,9/24/2018,7/10/2024,FP2B,7,506,,POPBAL,-9999,-8888,0,-99,0,1,1,,,,,,,,,,,,,,,
FP2B7_508,9/24/2018,7/10/2024,FP2B,7,508,,POPBAL,-9999,-8888,0,-99,0,1,1,,,,,,,,,,,,,,,
FP2B7_516,9/24/2018,7/10/2024,FP2B,7,516,,POPBAL,-9999,-8888,0,-99,0,1,1,,,,,,,,,,,,,,,
FP2B7_517,9/24/2018,7/10/2024,FP2B,7,517,2563,POPBAL,4,6,1,-99,0,1,1,,,,,,,,,,,,,,,
FP2B7_994,9/24/2018,7/10/2024,FP2B,7,994,,POPBAL,-9999,-8888,0,-99,0,1,1,,,,,,,,,,,,,,,
FP2B7_1826,8/14/2018,7/10/2024,FP2B,7,1826,,PICGLA,4.5,9,1,-99,0,1,1,,,,,,,,,,,,,,,
FP2B7_2560,,7/10/2024,FP2B,7,2560,,PICGLA,,5.1,1,-99,0,1,1,,,,,,,,,,,,,,,
FP2B7_2561,,7/10/2024,FP2B,7,2561,,PICGLA,,5.5,1,-99,0,1,1,"Second #489; old tree already taggee, not on data before",,,,,,,,,,,,,,
FP2B7_2564,,7/10/2024,FP2B,7,2564,,POPBAL,,4.1,1,-99,0,1,1,,,,,,,,,,,,,,,
FP2B7_2565,,7/10/2024,FP2B,7,2565,,POPBAL,,5.4,1,-99,0,1,1,,,,,,,,,,,,,,,
FP2B7_3758,,7/10/2024,FP2B,7,3758,,POPBAL,,27.8,1,-99,0,1,1,"old tree already taggee, not on data before",,,,,,,,,,,,,,
FP2B7_6508,9/24/2018,7/10/2024,FP2B,7,6508,,POPBAL,16.8,18.7,1,-99,0,1,1,,,,,,,,,,,,,,,
FP2B7_6509,9/24/2018,7/10/2024,FP2B,7,6509,,POPBAL,-9999,-8888,0,-99,0,1,1,,,,,,,,,,,,,,,
FP2B7_8049,9/24/2018,7/10/2024,FP2B,7,8049,,POPBAL,-9999,-8888,0,-99,0,1,1,,,,,,,,,,,,,,,
FP2B7_8050,9/24/2018,7/10/2024,FP2B,7,8050,,POPBAL,-9999,-8888,0,-99,0,1,1,,,,,,,,,,,,,,,
FP2B7_8051,9/24/2018,7/10/2024,FP2B,7,8051,,POPBAL,-9999,-8888,0,-99,0,1,1,,,,,,,,,,,,,,,
FP2B7_8052,9/24/2018,7/10/2024,FP2B,7,8052,,POPBAL,-9999,-8888,0,-99,0,1,1,,,,,,,,,,,,,,,
FP2B7_8053,9/24/2018,7/10/2024,FP2B,7,8053,,POPBAL,-9999,-8888,0,-99,0,1,1,,,,,,,,,,,,,,,
FP2B8_1821,8/14/2018,7/10/2024,FP2B,8,1821,,POPBAL,3.1,5,1,-99,0,1,1,,,,,,,,,,,,,,,
FP2B8_1822,8/14/2018,7/10/2024,FP2B,8,1822,,PICGLA,5.2,9,1,-99,0,1,1,,,,,,,,,,,,,,,
FP2B8_1823,8/14/2018,7/10/2024,FP2B,8,1823,,PICGLA,4.8,7.9,1,-99,0,1,1,,,,,,,,,,,,,,,
FP2B8_1824,8/14/2018,7/10/2024,FP2B,8,1824,,PICGLA,7.5,10.8,1,-99,0,1,1,,,,,,,,,,,,,,,
FP2B8_1825,8/14/2018,7/10/2024,FP2B,8,1825,,PICGLA,4.7,7.7,1,-99,0,1,1,,,,,,,,,,,,,,,
FP2B8_2566,,7/10/2024,FP2B,8,2566,,PICGLA,,14.1,1,-99,0,1,1,was 167; but not on data,,,,,,,,,,,,,,
FP2B8_2567,,7/10/2024,FP2B,8,2567,,PICGLA,,3.2,1,-99,0,1,1,,,,,,,,,,,,,,,
FP2B8_2568,,7/10/2024,FP2B,8,2568,,POPBAL,,3,1,-99,0,1,1,,,,,,,,,,,,,,,
FP2B8_8056,,7/10/2024,FP2B,8,8056,,POPBAL,,14.7,1,-99,0,1,1,"old tree already tagged, not on data before",,,,,,,,,,,,,,
FP2B9_11,,7/10/2024,FP2B,9,11,,PICGLA,,6.6,1,-99,0,1,1,,,,,,,,,,,,,,,
FP2B9_92,9/24/2018,7/10/2024,FP2B,9,92,,POPBAL,-9999,-8888,0,-99,0,1,1,,,,,,,,,,,,,,,
FP2B9_153,9/24/2018,7/10/2024,FP2B,9,153,2569,PICGLA,14.1,19,1,-99,0,1,1,new tag,,,,,,,,,,,,,,
FP2B9_565,9/24/2018,7/10/2024,FP2B,9,565,2570,POPBAL,4.5,5.2,1,-99,0,1,1,,,,,,,,,,,,,,,
FP2B9_570,9/24/2018,7/10/2024,FP2B,9,570,,POPBAL,-9999,-8888,0,-99,0,1,1,,,,,,,,,,,,,,,
FP2B9_572,9/24/2018,7/10/2024,FP2B,9,572,,POPBAL,-9999,-8888,0,-99,0,1,1,,,,,,,,,,,,,,,
FP2B9_582,9/24/2018,7/10/2024,FP2B,9,582,,POPBAL,-7777,-8888,0,-99,0,1,1,,,,,,,,,,,,,,,
FP2B9_6510,9/24/2018,7/10/2024,FP2B,9,6510,,POPBAL,-9999,-8888,0,-99,0,1,1,,,,,,,,,,,,,,,
FP2B9_8063,9/24/2018,7/10/2024,FP2B,9,8063,,POPBAL,-9999,-8888,0,-99,0,1,1,wasnt originally on data,,,,,,,,,,,,,,
FP2B11_190,9/24/2018,7/10/2024,FP2B,11,190,2572,PICGLA,4.2,4.3,1,-99,0,1,1,old#190,,,,,,,,,,,,,,
FP2B11_192,9/24/2018,7/10/2024,FP2B,11,192,2573,PICGLA,6.7,7.9,1,-99,0,1,1,old #192,,,,,,,,,,,,,,
FP2B11_195,9/24/2018,7/10/2024,FP2B,11,195,2574,PICGLA,4.7,5.3,1,-99,0,1,1,old #195,,,,,,,,,,,,,,
FP2B11_205,9/24/2018,7/10/2024,FP2B,11,205,2571,PICGLA,5.5,6.5,1,-99,0,1,1,old #205,,,,,,,,,,,,,,
FP2B11_902,9/24/2018,7/10/2024,FP2B,11,902,,PICGLA,4.5,4.9,1,-99,0,1,1,,,,,,,,,,,,,,,
FP2B11_951,9/24/2018,7/10/2024,FP2B,11,951,,PICGLA,6.2,7.8,1,-99,0,1,1,,,,,,,,,,,,,,,
FP2B11_1820,8/14/2018,7/10/2024,FP2B,11,1820,,POPBAL,2.9,4.4,1,-99,0,1,1,,,,,,,,,,,,,,,
FP2B11_6399,,7/10/2024,FP2B,11,6399,,POPBAL,,8.1,1,3,1,1,1,tree wasnt in data,,,,,,,,,,,,,,
FP2B11_6511,9/24/2018,7/10/2024,FP2B,11,6511,,POPBAL,-7777,-8888,0,-99,0,1,1,,,,,,,,,,,,,,,
FP2B11_6512,9/24/2018,7/10/2024,FP2B,11,6512,,POPBAL,-7777,-8888,0,-99,0,1,1,,,,,,,,,,,,,,,
FP2B11_7902,9/24/2018,7/10/2024,FP2B,11,7902,,PICGLA,13.5,16.4,1,-99,0,1,1,,,,,,,,,,,,,,,
FP2B11_7903,9/24/2018,7/10/2024,FP2B,11,7903,,PICGLA,15.9,19.5,1,-99,0,1,1,,,,,,,,,,,,,,,
FP2B11_7904,9/24/2018,7/10/2024,FP2B,11,7904,,PICGLA,11.3,13,1,-99,0,1,1,,,,,,,,,,,,,,,
FP2B11_7905,9/24/2018,7/10/2024,FP2B,11,7905,,PICGLA,14.3,17.4,1,-99,0,1,1,,,,,,,,,,,,,,,
FP2B11_8066,9/24/2018,7/10/2024,FP2B,11,8066,,POPBAL,-7777,-8888,0,-99,1,1,1,,,,,,,,,,,,,,,
FP2B11_8067,9/24/2018,7/10/2024,FP2B,11,8067,,POPBAL,-7777,-8888,0,-99,0,1,1,,,,,,,,,,,,,,,
FP2B11_8068,9/24/2018,7/10/2024,FP2B,11,8068,,POPBAL,-7777,-8888,0,-99,0,1,1,,,,,,,,,,,,,,,
FP2B11_8069,9/24/2018,7/10/2024,FP2B,11,8069,,POPBAL,-7777,-8888,0,-99,0,1,1,,,,,,,,,,,,,,,
FP2B11_8070,9/24/2018,7/10/2024,FP2B,11,8070,,PICGLA,9.5,12.5,1,-99,0,1,1,,,,,,,,,,,,,,,
FP2B11_8071,9/24/2018,7/10/2024,FP2B,11,8071,,PICGLA,10,9.7,1,-99,0,1,1,,,,,,,,,,,,,,,
FP2B11_8073,9/24/2018,7/10/2024,FP2B,11,8073,,PICGLA,13,17.2,1,-99,0,1,1,,,,,,,,,,,,,,,
FP2B11_8074,9/24/2018,7/10/2024,FP2B,11,8074,,PICGLA,7.3,9,1,-99,1,1,1,,,,,,,,,,,,,,,
FP2B11_8075,9/24/2018,7/10/2024,FP2B,11,8075,,POPBAL,5,5.1,1,-99,0,1,1,,,,,,,,,,,,,,,
FP2B11_8076,9/24/2018,7/10/2024,FP2B,11,8076,,POPBAL,-7777,-8888,0,-99,0,1,1,,,,,,,,,,,,,,,
FP2B11_8077,9/24/2018,7/10/2024,FP2B,11,8077,,PICGLA,11.2,14,1,-99,0,1,1,,,,,,,,,,,,,,,
FP2B11_8078,9/24/2018,7/10/2024,FP2B,11,8078,,PICGLA,10.2,12.6,1,-99,0,1,1,,,,,,,,,,,,,,,
FP2B11_8079,9/24/2018,7/10/2024,FP2B,11,8079,,PICGLA,9.6,11.9,1,-99,0,1,1,,,,,,,,,,,,,,,
FP2B11_8080,9/24/2018,7/10/2024,FP2B,11,8080,,POPBAL,-7777,-8888,0,-99,0,1,1,,,,,,,,,,,,,,,
FP2B11_8081,9/24/2018,7/10/2024,FP2B,11,8081,,POPBAL,-7777,-8888,0,-99,0,1,1,,,,,,,,,,,,,,,
FP2B11_8082,9/24/2018,7/10/2024,FP2B,11,8082,,POPBAL,-7777,-8888,0,-99,0,1,1,,,,,,,,,,,,,,,
FP2B11_8083,9/24/2018,7/10/2024,FP2B,11,8083,,PICGLA,16.8,20.4,1,-99,0,1,1,,,,,,,,,,,,,,,
FP2B12_185,9/24/2018,7/10/2024,FP2B,12,185,2575,PICGLA,6.7,8.8,1,-99,0,1,1,185,,,,,,,,,,,,,,
FP2B12_622,9/24/2018,7/10/2024,FP2B,12,622,,POPBAL,-7777,-8888,0,-99,0,1,1,,,,,,,,,,,,,,,
FP2B12_627,9/24/2018,7/10/2024,FP2B,12,627,,POPBAL,-7777,-8888,0,-99,0,1,1,,,,,,,,,,,,,,,
FP2B12_628,9/24/2018,7/10/2024,FP2B,12,628,,POPBAL,-7777,-8888,0,-99,0,1,1,,,,,,,,,,,,,,,
FP2B12_631,9/24/2018,7/10/2024,FP2B,12,631,,POPBAL,-7777,-8888,0,-99,0,1,1,,,,,,,,,,,,,,,
FP2B12_638,9/24/2018,7/10/2024,FP2B,12,638,,POPBAL,-7777,-8888,0,-99,0,1,1,,,,,,,,,,,,,,,
FP2B12_644,9/24/2018,7/10/2024,FP2B,12,644,2478,POPBAL,-7777,7.8,0,-99,0,1,1,alive,644,,,,,,,,,,,,,
FP2B12_645,9/24/2018,7/10/2024,FP2B,12,645,,POPBAL,-7777,-8888,0,-99,0,1,1,,,,,,,,,,,,,,,
FP2B12_1809,,7/10/2024,FP2B,12,1809,,PICGLA,,9.2,1,-99,0,1,1,,,,,,,,,,,,,,,
FP2B12_1810,8/14/2018,7/10/2024,FP2B,12,1810,,PICGLA,5.6,10.9,1,-99,0,1,1,wire emedded cant remove,,,,,,,,,,,,,,
FP2B12_1811,8/14/2018,7/10/2024,FP2B,12,1811,,PICGLA,5.4,9.1,1,-99,0,1,1,,,,,,,,,,,,,,,
FP2B12_1812,8/14/2018,7/10/2024,FP2B,12,1812,,POPBAL,4.2,5.7,1,-99,0,1,1,,,,,,,,,,,,,,,
FP2B12_1813,8/14/2018,7/10/2024,FP2B,12,1813,,POPBAL,5.4,6.5,1,-99,0,1,1,,,,,,,,,,,,,,,
FP2B12_1814,8/14/2018,7/10/2024,FP2B,12,1814,,PICGLA,7.4,10.3,1,-99,0,1,1,,,,,,,,,,,,,,,
FP2B12_1815,8/14/2018,7/10/2024,FP2B,12,1815,,PICGLA,4.9,7.5,1,-99,0,1,1,,,,,,,,,,,,,,,
FP2B12_1816,8/14/2018,7/10/2024,FP2B,12,1816,,POPBAL,4.1,4.9,1,-99,0,1,1,,,,,,,,,,,,,,,
FP2B12_1817,8/14/2018,7/10/2024,FP2B,12,1817,,PICGLA,7.8,10.4,1,-99,0,1,1,,,,,,,,,,,,,,,
FP2B12_1818,8/14/2018,7/10/2024,FP2B,12,1818,,PICGLA,4.4,5.9,1,-99,0,1,1,,,,,,,,,,,,,,,
FP2B12_1819,8/14/2018,7/10/2024,FP2B,12,1819,,PICGLA,4.7,6.2,1,-99,0,1,1,,,,,,,,,,,,,,,
FP2B12_2576,,7/10/2024,FP2B,12,2576,,POPBAL,,3.1,1,-99,0,1,1,,old tree not in data,,,,,,,,,,,,,
FP2B12_2577,,7/10/2024,FP2B,12,2577,,PICGLA,,5,1,-99,0,1,1,,,,,,,,,,,,,,,
FP2B12_2579,,7/10/2024,FP2B,12,2579,,POPBAL,,4.3,1,-99,0,1,1,,,,,,,,,,,,,,,
FP2B12_2580,,7/10/2024,FP2B,12,2580,,POPBAL,,4.8,1,-99,0,1,1,,,,,,,,,,,,,,,
FP2B12_6513,9/24/2018,7/10/2024,FP2B,12,6513,,POPBAL,-7777,-8888,0,-99,0,1,1,,,,,,,,,,,,,,,
FP2B12_8084,9/24/2018,7/10/2024,FP2B,12,8084,1808,PICGLA,16.4,21.9,1,-99,0,1,1,8084,,,,,,,,,,,,,,
FP2B12_8087,9/24/2018,7/10/2024,FP2B,12,8087,,POPBAL,-7777,-8888,0,-99,0,1,1,,,,,,,,,,,,,,,
FP2B13_238,9/24/2018,7/10/2024,FP2B,13,238,2585,PICGLA,12.4,20.2,1,-99,0,1,1,238,,,,,,,,,,,,,,
FP2B13_245,9/24/2018,7/10/2024,FP2B,13,245,2586,PICGLA,11.5,17.4,1,-99,0,1,1,245,,,,,,,,,,,,,,
FP2B13_1802,8/14/2018,7/10/2024,FP2B,13,1802,,POPBAL,4.4,6.4,1,-99,0,1,1,,,,,,,,,,,,,,,
FP2B13_1803,8/14/2018,7/10/2024,FP2B,13,1803,,POPBAL,4.3,5,1,-99,1,1,1,,,,,,,,,,,,,,,
FP2B13_1804,8/14/2018,7/10/2024,FP2B,13,1804,,POPBAL,4.6,5.5,1,-99,1,1,1,,,,,,,,,,,,,,,
FP2B13_1805,8/14/2018,7/10/2024,FP2B,13,1805,,POPBAL,5.5,8.1,1,-99,1,1,1,,,,,,,,,,,,,,,
FP2B13_1806,8/14/2018,7/10/2024,FP2B,13,1806,,PICGLA,7,-8888,1,-99,0,1,1,,,,,,,,,,,,,,,
FP2B13_1807,8/14/2018,7/10/2024,FP2B,13,1807,,POPBAL,4,-8888,1,-99,0,1,1,,,,,,,,,,,,,,,
FP2B13_2581,,7/10/2024,FP2B,13,2581,,POPBAL,,5.2,1,-99,0,1,1,,,,,,,,,,,,,,,
FP2B13_2582,,7/10/2024,FP2B,13,2582,,POPBAL,,3.6,1,-99,0,1,1,,,,,,,,,,,,,,,
FP2B13_2583,,7/10/2024,FP2B,13,2583,,POPBAL,,4.4,1,-99,0,1,1,,,,,,,,,,,,,,,
FP2B13_2584,,7/10/2024,FP2B,13,2584,,POPBAL,,2.8,1,-99,0,1,1,,,,,,,,,,,,,,,
FP2B13_2587,,7/10/2024,FP2B,13,2587,,POPBAL,,2.9,1,-99,1,1,1,,,,,,,,,,,,,,,
FP2B13_2588,,7/10/2024,FP2B,13,2588,,POPBAL,,3.3,1,-99,0,1,1,,,,,,,,,,,,,,,
FP2B13_8088,9/24/2018,7/10/2024,FP2B,13,8088,,POPBAL,12.9,-8888,1,-99,0,1,1,,,,,,,,,,,,,,,
FP2B13_8089,9/24/2018,7/10/2024,FP2B,13,8089,,POPBAL,12.9,15,1,-99,0,1,1,,,,,,,,,,,,,,,
FP2B14_90,9/24/2018,7/10/2024,FP2B,14,90,2593,POPBAL,6,7.6,1,-99,0,1,1,,Found in plot 14; old #90,,,,,,,,,,,,,
FP2B14_679,9/24/2018,7/10/2024,FP2B,14,679,2596,POPBAL,6.1,7.5,1,-99,0,1,1,679,,,,,,,,,,,,,,
FP2B14_901,,7/10/2024,FP2B,14,901,,,,16.6,1,-99,0,1,1,Old tree not on data,,Species not recorded,,,,,,,,,,,,
FP2B14_1801,8/14/2018,7/10/2024,FP2B,14,1801,,POPBAL,3.3,-9999,0,-99,0,1,0,,,,,,,,,,,,,,,
FP2B14_1828,,7/10/2024,FP2B,14,1828,,,,,1,-99,0,1,1,Old tree not on data,,"species not recorded, new dbh not recorded, no data",,,,,,,,,,,,
FP2B14_2590,,7/10/2024,FP2B,14,2590,,POPBAL,,4.5,1,-99,0,1,1,,,,,,,,,,,,,,,
FP2B14_2591,,7/10/2024,FP2B,14,2591,,POPBAL,,3.3,1,-99,0,1,1,,,,,,,,,,,,,,,
FP2B14_2592,,7/10/2024,FP2B,14,2592,,POPBAL,,3.2,1,-99,0,1,1,,,,,,,,,,,,,,,
FP2B14_2594,,7/10/2024,FP2B,14,2594,,POPBAL,,3.3,1,-99,0,1,1,,,,,,,,,,,,,,,
FP2B14_2595,,7/10/2024,FP2B,14,2595,,POPBAL,,4,1,-99,0,1,1,,,,,,,,,,,,,,,
FP2B14_2597,,7/10/2024,FP2B,14,2597,,POPBAL,,3,1,-99,0,1,1,,,,,,,,,,,,,,,
FP2B14_2598,,7/10/2024,FP2B,14,2598,,POPBAL,,5.1,1,-99,0,1,1,,,,,,,,,,,,,,,
FP2B14_2599,,7/10/2024,FP2B,14,2599,,POPBAL,,2.6,1,-99,0,1,1,,,,,,,,,,,,,,,
FP2B14_2600,,7/10/2024,FP2B,14,2600,,POPBAL,,5.4,1,-99,0,1,1,,,,,,,,,,,,,,,
FP2B14_6442,9/24/2018,7/10/2024,FP2B,14,6442,2589,POPBAL,4.9,5.9,1,-99,1,1,1,6442,,,,,,,,,,,,,,
FP2B14_8090,9/24/2018,7/10/2024,FP2B,14,8090,,POPBAL,-9999,-8888,0,-99,0,1,1,,,,,,,,,,,,,,,
FP2B14_8091,9/24/2018,7/10/2024,FP2B,14,8091,,POPBAL,-9999,-8888,0,-99,0,1,1,,,,,,,,,,,,,,,
FP2B14_8092,9/24/2018,7/10/2024,FP2B,14,8092,,POPBAL,10.2,11.9,1,-99,0,1,1,,,,,,,,,,,,,,,
FP2B29_91,9/24/2018,7/10/2024,FP2B,29,91,,POPBAL,13.1,-8888,1,-99,0,1,1,,,,,,,,,,,,,,,
FP2B31_4778,9/24/2018,7/10/2024,FP2B,31,4778,,POPBAL,34.8,36.4,1,-99,0,1,1,,,,,,,,,,,,,,,
FP2B32_4781,9/24/2018,7/10/2024,FP2B,32,4781,,POPBAL,33.1,34.3,1,-99,0,1,1,,,,,,,,,,,,,,,
FP2B39_355,9/24/2018,7/10/2024,FP2B,39,355,,POPBAL,-9999,-8888,0,-99,0,1,1,,old notes-N. 2019 notes-,,,,,,,,,,,,,
FP2C1_4620,6/30/2018,7/9/2024,FP2C,1,4620,,POPBAL,17.7,19.3,1,-99,0,1,1,,,,,,,,,,,,,,,
FP2C1_4621,6/30/2018,7/9/2024,FP2C,1,4621,,POPBAL,22.5,24.5,1,-99,0,1,1,,,,,,,,,,,,,,,
FP2C1_4623,6/30/2018,7/9/2024,FP2C,1,4623,,POPBAL,15.1,16.2,1,-99,0,1,1,,,,,,,,,,,,,,,
FP2C1_4624,6/30/2018,7/9/2024,FP2C,1,4624,,POPBAL,11.9,-7777,0,-99,0,1,1,,,,,,,,,,,,,,,
FP2C1_4626,6/30/2018,7/9/2024,FP2C,1,4626,,POPBAL,12,13.2,1,-99,0,1,1,,old notes-. 2019 notes-New tree tag 489 picgla dbh 2.6,,,,,,,,,,,,,
FP2C1_4627,6/30/2018,7/9/2024,FP2C,1,4627,,POPBAL,5.8,6.3,1,-99,1,1,1,,old notes-. 2019 notes-Std,,,,,,,,,,,,,
FP2C1_4628,6/30/2018,7/9/2024,FP2C,1,4628,,POPBAL,13,12.7,1,-99,0,1,1,,,,,,,,,,,,,,,
FP2C1_4629,6/30/2018,7/9/2024,FP2C,1,4629,,POPBAL,15.1,16.9,1,-99,0,1,1,,,,,,,,,,,,,,,
FP2C1_4630,6/30/2018,7/9/2024,FP2C,1,4630,,POPBAL,21.6,22.7,1,-99,0,1,1,,old notes-beaver eaten. 2019 notes-,,,,,,,,,,,,,
FP2C1_4631,6/30/2018,7/9/2024,FP2C,1,4631,,POPBAL,13.8,15.5,1,-99,0,1,1,,,,,,,,,,,,,,,
FP2C1_4632,6/30/2018,7/9/2024,FP2C,1,4632,,POPBAL,16.3,17.9,1,-99,0,1,1,,old notes-Tr. 2019 notes-Tree 500 dbh 4.1 popbal. Not in data,,,,,,,,,,,,,
FP2C1_4634,6/30/2018,7/9/2024,FP2C,1,4634,,POPBAL,19.8,21.8,1,-99,0,1,1,,,,,,,,,,,,,,,
FP2C1_4635,6/30/2018,7/9/2024,FP2C,1,4635,,POPBAL,18.8,19.5,1,-99,0,1,1,,,,,,,,,,,,,,,
FP2C1_4636,6/30/2018,7/9/2024,FP2C,1,4636,,POPBAL,15.6,16.5,1,-99,0,1,1,,,,,,,,,,,,,,,
FP2C1_4640,6/30/2018,7/9/2024,FP2C,1,4640,,POPBAL,16.4,19.1,1,-99,0,1,1,,,,,,,,,,,,,,,
FP2C1_4641,6/30/2018,7/9/2024,FP2C,1,4641,,POPBAL,12.2,13,1,-99,0,1,1,,old notes-beaver eaten. 2019 notes-,,,,,,,,,,,,,
FP2C1_4642,6/30/2018,7/9/2024,FP2C,1,4642,,POPBAL,17.1,17.9,1,-99,0,1,1,,old notes-beaver eaten. 2019 notes-,,,,,,,,,,,,,
FP2C2_634,6/30/2018,7/9/2024,FP2C,2,634,,POPBAL,22.5,23.3,1,-99,0,1,1,,old notes-beaver eaten. 2019 notes-,,,,,,,,,,,,,
FP2C2_2483,,7/9/2024,FP2C,2,2483,,POPBAL,,17.7,1,-99,0,1,1,"NOT a new tree, just lost tag",,,,,,,,,,,,,,
FP2C2_4643,6/30/2018,7/9/2024,FP2C,2,4643,,POPBAL,-9999,-9999,0,-99,0,1,0,,,,,,,,,,,,,,,
FP2C2_4645,6/30/2018,7/9/2024,FP2C,2,4645,,POPBAL,21.9,23.1,1,-99,0,1,1,,,,,,,,,,,,,,,
FP2C2_4646,6/30/2018,7/9/2024,FP2C,2,4646,2482,POPBAL,16.3,17,1,-99,0,1,1,"was 4646, needed new tag",,,,,,,,,,,,,,
FP2C2_4647,6/30/2018,7/9/2024,FP2C,2,4647,,POPBAL,10.9,11.7,1,-99,0,1,1,,,,,,,,,,,,,,,
FP2C2_4650,6/30/2018,7/9/2024,FP2C,2,4650,,POPBAL,14.5,15.5,1,-99,0,1,1,,"old notes-. 2019 notes-Not dead, what is up with these data.",,,,,,,,,,,,,
FP2C2_5001,6/30/2018,7/9/2024,FP2C,2,5001,,POPBAL,13.2,13.9,1,-99,1,1,1,,,,,,,,,,,,,,,
FP2C3_5003,6/30/2018,7/9/2024,FP2C,3,5003,,POPBAL,13.6,14,1,-99,0,1,1,,,,,,,,,,,,,,,
FP2C3_5004,6/30/2018,7/9/2024,FP2C,3,5004,,POPBAL,18.8,19.8,1,-99,0,1,1,,old notes-beaver eaten. 2019 notes-,,,,,,,,,,,,,
FP2C3_5005,6/30/2018,7/9/2024,FP2C,3,5005,,POPBAL,8.6,-7777,0,-99,0,1,1,,,,,,,,,,,,,,,
FP2C3_5006,6/30/2018,7/9/2024,FP2C,3,5006,,POPBAL,21.2,22.7,1,-99,0,1,1,,,,,,,,,,,,,,,
FP2C3_5008,6/30/2018,7/9/2024,FP2C,3,5008,,POPBAL,22.1,24.2,1,-99,0,1,1,,,,,,,,,,,,,,,
FP2C3_5011,6/30/2018,7/9/2024,FP2C,3,5011,,POPBAL,19.3,20.5,1,-99,0,1,1,,,,,,,,,,,,,,,
FP2C3_5012,6/30/2018,7/9/2024,FP2C,3,5012,,POPBAL,12.6,13.1,1,-99,0,1,1,,,,,,,,,,,,,,,
FP2C3_5013,6/30/2018,7/9/2024,FP2C,3,5013,,POPBAL,7.8,8.2,1,-99,0,1,1,,,,,,,,,,,,,,,
FP2C3_5014,6/30/2018,7/9/2024,FP2C,3,5014,,POPBAL,13.7,15.2,1,-99,0,1,1,,old notes-beaver eaten. 2019 notes-,,,,,,,,,,,,,
FP2C3_5015,6/30/2018,7/9/2024,FP2C,3,5015,,POPBAL,6.6,7,1,-99,0,1,1,,,,,,,,,,,,,,,
FP2C3_5016,6/30/2018,7/9/2024,FP2C,3,5016,,POPBAL,17.3,18,1,-99,0,1,1,,old notes-beaver eaten. 2019 notes-,,,,,,,,,,,,,
FP2C3_5017,6/30/2018,7/9/2024,FP2C,3,5017,,POPBAL,19.5,20.5,1,-99,0,1,1,,"old notes-. 2019 notes-Still alive, wired on.",,,,,,,,,,,,,
FP2C3_5018,6/30/2018,7/9/2024,FP2C,3,5018,,POPBAL,16.3,17.4,1,-99,0,1,1,,old notes-beaver eaten. 2019 notes-,,,,,,,,,,,,,
FP2C3_5019,6/30/2018,7/9/2024,FP2C,3,5019,,POPBAL,14.3,15.1,1,-99,0,1,1,,,,,,,,,,,,,,,
FP2C4_5022,6/30/2018,7/9/2024,FP2C,4,5022,,POPBAL,4.5,-8888,1,-99,1,1,1,missing,,,,,,,,,,,,,,
FP2C4_5023,6/30/2018,7/9/2024,FP2C,4,5023,,POPBAL,18.4,19.6,1,-99,0,1,1,,,,,,,,,,,,,,,
FP2C4_5024,6/30/2018,7/9/2024,FP2C,4,5024,,POPBAL,11.4,12.2,1,-99,1,1,1,,,,,,,,,,,,,,,
FP2C4_5025,6/30/2018,7/9/2024,FP2C,4,5025,,POPBAL,-9999,-9999,0,-99,0,1,0,,,,,,,,,,,,,,,
FP2C4_5026,6/30/2018,7/9/2024,FP2C,4,5026,,POPBAL,9.9,-9999,0,-99,1,1,0,,,,,,,,,,,,,,,
FP2C4_5029,6/30/2018,7/9/2024,FP2C,4,5029,,POPBAL,12.3,14,1,-99,0,1,1,,old notes-. 2019 notes-Tree 8056 alive dbh 11.8. Not in data?,,,,,,,,,,,,,
FP2C4_5030,6/30/2018,7/9/2024,FP2C,4,5030,,POPBAL,15.1,16.3,1,-99,0,1,1,,old notes-beaver eaten. 2019 notes-,,,,,,,,,,,,,
FP2C4_5031,6/30/2018,7/9/2024,FP2C,4,5031,,POPBAL,12.2,12.8,1,-99,0,1,1,,old notes-beaver eaten. 2019 notes-,,,,,,,,,,,,,
FP2C4_5033,6/30/2018,7/9/2024,FP2C,4,5033,,POPBAL,16.5,17.2,1,-99,0,1,1,,old notes-beaver eaten. 2019 notes-,,,,,,,,,,,,,
FP2C4_5034,6/30/2018,7/9/2024,FP2C,4,5034,,POPBAL,7.6,-9999,0,-99,0,1,0,,old notes-beaver eaten. 2019 notes-,,,,,,,,,,,,,
FP2C4_5035,6/30/2018,7/9/2024,FP2C,4,5035,,POPBAL,11.6,12.8,1,-99,0,1,1,,,,,,,,,,,,,,,
FP2C4_5036,6/30/2018,7/9/2024,FP2C,4,5036,,POPBAL,14.9,16.8,1,-99,0,1,1,,old notes-beaver eaten. 2019 notes-,,,,,,,,,,,,,
FP2C4_5037,6/30/2018,7/9/2024,FP2C,4,5037,,POPBAL,21.5,23.4,1,-99,0,1,1,,old notes-. 2019 notes-New tree 11 picgla plot 9 dbh 2.8,,,,,,,,,,,,,
FP2C4_5038,6/30/2018,7/9/2024,FP2C,4,5038,,POPBAL,15.8,17.5,1,-99,0,1,1,,old notes-beaver eaten. 2019 notes-,,,,,,,,,,,,,
FP2C4_5039,6/30/2018,7/9/2024,FP2C,4,5039,,POPBAL,16.9,17.3,1,-99,0,1,1,,,,,,,,,,,,,,,
FP2C4_5040,6/30/2018,7/9/2024,FP2C,4,5040,,POPBAL,8.6,9.2,1,-99,0,1,1,,,,,,,,,,,,,,,
FP2C6_5044,6/30/2018,7/9/2024,FP2C,6,5044,,POPBAL,17.6,18.5,1,-99,0,1,1,,,,,,,,,,,,,,,
FP2C6_5045,6/30/2018,7/9/2024,FP2C,6,5045,,POPBAL,20.9,22,1,-99,0,1,1,,,,,,,,,,,,,,,
FP2C6_5047,6/30/2018,7/9/2024,FP2C,6,5047,,POPBAL,13.3,13.9,1,-99,0,1,1,,,,,,,,,,,,,,,
FP2C6_5048,6/30/2018,7/9/2024,FP2C,6,5048,,POPBAL,10.8,11.1,1,-99,0,1,1,,,,,,,,,,,,,,,
FP2C6_5049,6/30/2018,7/9/2024,FP2C,6,5049,,POPBAL,18.8,20,1,-99,0,1,1,,,,,,,,,,,,,,,
FP2C6_5050,6/30/2018,7/9/2024,FP2C,6,5050,,POPBAL,10.3,-9999,0,-99,0,1,0,,,,,,,,,,,,,,,
FP2C6_5051,6/30/2018,7/9/2024,FP2C,6,5051,,POPBAL,16,17.4,1,-99,0,1,1,,,,,,,,,,,,,,,
FP2C6_5052,6/30/2018,7/9/2024,FP2C,6,5052,,POPBAL,9.5,9.8,1,-99,0,1,1,,,,,,,,,,,,,,,
FP2C6_5053,6/30/2018,7/9/2024,FP2C,6,5053,,POPBAL,10.7,11,1,-99,0,1,1,,,,,,,,,,,,,,,
FP2C6_5055,6/30/2018,7/9/2024,FP2C,6,5055,,POPBAL,23.1,24.4,1,-99,0,1,1,,,,,,,,,,,,,,,
FP2C6_5057,6/30/2018,7/9/2024,FP2C,6,5057,,POPBAL,9.7,-7777,0,-99,0,1,1,,,,,,,,,,,,,,,
FP2C6_5058,6/30/2018,7/9/2024,FP2C,6,5058,,POPBAL,15.7,17,1,-99,0,1,1,,,,,,,,,,,,,,,
FP2C6_5059,6/30/2018,7/9/2024,FP2C,6,5059,,POPBAL,18.1,19.6,1,-99,0,1,1,,,,,,,,,,,,,,,
FP2C6_5060,6/30/2018,7/9/2024,FP2C,6,5060,,POPBAL,13.6,14.1,1,-99,1,1,1,,"old notes-beaver eaten. 2019 notes-Tree 8066 still alive, but leaning almost on ground, dbh 7.1. New tree off of 8066, tag 6399 popbal dbh 3.3.",,,,,,,,,,,,,
FP2C6_5061,6/30/2018,7/9/2024,FP2C,6,5061,,POPBAL,26.7,27.3,1,-99,0,1,1,,,,,,,,,,,,,,,
FP2C7_5062,6/30/2018,7/9/2024,FP2C,7,5062,,POPBAL,18.1,18.7,1,-99,0,1,1,,,,,,,,,,,,,,,
FP2C7_5063,6/30/2018,7/9/2024,FP2C,7,5063,,POPBAL,15.3,16.7,1,-99,0,1,1,,,,,,,,,,,,,,,
FP2C7_5065,6/30/2018,7/9/2024,FP2C,7,5065,,POPBAL,19.2,20.5,1,-99,0,1,1,,,,,,,,,,,,,,,
FP2C7_5066,6/30/2018,7/9/2024,FP2C,7,5066,,POPBAL,20.1,21,1,-99,0,1,1,,,,,,,,,,,,,,,
FP2C7_5067,6/30/2018,7/9/2024,FP2C,7,5067,,POPBAL,20.1,21.5,1,-99,0,1,1,,,,,,,,,,,,,,,
FP2C7_5069,6/30/2018,7/9/2024,FP2C,7,5069,,POPBAL,12.7,13.6,1,-99,0,1,1,,,,,,,,,,,,,,,
FP2C7_5070,6/30/2018,7/9/2024,FP2C,7,5070,,POPBAL,11.2,11.8,1,-99,0,1,1,,old notes-new tag #902. 2019 notes-,,,,,,,,,,,,,
FP2C7_5072,6/30/2018,7/9/2024,FP2C,7,5072,,POPBAL,8.9,-7777,0,-99,0,1,1,,old notes-new tag #951. 2019 notes-New tag 698,,,,,,,,,,,,,
FP2C7_5073,6/30/2018,7/9/2024,FP2C,7,5073,,POPBAL,20.7,23.2,1,-99,0,1,1,,old notes-. 2019 notes-Down,,,,,,,,,,,,,
FP2C7_5074,6/30/2018,7/9/2024,FP2C,7,5074,,POPBAL,14.9,15.8,1,-99,0,1,1,,,,,,,,,,,,,,,
FP2C7_5075,6/30/2018,7/9/2024,FP2C,7,5075,,POPBAL,16.8,18.1,1,-99,0,1,1,,,,,,,,,,,,,,,
FP2C7_5076,6/30/2018,7/9/2024,FP2C,7,5076,,POPBAL,13.3,14.7,1,-99,0,1,1,,,,,,,,,,,,,,,
FP2C7_5079,6/30/2018,7/9/2024,FP2C,7,5079,,POPBAL,5.7,-8888,1,-99,0,1,1,missing,,,,,,,,,,,,,,
FP2C7_5080,6/30/2018,7/9/2024,FP2C,7,5080,,POPBAL,15.4,15.9,1,-99,0,1,1,,,,,,,,,,,,,,,
FP2C7_5081,6/30/2018,7/9/2024,FP2C,7,5081,,POPBAL,17,18,1,-99,1,1,1,,old notes-leaning over. 2019 notes-,,,,,,,,,,,,,
FP2C7_5084,6/30/2018,7/9/2024,FP2C,7,5084,,POPBAL,8.7,-9999,0,-99,0,1,0,,,,,,,,,,,,,,,
FP2C7_5085,6/30/2018,7/9/2024,FP2C,7,5085,,POPBAL,15.6,16.2,1,-99,0,1,1,,,,,,,,,,,,,,,
FP2C7_5086,6/30/2018,7/9/2024,FP2C,7,5086,,POPBAL,9.2,-9999,0,-99,1,1,0,,,,,,,,,,,,,,,
FP2C7_5087,6/30/2018,7/9/2024,FP2C,7,5087,,POPBAL,12.1,12.9,1,-99,0,1,1,,,,,,,,,,,,,,,
FP2C7_5088,6/30/2018,7/9/2024,FP2C,7,5088,,POPBAL,6.9,-9999,0,-99,0,1,0,,,,,,,,,,,,,,,
FP2C7_5089,6/30/2018,7/9/2024,FP2C,7,5089,,POPBAL,11.2,12.3,1,-99,0,1,1,,,,,,,,,,,,,,,
FP2C7_5090,6/30/2018,7/9/2024,FP2C,7,5090,,POPBAL,13,14.3,1,-99,0,1,1,,,,,,,,,,,,,,,
FP2C8_5091,6/30/2018,7/9/2024,FP2C,8,5091,,POPBAL,15.1,16.5,1,-99,0,1,1,,,,,,,,,,,,,,,
FP2C8_5092,6/30/2018,7/9/2024,FP2C,8,5092,,POPBAL,13.5,14.5,1,-99,0,1,1,,,,,,,,,,,,,,,
FP2C8_5093,6/30/2018,7/9/2024,FP2C,8,5093,,POPBAL,17.1,17.4,1,-99,0,1,1,,,,,,,,,,,,,,,
FP2C8_5094,6/30/2018,7/9/2024,FP2C,8,5094,,POPBAL,14.2,14.9,1,-99,0,1,1,,,,,,,,,,,,,,,
FP2C8_5095,6/30/2018,7/9/2024,FP2C,8,5095,,POPBAL,14.8,16,1,-99,0,1,1,,,,,,,,,,,,,,,
FP2C8_5096,6/30/2018,7/9/2024,FP2C,8,5096,,POPBAL,17.9,19,1,-99,0,1,1,,,,,,,,,,,,,,,
FP2C8_5097,6/30/2018,7/9/2024,FP2C,8,5097,,POPBAL,17.7,18,1,-99,0,1,1,,,,,,,,,,,,,,,
FP2C8_5098,6/30/2018,7/9/2024,FP2C,8,5098,,POPBAL,23.5,24.7,1,-99,0,1,1,,,,,,,,,,,,,,,
FP2C8_5099,6/30/2018,7/9/2024,FP2C,8,5099,,POPBAL,20.4,21.6,1,-99,0,1,1,,,,,,,,,,,,,,,
FP2C8_5100,6/30/2018,7/9/2024,FP2C,8,5100,,POPBAL,7.2,-9999,0,-99,1,1,0,,"old notes-. 2019 notes-Tag reads 83 now, rest of tag consumed by tree",,,,,,,,,,,,,
FP2C8_5102,6/30/2018,7/9/2024,FP2C,8,5102,,POPBAL,14.4,15.3,1,-99,0,1,1,,,,,,,,,,,,,,,
FP2C8_5103,6/30/2018,7/9/2024,FP2C,8,5103,,POPBAL,17.4,19,1,-99,0,1,1,,,,,,,,,,,,,,,
FP2C8_5106,6/30/2018,7/9/2024,FP2C,8,5106,,POPBAL,15.3,15.4,1,-99,0,1,1,,,,,,,,,,,,,,,
FP2C8_5107,6/30/2018,7/9/2024,FP2C,8,5107,,POPBAL,22.2,23.7,1,-99,0,1,1,,,,,,,,,,,,,,,
FP2C8_5108,6/30/2018,7/9/2024,FP2C,8,5108,,POPBAL,18.4,19.2,1,-99,0,1,1,,old notes-. 2019 notes-Add tree Plot 12 1809 picgla 6.4,,,,,,,,,,,,,
FP2C8_5110,6/30/2018,7/9/2024,FP2C,8,5110,,POPBAL,17.8,18.9,1,-99,0,1,1,,,,,,,,,,,,,,,
FP2C8_5112,6/30/2018,7/9/2024,FP2C,8,5112,,POPBAL,8.2,8.3,1,-99,0,1,1,,,,,,,,,,,,,,,
FP2C9_5114,6/30/2018,7/9/2024,FP2C,9,5114,,POPBAL,19,19.5,1,-99,0,1,1,,,,,,,,,,,,,,,
FP2C9_5115,6/30/2018,7/9/2024,FP2C,9,5115,,POPBAL,22.5,24.3,1,-99,0,1,1,,,,,,,,,,,,,,,
FP2C9_5117,6/30/2018,7/9/2024,FP2C,9,5117,,POPBAL,8.4,-9999,0,-99,1,1,0,,,,,,,,,,,,,,,
FP2C9_5118,6/30/2018,7/9/2024,FP2C,9,5118,,POPBAL,11.2,11.8,1,-99,0,1,1,,,,,,,,,,,,,,,
FP2C9_5119,6/30/2018,7/9/2024,FP2C,9,5119,,POPBAL,14,14.6,1,-99,1,1,1,,,,,,,,,,,,,,,
FP2C9_5122,6/30/2018,7/9/2024,FP2C,9,5122,,POPBAL,12.9,13.3,1,-99,0,0,1,,"old notes-. 2019 notes-Found, bowed",,,,,,,,,,,,,
FP2C9_5123,6/30/2018,7/9/2024,FP2C,9,5123,,POPBAL,8.5,9.1,1,-99,0,1,1,,,,,,,,,,,,,,,
FP2C9_5124,6/30/2018,7/9/2024,FP2C,9,5124,,POPBAL,14.2,15.6,1,-99,0,1,1,,old notes-. 2019 notes-New tag 1808,,,,,,,,,,,,,
FP2C9_5125,6/30/2018,7/9/2024,FP2C,9,5125,,POPBAL,11.4,11.9,1,-99,0,1,1,,,,,,,,,,,,,,,
FP2C9_5127,6/30/2018,7/9/2024,FP2C,9,5127,,POPBAL,18,20.6,1,-99,0,1,1,,old notes-beaver eaten. 2019 notes-,,,,,,,,,,,,,
FP2C9_5128,6/30/2018,7/9/2024,FP2C,9,5128,,POPBAL,7.4,7.7,1,-99,0,1,1,,,,,,,,,,,,,,,
FP2C9_5129,6/30/2018,7/9/2024,FP2C,9,5129,,POPBAL,22.8,24.4,1,-99,0,1,1,,,,,,,,,,,,,,,
FP2C11_5131,6/30/2018,7/9/2024,FP2C,11,5131,,POPBAL,15.9,17,1,-99,0,1,1,,,,,,,,,,,,,,,
FP2C11_5132,6/30/2018,7/9/2024,FP2C,11,5132,,POPBAL,6.9,7.3,1,4,1,1,1,,,,,,,,,,,,,,,
FP2C11_5134,6/30/2018,7/9/2024,FP2C,11,5134,,POPBAL,19.4,20.3,1,-99,0,1,1,,,,,,,,,,,,,,,
FP2C11_5135,6/30/2018,7/9/2024,FP2C,11,5135,,POPBAL,6.1,-7777,0,-99,0,1,1,,,,,,,,,,,,,,,
FP2C11_5136,6/30/2018,7/9/2024,FP2C,11,5136,,POPBAL,29.7,31.3,1,-99,0,1,1,,,,,,,,,,,,,,,
FP2C11_5137,6/30/2018,7/9/2024,FP2C,11,5137,,POPBAL,25.5,26.7,1,-99,0,1,1,,,,,,,,,,,,,,,
FP2C11_5138,6/30/2018,7/9/2024,FP2C,11,5138,,POPBAL,25.4,26.4,1,-99,0,1,1,,,,,,,,,,,,,,,
FP2C11_5139,6/30/2018,7/9/2024,FP2C,11,5139,,POPBAL,7.5,8,1,-99,1,1,1,,"old notes-. 2019 notes-901 picgla plot 14 10.3
 
 Tree missing",,,,,,,,,,,,,
FP2C11_5140,6/30/2018,7/9/2024,FP2C,11,5140,,POPBAL,9.3,10,1,-99,1,1,1,,old notes-. 2019 notes-Tree missing,,,,,,,,,,,,,
FP2C12_2484,,7/9/2024,FP2C,12,2484,,PICGLA,,3.1,1,-99,0,1,1,,,,,,,,,,,,,,,
FP2C12_2485,,7/9/2024,FP2C,12,2485,,PICGLA,,3,1,-99,0,1,1,,,,,,,,,,,,,,,
FP2C12_5141,6/30/2018,7/9/2024,FP2C,12,5141,,POPBAL,22.6,23.7,1,-99,0,1,1,,,,,,,,,,,,,,,
FP2C12_5142,6/30/2018,7/9/2024,FP2C,12,5142,,POPBAL,12.3,13.3,1,-99,0,1,1,,old notes-. 2019 notes-In plot 14,,,,,,,,,,,,,
FP2C12_5143,6/30/2018,7/9/2024,FP2C,12,5143,,POPBAL,24.7,26.7,1,-99,0,1,1,,old notes-. 2019 notes-In plot 14,,,,,,,,,,,,,
FP2C12_5145,6/30/2018,7/9/2024,FP2C,12,5145,,POPBAL,23.5,25,1,-99,0,1,1,,,,,,,,,,,,,,,
FP2C12_5146,6/30/2018,7/9/2024,FP2C,12,5146,,POPBAL,10,10.2,1,-99,0,1,1,,,,,,,,,,,,,,,
FP2C12_5147,6/30/2018,7/9/2024,FP2C,12,5147,,POPBAL,5.8,-7777,0,-99,0,1,1,,,,,,,,,,,,,,,
FP2C12_5148,6/30/2018,7/9/2024,FP2C,12,5148,,POPBAL,10.3,-7777,0,-99,0,1,1,,,,,,,,,,,,,,,
FP2C12_5149,6/30/2018,7/9/2024,FP2C,12,5149,,POPBAL,16.2,17.2,1,-99,0,1,1,,,,,,,,,,,,,,,
FP2C12_5150,6/30/2018,7/9/2024,FP2C,12,5150,,POPBAL,7.2,-7777,0,-99,0,1,1,,,,,,,,,,,,,,,
FP2C12_5151,6/30/2018,7/9/2024,FP2C,12,5151,,POPBAL,10,10.4,1,-99,0,1,1,,,,,,,,,,,,,,,
FP2C12_5152,6/30/2018,7/9/2024,FP2C,12,5152,,POPBAL,15,16.3,1,-99,0,1,1,,,,,,,,,,,,,,,
FP2C12_5153,6/30/2018,7/9/2024,FP2C,12,5153,,POPBAL,12,12.6,1,-99,0,1,1,,,,,,,,,,,,,,,
FP2C12_5154,6/30/2018,7/9/2024,FP2C,12,5154,,POPBAL,18,15.3,1,-99,0,1,1,,,,,,,,,,,,,,,
FP2C12_5155,6/30/2018,7/9/2024,FP2C,12,5155,,POPBAL,10.5,11.4,1,-99,0,1,1,,,,,,,,,,,,,,,
FP2C12_5156,6/30/2018,7/9/2024,FP2C,12,5156,,POPBAL,15.4,16.4,1,-99,0,1,1,,,,,,,,,,,,,,,
FP2C12_5157,6/30/2018,7/9/2024,FP2C,12,5157,,POPBAL,26,27.2,1,-99,0,1,1,,,,,,,,,,,,,,,
FP2C12_5158,6/30/2018,7/9/2024,FP2C,12,5158,,POPBAL,20.5,22.7,1,-99,0,1,1,,,,,,,,,,,,,,,
FP2C12_5159,6/30/2018,7/9/2024,FP2C,12,5159,,POPBAL,19.5,19.8,1,-99,0,1,1,,,,,,,,,,,,,,,
FP2C12_5161,6/30/2018,7/9/2024,FP2C,12,5161,,POPBAL,16.1,16.5,1,-99,0,1,1,,,,,,,,,,,,,,,
FP2C13_2486,,7/9/2024,FP2C,13,2486,,PICGLA,,4.4,1,-99,0,1,1,,,,,,,,,,,,,,,
FP2C13_2487,,7/9/2024,FP2C,13,2487,,PICGLA,,5.6,1,-99,0,1,1,,,,,,,,,,,,,,,
FP2C13_5162,6/30/2018,7/9/2024,FP2C,13,5162,,POPBAL,22.7,23.1,1,-99,0,1,1,,,,,,,,,,,,,,,
FP2C13_5164,6/30/2018,7/9/2024,FP2C,13,5164,,POPBAL,12.6,13.8,1,-99,0,1,1,,,,,,,,,,,,,,,
FP2C13_5166,6/30/2018,7/9/2024,FP2C,13,5166,,POPBAL,18.3,20,1,-99,0,1,1,,,,,,,,,,,,,,,
FP2C13_5167,6/30/2018,7/9/2024,FP2C,13,5167,,POPBAL,13.7,-7777,0,-99,0,1,1,,,,,,,,,,,,,,,
FP2C13_5168,6/30/2018,7/9/2024,FP2C,13,5168,,POPBAL,16.6,17.6,1,-99,0,1,1,,,,,,,,,,,,,,,
FP2C13_5169,6/30/2018,7/9/2024,FP2C,13,5169,,POPBAL,23,24.7,1,-99,0,1,1,,"old notes-band 4.71, cracked bole. 2019 notes-",,,,,,,,,,,,,
FP2C13_5171,6/30/2018,7/9/2024,FP2C,13,5171,,POPBAL,20.8,21.8,1,-99,0,1,1,,,,,,,,,,,,,,,
FP2C13_5172,6/30/2018,7/9/2024,FP2C,13,5172,,POPBAL,11.4,-7777,0,3.5,1,1,1,,,,,,,,,,,,,,,
FP2C13_5173,6/30/2018,7/9/2024,FP2C,13,5173,,POPBAL,12.6,13.9,1,-99,0,1,1,,,,,,,,,,,,,,,
FP2C13_5174,6/30/2018,7/9/2024,FP2C,13,5174,,POPBAL,13.1,14.3,1,-99,0,1,1,,,,,,,,,,,,,,,
FP2C13_5175,6/30/2018,7/9/2024,FP2C,13,5175,,POPBAL,11.8,12.3,1,-99,0,1,1,,,,,,,,,,,,,,,
FP2C13_5177,6/30/2018,7/9/2024,FP2C,13,5177,,POPBAL,14.8,14.5,1,-99,0,1,1,,,,,,,,,,,,,,,
FP2C13_5178,6/30/2018,7/9/2024,FP2C,13,5178,,POPBAL,10.3,10.8,1,-99,0,1,1,,,,,,,,,,,,,,,
FP2C14_2488,,7/9/2024,FP2C,14,2488,,PICGLA,,5,1,-99,0,1,1,,,,,,,,,,,,,,,
FP2C14_2489,,7/9/2024,FP2C,14,2489,,PICGLA,,5,1,-99,0,1,1,,,,,,,,,,,,,,,
FP2C14_2490,,7/9/2024,FP2C,14,2490,,PICGLA,,7,1,-99,0,1,1,,,,,,,,,,,,,,,
FP2C14_2491,,7/9/2024,FP2C,14,2491,,PICGLA,,4.6,1,-99,0,1,1,,,,,,,,,,,,,,,
FP2C14_2492,,7/9/2024,FP2C,14,2492,,PICGLA,,9.6,1,-99,0,1,1,,,,,,,,,,,,,,,
FP2C14_5179,6/30/2018,7/9/2024,FP2C,14,5179,,POPBAL,18.4,19.2,1,-99,0,1,1,,,,,,,,,,,,,,,
FP2C14_5180,6/30/2018,7/9/2024,FP2C,14,5180,,POPBAL,19.3,20.1,1,-99,0,1,1,,,,,,,,,,,,,,,
FP2C14_5181,6/30/2018,7/9/2024,FP2C,14,5181,,POPBAL,21,22.1,1,-99,0,1,1,,,,,,,,,,,,,,,
FP2C14_5182,6/30/2018,7/9/2024,FP2C,14,5182,,POPBAL,12.4,13.6,1,-99,0,1,1,,,,,,,,,,,,,,,
FP2C14_5184,6/30/2018,7/9/2024,FP2C,14,5184,,POPBAL,15.8,17.1,1,-99,0,1,1,,,,,,,,,,,,,,,
FP2C14_5185,6/30/2018,7/9/2024,FP2C,14,5185,,POPBAL,15.6,16.9,1,-99,0,1,1,,,,,,,,,,,,,,,
FP2C14_5186,6/30/2018,7/9/2024,FP2C,14,5186,,POPBAL,9,9.2,1,-99,1,1,1,,,,,,,,,,,,,,,
FP2C14_5187,6/30/2018,7/9/2024,FP2C,14,5187,,POPBAL,20.2,20.4,1,-99,0,1,1,,,,,,,,,,,,,,,
FP2C14_5188,6/30/2018,7/9/2024,FP2C,14,5188,,POPBAL,18.4,19.9,1,-99,0,1,1,,,,,,,,,,,,,,,
FP2C14_5189,6/30/2018,7/9/2024,FP2C,14,5189,,POPBAL,20,20.3,1,-99,0,1,1,,"old notes-band 0.61, cracked bole. 2019 notes-",,,,,,,,,,,,,
FP2C14_5190,6/30/2018,7/9/2024,FP2C,14,5190,,POPBAL,19.5,20.5,1,-99,0,1,1,,,,,,,,,,,,,,,
FP2C14_5191,6/30/2018,7/9/2024,FP2C,14,5191,,POPBAL,12.1,12.7,1,-99,0,1,1,,,,,,,,,,,,,,,
FP2C14_5192,6/30/2018,7/9/2024,FP2C,14,5192,,POPBAL,9.6,9.9,1,-99,1,1,1,,,,,,,,,,,,,,,
FP2C14_5193,6/30/2018,7/9/2024,FP2C,14,5193,,POPBAL,9.2,9.6,1,-99,0,1,1,,,,,,,,,,,,,,,
FP2C14_5195,6/30/2018,7/9/2024,FP2C,14,5195,,POPBAL,174,18,1,-99,0,1,1,,,,,,,,,,,,,,,
FP3A1_1854,6/30/2018,7/15/2024,FP3A,1,1854,,POPBAL,30.6,-7777,0,-99,0,1,1,,,,,,,,,,,,,,,
FP3A1_1855,6/30/2018,7/15/2024,FP3A,1,1855,,POPBAL,25.7,-7777,0,8,0,1,1,,,,,,,,,,,,,,,
FP3A1_1856,6/30/2018,7/15/2024,FP3A,1,1856,,PICGLA,36.9,39,1,-99,0,1,1,,,,,,,,,,,,,,,
FP3A1_1857,6/30/2018,7/15/2024,FP3A,1,1857,,PICGLA,18.2,19.1,1,-99,0,1,1,,,,,,,,,,,,,,,
FP3A1_1858,6/30/2018,7/15/2024,FP3A,1,1858,,PICGLA,25.9,27.3,1,-99,0,1,1,,,,,,,,,,,,,,,
FP3A2_1864,6/30/2018,7/15/2024,FP3A,2,1864,,POPBAL,26.2,-7777,0,-99,0,1,1,,,,,,,,,,,,,,,
FP3A2_1865,6/30/2018,7/15/2024,FP3A,2,1865,,POPBAL,33.8,-7777,0,-99,0,1,1,,,,,,,,,,,,,,,
FP3A2_1866,6/30/2018,7/15/2024,FP3A,2,1866,,PICGLA,38.7,41.8,1,-99,0,1,1,,,,,,,,,,,,,,,
FP3A2_1868,6/30/2018,7/15/2024,FP3A,2,1868,,PICGLA,31.1,32.6,1,-99,0,1,1,,,,,,,,,,,,,,,
FP3A2_1871,6/30/2018,7/15/2024,FP3A,2,1871,,PICGLA,34.3,38.2,1,-99,0,1,1,,,,,,,,,,,,,,,
FP3A3_1880,6/30/2018,7/15/2024,FP3A,3,1880,,POPBAL,35.7,-7777,0,-99,0,1,1,,,,,,,,,,,,,,,
FP3A3_1881,6/30/2018,7/15/2024,FP3A,3,1881,,PICGLA,32,34.6,1,-99,0,1,1,,,,,,,,,,,,,,,
FP3A3_1882,6/30/2018,7/15/2024,FP3A,3,1882,,PICGLA,23.9,25.8,1,-99,0,1,1,,,,,,,,,,,,,,,
FP3A3_1883,6/30/2018,7/15/2024,FP3A,3,1883,,PICGLA,28.5,31.1,1,-99,0,1,1,,,,,,,,,,,,,,,
FP3A3_1884,6/30/2018,7/15/2024,FP3A,3,1884,,PICGLA,26.5,28.8,1,-99,0,1,1,,,,,,,,,,,,,,,
FP3A3_1885,6/30/2018,7/15/2024,FP3A,3,1885,,PICGLA,24.4,27.1,1,-99,0,1,1,,,,,,,,,,,,,,,
FP3A3_1886,6/30/2018,7/15/2024,FP3A,3,1886,,PICGLA,31.9,33.5,1,-99,0,1,1,,,,,,,,,,,,,,,
FP3A4_1892,6/30/2018,7/15/2024,FP3A,4,1892,,PICGLA,32.9,34.6,1,-99,0,1,1,,,,,,,,,,,,,,,
FP3A4_1893,6/30/2018,7/15/2024,FP3A,4,1893,,PICGLA,33.4,35.2,1,-99,0,1,1,,,,,,,,,,,,,,,
FP3A4_1894,6/30/2018,7/15/2024,FP3A,4,1894,,POPBAL,7.1,-7777,0,-99,0,1,1,,,,,,,,,,,,,,,
FP3A4_1895,6/30/2018,7/15/2024,FP3A,4,1895,,PICGLA,26.3,28.6,1,-99,0,1,1,,,,,,,,,,,,,,,
FP3A6_1932,6/30/2018,7/15/2024,FP3A,6,1932,,PICGLA,26.8,28.4,1,-99,0,1,1,,,,,,,,,,,,,,,
FP3A6_1933,6/30/2018,7/15/2024,FP3A,6,1933,,PICGLA,17.9,19.9,1,-99,0,1,1,,,,,,,,,,,,,,,
FP3A6_1937,6/30/2018,7/15/2024,FP3A,6,1937,,PICGLA,8.7,9.7,1,-99,0,1,1,,,,,,,,,,,,,,,
FP3A6_1938,6/30/2018,7/15/2024,FP3A,6,1938,,PICGLA,34.1,36.5,1,-99,0,1,1,,,,,,,,,,,,,,,
FP3A7_1939,6/30/2018,7/15/2024,FP3A,7,1939,,PICGLA,25.3,28.2,1,-99,0,1,1,,,,,,,,,,,,,,,
FP3A7_1940,6/30/2018,7/15/2024,FP3A,7,1940,,PICGLA,25.5,27.7,1,-99,0,1,1,,,,,,,,,,,,,,,
FP3A7_1941,6/30/2018,7/15/2024,FP3A,7,1941,,PICGLA,30.5,32.5,1,-99,0,1,1,,,,,,,,,,,,,,,
FP3A7_1942,6/30/2018,7/15/2024,FP3A,7,1942,,PICGLA,32.5,35.2,1,-99,0,1,1,,,,,,,,,,,,,,,
FP3A7_1944,6/30/2018,7/15/2024,FP3A,7,1944,,PICGLA,15.3,15.4,1,-99,0,1,1,,,,,,,,,,,,,,,
FP3A7_1945,6/30/2018,7/15/2024,FP3A,7,1945,,POPBAL,10.4,15.7,1,-99,0,1,1,,,,,,,,,,,,,,,
FP3A7_1946,6/30/2018,7/15/2024,FP3A,7,1946,,PICGLA,30.5,31.1,1,-99,0,1,1,,,,,,,,,,,,,,,
FP3A8_1948,6/30/2018,7/15/2024,FP3A,8,1948,,PICGLA,31,33.4,1,-99,0,1,1,,,,,,,,,,,,,,,
FP3A8_1951,6/30/2018,7/15/2024,FP3A,8,1951,,PICGLA,37,38.6,1,-99,0,1,1,,,,,,,,,,,,,,,
FP3A8_1952,6/30/2018,7/15/2024,FP3A,8,1952,,PICGLA,27.9,29.1,1,-99,0,1,1,,,,,,,,,,,,,,,
FP3A8_1953,6/30/2018,7/15/2024,FP3A,8,1953,,PICGLA,27.1,29.6,1,-99,0,1,1,,,,,,,,,,,,,,,
FP3A8_1954,6/30/2018,7/15/2024,FP3A,8,1954,,PICGLA,23.3,25.2,1,-99,0,1,1,,,,,,,,,,,,,,,
FP3A8_1955,6/30/2018,7/15/2024,FP3A,8,1955,,PICGLA,7.8,8,1,-99,0,1,1,,,,,,,,,,,,,,,
FP3A8_1956,6/30/2018,7/15/2024,FP3A,8,1956,,PICGLA,15.1,15.9,1,-99,0,1,1,,,,,,,,,,,,,,,
FP3A8_1957,6/30/2018,7/15/2024,FP3A,8,1957,,PICGLA,31.2,32.8,1,-99,0,1,1,,,,,,,,,,,,,,,
FP3A8_1958,6/30/2018,7/15/2024,FP3A,8,1958,,PICGLA,29,30,1,-99,0,1,1,,,,,,,,,,,,,,,
FP3A9_1959,6/30/2018,7/15/2024,FP3A,9,1959,,PICGLA,33.4,35.5,1,-99,0,1,1,,,,,,,,,,,,,,,
FP3A9_1960,6/30/2018,7/15/2024,FP3A,9,1960,,PICGLA,14.6,15.8,1,-99,0,1,1,,,,,,,,,,,,,,,
FP3A9_1961,6/30/2018,7/15/2024,FP3A,9,1961,,PICGLA,23.7,24.6,1,-99,0,1,1,,,,,,,,,,,,,,,
FP3A9_1962,6/30/2018,7/15/2024,FP3A,9,1962,,POPBAL,21.4,22.7,1,-99,0,1,1,,,,,,,,,,,,,,,
FP3A9_1964,6/30/2018,7/15/2024,FP3A,9,1964,,POPBAL,20.5,21.6,1,-99,0,1,1,,,,,,,,,,,,,,,
FP3A9_1966,6/30/2018,7/15/2024,FP3A,9,1966,,PICGLA,6,6.1,1,-99,0,1,1,,,,,,,,,,,,,,,
FP3A9_1967,6/30/2018,7/15/2024,FP3A,9,1967,,PICGLA,6.4,6.3,1,-99,0,1,1,,,,,,,,,,,,,,,
FP3A9_1968,6/30/2018,7/15/2024,FP3A,9,1968,,PICGLA,4.1,4.3,1,-99,0,1,1,,,,,,,,,,,,,,,
FP3A9_1969,6/30/2018,7/15/2024,FP3A,9,1969,,PICGLA,19,20.4,1,-99,0,1,1,,,,,,,,,,,,,,,
FP3A9_1970,6/30/2018,7/15/2024,FP3A,9,1970,,PICGLA,4.5,4.5,1,-99,0,1,1,,,,,,,,,,,,,,,
FP3A9_1971,6/30/2018,7/15/2024,FP3A,9,1971,,PICGLA,16.5,16.8,1,-99,0,1,1,,,,,,,,,,,,,,,
FP3A9_1972,6/30/2018,7/15/2024,FP3A,9,1972,,POPBAL,14.1,-7777,0,-99,0,1,1,,,,,,,,,,,,,,,
FP3A9_1973,6/30/2018,7/15/2024,FP3A,9,1973,,PICGLA,6.8,7,1,-99,0,1,1,,,,,,,,,,,,,,,
FP3A9_1974,6/30/2018,7/15/2024,FP3A,9,1974,,PICGLA,35.3,37,1,-99,0,1,1,,,,,,,,,,,,,,,
FP3A9_1975,6/30/2018,7/15/2024,FP3A,9,1975,,PICGLA,19.4,20.6,1,-99,0,1,1,,,,,,,,,,,,,,,
FP3A11_1983,6/30/2018,7/15/2024,FP3A,11,1983,,POPBAL,21.3,22.5,1,-99,0,1,1,,,,,,,,,,,,,,,
FP3A11_1984,6/30/2018,7/15/2024,FP3A,11,1984,,POPBAL,9,-8888,1,-99,0,1,1,,,,,,,,,,,,,,,
FP3A11_1987,6/30/2018,7/15/2024,FP3A,11,1987,,PICGLA,35.7,37.2,1,-99,0,1,1,,,,,,,,,,,,,,,
FP3A11_1988,6/30/2018,7/15/2024,FP3A,11,1988,,PICGLA,34.8,37.5,1,-99,0,1,1,,,,,,,,,,,,,,,
FP3A11_1989,6/30/2018,7/15/2024,FP3A,11,1989,,PICGLA,31.3,33,1,-99,0,1,1,,,,,,,,,,,,,,,
FP3A11_2106,6/30/2018,7/15/2024,FP3A,11,2106,,PICGLA,21.6,23.4,1,-99,0,1,1,,,,,,,,,,,,,,,
FP3A12_2102,6/30/2018,7/15/2024,FP3A,12,2102,,PICGLA,35.6,37.4,1,-99,0,1,1,,,,,,,,,,,,,,,
FP3A12_2104,6/30/2018,7/15/2024,FP3A,12,2104,,PICGLA,38.2,41.2,1,-99,0,1,1,,,,,,,,,,,,,,,
FP3A12_2105,6/30/2018,7/15/2024,FP3A,12,2105,,PICGLA,29.7,31.5,1,-99,0,1,1,,,,,,,,,,,,,,,
FP3A12_2107,6/30/2018,7/15/2024,FP3A,12,2107,,PICGLA,29,29.9,1,-99,0,1,1,,,,,,,,,,,,,,,
FP3A13_2112,6/30/2018,7/15/2024,FP3A,13,2112,,PICGLA,25.2,-9999,0,-99,0,1,0,,,,,,,,,,,,,,,
FP3A13_2117,6/30/2018,7/15/2024,FP3A,13,2117,,PICGLA,24.4,27.5,1,-99,0,1,1,,,,,,,,,,,,,,,
FP3A14_2119,6/30/2018,7/15/2024,FP3A,14,2119,,POPBAL,20.6,-7777,0,-99,0,1,1,,,,,,,,,,,,,,,
FP3A14_2120,6/30/2018,7/15/2024,FP3A,14,2120,,POPBAL,35.3,-9999,0,-99,1,1,0,,,,,,,,,,,,,,,
FP3A14_2121,6/30/2018,7/15/2024,FP3A,14,2121,,PICGLA,27,28.2,1,-99,0,1,1,,,,,,,,,,,,,,,
FP3A21_451,6/30/2018,7/15/2024,FP3A,21,451,2601,POPBAL,24.1,24,1,-99,0,1,1,,2024- now 451old notes-new #4511. 2019 notes-Tag is actually 451,,,,,,,,,,,,,
FP3A21_1835,6/30/2018,7/15/2024,FP3A,21,1835,,POPBAL,17,17.1,1,-99,0,1,1,,,,,,,,,,,,,,,
FP3A21_1836,6/30/2018,7/15/2024,FP3A,21,1836,,PICGLA,40.5,45.5,1,-99,0,1,1,,1836,,,,,,,,,,,,,
FP3A21_1837,6/30/2018,7/15/2024,FP3A,21,1837,,POPBAL,28.8,29.7,1,-99,0,1,1,,,,,,,,,,,,,,,
FP3A21_1838,6/30/2018,7/15/2024,FP3A,21,1838,,POPBAL,23,23.5,1,-99,0,1,1,,,,,,,,,,,,,,,
FP3A21_1839,6/30/2018,7/15/2024,FP3A,21,1839,,POPBAL,26.9,-7777,0,5,0,1,1,,,,,,,,,,,,,,,
FP3A21_1840,6/30/2018,7/15/2024,FP3A,21,1840,,POPBAL,20.9,-7777,0,5,0,1,1,,,,,,,,,,,,,,,
FP3A22_1846,6/30/2018,7/15/2024,FP3A,22,1846,,POPBAL,18.6,-7777,0,-99,0,1,1,,,,,,,,,,,,,,,
FP3A22_1849,6/30/2018,7/15/2024,FP3A,22,1849,,POPBAL,27.2,-9999,0,-99,0,1,0,,,,,,,,,,,,,,,
FP3A22_1850,6/30/2018,7/15/2024,FP3A,22,1850,,POPBAL,28.5,-7777,0,-99,0,1,1,,,,,,,,,,,,,,,
FP3A23_1863,6/30/2018,7/15/2024,FP3A,23,1863,2602,PICGLA,32.8,38,1,-99,0,1,1,,old #1863,,,,,,,,,,,,,
FP3A24_1872,6/30/2018,7/15/2024,FP3A,24,1872,,POPBAL,27.2,-7777,0,-99,0,1,1,,,,,,,,,,,,,,,
FP3A24_1873,6/30/2018,7/15/2024,FP3A,24,1873,,POPBAL,25.4,-7777,0,5,0,1,1,,,,,,,,,,,,,,,
FP3A24_1874,6/30/2018,7/15/2024,FP3A,24,1874,,POPBAL,23.3,24.3,1,-99,0,1,1,,old notes-. 2019 notes-Big wound in trunk,,,,,,,,,,,,,
FP3A24_1876,6/30/2018,7/15/2024,FP3A,24,1876,,POPBAL,21.9,22.1,1,-99,0,1,1,,,,,,,,,,,,,,,
FP3A24_1877,6/30/2018,7/15/2024,FP3A,24,1877,,POPBAL,31,31.5,1,-99,0,1,1,,,,,,,,,,,,,,,
FP3A24_1878,6/30/2018,7/15/2024,FP3A,24,1878,,POPBAL,31.9,32.5,1,-99,0,1,1,,,,,,,,,,,,,,,
FP3A24_1879,6/30/2018,7/15/2024,FP3A,24,1879,,POPBAL,26.7,-7777,0,-99,0,1,1,,,,,,,,,,,,,,,
FP3A25_1888,6/30/2018,7/15/2024,FP3A,25,1888,,POPBAL,36.8,37.7,1,-99,0,1,1,,,,,,,,,,,,,,,
FP3A25_1889,6/30/2018,7/15/2024,FP3A,25,1889,,POPBAL,35,35.6,1,-99,0,1,1,,,,,,,,,,,,,,,
FP3A26_1901,6/30/2018,7/15/2024,FP3A,26,1901,,POPBAL,25.5,26.1,1,-99,0,1,1,,,,,,,,,,,,,,,
FP3A26_1902,6/30/2018,7/15/2024,FP3A,26,1902,2603,POPBAL,30.9,31.7,1,-99,0,1,1,,1902,,,,,,,,,,,,,
FP3A26_1903,6/30/2018,7/15/2024,FP3A,26,1903,,POPBAL,7,-7777,0,-99,0,1,1,,,,,,,,,,,,,,,
FP3A27_583,6/30/2018,7/15/2024,FP3A,27,583,,PICGLA,2.4,2.5,1,-99,0,1,1,,old notes-new #583. 2019 notes-,,,,,,,,,,,,,
FP3A27_1904,6/30/2018,7/15/2024,FP3A,27,1904,2604,PICGLA,32.4,32.3,1,-99,0,1,1,,1904,,,,,,,,,,,,,
FP3A27_1905,6/30/2018,7/15/2024,FP3A,27,1905,,PICGLA,32.7,35.5,1,-99,0,1,1,,,,,,,,,,,,,,,
FP3A27_1906,6/30/2018,7/15/2024,FP3A,27,1906,,PICGLA,28.9,31.7,1,-99,0,1,1,,,,,,,,,,,,,,,
FP3A27_1907,6/30/2018,7/15/2024,FP3A,27,1907,,PICGLA,28.9,31.4,1,-99,0,1,1,,,,,,,,,,,,,,,
FP3A27_1908,6/30/2018,7/15/2024,FP3A,27,1908,2605,PICGLA,21.4,23.5,1,-99,0,1,1,,1908,,,,,,,,,,,,,
FP3A27_1910,6/30/2018,7/15/2024,FP3A,27,1910,,PICGLA,21.6,23.4,1,-99,0,1,1,,,,,,,,,,,,,,,
FP3A27_1911,6/30/2018,7/15/2024,FP3A,27,1911,,PICGLA,6.6,6.7,1,-99,0,1,1,,,,,,,,,,,,,,,
FP3A27_1912,6/30/2018,7/15/2024,FP3A,27,1912,,PICGLA,32.3,34.7,1,-99,0,1,1,,,,,,,,,,,,,,,
FP3A27_1913,6/30/2018,7/15/2024,FP3A,27,1913,,PICGLA,19.9,21.1,1,-99,0,1,1,,,,,,,,,,,,,,,
FP3A27_1914,6/30/2018,7/15/2024,FP3A,27,1914,,PICGLA,20.2,21,1,-99,0,1,1,,,,,,,,,,,,,,,
FP3A27_1915,6/30/2018,7/15/2024,FP3A,27,1915,,PICGLA,-7777,-9999,0,-99,0,1,0,,old notes-. 2019 notes-Missing,,,,,,,,,,,,,
FP3A27_1916,6/30/2018,7/15/2024,FP3A,27,1916,,PICGLA,27.3,29.1,1,-99,0,1,1,,,,,,,,,,,,,,,
FP3A27_1917,6/30/2018,7/15/2024,FP3A,27,1917,,PICGLA,32.5,34.8,1,-99,0,1,1,,,,,,,,,,,,,,,
FP3A27_1920,6/30/2018,7/15/2024,FP3A,27,1920,,PICGLA,30.4,33,1,-99,0,1,1,,,,,,,,,,,,,,,
FP3A27_1922,6/30/2018,7/15/2024,FP3A,27,1922,,PICGLA,26.7,29.1,1,-99,0,1,1,,,,,,,,,,,,,,,
FP3A28_1923,6/30/2018,7/15/2024,FP3A,28,1923,,PICGLA,24.6,25.4,1,-99,0,1,1,,,,,,,,,,,,,,,
FP3A28_1924,6/30/2018,7/15/2024,FP3A,28,1924,,PICGLA,21.6,23.9,1,-99,0,1,1,,,,,,,,,,,,,,,
FP3A28_1925,6/30/2018,7/15/2024,FP3A,28,1925,,PICGLA,30.5,32.2,1,-99,0,1,1,,,,,,,,,,,,,,,
FP3A28_1926,6/30/2018,7/15/2024,FP3A,28,1926,,PICGLA,32,33.1,1,-99,0,1,1,,,,,,,,,,,,,,,
FP3A28_1927,6/30/2018,7/15/2024,FP3A,28,1927,,PICGLA,38.4,41,1,-99,0,1,1,,,,,,,,,,,,,,,
FP3A28_1928,6/30/2018,7/15/2024,FP3A,28,1928,,PICGLA,36.8,40.3,1,-99,0,1,1,,,,,,,,,,,,,,,
FP3A28_1930,6/30/2018,7/15/2024,FP3A,28,1930,,POPBAL,18,19,1,-99,0,1,1,,,,,,,,,,,,,,,
FP3A29_2125,6/30/2018,7/15/2024,FP3A,29,2125,,POPBAL,34.3,-7777,0,-99,0,1,1,,,,,,,,,,,,,,,
FP3A29_2127,6/30/2018,7/15/2024,FP3A,29,2127,,POPBAL,39.6,40.2,1,-99,0,1,1,,,,,,,,,,,,,,,
FP3A30_2129,6/30/2018,7/15/2024,FP3A,30,2129,,PICGLA,35.4,37.5,1,-99,0,1,1,,,,,,,,,,,,,,,
FP3A30_2130,6/30/2018,7/15/2024,FP3A,30,2130,,PICGLA,15.4,17.7,1,-99,0,1,1,,,,,,,,,,,,,,,
FP3A30_2131,6/30/2018,7/15/2024,FP3A,30,2131,,PICGLA,27.2,29,1,-99,1,1,1,,,,,,,,,,,,,,,
FP3A30_2132,6/30/2018,7/15/2024,FP3A,30,2132,,PICGLA,11.5,12.8,1,-99,0,1,1,,,,,,,,,,,,,,,
FP3A30_2133,6/30/2018,7/15/2024,FP3A,30,2133,,PICGLA,36.7,38.5,1,-99,0,1,1,,,,,,,,,,,,,,,
FP3A30_2134,6/30/2018,7/15/2024,FP3A,30,2134,,PICGLA,44.1,47.3,1,-99,0,1,1,,,,,,,,,,,,,,,
FP3A30_2135,6/30/2018,7/15/2024,FP3A,30,2135,,PICGLA,22.2,24.6,1,-99,0,1,1,,,,,,,,,,,,,,,
FP3A30_6102,6/30/2018,7/15/2024,FP3A,30,6102,,PICGLA,5.5,5.5,1,-99,0,1,1,,,,,,,,,,,,,,,
FP3A31_2136,6/30/2018,7/15/2024,FP3A,31,2136,,PICGLA,47.6,51.3,1,-99,0,1,1,,,,,,,,,,,,,,,
FP3A31_2137,6/30/2018,7/15/2024,FP3A,31,2137,,POPBAL,28.4,28.5,1,-99,0,1,1,,,,,,,,,,,,,,,
FP3A31_2138,6/30/2018,7/15/2024,FP3A,31,2138,,POPBAL,25.7,26.2,1,-99,0,1,1,,,,,,,,,,,,,,,
FP3A31_2139,6/30/2018,7/15/2024,FP3A,31,2139,,PICGLA,22.4,24.5,1,-99,0,1,1,,,,,,,,,,,,,,,
FP3A31_2140,6/30/2018,7/15/2024,FP3A,31,2140,,PICGLA,37.2,39.2,1,-99,0,1,1,,,,,,,,,,,,,,,
FP3A31_2141,6/30/2018,7/15/2024,FP3A,31,2141,,PICGLA,32.6,34.6,1,-99,0,1,1,,,,,,,,,,,,,,,
FP3A31_2142,6/30/2018,7/15/2024,FP3A,31,2142,,PICGLA,27.2,29.9,1,-99,0,1,1,,,,,,,,,,,,,,,
FP3A32_2143,6/30/2018,7/15/2024,FP3A,32,2143,,PICGLA,32.4,34.5,1,-99,0,1,1,,,,,,,,,,,,,,,
FP3A32_2145,6/30/2018,7/15/2024,FP3A,32,2145,,PICGLA,45.6,48.2,1,-99,0,1,1,,,,,,,,,,,,,,,
FP3A32_2146,6/30/2018,7/15/2024,FP3A,32,2146,,PICGLA,34.2,35.7,1,-99,0,1,1,,,,,,,,,,,,,,,
FP3A33_2147,6/30/2018,7/15/2024,FP3A,33,2147,,POPBAL,35.4,-7777,0,-99,0,1,1,,,,,,,,,,,,,,,
FP3A33_2152,6/30/2018,7/15/2024,FP3A,33,2152,,PICGLA,31.2,33.7,0,-99,0,1,1,,old notes-. 2019 notes-2152 and 2153 are now one tree. DBH is 31.2,,,,,,,,,,,,,
FP3A33_2153,6/30/2018,7/15/2024,FP3A,33,2153,,PICGLA,-7777,-7777,0,-99,0,1,1,,old notes-. 2019 notes-Tree merged with 2152,,,,,,,,,,,,,
FP3A33_2154,6/30/2018,7/15/2024,FP3A,33,2154,,POPBAL,21.1,22.3,1,-99,0,1,1,,,,,,,,,,,,,,,
FP3A33_2157,6/30/2018,7/15/2024,FP3A,33,2157,,PICGLA,29.7,31.6,1,-99,0,1,1,,,,,,,,,,,,,,,
FP3A34_2159,6/30/2018,7/15/2024,FP3A,34,2159,,POPBAL,35.1,35.5,1,-99,0,1,1,,,,,,,,,,,,,,,
FP3A35_2167,6/30/2018,7/15/2024,FP3A,35,2167,,PICGLA,37.6,40.7,1,-99,0,1,1,,,,,,,,,,,,,,,
FP3A35_2169,6/30/2018,7/15/2024,FP3A,35,2169,,PICGLA,27.1,29.8,1,-99,0,1,1,,,,,,,,,,,,,,,
FP3A35_2170,6/30/2018,7/15/2024,FP3A,35,2170,,POPBAL,18.2,-9999,0,-99,0,1,0,,,,,,,,,,,,,,,
FP3A35_2171,6/30/2018,7/15/2024,FP3A,35,2171,,POPBAL,-9999,-9999,0,-99,1,1,0,,,,,,,,,,,,,,,
FP3A35_2173,6/30/2018,7/15/2024,FP3A,35,2173,,POPBAL,33,33.6,1,-99,0,1,1,,,,,,,,,,,,,,,
FP3A35_2174,6/30/2018,7/15/2024,FP3A,35,2174,,POPBAL,29.5,29.6,1,-99,0,1,1,,,,,,,,,,,,,,,
FP3A36_1990,6/30/2018,7/15/2024,FP3A,36,1990,,PICGLA,25.2,27.8,1,-99,0,1,1,,,,,,,,,,,,,,,
FP3A36_1991,6/30/2018,7/15/2024,FP3A,36,1991,,POPBAL,40,40.5,1,-99,0,1,1,,,,,,,,,,,,,,,
FP3A36_1992,6/30/2018,7/15/2024,FP3A,36,1992,,PICGLA,24.9,27.4,1,-99,0,1,1,,,,,,,,,,,,,,,
FP3A36_1993,6/30/2018,7/15/2024,FP3A,36,1993,,POPBAL,27.2,27.2,1,-99,0,1,1,will likely be dead,,,,,,,,,,,,,,
FP3A36_1997,6/30/2018,7/15/2024,FP3A,36,1997,,POPBAL,38,38.5,1,-99,0,1,1,,,,,,,,,,,,,,,
FP3A36_1998,6/30/2018,7/15/2024,FP3A,36,1998,,POPBAL,31.2,-7777,0,-99,0,1,1,,,,,,,,,,,,,,,
FP3A36_2000,6/30/2018,7/15/2024,FP3A,36,2000,,PICGLA,24.8,28.5,1,-99,0,1,1,,,,,,,,,,,,,,,
FP3A37_1976,6/30/2018,7/15/2024,FP3A,37,1976,,PICGLA,30.1,33.2,1,-99,0,1,1,,,,,,,,,,,,,,,
FP3A37_1977,6/30/2018,7/15/2024,FP3A,37,1977,,PICGLA,34,36.7,1,-99,0,1,1,,,,,,,,,,,,,,,
FP3A37_1978,6/30/2018,7/15/2024,FP3A,37,1978,,POPBAL,22.6,22.9,1,-99,0,1,1,,,,,,,,,,,,,,,
FP3A37_1979,6/30/2018,7/15/2024,FP3A,37,1979,,POPBAL,-9999,-7777,0,-99,0,1,1,,,,,,,,,,,,,,,
FP3A37_1980,6/30/2018,7/15/2024,FP3A,37,1980,,POPBAL,29.7,29.8,1,-99,0,1,1,,,,,,,,,,,,,,,
FP3A37_1981,6/30/2018,7/15/2024,FP3A,37,1981,,PICGLA,40.4,42.8,1,-99,0,1,1,,,,,,,,,,,,,,,
FP3A37_1982,6/30/2018,7/15/2024,FP3A,37,1982,,PICGLA,35.1,37.1,1,-99,0,1,1,,,,,,,,,,,,,,,
FP3A37_1994,6/30/2018,7/15/2024,FP3A,37,1994,,PICGLA,4.5,4.7,1,-99,0,1,1,,,,,,,,,,,,,,,
FP3A38_1859,6/30/2018,7/15/2024,FP3A,38,1859,,POPBAL,29.2,29.6,1,-99,0,1,1,,,,,,,,,,,,,,,
FP3A38_1860,6/30/2018,7/15/2024,FP3A,38,1860,,PICGLA,39.2,44,1,-99,0,1,1,,,,,,,,,,,,,,,
FP3A38_1861,6/30/2018,7/15/2024,FP3A,38,1861,,POPBAL,34.8,-9999,0,-99,0,1,0,,,,,,,,,,,,,,,
FP3A38_1862,6/30/2018,7/15/2024,FP3A,38,1862,,POPBAL,35.1,35,1,-99,0,1,1,,,,,,,,,,,,,,,
FP3B1_2287,8/23/2018,7/15/2024,FP3B,1,2287,,PICGLA,-9999,30.2,1,-99,0,1,1,Actually alive,old notes-band 0.69. 2019 notes-no data,,,,,,,,,,,,,
FP3B1_2289,8/23/2018,7/15/2024,FP3B,1,2289,,PICGLA,13.5,14.6,1,-99,0,1,1,,,,,,,,,,,,,,,
FP3B1_2290,8/23/2018,7/15/2024,FP3B,1,2290,,PICGLA,22.6,24.1,1,-99,0,1,1,,,,,,,,,,,,,,,
FP3B1_2292,8/23/2018,7/15/2024,FP3B,1,2292,,POPBAL,15,16.8,1,-99,0,1,1,,old notes-band 2.21. 2019 notes-,,,,,,,,,,,,,
FP3B1_2293,8/23/2018,7/15/2024,FP3B,1,2293,,PICGLA,16.4,18.1,1,-99,0,1,1,,,,,,,,,,,,,,,
FP3B1_2294,8/23/2018,7/15/2024,FP3B,1,2294,,PICGLA,24.1,25.9,1,-99,0,1,1,,old notes-band 0.3. 2019 notes-,,,,,,,,,,,,,
FP3B1_2295,8/23/2018,7/15/2024,FP3B,1,2295,,PICGLA,22.9,23.6,1,-99,0,1,1,,,,,,,,,,,,,,,
FP3B1_2296,8/23/2018,7/15/2024,FP3B,1,2296,,POPBAL,14.9,15.5,1,-99,0,1,1,,old notes-band 2.61. 2019 notes-,,,,,,,,,,,,,
FP3B1_2297,8/23/2018,7/15/2024,FP3B,1,2297,,PICGLA,23.5,25,1,-99,0,1,1,,,,,,,,,,,,,,,
FP3B2_2298,8/23/2018,7/15/2024,FP3B,2,2298,,PICGLA,22.6,23.5,1,-99,0,1,1,,old notes-band 1.63. 2019 notes-,,,,,,,,,,,,,
FP3B2_2300,8/23/2018,7/15/2024,FP3B,2,2300,,POPBAL,15.5,15.9,1,-99,0,1,1,,old notes-band 1.76. 2019 notes-,,,,,,,,,,,,,
FP3B2_2794,8/23/2018,7/15/2024,FP3B,2,2794,,PICGLA,21.9,23,1,-99,0,1,1,,,,,,,,,,,,,,,
FP3B2_2795,8/23/2018,7/15/2024,FP3B,2,2795,,PICGLA,19.3,20.7,1,-99,0,1,1,,,,,,,,,,,,,,,
FP3B2_2796,8/23/2018,7/15/2024,FP3B,2,2796,,PICGLA,28.7,30.6,1,-99,0,1,1,,,,,,,,,,,,,,,
FP3B2_2797,8/23/2018,7/15/2024,FP3B,2,2797,,PICGLA,26.5,27.7,1,-99,0,1,1,,,,,,,,,,,,,,,
FP3B2_2800,8/23/2018,7/15/2024,FP3B,2,2800,,PICGLA,22.9,24.2,1,-99,0,1,1,,,,,,,,,,,,,,,
FP3B2_2801,8/23/2018,7/15/2024,FP3B,2,2801,,PICGLA,19.8,20,1,-99,0,1,1,,old notes-bole scar. 2019 notes-,,,,,,,,,,,,,
FP3B2_2802,8/23/2018,7/15/2024,FP3B,2,2802,,POPBAL,8.6,-7777,0,-99,0,1,1,,,,,,,,,,,,,,,
FP3B3_104,8/23/2018,7/15/2024,FP3B,3,104,,POPBAL,-9999,-9999,0,-99,0,1,0,,,,,,,,,,,,,,,
FP3B3_2804,8/23/2018,7/15/2024,FP3B,3,2804,,PICGLA,31.3,33,1,-99,0,1,1,,,,,,,,,,,,,,,
FP3B3_2805,8/23/2018,7/15/2024,FP3B,3,2805,,PICGLA,32.1,34.1,1,-99,0,1,1,,old notes-band 1.70. 2019 notes-,,,,,,,,,,,,,
FP3B3_2806,8/23/2018,7/15/2024,FP3B,3,2806,,PICGLA,-7777,-7777,0,-99,1,1,1,,,,,,,,,,,,,,,
FP3B4_2808,8/23/2018,7/15/2024,FP3B,4,2808,,PICGLA,35.3,37.6,1,-99,0,1,1,,old notes-band 0.5. 2019 notes-,,,,,,,,,,,,,
FP3B4_2809,8/23/2018,7/15/2024,FP3B,4,2809,,PICGLA,40.6,43.4,1,-99,0,1,1,,,,,,,,,,,,,,,
FP3B6_115,8/23/2018,7/15/2024,FP3B,6,115,,POPBAL,-9999,-9999,0,-99,0,1,0,,,,,,,,,,,,,,,
FP3B6_638,8/23/2018,7/15/2024,FP3B,6,638,,PICGLA,6,9.7,1,-99,0,1,1,,,,,,,,,,,,,,,
FP3B6_2101,,7/15/2024,FP3B,6,2101,,PICGLA,,5.8,1,-99,0,1,1,,,,,,,,,,,,,,,
FP3B6_2102,,7/15/2024,FP3B,6,2102,,PICGLA,,4,1,-99,0,1,1,,,,,,,,,,,,,,,
FP3B6_2811,8/23/2018,7/15/2024,FP3B,6,2811,,POPBAL,-7777,-7777,0,6,0,1,1,In veg plot,old notes-. 2019 notes-dead topped,,,,,,,,,,,,,
FP3B6_2812,8/23/2018,7/15/2024,FP3B,6,2812,,POPBAL,37.1,-7777,0,7,0,1,1,"No tag, but we are pretty confident this is it","old notes-old band 4.69, new 0.7. 2019 notes-dead topped",,,,,,,,,,,,,
FP3B6_2813,8/23/2018,7/15/2024,FP3B,6,2813,,POPBAL,7.5,7.7,1,-99,0,1,1,,,,,,,,,,,,,,,
FP3B6_3697,8/23/2018,7/15/2024,FP3B,6,3697,,PICGLA,10.6,14.7,1,-99,0,1,1,,,,,,,,,,,,,,,
FP3B7_1000,8/23/2018,7/15/2024,FP3B,7,1000,,POPBAL,29.3,-7777,0,-99,0,1,1,,old notes-. 2019 notes-new tag 1000 old number 2819,,,,,,,,,,,,,
FP3B7_2814,8/23/2018,7/15/2024,FP3B,7,2814,,POPBAL,21.2,-7777,0,-99,0,1,1,,,,,,,,,,,,,,,
FP3B7_2817,8/23/2018,7/15/2024,FP3B,7,2817,,PICGLA,24.8,26.8,1,-99,0,1,1,,old notes-band 0.69. 2019 notes-,,,,,,,,,,,,,
FP3B7_2818,8/23/2018,7/15/2024,FP3B,7,2818,,POPBAL,37.5,37.9,1,-99,0,1,1,,old notes-band 2.44. 2019 notes-,,,,,,,,,,,,,
FP3B7_2820,8/23/2018,7/15/2024,FP3B,7,2820,,POPBAL,-7777,-8888,0,-99,0,1,1,likely dead and down,"old notes-. 2019 notes-missing, found unmarked dead about same size",,,,,,,,,,,,,
FP3B8_2821,8/23/2018,7/15/2024,FP3B,8,2821,,PICGLA,32.8,34.2,1,-99,0,1,1,,,,,,,,,,,,,,,
FP3B8_2822,8/23/2018,7/15/2024,FP3B,8,2822,,POPBAL,-9999,-9999,0,-99,0,1,0,,old notes-. 2019 notes-missing,,,,,,,,,,,,,
FP3B8_2823,8/23/2018,7/15/2024,FP3B,8,2823,,PICGLA,31.1,32.5,1,-99,0,1,1,,old notes-band 2.5. 2019 notes-,,,,,,,,,,,,,
FP3B8_2825,8/23/2018,7/15/2024,FP3B,8,2825,,PICGLA,21.8,24.1,1,-99,0,1,1,,,,,,,,,,,,,,,
FP3B8_2826,8/23/2018,7/15/2024,FP3B,8,2826,,PICGLA,25.3,26.1,1,-99,0,1,1,,old notes-band 3.8. 2019 notes-,,,,,,,,,,,,,
FP3B9_903,8/23/2018,7/15/2024,FP3B,9,903,,PICGLA,4.2,7.4,1,-99,0,1,1,actually in plot 6,,,,,,,,,,,,,,
FP3B9_905,8/23/2018,7/15/2024,FP3B,9,905,,POPBAL,5,5.9,1,-99,0,1,1,actually in plot 6,,,,,,,,,,,,,,
FP3B9_2827,8/23/2018,7/15/2024,FP3B,9,2827,,POPBAL,17.6,18.3,1,-99,0,1,1,,old notes-band 3.54. 2019 notes-,,,,,,,,,,,,,
FP3B9_2828,8/23/2018,7/15/2024,FP3B,9,2828,,POPBAL,9.1,-7777,0,-99,0,1,1,,,,,,,,,,,,,,,
FP3B9_2830,8/23/2018,7/15/2024,FP3B,9,2830,,PICGLA,29.3,31.3,1,-99,0,1,1,,,,,,,,,,,,,,,
FP3B9_2831,8/23/2018,7/15/2024,FP3B,9,2831,,POPBAL,8.6,8.6,1,-99,1,1,1,,,,,,,,,,,,,,,
FP3B9_2832,8/23/2018,7/15/2024,FP3B,9,2832,,PICGLA,22.4,24.6,1,-99,0,1,1,,,,,,,,,,,,,,,
FP3B9_2840,8/23/2018,7/15/2024,FP3B,9,2840,,POPBAL,-9999,-9999,0,-99,0,1,0,,,,,,,,,,,,,,,
FP3B11_2835,8/23/2018,7/15/2024,FP3B,11,2835,,PICGLA,32,35.4,1,-99,0,1,1,,,,,,,,,,,,,,,
FP3B11_2836,8/23/2018,7/15/2024,FP3B,11,2836,,PICGLA,19.9,22.7,1,-99,0,1,1,,,,,,,,,,,,,,,
FP3B11_2837,8/23/2018,7/15/2024,FP3B,11,2837,,PICGLA,32.4,34.5,1,-99,0,1,1,,,,,,,,,,,,,,,
FP3B11_2838,8/23/2018,7/15/2024,FP3B,11,2838,,PICGLA,20.2,22.1,1,-99,0,1,1,,,,,,,,,,,,,,,
FP3B11_2839,8/23/2018,7/15/2024,FP3B,11,2839,,PICGLA,21.3,23.2,1,-99,0,1,1,,,,,,,,,,,,,,,
FP3B11_2842,8/23/2018,7/15/2024,FP3B,11,2842,,POPBAL,-9999,-8888,0,-99,1,1,1,likely dead and down,,,,,,,,,,,,,,
FP3B11_2843,8/23/2018,7/15/2024,FP3B,11,2843,,PICGLA,30.5,32.3,1,-99,0,1,1,,old notes-band 2.59. 2019 notes-,,,,,,,,,,,,,
FP3B12_3901,8/23/2018,7/15/2024,FP3B,12,3901,,PICGLA,27.7,29.4,1,-99,0,1,1,,,,,,,,,,,,,,,
FP3B12_3902,8/23/2018,7/15/2024,FP3B,12,3902,,PICGLA,34.5,36.4,1,-99,0,1,1,,old notes-band 6.33. 2019 notes-,,,,,,,,,,,,,
FP3B12_3903,8/23/2018,7/15/2024,FP3B,12,3903,,POPBAL,33,33.4,1,-99,0,1,1,,old notes-band 2.81. 2019 notes-,,,,,,,,,,,,,
FP3B13_635,8/23/2018,7/15/2024,FP3B,13,635,,PICGLA,5.5,7.9,1,-99,0,1,1,,old notes-was #111. 2019 notes-,,,,,,,,,,,,,
FP3B13_636,8/23/2018,7/15/2024,FP3B,13,636,,PICGLA,5,6.8,1,-99,0,1,1,,old notes-was #110. 2019 notes-,,,,,,,,,,,,,
FP3B13_637,8/23/2018,7/15/2024,FP3B,13,637,,PICGLA,6.4,8.9,1,-99,0,1,1,,old notes-was #112. 2019 notes-,,,,,,,,,,,,,
FP3B13_1485,8/23/2018,7/15/2024,FP3B,13,1485,,PICGLA,3.9,6,1,-99,0,1,1,,,,,,,,,,,,,,,
FP3B13_2103,,7/15/2024,FP3B,13,2103,,PICGLA,,3,1,-99,0,1,1,,,,,,,,,,,,,,,
FP3B13_3908,8/23/2018,7/15/2024,FP3B,13,3908,,POPBAL,42,43.8,1,-99,0,1,1,,old notes-band 3.7. 2019 notes-,,,,,,,,,,,,,
FP3B13_3909,8/23/2018,7/15/2024,FP3B,13,3909,,PICGLA,21,23.6,1,-99,0,1,1,,,,,,,,,,,,,,,
FP3B13_3910,8/23/2018,7/15/2024,FP3B,13,3910,,POPBAL,28.6,29.5,1,-99,0,1,1,,old notes-band 2.91. 2019 notes-,,,,,,,,,,,,,
FP3B13_3911,8/23/2018,7/15/2024,FP3B,13,3911,,POPBAL,33.1,33.3,1,-99,0,1,1,,,,,,,,,,,,,,,
FP3B13_3912,8/23/2018,7/15/2024,FP3B,13,3912,,POPBAL,-9999,-7777,0,-99,0,1,1,,old notes-band 1.51. 2019 notes-,,,,,,,,,,,,,
FP3B13_3913,8/23/2018,7/15/2024,FP3B,13,3913,,PICGLA,21.5,25.4,1,-99,0,1,1,,,,,,,,,,,,,,,
FP3B14_2822,8/23/2018,7/15/2024,FP3B,14,2822,,POPBAL,-9999,-9999,0,-99,0,1,0,,,,,,,,,,,,,,,
FP3B14_4398,8/23/2018,7/15/2024,FP3B,14,4398,,PICGLA,33,36.8,1,-99,0,1,1,,,,,,,,,,,,,,,
FP3B14_4399,8/23/2018,7/15/2024,FP3B,14,4399,,POPBAL,28,-7777,0,1.5,0,1,1,,,,,,,,,,,,,,,
FP3B14_4400,8/23/2018,7/15/2024,FP3B,14,4400,,PICGLA,25.8,29.2,1,-99,0,1,1,,,,,,,,,,,,,,,
FP4A1_2679,8/25/2018,7/17/2024,FP4A,1,2679,,PICGLA,36.7,-8888,1,-99,0,1,1,can't find,,,,,,,,,,,,,,
FP4A1_2680,8/25/2018,7/17/2024,FP4A,1,2680,,PICGLA,33.3,35.4,1,-99,0,1,1,,,,,,,,,,,,,,,
FP4A2_2682,8/25/2018,7/17/2024,FP4A,2,2682,,PICGLA,33.3,36.2,1,-99,0,1,1,,,,,,,,,,,,,,,
FP4A2_2684,8/25/2018,7/17/2024,FP4A,2,2684,,PICGLA,-9999,-9999,0,-99,0,1,0,,old notes-. 2019 notes-Down,,,,,,,,,,,,,
FP4A3_2686,8/25/2018,7/17/2024,FP4A,3,2686,,PICGLA,12.6,-7777,0,-99,0,1,1,,,,,,,,,,,,,,,
FP4A3_2687,8/25/2018,7/17/2024,FP4A,3,2687,,PICGLA,15.4,19.7,1,-99,0,1,1,,,,,,,,,,,,,,,
FP4A3_2689,8/25/2018,7/17/2024,FP4A,3,2689,,PICGLA,13.1,13.7,1,10,1,1,1,,,,,,,,,,,,,,,
FP4A3_2691,8/25/2018,7/17/2024,FP4A,3,2691,,PICGLA,39.8,42.8,1,-99,0,1,1,,,,,,,,,,,,,,,
FP4A3_2695,8/25/2018,7/17/2024,FP4A,3,2695,,PICGLA,15.1,18.4,1,-99,0,1,1,,,,,,,,,,,,,,,
FP4A4_2700,8/25/2018,7/17/2024,FP4A,4,2700,,PICGLA,35.9,37.6,1,-99,0,1,1,,,,,,,,,,,,,,,
FP4A4_2847,8/25/2018,7/17/2024,FP4A,4,2847,,PICGLA,31.7,31.8,1,-99,0,1,1,,,,,,,,,,,,,,,
FP4A4_2848,8/25/2018,7/17/2024,FP4A,4,2848,,PICGLA,39.1,-9999,0,-99,0,1,0,"Couldn't find tag, but down tree has paint and same measurement as last time",,,,,,,,,,,,,,
FP4A4_2849,8/25/2018,7/17/2024,FP4A,4,2849,,PICGLA,29.4,31.7,1,-99,0,1,1,,,,,,,,,,,,,,,
FP4A6_2851,8/25/2018,7/17/2024,FP4A,6,2851,,PICGLA,46.5,-9999,0,-99,0,1,0,,,,,,,,,,,,,,,
FP4A6_2853,8/25/2018,7/17/2024,FP4A,6,2853,,PICGLA,34.8,34.8,1,10,0,1,1,,,,,,,,,,,,,,,
FP4A6_2854,8/25/2018,7/17/2024,FP4A,6,2854,,BETNEO,17,18.2,1,5,0,1,1,,,,,,,,,,,,,,,
FP4A7_2855,8/25/2018,7/17/2024,FP4A,7,2855,,PICGLA,47.8,50.3,1,-99,0,1,1,,,,,,,,,,,,,,,
FP4A8_105,8/25/2018,7/17/2024,FP4A,8,105,,BETNEO,-7777,-9999,0,-99,0,1,0,,,,,,,,,,,,,,,
FP4A8_903,8/25/2018,7/17/2024,FP4A,8,903,,BETNEO,2.5,-8888,1,1.75,0,1,1,can't find,old notes-now tree #903. 2019 notes-,,,,,,,,,,,,,
FP4A8_905,8/25/2018,7/17/2024,FP4A,8,905,,BETNEO,3.5,-8888,1,1.75,1,1,1,missing,old notes-now tree #905. 2019 notes-,,,,,,,,,,,,,
FP4A8_2856,8/25/2018,7/17/2024,FP4A,8,2856,,PICGLA,27,30.3,1,-99,0,1,1,,,,,,,,,,,,,,,
FP4A8_2857,8/25/2018,7/17/2024,FP4A,8,2857,,PICGLA,60.6,-9999,0,-99,0,1,0,,,,,,,,,,,,,,,
FP4A8_2858,8/25/2018,7/17/2024,FP4A,8,2858,,PICGLA,38.5,40.4,1,-99,0,1,1,,,,,,,,,,,,,,,
FP4A9_2860,8/25/2018,7/17/2024,FP4A,9,2860,,PICGLA,65.6,66.4,1,-99,0,1,1,,,,,,,,,,,,,,,
FP4A9_2862,8/25/2018,7/17/2024,FP4A,9,2862,,PICGLA,45.9,-9999,0,-99,0,1,0,,,,,,,,,,,,,,,
FP4A11_2864,8/25/2018,7/17/2024,FP4A,11,2864,1486,PICGLA,45.1,46.7,1,-99,0,1,1,new tag in 2018,old notes-. 2019 notes-New tag 1486,,,,,,,,,,,,,
FP4A11_2866,8/25/2018,7/17/2024,FP4A,11,2866,,BETNEO,10,11.2,1,-99,0,1,1,,,,,,,,,,,,,,,
FP4A12_2867,8/25/2018,7/17/2024,FP4A,12,2867,,PICGLA,38.5,39.1,1,-99,0,1,1,,,,,,,,,,,,,,,
FP4A12_2868,8/25/2018,7/17/2024,FP4A,12,2868,,PICGLA,47.9,-9999,0,-99,0,1,0,,,,,,,,,,,,,,,
FP4A12_2869,8/25/2018,7/17/2024,FP4A,12,2869,,BETNEO,-9999,-9999,0,-99,0,1,0,,old notes-. 2019 notes-Down,,,,,,,,,,,,,
FP4A13_2870,8/25/2018,7/17/2024,FP4A,13,2870,,BETNEO,12.1,13.7,1,-99,0,1,1,,,,,,,,,,,,,,,
FP4A13_2871,8/25/2018,7/17/2024,FP4A,13,2871,,PICGLA,54.5,55.1,1,-99,0,1,1,,,,,,,,,,,,,,,
FP4A13_2874,8/25/2018,7/17/2024,FP4A,13,2874,,BETNEO,15.4,16.7,1,5,0,1,1,,,,,,,,,,,,,,,
FP4A13_2875,8/25/2018,7/17/2024,FP4A,13,2875,,BETNEO,15.8,18.2,1,10,0,1,1,,,,,,,,,,,,,,,
FP4A13_2876,8/25/2018,7/17/2024,FP4A,13,2876,,PICGLA,53.4,56.5,1,-99,0,1,1,,,,,,,,,,,,,,,
FP4A14_2877,8/25/2018,7/17/2024,FP4A,14,2877,,PICGLA,63.5,66,1,-99,0,1,1,,,,,,,,,,,,,,,
FP4A14_2878,8/25/2018,7/17/2024,FP4A,14,2878,,PICGLA,46.5,48.4,1,-99,0,1,1,,,,,,,,,,,,,,,
FP4A21_5625,8/25/2018,7/17/2024,FP4A,21,5625,,PICGLA,38.1,39,1,-99,0,1,1,,,,,,,,,,,,,,,
FP4A21_5627,8/25/2018,7/17/2024,FP4A,21,5627,,PICGLA,28.5,30.2,1,-99,0,1,1,,,,,,,,,,,,,,,
FP4A21_5628,8/25/2018,7/17/2024,FP4A,21,5628,,PICGLA,36.7,38.4,1,-99,0,1,1,,,,,,,,,,,,,,,
FP4A21_5632,8/25/2018,7/17/2024,FP4A,21,5632,,PICGLA,22.2,26,1,-99,0,1,1,,,,,,,,,,,,,,,
FP4A22_5634,8/25/2018,7/17/2024,FP4A,22,5634,,PICGLA,47.5,51.1,1,-99,0,1,1,,,,,,,,,,,,,,,
FP4A23_5640,8/25/2018,7/17/2024,FP4A,23,5640,,PICGLA,48.9,50.8,1,-99,0,1,1,,,,,,,,,,,,,,,
FP4A23_5641,8/25/2018,7/17/2024,FP4A,23,5641,,PICGLA,33.3,34.7,1,-99,0,1,1,,,,,,,,,,,,,,,
FP4A23_5642,8/25/2018,7/17/2024,FP4A,23,5642,,PICGLA,30.2,32.3,1,-99,0,1,1,,,,,,,,,,,,,,,
FP4A24_5643,8/25/2018,7/17/2024,FP4A,24,5643,,PICGLA,20.2,22.2,1,-99,0,1,1,,,,,,,,,,,,,,,
FP4A24_5644,8/25/2018,7/17/2024,FP4A,24,5644,,PICGLA,39.2,42.2,1,-99,0,1,1,,,,,,,,,,,,,,,
FP4A24_5646,8/25/2018,7/17/2024,FP4A,24,5646,,PICGLA,42.8,44.2,1,-99,0,1,1,,,,,,,,,,,,,,,
FP4A24_5647,8/25/2018,7/17/2024,FP4A,24,5647,,PICGLA,37.3,39.5,1,-99,0,1,1,,,,,,,,,,,,,,,
FP4A24_5648,8/25/2018,7/17/2024,FP4A,24,5648,,PICGLA,32.7,35.2,1,-99,0,1,1,,,,,,,,,,,,,,,
FP4A25_5650,8/25/2018,7/17/2024,FP4A,25,5650,,PICGLA,19.3,21.2,1,-99,0,1,1,,,,,,,,,,,,,,,
FP4A25_5651,8/25/2018,7/17/2024,FP4A,25,5651,,PICGLA,36,37.7,1,-99,0,1,1,dead? Or very close to death,,,,,,,,,,,,,,
FP4A25_5652,8/25/2018,7/17/2024,FP4A,25,5652,,PICGLA,31.1,36.2,1,-99,0,1,1,,,,,,,,,,,,,,,
FP4A25_5653,8/25/2018,7/17/2024,FP4A,25,5653,,PICGLA,19.1,21.1,1,-99,0,1,1,,,,,,,,,,,,,,,
FP4A25_5654,8/25/2018,7/17/2024,FP4A,25,5654,,PICGLA,33.5,35.1,1,-99,0,1,1,,,,,,,,,,,,,,,
FP4A26_5659,8/25/2018,7/17/2024,FP4A,26,5659,,PICGLA,23.1,24.9,1,18,0,1,1,,,,,,,,,,,,,,,
FP4A26_5661,8/25/2018,7/17/2024,FP4A,26,5661,,PICGLA,3.29,34.6,1,-99,0,1,1,i think last measurement was wrong by 1 decimal point,,,,,,,,,,,,,,
FP4A26_5662,8/25/2018,7/17/2024,FP4A,26,5662,,PICGLA,42.5,44.5,1,-99,0,1,1,,,,,,,,,,,,,,,
FP4A27_5665,8/25/2018,7/17/2024,FP4A,27,5665,,PICGLA,41.6,43.1,1,-99,0,1,1,,,,,,,,,,,,,,,
FP4A28_492,8/25/2018,7/17/2024,FP4A,28,492,,PICGLA,40.4,42.9,1,-99,0,1,1,,old notes-. 2019 notes-40.4 missing tag new tag 492 old tag 5673,,,,,,,,,,,,,
FP4A28_5667,8/25/2018,7/17/2024,FP4A,28,5667,,PICGLA,34,-9999,0,-99,0,1,0,,,,,,,,,,,,,,,
FP4A28_5668,8/25/2018,7/17/2024,FP4A,28,5668,,PICGLA,43.7,46.9,1,-99,0,1,1,,,,,,,,,,,,,,,
FP4A28_5669,8/25/2018,7/17/2024,FP4A,28,5669,,PICGLA,30.4,33.6,1,-99,0,1,1,,,,,,,,,,,,,,,
FP4A28_5671,8/25/2018,7/17/2024,FP4A,28,5671,,PICGLA,30.2,31.5,1,-99,0,1,1,,,,,,,,,,,,,,,
FP4A29_5679,8/25/2018,7/17/2024,FP4A,29,5679,,BETNEO,18.2,20.5,1,-99,0,1,1,,,,,,,,,,,,,,,
FP4A31_5681,8/25/2018,7/17/2024,FP4A,31,5681,,PICGLA,39.9,-7777,0,15,0,1,1,,,,,,,,,,,,,,,
FP4A31_5682,8/25/2018,7/17/2024,FP4A,31,5682,,PICGLA,-9999,-7777,0,3,0,1,1,,old notes-. 2019 notes-Topped 3 m,,,,,,,,,,,,,
FP4A31_5683,8/25/2018,7/17/2024,FP4A,31,5683,,PICGLA,-9999,-9999,0,-99,0,1,0,,old notes-. 2019 notes-Down,,,,,,,,,,,,,
FP4A31_5684,8/25/2018,7/17/2024,FP4A,31,5684,,PICGLA,50.9,53.7,1,-99,0,1,1,,,,,,,,,,,,,,,
FP4A31_5685,8/25/2018,7/17/2024,FP4A,31,5685,,BETNEO,10.8,13,1,4,0,1,1,,,,,,,,,,,,,,,
FP4A32_5687,8/25/2018,7/17/2024,FP4A,32,5687,,BETNEO,15.6,17.6,1,7,0,1,1,,,,,,,,,,,,,,,
FP4A33_5688,8/25/2018,7/17/2024,FP4A,33,5688,,BETNEO,18,19.7,1,-99,0,1,1,,,,,,,,,,,,,,,
FP4A33_5689,8/25/2018,7/17/2024,FP4A,33,5689,,BETNEO,13.6,14.1,1,-99,0,1,1,,,,,,,,,,,,,,,
FP4A33_5690,8/25/2018,7/17/2024,FP4A,33,5690,,PICGLA,44.5,47.8,1,-99,0,1,1,,,,,,,,,,,,,,,
FP4A33_5691,8/25/2018,7/17/2024,FP4A,33,5691,,BETNEO,16,17.2,1,-99,1,1,1,,,,,,,,,,,,,,,
FP4A33_5692,8/25/2018,7/17/2024,FP4A,33,5692,,POPBAL,-7777,-8888,0,-99,0,1,1,missing,old notes-. 2019 notes-Missing,,,,,,,,,,,,,
FP4A33_5693,8/25/2018,7/17/2024,FP4A,33,5693,,BETNEO,18,20.6,1,-99,0,1,1,,,,,,,,,,,,,,,
FP4A34_5694,8/25/2018,7/17/2024,FP4A,34,5694,,PICGLA,41,41.9,1,-99,0,1,1,,,,,,,,,,,,,,,
FP4A34_5695,8/25/2018,7/17/2024,FP4A,34,5695,,PICGLA,52.5,53.9,1,-99,0,1,1,,,,,,,,,,,,,,,
FP4A34_5696,8/25/2018,7/17/2024,FP4A,34,5696,,PICGLA,42.4,43.2,1,-99,1,1,1,,old notes-bark beetle/bleeding wounds. 2019 notes-,,,,,,,,,,,,,
FP4A35_949,8/25/2018,7/17/2024,FP4A,35,949,,PICGLA,10.3,-7777,0,3,0,1,1,,old notes-new tag 949. 2019 notes-Broken top 3 m,,,,,,,,,,,,,
FP4A35_5708,8/25/2018,7/17/2024,FP4A,35,5708,,PICGLA,12.3,13.6,1,-99,0,1,1,,,,,,,,,,,,,,,
FP4A35_5710,8/25/2018,7/17/2024,FP4A,35,5710,,PICGLA,24.6,25.5,1,-99,0,1,1,,,,,,,,,,,,,,,
FP4A35_5711,8/25/2018,7/17/2024,FP4A,35,5711,,PICGLA,33.3,35.1,1,-99,0,1,1,,,,,,,,,,,,,,,
FP4A35_5712,8/25/2018,7/17/2024,FP4A,35,5712,,PICGLA,25.3,28.1,1,-99,0,1,1,,,,,,,,,,,,,,,
FP4A35_5713,8/25/2018,7/17/2024,FP4A,35,5713,,PICGLA,23.8,26.2,1,-99,0,1,1,,old notes-BT new leader. 2019 notes-,,,,,,,,,,,,,
FP4A36_5717,8/25/2018,7/17/2024,FP4A,36,5717,,PICGLA,35.2,38.3,1,-99,0,1,1,,,,,,,,,,,,,,,
FP4A37_5719,8/25/2018,7/17/2024,FP4A,37,5719,,PICGLA,44.3,47.2,1,-99,0,1,1,,,,,,,,,,,,,,,
FP4A38_909,8/25/2018,7/17/2024,FP4A,38,909,,POPBAL,9.4,12.1,1,-99,0,1,1,,,,,,,,,,,,,,,
FP4A38_5637,8/25/2018,7/17/2024,FP4A,38,5637,,PICGLA,34.8,37.1,1,-99,0,1,1,,,,,,,,,,,,,,,
FP4A38_5639,8/25/2018,7/17/2024,FP4A,38,5639,,PICGLA,19.3,20,1,4,0,1,1,,,,,,,,,,,,,,,
FP4B1_1640,6/30/2018,7/16/2024,FP4B,1,1640,,PICGLA,18.1,20.7,1,-99,0,1,1,,,,,,,,,,,,,,,
FP4B1_1641,6/30/2018,7/16/2024,FP4B,1,1641,,PICGLA,32.5,34,1,-99,0,1,1,,,,,,,,,,,,,,,
FP4B1_1643,6/30/2018,7/16/2024,FP4B,1,1643,,PICGLA,21.7,23.1,1,-99,0,1,1,,,,,,,,,,,,,,,
FP4B1_1644,6/30/2018,7/16/2024,FP4B,1,1644,,PICGLA,41.3,43.5,1,-99,0,1,1,,,,,,,,,,,,,,,
FP4B1_2111,,7/16/2024,FP4B,1,2111,,BETNEO,,4.4,1,-99,0,1,1,,,,,,,,,,,,,,,
FP4B1_3681,9/27/2018,7/16/2024,FP4B,1,3681,,BETNEO,3.9,5.6,1,-99,0,1,1,,,,,,,,,,,,,,,
FP4B2_1657,6/30/2018,7/16/2024,FP4B,2,1657,,PICGLA,28.1,-8888,1,-99,0,1,1,missing,,,,,,,,,,,,,,
FP4B2_1658,6/30/2018,7/16/2024,FP4B,2,1658,,PICGLA,-7777,-9999,0,-99,0,1,0,,old notes-. 2019 notes-Couldn’t be measured,,,,,,,,,,,,,
FP4B3_1662,6/30/2018,7/16/2024,FP4B,3,1662,,PICGLA,46.1,45.6,1,-99,0,1,1,,,,,,,,,,,,,,,
FP4B3_1664,6/30/2018,7/16/2024,FP4B,3,1664,,PICGLA,42.1,-9999,0,-99,0,1,0,,,,,,,,,,,,,,,
FP4B3_1665,6/30/2018,7/16/2024,FP4B,3,1665,,PICGLA,35.7,37.5,1,-99,0,1,1,,,,,,,,,,,,,,,
FP4B3_1666,6/30/2018,7/16/2024,FP4B,3,1666,,PICGLA,31.9,-9999,0,-99,0,1,0,,,,,,,,,,,,,,,
FP4B4_1669,6/30/2018,7/16/2024,FP4B,4,1669,,BETNEO,15.2,-9999,0,-99,0,1,0,,,,,,,,,,,,,,,
FP4B4_1670,6/30/2018,7/16/2024,FP4B,4,1670,,PICGLA,44.4,46.9,1,-99,0,1,1,,,,,,,,,,,,,,,
FP4B4_1671,6/30/2018,7/16/2024,FP4B,4,1671,,PICGLA,36.3,-9999,0,-99,0,1,0,,,,,,,,,,,,,,,
FP4B4_1672,6/30/2018,7/16/2024,FP4B,4,1672,,PICGLA,26.2,27,1,-99,0,1,1,,,,,,,,,,,,,,,
FP4B4_1673,6/30/2018,7/16/2024,FP4B,4,1673,,BETNEO,34,35.6,1,-99,0,1,1,,,,,,,,,,,,,,,
FP4B6_1699,6/30/2018,7/16/2024,FP4B,6,1699,,PICGLA,40.5,42,1,-99,0,1,1,,,,,,,,,,,,,,,
FP4B6_1700,6/30/2018,7/16/2024,FP4B,6,1700,,PICGLA,40.9,42.3,1,-99,0,1,1,,,,,,,,,,,,,,,
FP4B6_2116,,7/16/2024,FP4B,6,2116,,BETNEO,,4.7,1,-99,0,1,1,,,,,,,,,,,,,,,
FP4B7_1701,6/30/2018,7/16/2024,FP4B,7,1701,,PICGLA,31.3,34.4,1,-99,0,1,1,,,,,,,,,,,,,,,
FP4B7_1702,6/30/2018,7/16/2024,FP4B,7,1702,,PICGLA,31.6,32.6,1,-99,0,1,1,,,,,,,,,,,,,,,
FP4B7_1703,6/30/2018,7/16/2024,FP4B,7,1703,,PICGLA,33.4,34.2,1,-99,0,1,1,,,,,,,,,,,,,,,
FP4B7_1704,6/30/2018,7/16/2024,FP4B,7,1704,,PICGLA,48.2,48.9,1,-99,0,1,1,,,,,,,,,,,,,,,
FP4B7_1705,6/30/2018,7/16/2024,FP4B,7,1705,,PICGLA,40.4,-9999,0,-99,0,1,0,,,,,,,,,,,,,,,
FP4B8_1707,6/30/2018,7/16/2024,FP4B,8,1707,,PICGLA,13.2,-8888,1,-99,0,1,1,missing,,,,,,,,,,,,,,
FP4B8_1709,6/30/2018,7/16/2024,FP4B,8,1709,,PICGLA,26.5,28.2,1,-99,0,1,1,,,,,,,,,,,,,,,
FP4B8_1710,6/30/2018,7/16/2024,FP4B,8,1710,,PICGLA,30.6,32,1,-99,0,1,1,,,,,,,,,,,,,,,
FP4B8_1712,6/30/2018,7/16/2024,FP4B,8,1712,,PICGLA,18.7,20.4,1,-99,0,1,1,,,,,,,,,,,,,,,
FP4B8_1713,6/30/2018,7/16/2024,FP4B,8,1713,,PICGLA,28.1,28,1,-99,0,1,1,,,,,,,,,,,,,,,
FP4B8_1715,6/30/2018,7/16/2024,FP4B,8,1715,,PICGLA,38.1,38.4,1,-99,0,1,1,,,,,,,,,,,,,,,
FP4B8_1717,6/30/2018,7/16/2024,FP4B,8,1717,,PICGLA,39.4,-9999,0,-99,0,1,0,,,,,,,,,,,,,,,
FP4B8_1718,6/30/2018,7/16/2024,FP4B,8,1718,,PICGLA,10.3,10.3,1,-99,0,1,1,,,,,,,,,,,,,,,
FP4B8_2115,,7/16/2024,FP4B,8,2115,,BETNEO,,3.3,1,-99,0,1,1,,,,,,,,,,,,,,,
FP4B9_1719,6/30/2018,7/16/2024,FP4B,9,1719,,PICGLA,27.4,27.8,1,-99,0,1,1,,,,,,,,,,,,,,,
FP4B9_1721,6/30/2018,7/16/2024,FP4B,9,1721,,PICGLA,-7777,-8888,0,-99,0,1,1,missing,old notes-. 2019 notes-Couldn’t be measured,,,,,,,,,,,,,
FP4B9_1722,6/30/2018,7/16/2024,FP4B,9,1722,,PICGLA,10.6,12,1,-99,0,1,1,,,,,,,,,,,,,,,
FP4B9_1723,6/30/2018,7/16/2024,FP4B,9,1723,,PICGLA,15.9,-7777,0,-99,0,1,1,,,,,,,,,,,,,,,
FP4B9_1725,6/30/2018,7/16/2024,FP4B,9,1725,,PICGLA,21.2,23.2,1,-99,0,1,1,,,,,,,,,,,,,,,
FP4B9_1726,6/30/2018,7/16/2024,FP4B,9,1726,,PICGLA,35.5,-9999,0,-99,0,1,0,,,,,,,,,,,,,,,
FP4B9_1727,6/30/2018,7/16/2024,FP4B,9,1727,,PICGLA,29.9,31.4,1,-99,0,1,1,,,,,,,,,,,,,,,
FP4B9_2113,,7/16/2024,FP4B,9,2113,,BETNEO,,4.4,1,-99,0,1,1,,,,,,,,,,,,,,,
FP4B9_2114,,7/16/2024,FP4B,9,2114,,BETNEO,,3.7,1,3,0,1,1,,,,,,,,,,,,,,,
FP4B11_1739,6/30/2018,7/16/2024,FP4B,11,1739,,PICGLA,38,-7777,0,-99,0,1,1,,,,,,,,,,,,,,,
FP4B11_1740,6/30/2018,7/16/2024,FP4B,11,1740,,PICGLA,10.3,10.9,1,-99,0,1,1,,,,,,,,,,,,,,,
FP4B11_1741,6/30/2018,7/16/2024,FP4B,11,1741,,PICGLA,43.8,45.6,1,-99,0,1,1,,,,,,,,,,,,,,,
FP4B11_1742,6/30/2018,7/16/2024,FP4B,11,1742,,PICGLA,22.7,24.6,1,-99,0,1,1,,,,,,,,,,,,,,,
FP4B11_1743,6/30/2018,7/16/2024,FP4B,11,1743,,PICGLA,12.9,13.9,1,-99,0,1,1,,,,,,,,,,,,,,,
FP4B11_1744,6/30/2018,7/16/2024,FP4B,11,1744,,PICGLA,36.6,37.8,1,-99,0,1,1,,,,,,,,,,,,,,,
FP4B11_1745,6/30/2018,7/16/2024,FP4B,11,1745,,PICGLA,25.3,26.3,1,-99,0,1,1,,,,,,,,,,,,,,,
FP4B11_1746,6/30/2018,7/16/2024,FP4B,11,1746,,PICGLA,43.4,44.8,1,-99,0,1,1,,,,,,,,,,,,,,,
FP4B12_1747,6/30/2018,7/16/2024,FP4B,12,1747,,PICGLA,13.6,14.8,1,-99,0,1,1,,,,,,,,,,,,,,,
FP4B12_1748,6/30/2018,7/16/2024,FP4B,12,1748,,PICGLA,45.5,46.9,1,-99,0,1,1,,old notes-band 3.45. 2019 notes-,,,,,,,,,,,,,
FP4B12_1749,6/30/2018,7/16/2024,FP4B,12,1749,,PICGLA,14.6,15,1,-99,0,1,1,,,,,,,,,,,,,,,
FP4B12_1750,6/30/2018,7/16/2024,FP4B,12,1750,,BETNEO,38.3,39.3,1,-99,0,1,1,,,,,,,,,,,,,,,
FP4B12_1751,6/30/2018,7/16/2024,FP4B,12,1751,,PICGLA,18.2,19.8,1,-99,0,1,1,,,,,,,,,,,,,,,
FP4B12_1752,6/30/2018,7/16/2024,FP4B,12,1752,,PICGLA,44.1,-9999,0,-99,0,1,0,,,,,,,,,,,,,,,
FP4B13_1753,6/30/2018,7/16/2024,FP4B,13,1753,,PICGLA,52.4,53.4,1,-99,0,1,1,,,,,,,,,,,,,,,
FP4B13_1754,6/30/2018,7/16/2024,FP4B,13,1754,,PICGLA,31.5,-9999,0,-99,0,1,0,,,,,,,,,,,,,,,
FP4B13_1755,6/30/2018,7/16/2024,FP4B,13,1755,,PICGLA,43.6,-9999,0,-99,0,1,0,,,,,,,,,,,,,,,
FP4B13_1756,6/30/2018,7/16/2024,FP4B,13,1756,,PICGLA,45.7,48.8,1,-99,0,1,1,,,,,,,,,,,,,,,
FP4B14_400,6/30/2018,7/16/2024,FP4B,14,400,,BETNEO,-7777,9.4,0,-99,0,1,1,"It is alive, but down",old notes-. 2019 notes-Missing,,,,,,,,,,,,,
FP4B14_1757,6/30/2018,7/16/2024,FP4B,14,1757,,BETNEO,18.4,18.5,1,-99,0,1,1,,,,,,,,,,,,,,,
FP4B14_1758,6/30/2018,7/16/2024,FP4B,14,1758,,PICGLA,40,41,1,-99,0,1,1,,,,,,,,,,,,,,,
FP4B21_1620,6/30/2018,7/16/2024,FP4B,21,1620,,PICGLA,15.1,17.5,1,-99,0,1,1,,,,,,,,,,,,,,,
FP4B21_1621,6/30/2018,7/16/2024,FP4B,21,1621,,PICGLA,8,9.4,1,-99,0,1,1,,,,,,,,,,,,,,,
FP4B21_1626,6/30/2018,7/16/2024,FP4B,21,1626,,PICGLA,27.1,-8888,1,-99,0,1,1,Probably dead,old notes-. 2019 notes-Bark fallen off,,,,,,,,,,,,,
FP4B21_1627,6/30/2018,7/16/2024,FP4B,21,1627,,PICGLA,33.5,-7777,0,-99,0,1,1,,old notes-. 2019 notes-Standing,,,,,,,,,,,,,
FP4B21_1628,6/30/2018,7/16/2024,FP4B,21,1628,,PICGLA,29.2,30.4,1,-99,0,1,1,,,,,,,,,,,,,,,
FP4B21_2110,,7/16/2024,FP4B,21,2110,,BETNEO,,2.9,1,-99,0,1,1,,,,,,,,,,,,,,,
FP4B22_1629,6/30/2018,7/16/2024,FP4B,22,1629,,PICGLA,33.3,-9999,0,-99,0,1,0,,old notes-tree 1629 & 1630 same butt. 2019 notes-,,,,,,,,,,,,,
FP4B22_1630,6/30/2018,7/16/2024,FP4B,22,1630,,PICGLA,25.8,26.8,1,-99,0,1,1,,old notes-tree 1629 & 1630 same butt. 2019 notes-,,,,,,,,,,,,,
FP4B22_1631,6/30/2018,7/16/2024,FP4B,22,1631,,PICGLA,6.8,7.3,1,3.5,0,1,1,,,,,,,,,,,,,,,
FP4B22_1632,6/30/2018,7/16/2024,FP4B,22,1632,,PICGLA,21.8,23.7,1,-99,0,1,1,,,,,,,,,,,,,,,
FP4B22_1633,6/30/2018,7/16/2024,FP4B,22,1633,,PICGLA,29,30.8,1,-99,0,1,1,,,,,,,,,,,,,,,
FP4B22_1637,6/30/2018,7/16/2024,FP4B,22,1637,,PICGLA,16.6,18.3,1,-99,0,1,1,,,,,,,,,,,,,,,
FP4B22_1638,6/30/2018,7/16/2024,FP4B,22,1638,,PICGLA,20.5,21.4,1,-99,0,1,1,,,,,,,,,,,,,,,
FP4B23_973,6/30/2018,7/16/2024,FP4B,23,973,,BETNEO,8.9,-8888,1,-99,0,1,1,missing,old notes-growing out of dead topped 1650. 2019 notes-Not dead yet. Almost.,,,,,,,,,,,,,
FP4B23_1651,6/30/2018,7/16/2024,FP4B,23,1651,,PICGLA,35.5,36.7,1,-99,0,1,1,,,,,,,,,,,,,,,
FP4B23_1653,6/30/2018,7/16/2024,FP4B,23,1653,,PICGLA,21.9,24.5,1,-99,0,1,1,,,,,,,,,,,,,,,
FP4B23_1655,6/30/2018,7/16/2024,FP4B,23,1655,,PICGLA,16.4,-7777,0,4,0,1,1,,,,,,,,,,,,,,,
FP4B23_1656,6/30/2018,7/16/2024,FP4B,23,1656,,PICGLA,19.3,21.4,1,-99,0,1,1,,,,,,,,,,,,,,,
FP4B24_1660,6/30/2018,7/16/2024,FP4B,24,1660,,PICGLA,9.8,12,1,-99,0,1,1,,,,,,,,,,,,,,,
FP4B25_1667,6/30/2018,7/16/2024,FP4B,25,1667,,PICGLA,29.8,31,1,-99,0,1,1,,,,,,,,,,,,,,,
FP4B25_1668,6/30/2018,7/16/2024,FP4B,25,1668,,PICGLA,-9999,-8888,0,-99,0,1,1,missing,old notes-. 2019 notes-Can’t get final dbh because the trunk is blown out,,,,,,,,,,,,,
FP4B26_977,6/30/2018,7/16/2024,FP4B,26,977,,BETNEO,9.5,10.8,1,-99,0,1,1,,old notes-new number 977. 2019 notes-,,,,,,,,,,,,,
FP4B26_1674,6/30/2018,7/16/2024,FP4B,26,1674,,PICGLA,29.3,30,1,-99,0,1,1,,,,,,,,,,,,,,,
FP4B26_1675,6/30/2018,7/16/2024,FP4B,26,1675,,PICGLA,22.3,22.9,1,-99,0,1,1,,,,,,,,,,,,,,,
FP4B26_1676,6/30/2018,7/16/2024,FP4B,26,1676,,PICGLA,22.8,-7777,0,-99,0,1,1,,old notes-. 2019 notes-Barely alive,,,,,,,,,,,,,
FP4B26_1677,6/30/2018,7/16/2024,FP4B,26,1677,,PICGLA,28.4,29.1,1,-99,0,1,1,,,,,,,,,,,,,,,
FP4B26_1678,6/30/2018,7/16/2024,FP4B,26,1678,,PICGLA,32.2,-9999,0,-99,0,1,0,,,,,,,,,,,,,,,
FP4B26_1679,6/30/2018,7/16/2024,FP4B,26,1679,,PICGLA,4.9,5,1,-99,0,1,1,,,,,,,,,,,,,,,
FP4B26_1680,6/30/2018,7/16/2024,FP4B,26,1680,,PICGLA,21.1,22.7,1,-99,0,1,1,,,,,,,,,,,,,,,
FP4B26_1683,6/30/2018,7/16/2024,FP4B,26,1683,,PICGLA,31.1,32.4,1,-99,0,1,1,,,,,,,,,,,,,,,
FP4B26_1684,6/30/2018,7/16/2024,FP4B,26,1684,,PICGLA,21.5,22.7,1,-99,0,1,1,,,,,,,,,,,,,,,
FP4B26_1685,6/30/2018,7/16/2024,FP4B,26,1685,,PICGLA,14.4,14.6,1,-99,0,1,1,,,,,,,,,,,,,,,
FP4B26_1686,6/30/2018,7/16/2024,FP4B,26,1686,,PICGLA,21.8,23.3,1,-99,0,1,1,,,,,,,,,,,,,,,
FP4B26_1687,6/30/2018,7/16/2024,FP4B,26,1687,,PICGLA,31.3,32.2,1,-99,0,1,1,,,,,,,,,,,,,,,
FP4B27_1688,6/30/2018,7/16/2024,FP4B,27,1688,,PICGLA,44.9,46.2,1,-99,0,1,1,,,,,,,,,,,,,,,
FP4B27_1689,6/30/2018,7/16/2024,FP4B,27,1689,,PICGLA,10.3,10.5,1,-99,0,1,1,,,,,,,,,,,,,,,
FP4B27_1690,6/30/2018,7/16/2024,FP4B,27,1690,,PICGLA,42,-9999,0,-99,0,1,0,,,,,,,,,,,,,,,
FP4B27_1691,6/30/2018,7/16/2024,FP4B,27,1691,,PICGLA,34.7,36.2,1,-99,0,1,1,,,,,,,,,,,,,,,
FP4B27_4615,6/30/2018,7/16/2024,FP4B,27,4615,,BETNEO,12.1,13.6,1,-99,0,1,1,,,,,,,,,,,,,,,
FP4B28_1692,6/30/2018,7/16/2024,FP4B,28,1692,,BETNEO,7,7.8,1,-99,0,1,1,,,,,,,,,,,,,,,
FP4B28_1693,6/30/2018,7/16/2024,FP4B,28,1693,,BETNEO,4.9,-7777,0,3,1,1,1,,old notes-cr. 2019 notes-,,,,,,,,,,,,,
FP4B28_1694,6/30/2018,7/16/2024,FP4B,28,1694,,BETNEO,5.1,5.1,1,-99,0,1,1,,,,,,,,,,,,,,,
FP4B28_1697,6/30/2018,7/16/2024,FP4B,28,1697,,PICGLA,39.8,-9999,0,-99,0,1,0,,,,,,,,,,,,,,,
FP4B28_2117,,7/16/2024,FP4B,28,2117,,,,8,1,-99,0,1,1,,,forgot to record species,,,,,,,,,,,,
FP4B29_1760,6/30/2018,7/16/2024,FP4B,29,1760,,PICGLA,18.7,19.2,1,-99,0,1,1,,,,,,,,,,,,,,,
FP4B29_1761,6/30/2018,7/16/2024,FP4B,29,1761,,BETNEO,25.2,25.9,1,-99,0,1,1,,,,,,,,,,,,,,,
FP4B29_1762,6/30/2018,7/16/2024,FP4B,29,1762,,PICGLA,41.1,42.8,1,-99,0,1,1,,,,,,,,,,,,,,,
FP4B30_101,6/30/2018,7/16/2024,FP4B,30,101,,BETNEO,4.2,4.9,1,-99,0,1,1,,,,,,,,,,,,,,,
FP4B30_1763,6/30/2018,7/16/2024,FP4B,30,1763,,PICGLA,40.4,42.5,1,-99,0,1,1,,,,,,,,,,,,,,,
FP4B30_1764,6/30/2018,7/16/2024,FP4B,30,1764,,PICGLA,26.3,27.6,1,-99,0,1,1,,,,,,,,,,,,,,,
FP4B30_1765,6/30/2018,7/16/2024,FP4B,30,1765,,BETNEO,17.2,-9999,0,-99,0,1,0,,,,,,,,,,,,,,,
FP4B30_1766,6/30/2018,7/16/2024,FP4B,30,1766,,PICGLA,40.8,42.2,1,-99,0,1,1,,,,,,,,,,,,,,,
FP4B30_2122,,7/16/2024,FP4B,30,2122,,BETNEO,,3.2,1,-99,0,1,1,,,,,,,,,,,,,,,
FP4B31_397,6/30/2018,7/16/2024,FP4B,31,397,,BETNEO,4.3,-8888,1,-99,0,1,1,"couldn't find, may be 2121",,,,,,,,,,,,,,
FP4B31_1767,6/30/2018,7/16/2024,FP4B,31,1767,,BETNEO,20.9,22.6,1,-99,0,1,1,,old notes-band 2.92. 2019 notes-,,,,,,,,,,,,,
FP4B31_1769,6/30/2018,7/16/2024,FP4B,31,1769,,BETNEO,17.6,17.8,1,-99,0,1,1,,,,,,,,,,,,,,,
FP4B31_1770,6/30/2018,7/16/2024,FP4B,31,1770,,BETNEO,7.7,8.6,1,-99,1,0,1,,,,,,,,,,,,,,,
FP4B31_1771,6/30/2018,7/16/2024,FP4B,31,1771,,PICGLA,45.7,46.9,1,-99,0,1,1,,old notes-band 1.91. 2019 notes-,,,,,,,,,,,,,
FP4B31_2120,,7/16/2024,FP4B,31,2120,,BETNEO,,3.5,1,-99,0,1,1,,,,,,,,,,,,,,,
FP4B31_2121,,7/16/2024,FP4B,31,2121,,BETNEO,,4.6,1,-99,0,1,1,,,,,,,,,,,,,,,
FP4B31_2123,,7/16/2024,FP4B,31,2123,,BETNEO,,3.5,1,-99,0,1,1,,,,,,,,,,,,,,,
FP4B32_1772,6/30/2018,7/16/2024,FP4B,32,1772,,BETNEO,27.6,28.3,1,-99,0,1,1,,,,,,,,,,,,,,,
FP4B32_1773,6/30/2018,7/16/2024,FP4B,32,1773,,BETNEO,24.8,23.5,1,-99,0,1,1,,,,,,,,,,,,,,,
FP4B32_1774,6/30/2018,7/16/2024,FP4B,32,1774,,PICGLA,29,30.9,1,-99,0,1,1,,,,,,,,,,,,,,,
FP4B32_2119,,7/16/2024,FP4B,32,2119,,PICGLA,,2.7,1,-99,0,1,1,,,,,,,,,,,,,,,
FP4B33_398,6/30/2018,7/16/2024,FP4B,33,398,,BETNEO,9,9.8,1,-99,0,1,1,,"old notes-. 2019 notes-908 is BETNEO at 4.9, not in inventory",,,,,,,,,,,,,
FP4B33_908,,7/16/2024,FP4B,33,908,,BETNEO,,5.6,1,-99,0,1,1,"2024- Tag was already in tree, tagged 2018? not the one from 1989",,,,,,,,,,,,,,
FP4B33_1776,6/30/2018,7/16/2024,FP4B,33,1776,,BETNEO,19.7,19.9,1,-99,0,1,1,,,,,,,,,,,,,,,
FP4B33_1777,6/30/2018,7/16/2024,FP4B,33,1777,,BETNEO,21.9,21.6,1,-99,0,1,1,,old notes-band 1.73. 2019 notes-,,,,,,,,,,,,,
FP4B33_1778,6/30/2018,7/16/2024,FP4B,33,1778,,PICGLA,20.4,23.1,1,-99,0,1,1,,,,,,,,,,,,,,,
FP4B33_1779,6/30/2018,7/16/2024,FP4B,33,1779,,PICGLA,27.7,29.8,1,-99,0,1,1,,,,,,,,,,,,,,,
FP4B33_1781,6/30/2018,7/16/2024,FP4B,33,1781,,BETNEO,20.3,20.4,1,-99,0,1,1,,old notes-band 1.38. 2019 notes-,,,,,,,,,,,,,
FP4B34_1782,6/30/2018,7/16/2024,FP4B,34,1782,,PICGLA,34.8,35.5,1,-99,0,1,1,,old notes-band 4.1. 2019 notes-,,,,,,,,,,,,,
FP4B34_1783,6/30/2018,7/16/2024,FP4B,34,1783,,PICGLA,25.3,-9999,0,-99,0,1,0,,,,,,,,,,,,,,,
FP4B34_1784,6/30/2018,7/16/2024,FP4B,34,1784,,BETNEO,24.6,-9999,0,-99,0,1,0,,old notes-band 1.23. 2019 notes-,,,,,,,,,,,,,
FP4B34_1785,6/30/2018,7/16/2024,FP4B,34,1785,,PICGLA,39.1,39.3,1,-99,0,1,1,,,,,,,,,,,,,,,
FP4B34_2118,,7/16/2024,FP4B,34,2118,,BETNEO,,3,1,-99,0,1,1,,,,,,,,,,,,,,,
FP4B35_1786,6/30/2018,7/16/2024,FP4B,35,1786,,BETNEO,25,25.3,1,-99,0,1,1,,old notes-band 2.91. 2019 notes-,,,,,,,,,,,,,
FP4B35_1787,6/30/2018,7/16/2024,FP4B,35,1787,,PICGLA,39.1,40.9,1,-99,0,1,1,,,,,,,,,,,,,,,
FP4B35_1789,6/30/2018,7/16/2024,FP4B,35,1789,,PICGLA,23.6,25.1,1,-99,0,1,1,,,,,,,,,,,,,,,
FP4B36_1736,6/30/2018,7/16/2024,FP4B,36,1736,,PICGLA,25.5,27.1,1,-99,0,1,1,,,,,,,,,,,,,,,
FP4B36_1737,6/30/2018,7/16/2024,FP4B,36,1737,,PICGLA,35.4,37.5,1,-99,0,1,1,,,,,,,,,,,,,,,
FP4B37_1728,6/30/2018,7/16/2024,FP4B,37,1728,,PICGLA,33.9,35.4,1,-99,0,1,1,,,,,,,,,,,,,,,
FP4B37_1729,6/30/2018,7/16/2024,FP4B,37,1729,,PICGLA,40,40.7,1,-99,0,1,1,,,,,,,,,,,,,,,
FP4B37_1731,6/30/2018,7/16/2024,FP4B,37,1731,,PICGLA,5.4,-9999,0,-99,0,1,0,,old notes-. 2019 notes-Still alive,,,,,,,,,,,,,
FP4B37_1732,6/30/2018,7/16/2024,FP4B,37,1732,,PICGLA,6.2,6.4,1,-99,0,1,1,,,,,,,,,,,,,,,
FP4B37_1733,6/30/2018,7/16/2024,FP4B,37,1733,,PICGLA,25,26,1,-99,0,1,1,,,,,,,,,,,,,,,
FP4B37_1734,6/30/2018,7/16/2024,FP4B,37,1734,,PICGLA,39.5,40.7,1,-99,0,1,1,,,,,,,,,,,,,,,
FP4B37_1800,6/30/2018,7/16/2024,FP4B,37,1800,,PICGLA,8.3,-7777,0,-99,0,1,1,,,,,,,,,,,,,,,
FP4B38_1646,6/30/2018,7/16/2024,FP4B,38,1646,,PICGLA,33.4,-7777,0,8,0,1,1,,,,,,,,,,,,,,,
FP4B38_1647,6/30/2018,7/16/2024,FP4B,38,1647,,PICGLA,38.5,-9999,0,-99,0,1,0,,,,,,,,,,,,,,,
FP4B38_1648,6/30/2018,7/16/2024,FP4B,38,1648,,PICGLA,33,33.1,1,-99,0,1,1,,,,,,,,,,,,,,,
FP4B38_2112,,7/16/2024,FP4B,38,2112,,BETNEO,,3.2,1,-99,1,0,1,,,,,,,,,,,,,,,
FP4C1_2301,6/30/2018,7/9/2024,FP4C,1,2301,,PICGLA,31.2,32.5,1,9,0,1,1,,,,,,,,,,,,,,,
FP4C1_2302,6/30/2018,7/9/2024,FP4C,1,2302,,PICGLA,37.8,40.1,1,-99,0,1,1,,,,,,,,,,,,,,,
FP4C1_2303,6/30/2018,7/9/2024,FP4C,1,2303,,PICGLA,22.2,-9999,0,-99,1,1,0,,old notes-Leaning. 2019 notes-,,,,,,,,,,,,,
FP4C1_2304,6/30/2018,7/9/2024,FP4C,1,2304,,PICGLA,17.6,18.7,1,7,0,1,1,,,,,,,,,,,,,,,
FP4C1_2307,6/30/2018,7/9/2024,FP4C,1,2307,,PICGLA,-7777,-9999,0,-99,0,1,0,,old notes-Down. 2019 notes-,,,,,,,,,,,,,
FP4C2_2310,6/30/2018,7/9/2024,FP4C,2,2310,,PICGLA,36.7,38.2,1,-99,0,1,1,,,,,,,,,,,,,,,
FP4C2_2311,6/30/2018,7/9/2024,FP4C,2,2311,,PICGLA,44.1,45.6,1,-99,0,1,1,,old notes-not dead. 2019 notes-,,,,,,,,,,,,,
FP4C3_2313,6/30/2018,7/9/2024,FP4C,3,2313,,PICGLA,35.5,36.8,1,-99,0,1,1,,,,,,,,,,,,,,,
FP4C3_2314,6/30/2018,7/9/2024,FP4C,3,2314,,PICGLA,30.7,32.2,1,-99,0,1,1,,,,,,,,,,,,,,,
FP4C3_2315,6/30/2018,7/9/2024,FP4C,3,2315,,PICGLA,17.5,19.2,1,-99,0,1,1,,,,,,,,,,,,,,,
FP4C3_2316,6/30/2018,7/9/2024,FP4C,3,2316,,PICGLA,44.8,46.5,1,-99,0,1,1,,,,,,,,,,,,,,,
FP4C4_2312,6/30/2018,7/9/2024,FP4C,4,2312,,PICGLA,6.6,7.1,1,-99,0,1,1,,,,,,,,,,,,,,,
FP4C4_2317,6/30/2018,7/9/2024,FP4C,4,2317,,PICGLA,33.5,35.1,1,-99,0,1,1,,,,,,,,,,,,,,,
FP4C4_2318,6/30/2018,7/9/2024,FP4C,4,2318,,PICGLA,7.5,9,1,-99,0,1,1,,,,,,,,,,,,,,,
FP4C4_2319,6/30/2018,7/9/2024,FP4C,4,2319,,PICGLA,43.1,44.4,1,-99,0,1,1,,,,,,,,,,,,,,,
FP4C4_2321,6/30/2018,7/9/2024,FP4C,4,2321,,PICGLA,19.1,21.3,1,-99,0,1,1,,,,,,,,,,,,,,,
FP4C4_2322,6/30/2018,7/9/2024,FP4C,4,2322,,PICGLA,32.5,33.6,1,-99,0,1,1,,,,,,,,,,,,,,,
FP4C4_2323,6/30/2018,7/9/2024,FP4C,4,2323,,PICGLA,30.6,32.7,1,-99,0,1,1,,,,,,,,,,,,,,,
FP4C4_2324,6/30/2018,7/9/2024,FP4C,4,2324,,PICGLA,21.7,23.4,1,-99,0,1,1,,,,,,,,,,,,,,,
FP4C4_2325,6/30/2018,7/9/2024,FP4C,4,2325,,PICGLA,34,36.2,1,-99,0,1,1,,,,,,,,,,,,,,,
FP4C6_2326,6/30/2018,7/9/2024,FP4C,6,2326,,PICGLA,30,32,1,-99,0,1,1,,,,,,,,,,,,,,,
FP4C6_2327,6/30/2018,7/9/2024,FP4C,6,2327,,PICGLA,26.5,27.2,1,-99,0,1,1,,,,,,,,,,,,,,,
FP4C6_2328,6/30/2018,7/9/2024,FP4C,6,2328,,PICGLA,33,34.4,1,-99,0,1,1,,,,,,,,,,,,,,,
FP4C6_2330,6/30/2018,7/9/2024,FP4C,6,2330,,PICGLA,43.2,44.9,1,-99,0,1,1,,,,,,,,,,,,,,,
FP4C6_2331,6/30/2018,7/9/2024,FP4C,6,2331,,PICGLA,48.1,49.9,1,-99,0,1,1,,,,,,,,,,,,,,,
FP4C6_2332,6/30/2018,7/9/2024,FP4C,6,2332,,PICGLA,30,30.7,1,-99,0,1,1,,,,,,,,,,,,,,,
FP4C6_2333,6/30/2018,7/9/2024,FP4C,6,2333,,PICGLA,27.9,28.9,1,-99,0,1,1,,,,,,,,,,,,,,,
FP4C7_2334,6/30/2018,7/9/2024,FP4C,7,2334,,PICGLA,30.6,30.8,1,-99,0,1,1,,,,,,,,,,,,,,,
FP4C7_2335,6/30/2018,7/9/2024,FP4C,7,2335,,PICGLA,34.1,35.8,1,-99,0,1,1,,,,,,,,,,,,,,,
FP4C8_2336,6/30/2018,7/9/2024,FP4C,8,2336,,PICGLA,38.1,39.6,1,-99,0,1,1,,old notes-2 tops still alive. 2019 notes-,,,,,,,,,,,,,
FP4C8_2337,6/30/2018,7/9/2024,FP4C,8,2337,,PICGLA,46.6,48.6,1,-99,0,1,1,,,,,,,,,,,,,,,
FP4C8_2338,6/30/2018,7/9/2024,FP4C,8,2338,,PICGLA,36.8,37.4,1,-99,0,1,1,,,,,,,,,,,,,,,
FP4C8_2339,6/30/2018,7/9/2024,FP4C,8,2339,,PICGLA,41.6,-9999,0,-99,0,1,0,,,,,,,,,,,,,,,
FP4C9_2341,6/30/2018,7/9/2024,FP4C,9,2341,,PICGLA,37.1,38.8,1,-99,0,1,1,,,,,,,,,,,,,,,
FP4C9_2342,6/30/2018,7/9/2024,FP4C,9,2342,,PICGLA,32.7,34.2,1,-99,0,1,1,,,,,,,,,,,,,,,
FP4C9_2343,6/30/2018,7/9/2024,FP4C,9,2343,,PICGLA,27.6,29.6,1,-99,0,1,1,,,,,,,,,,,,,,,
FP4C9_2344,6/30/2018,7/9/2024,FP4C,9,2344,,PICGLA,14.1,15.3,1,-99,0,1,1,,,,,,,,,,,,,,,
FP4C9_2346,6/30/2018,7/9/2024,FP4C,9,2346,,PICGLA,31,33,1,-99,0,1,1,,,,,,,,,,,,,,,
FP4C9_2347,6/30/2018,7/9/2024,FP4C,9,2347,,PICGLA,23.6,25,1,-99,0,1,1,,,,,,,,,,,,,,,
FP4C9_2348,6/30/2018,7/9/2024,FP4C,9,2348,,PICGLA,16.8,19,1,-99,0,1,1,,,,,,,,,,,,,,,
FP4C9_2349,6/30/2018,7/9/2024,FP4C,9,2349,,PICGLA,29.1,31.5,1,-99,0,1,1,,,,,,,,,,,,,,,
FP4C9_2350,6/30/2018,7/9/2024,FP4C,9,2350,,PICGLA,6.9,7,1,-99,1,1,1,,old notes-. 2019 notes-Leaner,,,,,,,,,,,,,
FP4C12_2353,6/30/2018,7/9/2024,FP4C,12,2353,,PICGLA,41.4,43.5,1,-99,0,1,1,,,,,,,,,,,,,,,
FP4C12_2354,6/30/2018,7/9/2024,FP4C,12,2354,,PICGLA,38.8,38.9,1,-99,0,1,1,,,,,,,,,,,,,,,
FP4C12_2356,6/30/2018,7/9/2024,FP4C,12,2356,,PICGLA,53.3,-7777,0,-99,0,1,1,,,,,,,,,,,,,,,
FP4C12_2493,,7/9/2024,FP4C,12,2493,,Betneo,,4.4,1,-99,0,1,1,,,,,,,,,,,,,,,
FP4C13_2357,6/30/2018,7/9/2024,FP4C,13,2357,,PICGLA,28.9,30.3,1,-99,0,1,1,,,,,,,,,,,,,,,
FP4C13_2359,6/30/2018,7/9/2024,FP4C,13,2359,,PICGLA,46.1,48.9,1,-99,0,1,1,,,,,,,,,,,,,,,
FP4C13_2360,6/30/2018,7/9/2024,FP4C,13,2360,,PICGLA,45,46.2,1,-99,0,1,1,,,,,,,,,,,,,,,
FP4C13_2361,6/30/2018,7/9/2024,FP4C,13,2361,,PICGLA,21.5,23.6,1,-99,0,1,1,,,,,,,,,,,,,,,
FP4C14_2362,6/30/2018,7/9/2024,FP4C,14,2362,,PICGLA,36.8,39.2,1,-99,0,1,1,,,,,,,,,,,,,,,
FP4C14_2364,6/30/2018,7/9/2024,FP4C,14,2364,,PICGLA,26.9,28.7,1,-99,0,1,1,,,,,,,,,,,,,,,
FP4C14_2365,6/30/2018,7/9/2024,FP4C,14,2365,,PICGLA,-7777,-9999,0,-99,0,1,0,,old notes-. 2019 notes-Down,,,,,,,,,,,,,
FP4C14_2366,6/30/2018,7/9/2024,FP4C,14,2366,,PICGLA,33.2,34.2,1,-99,0,1,1,,,,,,,,,,,,,,,
FP4C21_501,6/30/2018,7/9/2024,FP4C,21,501,,PICGLA,36.2,38.5,1,-99,0,1,1,,,,,,,,,,,,,,,
FP4C21_505,6/30/2018,7/9/2024,FP4C,21,505,,PICGLA,13.9,15.5,1,-99,0,1,1,,,,,,,,,,,,,,,
FP4C21_508,6/30/2018,7/9/2024,FP4C,21,508,,PICGLA,39.2,41.4,1,-99,0,1,1,,,,,,,,,,,,,,,
FP4C21_510,6/30/2018,7/9/2024,FP4C,21,510,,PICGLA,24.8,26.4,1,-99,0,1,1,,,,,,,,,,,,,,,
FP4C21_512,6/30/2018,7/9/2024,FP4C,21,512,,PICGLA,20.8,21.5,1,11,0,1,1,,,,,,,,,,,,,,,
FP4C21_513,6/30/2018,7/9/2024,FP4C,21,513,,PICGLA,-7777,-7777,0,-99,0,1,1,,,,,,,,,,,,,,,
FP4C22_516,6/30/2018,7/9/2024,FP4C,22,516,,PICGLA,-7777,-8888,0,8,0,1,0,probably dead and down,old notes-std. actually dead? . 2019 notes-Dead,,,,,,,,,,,,,
FP4C22_517,6/30/2018,7/9/2024,FP4C,22,517,,PICGLA,29.1,29,1,-99,0,1,1,,,,,,,,,,,,,,,
FP4C22_519,6/30/2018,7/9/2024,FP4C,22,519,,PICGLA,13.9,-8888,1,-99,1,1,1,,,,,,,,,,,,,,,
FP4C22_521,6/30/2018,7/9/2024,FP4C,22,521,,PICGLA,31.1,-9999,0,-99,0,1,0,,,,,,,,,,,,,,,
FP4C22_522,6/30/2018,7/9/2024,FP4C,22,522,,PICGLA,45.4,46.6,1,-99,0,1,1,,,,,,,,,,,,,,,
FP4C22_524,6/30/2018,7/9/2024,FP4C,22,524,,PICGLA,4.1,5.1,1,3,0,1,1,,old notes-old top was 9524. 2019 notes-Changed tag to live top old top dead,,,,,,,,,,,,,
FP4C22_525,6/30/2018,7/9/2024,FP4C,22,525,,PICGLA,19.4,20.2,1,-99,0,1,1,,,,,,,,,,,,,,,
FP4C22_526,6/30/2018,7/9/2024,FP4C,22,526,,PICGLA,39.9,41.4,1,-99,0,1,1,,,,,,,,,,,,,,,
FP4C22_527,6/30/2018,7/9/2024,FP4C,22,527,,PICGLA,24.6,-8888,1,-99,0,1,1,,,,,,,,,,,,,,,
FP4C23_528,6/30/2018,7/9/2024,FP4C,23,528,,PICGLA,18.9,20.1,1,14,0,1,1,,,,,,,,,,,,,,,
FP4C23_529,6/30/2018,7/9/2024,FP4C,23,529,,PICGLA,41.9,43.7,1,-99,0,1,1,,,,,,,,,,,,,,,
FP4C23_530,6/30/2018,7/9/2024,FP4C,23,530,,PICGLA,34.7,35.9,1,-99,0,1,1,,,,,,,,,,,,,,,
FP4C23_532,6/30/2018,7/9/2024,FP4C,23,532,,PICGLA,-7777,-7777,0,-99,0,1,1,,old notes-. 2019 notes-Std,,,,,,,,,,,,,
FP4C23_533,6/30/2018,7/9/2024,FP4C,23,533,,PICGLA,17.6,18.8,1,-99,0,1,1,,,,,,,,,,,,,,,
FP4C23_534,6/30/2018,7/9/2024,FP4C,23,534,,PICGLA,52,54.7,1,-99,0,1,1,,"old notes-. 2019 notes-Big, yuuuuge",,,,,,,,,,,,,
FP4C23_535,6/30/2018,7/9/2024,FP4C,23,535,,PICGLA,36.1,38.4,1,-99,0,1,1,,,,,,,,,,,,,,,
FP4C24_537,6/30/2018,7/9/2024,FP4C,24,537,,PICGLA,18,19.1,1,10,0,1,1,,old notes-new leader. 2019 notes-,,,,,,,,,,,,,
FP4C24_540,6/30/2018,7/9/2024,FP4C,24,540,,PICGLA,-7777,-7777,0,3,0,1,1,,,,,,,,,,,,,,,
FP4C24_541,6/30/2018,7/9/2024,FP4C,24,541,,PICGLA,25,26.7,1,-99,0,1,1,,,,,,,,,,,,,,,
FP4C24_542,6/30/2018,7/9/2024,FP4C,24,542,,PICGLA,22.2,23.5,1,-99,1,1,1,,old notes-leaning on 543. 2019 notes-,,,,,,,,,,,,,
FP4C24_543,6/30/2018,7/9/2024,FP4C,24,543,,PICGLA,25.3,26,1,-99,1,1,1,,old notes-leaning on 542. 2019 notes-,,,,,,,,,,,,,
FP4C24_547,6/30/2018,7/9/2024,FP4C,24,547,,PICGLA,13.9,15.5,1,-99,0,1,1,,old notes-new leader. 2019 notes-,,,,,,,,,,,,,
FP4C24_549,6/30/2018,7/9/2024,FP4C,24,549,,PICGLA,33.6,34.2,1,-99,0,1,1,,,,,,,,,,,,,,,
FP4C25_551,6/30/2018,7/9/2024,FP4C,25,551,,PICGLA,37.4,39,1,-99,0,1,1,,,,,,,,,,,,,,,
FP4C25_552,6/30/2018,7/9/2024,FP4C,25,552,,PICGLA,37,39.9,1,-99,0,1,1,,,,,,,,,,,,,,,
FP4C25_554,6/30/2018,7/9/2024,FP4C,25,554,,PICGLA,31.3,-9999,0,-99,0,1,0,,,,,,,,,,,,,,,
FP4C26_556,6/30/2018,7/9/2024,FP4C,26,556,,PICGLA,40.9,-9999,0,-99,0,1,0,,,,,,,,,,,,,,,
FP4C26_557,6/30/2018,7/9/2024,FP4C,26,557,,PICGLA,36.1,-9999,0,-99,0,1,0,,,,,,,,,,,,,,,
FP4C26_560,6/30/2018,7/9/2024,FP4C,26,560,,PICGLA,29.6,30.6,1,-99,0,1,1,,,,,,,,,,,,,,,
FP4C26_561,6/30/2018,7/9/2024,FP4C,26,561,,PICGLA,30.7,32.8,1,-99,0,1,1,,,,,,,,,,,,,,,
FP4C26_563,6/30/2018,7/9/2024,FP4C,26,563,,PICGLA,41.4,44.4,1,-99,0,1,1,,,,,,,,,,,,,,,
FP4C27_567,6/30/2018,7/9/2024,FP4C,27,567,,PICGLA,32.6,34.9,1,-99,0,1,1,,,,,,,,,,,,,,,
FP4C27_569,6/30/2018,7/9/2024,FP4C,27,569,,PICGLA,44.5,46.8,1,-99,0,1,1,,,,,,,,,,,,,,,
FP4C28_570,6/30/2018,7/9/2024,FP4C,28,570,,PICGLA,20,20.8,1,-99,0,1,1,,"old notes-. 2019 notes-Check previous dbh, wrong value?",,,,,,,,,,,,,
FP4C28_571,6/30/2018,7/9/2024,FP4C,28,571,,PICGLA,24.1,25.5,1,-99,0,1,1,,,,,,,,,,,,,,,
FP4C28_573,6/30/2018,7/9/2024,FP4C,28,573,,PICGLA,39.5,-9999,0,-99,0,1,0,,,,,,,,,,,,,,,
FP4C29_574,6/30/2018,7/9/2024,FP4C,29,574,,PICGLA,27.3,27.7,1,-99,0,1,1,,,,,,,,,,,,,,,
FP4C29_575,6/30/2018,7/9/2024,FP4C,29,575,,PICGLA,13.9,14.4,1,-99,0,1,1,,,,,,,,,,,,,,,
FP4C29_576,6/30/2018,7/9/2024,FP4C,29,576,,PICGLA,46,47.8,1,-99,0,1,1,,,,,,,,,,,,,,,
FP4C29_577,6/30/2018,7/9/2024,FP4C,29,577,,PICGLA,37.4,38.9,1,-99,0,1,1,,,,,,,,,,,,,,,
FP4C30_578,6/30/2018,7/9/2024,FP4C,30,578,,PICGLA,47.3,49.4,1,-99,0,1,1,,,,,,,,,,,,,,,
FP4C30_580,6/30/2018,7/9/2024,FP4C,30,580,,PICGLA,16.1,-7777,0,-99,0,1,1,,,,,,,,,,,,,,,
FP4C31_581,6/30/2018,7/9/2024,FP4C,31,581,,PICGLA,45,46.8,1,-99,0,1,1,,,,,,,,,,,,,,,
FP4C31_583,6/30/2018,7/9/2024,FP4C,31,583,,PICGLA,19.5,22.5,1,-99,0,1,1,,,,,,,,,,,,,,,
FP4C31_2494,,7/9/2024,FP4C,31,2494,,PICGLA,,2.9,1,-99,0,1,1,,,,,,,,,,,,,,,
FP4C32_587,6/30/2018,7/9/2024,FP4C,32,587,,PICGLA,37.1,39.4,1,-99,0,1,1,,,,,,,,,,,,,,,
FP4C32_588,6/30/2018,7/9/2024,FP4C,32,588,,PICGLA,27.3,29,1,-99,0,1,1,,,,,,,,,,,,,,,
FP4C32_589,6/30/2018,7/9/2024,FP4C,32,589,,PICGLA,45.4,48.2,1,-99,0,1,1,,,,,,,,,,,,,,,
FP4C33_591,6/30/2018,7/9/2024,FP4C,33,591,,PICGLA,45.8,-7777,0,-99,0,1,1,,,,,,,,,,,,,,,
FP4C33_593,6/30/2018,7/9/2024,FP4C,33,593,,PICGLA,38.4,39.8,1,-99,0,1,1,,,,,,,,,,,,,,,
FP4C33_595,6/30/2018,7/9/2024,FP4C,33,595,,PICGLA,17.5,20.4,1,-99,0,1,1,,,,,,,,,,,,,,,
FP4C33_7907,6/30/2018,7/9/2024,FP4C,33,7907,,BETNEO,11.5,13,1,-99,0,1,1,,old notes-now 7907. 2019 notes-,,,,,,,,,,,,,
FP4C34_596,6/30/2018,7/9/2024,FP4C,34,596,,PICGLA,52.5,54.7,1,-99,0,1,1,,needs tag,,,,,,,,,,,,,
FP4C35_597,6/30/2018,7/9/2024,FP4C,35,597,,PICGLA,47.4,49.3,1,-99,0,1,1,,,,,,,,,,,,,,,
FP4C35_608,6/30/2018,7/9/2024,FP4C,35,608,,BETNEO,6.2,7.5,1,-99,0,1,1,,old notes-. 2019 notes-thought was dead but it is not,,,,,,,,,,,,,
FP4C35_6723,6/30/2018,7/9/2024,FP4C,35,6723,,BETNEO,2.6,3,1,1.5,0,1,1,,,,,,,,,,,,,,,
FP4C36_706,6/30/2018,7/9/2024,FP4C,36,706,,PICGLA,12.3,13.4,1,-99,0,1,1,,,,,,,,,,,,,,,
FP4C36_707,6/30/2018,7/9/2024,FP4C,36,707,,PICGLA,34.2,35.9,1,-99,0,1,1,,,,,,,,,,,,,,,
FP4C36_708,6/30/2018,7/9/2024,FP4C,36,708,,PICGLA,36.1,37.9,1,-99,0,1,1,,,,,,,,,,,,,,,
FP4C36_709,6/30/2018,7/9/2024,FP4C,36,709,,PICGLA,38.1,-9999,0,-99,0,1,0,,,,,,,,,,,,,,,
FP4C36_711,6/30/2018,7/9/2024,FP4C,36,711,,PICGLA,23.7,25,1,-99,0,1,1,,old notes-. 2019 notes-Maybe 32 last time.,,,,,,,,,,,,,
FP4C36_712,6/30/2018,7/9/2024,FP4C,36,712,,PICGLA,32.5,33.5,1,-99,0,1,1,,,,,,,,,,,,,,,
FP4C36_9702,6/30/2018,7/9/2024,FP4C,36,9702,,PICGLA,78.4,-9999,0,-99,0,1,0,,703 alive dbh 60 in plot 35 on the line,,,,,,,,,,,,,
FP4C37_714,6/30/2018,7/9/2024,FP4C,37,714,,PICGLA,32.6,34.6,1,-99,0,1,1,,,,,,,,,,,,,,,
FP4C37_716,6/30/2018,7/9/2024,FP4C,37,716,,PICGLA,15.4,15.9,1,12,0,1,1,,,,,,,,,,,,,,,
FP4C37_719,6/30/2018,7/9/2024,FP4C,37,719,,PICGLA,22.2,23.2,1,-99,0,1,1,,,,,,,,,,,,,,,
FP4C37_720,6/30/2018,7/9/2024,FP4C,37,720,,PICGLA,39.8,41.7,1,-99,0,1,1,,,,,,,,,,,,,,,
FP4C37_721,6/30/2018,7/9/2024,FP4C,37,721,,PICGLA,9.6,9.7,1,5,0,1,1,,,,,,,,,,,,,,,
FP4C38_722,6/30/2018,7/9/2024,FP4C,38,722,,PICGLA,15.2,16.1,1,-99,0,1,1,,,,,,,,,,,,,,,
FP4C38_723,6/30/2018,7/9/2024,FP4C,38,723,,PICGLA,26.8,28.8,1,-99,0,1,1,,,,,,,,,,,,,,,
FP4C38_724,6/30/2018,7/9/2024,FP4C,38,724,,PICGLA,8.6,9.8,1,-99,0,0,1,,old notes-budworm. 2019 notes-,,,,,,,,,,,,,
FP4C38_725,6/30/2018,7/9/2024,FP4C,38,725,,PICGLA,37.9,40.6,1,-99,0,1,1,,,,,,,,,,,,,,,
FP5B1_6,6/30/2018,7/17/2024,FP5B,1,6,1686,BETNEO,7.1,8.4,1,-99,0,1,1,,old notes-New number 1686. 2019 notes-,,,,,,,,,,,,,
FP5B1_102,6/30/2018,7/17/2024,FP5B,1,102,,BETNEO,3,-8888,1,-99,0,1,1,Missing,"old notes-not tagged, marked in 2014 . 2019 notes-",,,,,,,,,,,,,
FP5B1_105,6/30/2018,7/17/2024,FP5B,1,105,,PICMAR,2.8,-8888,1,-99,0,1,1,Missing,,,,,,,,,,,,,,
FP5B1_106,6/30/2018,7/17/2024,FP5B,1,106,,BETNEO,-7777,-9999,0,-99,0,1,0,,old notes-not tagged. found dead in 2014. 2019 notes-,,,,,,,,,,,,,
FP5B1_578,6/30/2018,7/17/2024,FP5B,1,578,,BETNEO,4.1,4.3,1,-99,0,1,1,,,,,,,,,,,,,,,
FP5B1_579,6/30/2018,7/17/2024,FP5B,1,579,,BETNEO,-7777,-7777,0,2,0,1,1,,old notes-new tag 579. 2019 notes-,,,,,,,,,,,,,
FP5B1_990,6/30/2018,7/17/2024,FP5B,1,990,,BETNEO,3.2,-7777,0,-99,0,1,1,,old notes-new tag 990. 2019 notes-,,,,,,,,,,,,,
FP5B1_991,6/30/2018,7/17/2024,FP5B,1,991,,BETNEO,3.8,4.3,1,-99,0,1,1,,old notes-new tag 991. 2019 notes-,,,,,,,,,,,,,
FP5B1_1682,6/30/2018,7/17/2024,FP5B,1,1682,,PICMAR,3.2,4.2,1,-99,0,1,1,,,,,,,,,,,,,,,
FP5B1_1683,6/30/2018,7/17/2024,FP5B,1,1683,,PICMAR,4,5.1,1,-99,0,1,1,,,,,,,,,,,,,,,
FP5B1_1684,6/30/2018,7/17/2024,FP5B,1,1684,,PICMAR,3.5,4.5,1,-99,0,1,1,,,,,,,,,,,,,,,
FP5B1_2124,,7/17/2024,FP5B,1,2124,,PICMAR,,3.1,1,-99,0,1,1,,,,,,,,,,,,,,,
FP5B1_2125,,7/17/2024,FP5B,1,2125,,PICMAR,,3.1,1,-99,0,1,1,,,,,,,,,,,,,,,
FP5B1_2126,,7/17/2024,FP5B,1,2126,,PICMAR,,2.9,1,-99,0,1,1,,,,,,,,,,,,,,,
FP5B1_4901,6/30/2018,7/17/2024,FP5B,1,4901,,BETNEO,17.2,17.4,1,-99,0,1,1,,,,,,,,,,,,,,,
FP5B1_4903,6/30/2018,7/17/2024,FP5B,1,4903,,PICGLA,16.4,16.6,1,-99,0,1,1,,,,,,,,,,,,,,,
FP5B1_4904,6/30/2018,7/17/2024,FP5B,1,4904,,PICGLA,17.7,18.8,1,-99,0,1,1,,,,,,,,,,,,,,,
FP5B1_4905,6/30/2018,7/17/2024,FP5B,1,4905,,PICGLA,8.3,8.5,1,-99,0,1,1,,,,,,,,,,,,,,,
FP5B1_4908,6/30/2018,7/17/2024,FP5B,1,4908,,BETNEO,8.6,9.4,1,-99,0,1,1,,,,,,,,,,,,,,,
FP5B1_4909,6/30/2018,7/17/2024,FP5B,1,4909,,PICGLA,17.1,18.1,1,-99,0,1,1,,,,,,,,,,,,,,,
FP5B1_4910,6/30/2018,7/17/2024,FP5B,1,4910,,BETNEO,7.5,8.2,1,-99,0,1,1,,,,,,,,,,,,,,,
FP5B1_4911,6/30/2018,7/17/2024,FP5B,1,4911,,BETNEO,5.2,5.8,1,-99,0,1,1,,,,,,,,,,,,,,,
FP5B1_4912,6/30/2018,7/17/2024,FP5B,1,4912,,PICGLA,20.8,20.8,1,-99,0,1,1,,,,,,,,,,,,,,,
FP5B1_4913,6/30/2018,7/17/2024,FP5B,1,4913,,PICGLA,27.9,-9999,0,-99,0,1,0,,,,,,,,,,,,,,,
FP5B1_4914,6/30/2018,7/17/2024,FP5B,1,4914,,BETNEO,7.3,7.9,1,-99,0,1,1,,,,,,,,,,,,,,,
FP5B1_4915,6/30/2018,7/17/2024,FP5B,1,4915,,BETNEO,8.5,8.4,1,-99,0,1,1,,,,,,,,,,,,,,,
FP5B2_108,6/30/2018,7/17/2024,FP5B,2,108,,BETNEO,2.4,-8888,1,-99,0,1,1,Missing,,,,,,,,,,,,,,
FP5B2_109,6/30/2018,7/17/2024,FP5B,2,109,,BETNEO,4.1,4.5,1,-99,0,1,1,,,,,,,,,,,,,,,
FP5B2_114,6/30/2018,7/17/2024,FP5B,2,114,,BETNEO,1.5,1.8,1,-99,0,1,1,too small,,,,,,,,,,,,,,
FP5B2_115,6/30/2018,7/17/2024,FP5B,2,115,,BETNEO,-9999,-7777,0,1.5,0,1,1,,"old notes-. 2019 notes-New top, 2019 dbh in error - 0.3",,,,,,,,,,,,,
FP5B2_116,6/30/2018,7/17/2024,FP5B,2,116,,BETNEO,-7777,-7777,0,-99,0,1,1,,,,,,,,,,,,,,,
FP5B2_118,6/30/2018,7/17/2024,FP5B,2,118,,BETNEO,-7777,-7777,0,-99,0,1,1,,,,,,,,,,,,,,,
FP5B2_119,6/30/2018,7/17/2024,FP5B,2,119,,BETNEO,3.3,4.4,1,Topped,0,1,1,,old notes-topped. height not recorded. 2019 notes-,,,,,,,,,,,,,
FP5B2_123,6/30/2018,7/17/2024,FP5B,2,123,,BETNEO,-7777,2,0,-99,0,1,0,"alive, too small",old notes-too small. assumed down. no tags? . 2019 notes-,,,,,,,,,,,,,
FP5B2_124,6/30/2018,7/17/2024,FP5B,2,124,,BETNEO,2.7,3.1,1,1.5,0,1,1,,,,,,,,,,,,,,,
FP5B2_489,6/30/2018,7/17/2024,FP5B,2,489,,BETNEO,7.7,-8888,1,-99,0,1,1,Missing,,,,,,,,,,,,,,
FP5B2_576,6/30/2018,7/17/2024,FP5B,2,576,,BETNEO,3.8,-7777,0,-99,0,1,1,"dead, new growth below dbh not big enough yet",old notes-new tag 576. 2019 notes-,,,,,,,,,,,,,
FP5B2_577,6/30/2018,7/17/2024,FP5B,2,577,,BETNEO,3,3,1,-99,0,1,1,,old notes-new tag 577. 2019 notes-,,,,,,,,,,,,,
FP5B2_974,6/30/2018,7/17/2024,FP5B,2,974,,BETNEO,4.7,5.8,1,-99,0,1,1,,old notes-new tag 974. 2019 notes-,,,,,,,,,,,,,
FP5B2_989,,7/17/2024,FP5B,2,989,,BETNEO,,9.1,1,-99,0,1,1,"989 is a tree 9.1 betneo, already tagged",,"couldn't find in master sheet, not sure where it came from ",,,,,,,,,,,,
FP5B2_1636,6/30/2018,7/17/2024,FP5B,2,1636,,BETNEO,3,3.5,1,-99,0,1,1,,,,,,,,,,,,,,,
FP5B2_1637,6/30/2018,7/17/2024,FP5B,2,1637,,BETNEO,3.6,3.4,1,2,0,1,1,,,,,,,,,,,,,,,
FP5B2_4916,6/30/2018,7/17/2024,FP5B,2,4916,,PICGLA,-7777,-7777,0,-99,0,1,1,,,,,,,,,,,,,,,
FP5B2_4917,6/30/2018,7/17/2024,FP5B,2,4917,,PICGLA,10.3,10.8,1,-99,0,1,1,,,,,,,,,,,,,,,
FP5B2_4918,6/30/2018,7/17/2024,FP5B,2,4918,,BETNEO,12.8,13.2,1,-99,0,1,1,,,,,,,,,,,,,,,
FP5B2_4919,6/30/2018,7/17/2024,FP5B,2,4919,,BETNEO,-7777,-8888,0,-99,0,1,1,"Missing, probably down",,,,,,,,,,,,,,
FP5B2_4920,6/30/2018,7/17/2024,FP5B,2,4920,,BETNEO,13,12.9,1,-99,0,1,1,,,,,,,,,,,,,,,
FP5B2_4922,6/30/2018,7/17/2024,FP5B,2,4922,,PICGLA,12.2,13.5,1,-99,0,1,1,,,,,,,,,,,,,,,
FP5B2_4923,6/30/2018,7/17/2024,FP5B,2,4923,,PICGLA,13.9,14.5,1,-99,0,1,1,,,,,,,,,,,,,,,
FP5B2_4924,6/30/2018,7/17/2024,FP5B,2,4924,,PICGLA,18.5,19,1,-99,0,1,1,,,,,,,,,,,,,,,
FP5B2_4925,6/30/2018,7/17/2024,FP5B,2,4925,,BETNEO,4.2,-7777,0,1.5,0,1,1,,,,,,,,,,,,,,,
FP5B3_7,6/30/2018,7/17/2024,FP5B,3,7,,BETNEO,5,-9999,0,-99,0,1,0,,old notes-. 2019 notes-Alive but on the ground,,,,,,,,,,,,,
FP5B3_8,6/30/2018,7/17/2024,FP5B,3,8,,BETNEO,6.1,7.3,1,-99,0,1,1,,,,,,,,,,,,,,,
FP5B3_9,6/30/2018,7/17/2024,FP5B,3,9,,BETNEO,6.2,7.3,1,-99,0,1,1,,,,,,,,,,,,,,,
FP5B3_12,6/30/2018,7/17/2024,FP5B,3,12,,PICMAR,5.5,6.6,1,-99,0,1,1,,,,,,,,,,,,,,,
FP5B3_125,6/30/2018,7/17/2024,FP5B,3,125,,BETNEO,-9999,-9999,0,-99,0,1,0,,,,,,,,,,,,,,,
FP5B3_129,6/30/2018,7/17/2024,FP5B,3,129,,BETNEO,-9999,-9999,0,-99,0,1,0,,,,,,,,,,,,,,,
FP5B3_130,6/30/2018,7/17/2024,FP5B,3,130,,PICMAR,3.7,4.3,1,-99,0,1,1,,,,,,,,,,,,,,,
FP5B3_131,6/30/2018,7/17/2024,FP5B,3,131,,PICMAR,-9999,-9999,0,-99,0,1,0,,,,,,,,,,,,,,,
FP5B3_132,6/30/2018,7/17/2024,FP5B,3,132,,PICMAR,-9999,-9999,0,-99,0,1,0,,,,,,,,,,,,,,,
FP5B3_133,6/30/2018,7/17/2024,FP5B,3,133,,PICMAR,5.1,6,1,-99,0,1,1,,,,,,,,,,,,,,,
FP5B3_134,6/30/2018,7/17/2024,FP5B,3,134,,BETNEO,-9999,-9999,0,-99,0,1,0,,,,,,,,,,,,,,,
FP5B3_136,6/30/2018,7/17/2024,FP5B,3,136,,BETNEO,4.3,5.1,1,-99,0,1,1,,,,,,,,,,,,,,,
FP5B3_137,6/30/2018,7/17/2024,FP5B,3,137,,BETNEO,-9999,-9999,0,-99,0,1,0,,,,,,,,,,,,,,,
FP5B3_138,6/30/2018,7/17/2024,FP5B,3,138,,BETNEO,-9999,-9999,0,-99,0,1,0,,,,,,,,,,,,,,,
FP5B3_575,6/30/2018,7/17/2024,FP5B,3,575,,BETNEO,5.1,5.5,1,-99,0,1,1,,old notes-new tag 575. 2019 notes-,,,,,,,,,,,,,
FP5B3_742,6/30/2018,7/17/2024,FP5B,3,742,,BETNEO,3.6,3.6,1,-99,0,1,1,,,,,,,,,,,,,,,
FP5B3_975,6/30/2018,7/17/2024,FP5B,3,975,,BETNEO,3.3,-7777,0,-99,0,1,1,,,,,,,,,,,,,,,
FP5B3_976,6/30/2018,7/17/2024,FP5B,3,976,,BETNEO,-7777,-9999,0,-99,0,1,0,,old notes-Office note: dbh of std was recorded. 2019 notes-Dead and down,,,,,,,,,,,,,
FP5B3_1638,6/30/2018,7/17/2024,FP5B,3,1638,,BETNEO,2.9,3.1,1,-99,0,1,1,,,,,,,,,,,,,,,
FP5B3_1639,6/30/2018,7/17/2024,FP5B,3,1639,,PICMAR,3,4.2,1,-99,0,1,1,,,,,,,,,,,,,,,
FP5B3_1640,6/30/2018,7/17/2024,FP5B,3,1640,,BETNEO,3.3,4.7,1,-99,0,1,1,,,,,,,,,,,,,,,
FP5B3_2127,,7/17/2024,FP5B,3,2127,,BETNEO,,3,1,-99,0,1,1,,,,,,,,,,,,,,,
FP5B3_2128,,7/17/2024,FP5B,3,2128,,BETNEO,,2.6,1,-99,1,1,1,,,,,,,,,,,,,,,
FP5B3_2129,,7/17/2024,FP5B,3,2129,,PICMAR,,2.6,1,-99,0,1,1,,,,,,,,,,,,,,,
FP5B3_2130,,7/17/2024,FP5B,3,2130,,BETNEO,,3.2,1,-99,0,1,1,,,,,,,,,,,,,,,
FP5B3_4926,6/30/2018,7/17/2024,FP5B,3,4926,,BETNEO,5.8,6,1,-99,0,1,1,,,,,,,,,,,,,,,
FP5B3_4927,6/30/2018,7/17/2024,FP5B,3,4927,,BETNEO,14.8,16,1,-99,0,1,1,,,,,,,,,,,,,,,
FP5B3_4929,6/30/2018,7/17/2024,FP5B,3,4929,,PICGLA,23.6,23.9,1,-99,0,1,1,,,,,,,,,,,,,,,
FP5B3_4930,6/30/2018,7/17/2024,FP5B,3,4930,,PICGLA,-9999,-9999,0,-99,0,1,0,,,,,,,,,,,,,,,
FP5B3_4931,6/30/2018,7/17/2024,FP5B,3,4931,,PICGLA,-7777,-9999,0,-99,0,1,0,,old notes-Office note: dbh of std was recorded. 2019 notes-Dead and down,,,,,,,,,,,,,
FP5B3_4934,6/30/2018,7/17/2024,FP5B,3,4934,,BETNEO,4.7,4.7,1,-99,0,1,1,,,,,,,,,,,,,,,
FP5B3_4935,6/30/2018,7/17/2024,FP5B,3,4935,,PICMAR,9.3,10.5,1,-99,0,1,1,,,,,,,,,,,,,,,
FP5B3_4936,6/30/2018,7/17/2024,FP5B,3,4936,,PICMAR,7.5,7.9,1,-99,0,1,1,,,,,,,,,,,,,,,
FP5B3_4937,6/30/2018,7/17/2024,FP5B,3,4937,,BETNEO,4.4,4.9,1,-99,0,1,1,,,,,,,,,,,,,,,
FP5B3_4938,6/30/2018,7/17/2024,FP5B,3,4938,,PICGLA,6.5,-7777,0,-99,0,1,1,,,,,,,,,,,,,,,
FP5B3_4939,6/30/2018,7/17/2024,FP5B,3,4939,,PICGLA,27.6,27.7,1,-99,0,1,1,,,,,,,,,,,,,,,
FP5B3_4940,6/30/2018,7/17/2024,FP5B,3,4940,,PICGLA,15.8,16.6,1,-99,0,1,1,,,,,,,,,,,,,,,
FP5B4_13,6/30/2018,7/17/2024,FP5B,4,13,,BETNEO,4,4,1,-99,0,1,1,,,,,,,,,,,,,,,
FP5B4_14,6/30/2018,7/17/2024,FP5B,4,14,,BETNEO,5.2,5.7,1,-99,0,1,1,,,,,,,,,,,,,,,
FP5B4_574,6/30/2018,7/17/2024,FP5B,4,574,,BETNEO,5.2,5.4,1,-99,0,1,1,,,,,,,,,,,,,,,
FP5B4_1641,6/30/2018,7/17/2024,FP5B,4,1641,,BETNEO,2.9,3.1,1,-99,0,1,1,,,,,,,,,,,,,,,
FP5B4_1642,6/30/2018,7/17/2024,FP5B,4,1642,,BETNEO,3.2,3.7,1,2,0,1,1,,,,,,,,,,,,,,,
FP5B4_2131,,7/17/2024,FP5B,4,2131,,BETNEO,,2.6,1,-99,0,1,1,,,,,,,,,,,,,,,
FP5B4_2132,,7/17/2024,FP5B,4,2132,,BETNEO,,3.2,1,-99,0,1,1,,,,,,,,,,,,,,,
FP5B4_2133,,7/17/2024,FP5B,4,2133,,BETNEO,,2.5,1,-99,0,1,1,,,,,,,,,,,,,,,
FP5B4_2134,,7/17/2024,FP5B,4,2134,,BETNEO,,2.6,1,-99,0,1,1,,,,,,,,,,,,,,,
FP5B4_4941,6/30/2018,7/17/2024,FP5B,4,4941,,BETNEO,5.9,6.5,1,-99,0,1,1,,,,,,,,,,,,,,,
FP5B4_4943,6/30/2018,7/17/2024,FP5B,4,4943,,BETNEO,5.4,5.6,1,-99,0,1,1,,,,,,,,,,,,,,,
FP5B4_4944,6/30/2018,7/17/2024,FP5B,4,4944,,PICGLA,23.3,23.4,1,-99,0,1,1,,,,,,,,,,,,,,,
FP5B4_4945,6/30/2018,7/17/2024,FP5B,4,4945,,BETNEO,8.5,8.9,1,-99,0,1,1,,,,,,,,,,,,,,,
FP5B4_4946,6/30/2018,7/17/2024,FP5B,4,4946,,PICGLA,-7777,-9999,0,-99,0,1,0,,old notes-Office note: dbh of std was recorded. 2019 notes-Dead and down,,,,,,,,,,,,,
FP5B4_4947,6/30/2018,7/17/2024,FP5B,4,4947,,PICGLA,16.5,17,1,-99,0,1,1,,,,,,,,,,,,,,,
FP5B4_4948,6/30/2018,7/17/2024,FP5B,4,4948,,PICGLA,18.8,19.1,1,-99,0,1,1,,,,,,,,,,,,,,,
FP5B4_4952,6/30/2018,7/17/2024,FP5B,4,4952,,PICGLA,12.1,12.5,1,-99,0,1,1,,,,,,,,,,,,,,,
FP5B6_15,6/30/2018,7/17/2024,FP5B,6,15,,BETNEO,4.2,4.8,1,-99,0,1,1,,,,,,,,,,,,,,,
FP5B6_16,6/30/2018,7/17/2024,FP5B,6,16,,BETNEO,4.1,4.3,1,-99,0,1,1,,,,,,,,,,,,,,,
FP5B6_159,6/30/2018,7/17/2024,FP5B,6,159,,PICGLA,3.8,4.5,1,-99,0,1,1,,,,,,,,,,,,,,,
FP5B6_1643,6/30/2018,7/17/2024,FP5B,6,1643,,BETNEO,3.3,3.7,1,-99,0,1,1,,,,,,,,,,,,,,,
FP5B6_2135,,7/17/2024,FP5B,6,2135,,BETNEO,,2.6,1,-99,0,1,1,,,,,,,,,,,,,,,
FP5B6_4907,6/30/2018,7/17/2024,FP5B,6,4907,,BETNEO,4.9,4.8,1,-99,0,1,1,,,,,,,,,,,,,,,
FP5B6_4953,6/30/2018,7/17/2024,FP5B,6,4953,,PICGLA,15,16.1,1,-99,0,1,1,,,,,,,,,,,,,,,
FP5B6_4954,6/30/2018,7/17/2024,FP5B,6,4954,,BETNEO,7.8,8.3,1,-99,0,1,1,,,,,,,,,,,,,,,
FP5B6_4955,6/30/2018,7/17/2024,FP5B,6,4955,,BETNEO,6.8,7.1,1,-99,0,1,1,,,,,,,,,,,,,,,
FP5B6_4957,6/30/2018,7/17/2024,FP5B,6,4957,,BETNEO,8.4,9,1,-99,0,1,1,,,,,,,,,,,,,,,
FP5B6_4958,6/30/2018,7/17/2024,FP5B,6,4958,,BETNEO,12,13.1,1,-99,0,1,1,,,,,,,,,,,,,,,
FP5B6_4959,6/30/2018,7/17/2024,FP5B,6,4959,,PICGLA,5,6.2,1,-99,0,1,1,,,,,,,,,,,,,,,
FP5B6_4961,6/30/2018,7/17/2024,FP5B,6,4961,,PICGLA,18.8,19.9,1,-99,0,1,1,,,,,,,,,,,,,,,
FP5B6_4962,6/30/2018,7/17/2024,FP5B,6,4962,,BETNEO,12.7,14.1,1,-99,0,1,1,,,,,,,,,,,,,,,
FP5B7_80,6/30/2018,7/17/2024,FP5B,7,80,,BETNEO,3.6,3.9,1,2,0,1,1,,,,,,,,,,,,,,,
FP5B7_283,6/30/2018,7/17/2024,FP5B,7,283,,BETNEO,7.1,7.8,1,-99,0,1,1,,,,,,,,,,,,,,,
FP5B7_284,6/30/2018,7/17/2024,FP5B,7,284,,BETNEO,4.4,4.6,1,-99,0,1,1,,,,,,,,,,,,,,,
FP5B7_573,6/30/2018,7/17/2024,FP5B,7,573,2139,BETNEO,3.5,4,1,-99,0,1,1,,,"duplicate entry with different dbh, verify in field and correct",,,,,,,,,,,,
FP5B7_804,6/30/2018,7/17/2024,FP5B,7,804,,BETNEO,3.3,-7777,0,-99,0,1,1,,,,,,,,,,,,,,,
FP5B7_805,6/30/2018,7/17/2024,FP5B,7,805,,PICMAR,3.3,3.6,1,1.75,0,1,1,,,,,,,,,,,,,,,
FP5B7_965,6/30/2018,7/17/2024,FP5B,7,965,,BETNEO,4.5,5.1,1,-99,0,1,1,,,,,,,,,,,,,,,
FP5B7_2137,,7/17/2024,FP5B,7,2137,,BETNEO,,2.7,1,-99,0,1,1,,,,,,,,,,,,,,,
FP5B7_2138,,7/17/2024,FP5B,7,2138,,BETNEO,,2.5,1,-99,0,1,1,,,,,,,,,,,,,,,
FP5B7_4963,6/30/2018,7/17/2024,FP5B,7,4963,,BETNEO,6.1,6.9,1,-99,0,1,1,,,,,,,,,,,,,,,
FP5B7_4964,6/30/2018,7/17/2024,FP5B,7,4964,,PICGLA,16.9,17.8,1,-99,0,1,1,,,,,,,,,,,,,,,
FP5B7_4965,6/30/2018,7/17/2024,FP5B,7,4965,,PICGLA,19.9,20.3,1,-99,0,1,1,,,,,,,,,,,,,,,
FP5B7_4966,6/30/2018,7/17/2024,FP5B,7,4966,,BETNEO,14.8,15.5,1,-99,0,1,1,,,,,,,,,,,,,,,
FP5B7_4967,6/30/2018,7/17/2024,FP5B,7,4967,,BETNEO,8.6,9.8,1,-99,0,1,1,,,,,,,,,,,,,,,
FP5B7_4968,6/30/2018,7/17/2024,FP5B,7,4968,,BETNEO,-7777,3.4,0,-99,0,1,1,Actually alive,,,,,,,,,,,,,,
FP5B7_4970,6/30/2018,7/17/2024,FP5B,7,4970,,PICGLA,15.4,16.1,1,-99,0,1,1,,,,,,,,,,,,,,,
FP5B7_4971,6/30/2018,7/17/2024,FP5B,7,4971,,PICGLA,20.2,20.8,1,-99,0,1,1,,,,,,,,,,,,,,,
FP5B7_4972,6/30/2018,7/17/2024,FP5B,7,4972,,PICGLA,14.7,15.5,1,-99,0,1,1,,,,,,,,,,,,,,,
FP5B7_4973,6/30/2018,7/17/2024,FP5B,7,4973,,PICGLA,8.6,9,1,-99,0,1,1,,,,,,,,,,,,,,,
FP5B7_6511,6/30/2018,7/17/2024,FP5B,7,6511,,BETNEO,-9999,-9999,0,-99,0,1,1,,,,,,,,,,,,,,,
FP5B7_8587,6/30/2018,7/17/2024,FP5B,7,8587,,BETNEO,2.8,3,1,-99,0,1,1,,,,,,,,,,,,,,,
FP5B8_285,6/30/2018,7/17/2024,FP5B,8,285,,BETNEO,4.3,5.6,1,-99,0,1,1,,,,,,,,,,,,,,,
FP5B8_529,6/30/2018,7/17/2024,FP5B,8,529,,BETNEO,3.7,3.9,1,-99,0,1,1,,,,,,,,,,,,,,,
FP5B8_710,6/30/2018,7/17/2024,FP5B,8,710,,BETNEO,3,3.3,1,-99,0,1,1,,,,,,,,,,,,,,,
FP5B8_749,6/30/2018,7/17/2024,FP5B,8,749,,PICGLA,-7777,-8888,0,-99,0,1,1,Missing,,,,,,,,,,,,,,
FP5B8_798,6/30/2018,7/17/2024,FP5B,8,798,,BETNEO,3.6,4.4,1,-99,0,1,1,,,,,,,,,,,,,,,
FP5B8_806,6/30/2018,7/17/2024,FP5B,8,806,,BETNEO,3.5,4,1,-99,0,1,1,,,,,,,,,,,,,,,
FP5B8_2140,,7/17/2024,FP5B,8,2140,,BETNEO,,2.8,1,-99,0,1,1,,,,,,,,,,,,,,,
FP5B8_4976,6/30/2018,7/17/2024,FP5B,8,4976,,BETNEO,9.9,10.9,1,-99,0,1,1,,,,,,,,,,,,,,,
FP5B8_4977,6/30/2018,7/17/2024,FP5B,8,4977,,PICGLA,13,13.2,1,-99,0,1,1,,,,,,,,,,,,,,,
FP5B8_4978,6/30/2018,7/17/2024,FP5B,8,4978,,PICGLA,19.6,20.8,1,-99,0,1,1,,,,,,,,,,,,,,,
FP5B8_4979,6/30/2018,7/17/2024,FP5B,8,4979,,PICGLA,13.6,14.5,1,-99,0,1,1,,2014 dbh incorrect,,,,,,,,,,,,,
FP5B8_4980,6/30/2018,7/17/2024,FP5B,8,4980,,PICGLA,8.3,8.4,1,-99,0,1,1,,,,,,,,,,,,,,,
FP5B9_269,6/30/2018,7/17/2024,FP5B,9,269,,BETNEO,7,8.6,1,-99,0,1,1,,,,,,,,,,,,,,,
FP5B9_270,6/30/2018,7/17/2024,FP5B,9,270,,BETNEO,-7777,-7777,0,2.5,0,1,1,,,,,,,,,,,,,,,
FP5B9_272,6/30/2018,7/17/2024,FP5B,9,272,,BETNEO,4.4,4.8,1,-99,0,1,1,,,,,,,,,,,,,,,
FP5B9_273,6/30/2018,7/17/2024,FP5B,9,273,,BETNEO,4.7,5.4,1,-99,0,1,1,,,,,,,,,,,,,,,
FP5B9_529,6/30/2018,7/17/2024,FP5B,9,529,,BETNEO,-9999,-9999,0,-99,0,1,0,,,,,,,,,,,,,,,
FP5B9_807,6/30/2018,7/17/2024,FP5B,9,807,,BETNEO,2.6,2.8,1,-99,0,1,1,,,,,,,,,,,,,,,
FP5B9_812,6/30/2018,7/17/2024,FP5B,9,812,,PICMAR,4.6,7,1,-99,0,1,1,,,,,,,,,,,,,,,
FP5B9_2141,,7/17/2024,FP5B,9,2141,,BETNEO,,3,1,-99,0,1,1,,,,,,,,,,,,,,,
FP5B9_2507,6/30/2018,7/17/2024,FP5B,9,2507,,BETNEO,3.1,4.5,1,-99,1,1,1,,,,,,,,,,,,,,,
FP5B9_4981,6/30/2018,7/17/2024,FP5B,9,4981,,PICGLA,21.4,22.3,1,-99,0,1,1,,,,,,,,,,,,,,,
FP5B9_4982,6/30/2018,7/17/2024,FP5B,9,4982,,PICGLA,11.6,11.8,1,-99,0,1,1,,old notes-recovered leader. Office note: topped?. 2019 notes-,,,,,,,,,,,,,
FP5B9_4983,6/30/2018,7/17/2024,FP5B,9,4983,,PICGLA,8.3,9.4,1,3,0,1,1,,old notes-new leader. 2019 notes-,,,,,,,,,,,,,
FP5B9_4984,6/30/2018,7/17/2024,FP5B,9,4984,,PICGLA,24.8,25.5,1,-99,0,1,1,,,,,,,,,,,,,,,
FP5B9_4985,6/30/2018,7/17/2024,FP5B,9,4985,,PICGLA,16.8,-9999,0,-99,0,1,0,,,,,,,,,,,,,,,
FP5B9_4986,6/30/2018,7/17/2024,FP5B,9,4986,,BETNEO,6.5,7.5,1,-99,0,1,1,,,,,,,,,,,,,,,
FP5B9_4987,6/30/2018,7/17/2024,FP5B,9,4987,,BETNEO,7.1,8.7,1,-99,0,1,1,,,,,,,,,,,,,,,
FP5B9_4988,6/30/2018,7/17/2024,FP5B,9,4988,,PICGLA,8.6,9.8,1,-99,1,1,1,almost dead,,,,,,,,,,,,,,
FP5B11_274,6/30/2018,7/17/2024,FP5B,11,274,,BETNEO,4.6,5.7,1,-99,0,1,1,,,,,,,,,,,,,,,
FP5B11_275,6/30/2018,7/17/2024,FP5B,11,275,,BETNEO,-7777,-7777,0,-99,0,1,1,,,,,,,,,,,,,,,
FP5B11_276,6/30/2018,7/17/2024,FP5B,11,276,,BETNEO,5.7,6.7,1,-99,0,1,1,,,,,,,,,,,,,,,
FP5B11_277,6/30/2018,7/17/2024,FP5B,11,277,,BETNEO,4.2,5,1,-99,0,1,1,,,,,,,,,,,,,,,
FP5B11_528,6/30/2018,7/17/2024,FP5B,11,528,,BETNEO,3.8,4.4,1,-99,0,1,1,,,,,,,,,,,,,,,
FP5B11_2142,,7/17/2024,FP5B,11,2142,,PICGLA,,3.6,1,-99,0,1,1,,,,,,,,,,,,,,,
FP5B11_4991,6/30/2018,7/17/2024,FP5B,11,4991,,BETNEO,19.8,21.2,1,-99,0,1,1,,,,,,,,,,,,,,,
FP5B11_4992,6/30/2018,7/17/2024,FP5B,11,4992,,BETNEO,6.6,7.3,1,-99,0,1,1,,,,,,,,,,,,,,,
FP5B11_4993,6/30/2018,7/17/2024,FP5B,11,4993,,PICGLA,-7777,-7777,0,-99,0,1,1,,,,,,,,,,,,,,,
FP5B11_4995,6/30/2018,7/17/2024,FP5B,11,4995,,PICGLA,-7777,-9999,0,-99,0,1,0,,,,,,,,,,,,,,,
FP5B11_4998,6/30/2018,7/17/2024,FP5B,11,4998,,PICGLA,-7777,-9999,0,-99,0,1,0,,,,,,,,,,,,,,,
FP5B11_4999,6/30/2018,7/17/2024,FP5B,11,4999,,PICGLA,21.1,23.1,1,-99,0,1,1,,,,,,,,,,,,,,,
FP5B11_5000,6/30/2018,7/17/2024,FP5B,11,5000,,BETNEO,8.1,9,1,-99,0,1,1,,,,,,,,,,,,,,,
FP5B12_278,6/30/2018,7/17/2024,FP5B,12,278,,BETNEO,-9999,-9999,0,-99,0,1,1,,,,,,,,,,,,,,,
FP5B12_280,6/30/2018,7/17/2024,FP5B,12,280,,BETNEO,4.7,5.3,1,-99,0,1,1,,,,,,,,,,,,,,,
FP5B12_526,6/30/2018,7/17/2024,FP5B,12,526,,BETNEO,-7777,-7777,0,2,0,1,1,,,,,,,,,,,,,,,
FP5B12_527,6/30/2018,7/17/2024,FP5B,12,527,,BETNEO,4.1,4.8,1,-99,0,1,1,,,,,,,,,,,,,,,
FP5B12_4990,6/30/2018,7/17/2024,FP5B,12,4990,,PICGLA,20.4,20.8,1,-99,0,1,1,,,,,,,,,,,,,,,
FP5B12_5802,6/30/2018,7/17/2024,FP5B,12,5802,,PICGLA,14.9,15.5,1,-99,0,1,1,,,,,,,,,,,,,,,
FP5B12_5804,6/30/2018,7/17/2024,FP5B,12,5804,,PICGLA,13.9,13.9,1,9,0,1,1,,old notes-topped. 2019 notes-,,,,,,,,,,,,,
FP5B12_5805,6/30/2018,7/17/2024,FP5B,12,5805,,PICGLA,11.3,11.7,1,-99,0,1,1,,,,,,,,,,,,,,,
FP5B12_5806,6/30/2018,7/17/2024,FP5B,12,5806,,BETNEO,7.4,8,1,-99,0,1,1,,,,,,,,,,,,,,,
FP5B12_5807,6/30/2018,7/17/2024,FP5B,12,5807,,PICGLA,24,24.2,1,-99,0,1,1,,,,,,,,,,,,,,,
FP5B12_5808,6/30/2018,7/17/2024,FP5B,12,5808,,BETNEO,7.7,8.4,1,-99,0,1,1,,,,,,,,,,,,,,,
FP5B12_5809,6/30/2018,7/17/2024,FP5B,12,5809,,BETNEO,6.4,7,1,-99,0,1,1,,,,,,,,,,,,,,,
FP5B12_5810,6/30/2018,7/17/2024,FP5B,12,5810,,BETNEO,9.9,10.7,1,-99,0,1,1,,,,,,,,,,,,,,,
FP5B12_5811,6/30/2018,7/17/2024,FP5B,12,5811,,PICGLA,8.3,8.7,1,-99,0,1,1,,,,,,,,,,,,,,,
FP5B12_5812,6/30/2018,7/17/2024,FP5B,12,5812,,PICGLA,17.7,18.5,1,-99,0,1,1,,,,,,,,,,,,,,,
FP5B13_281,6/30/2018,7/17/2024,FP5B,13,281,,PICGLA,5.7,7.1,1,-99,0,1,1,,,,,,,,,,,,,,,
FP5B13_282,6/30/2018,7/17/2024,FP5B,13,282,,BETNEO,3.8,4.6,1,-99,0,1,1,,,,,,,,,,,,,,,
FP5B13_752,6/30/2018,7/17/2024,FP5B,13,752,,BETNEO,-9999,-9999,0,-99,0,1,1,,,,,,,,,,,,,,,
FP5B13_813,6/30/2018,7/17/2024,FP5B,13,813,,BETNEO,3,3.4,1,2,0,1,1,,,,,,,,,,,,,,,
FP5B13_2136,,7/17/2024,FP5B,13,2136,,BETNEO,,2.8,1,-99,0,1,1,,,,,,,,,,,,,,,
FP5B13_2143,,7/17/2024,FP5B,13,2143,,BETNEO,,2.8,1,-99,0,1,1,,,,,,,,,,,,,,,
FP5B13_2144,,7/17/2024,FP5B,13,2144,,BETNEO,,3.2,1,-99,0,1,1,,,,,,,,,,,,,,,
FP5B13_5813,6/30/2018,7/17/2024,FP5B,13,5813,,PICMAR,10.9,12.7,1,-99,0,1,1,,,,,,,,,,,,,,,
FP5B13_5814,6/30/2018,7/17/2024,FP5B,13,5814,,LARLAR,11.8,12.1,1,-99,0,1,1,,,,,,,,,,,,,,,
FP5B13_5815,6/30/2018,7/17/2024,FP5B,13,5815,,BETNEO,3.7,-7777,0,-99,0,1,1,,,,,,,,,,,,,,,
FP5B13_5816,6/30/2018,7/17/2024,FP5B,13,5816,,PICGLA,28.9,29.2,1,-99,0,1,1,,,,,,,,,,,,,,,
FP5B13_5817,6/30/2018,7/17/2024,FP5B,13,5817,,PICMAR,9.1,10,1,-99,0,1,1,,,,,,,,,,,,,,,
FP5B13_5818,6/30/2018,7/17/2024,FP5B,13,5818,,PICMAR,8.7,9.7,1,-99,0,1,1,,,,,,,,,,,,,,,
FP5B13_5820,6/30/2018,7/17/2024,FP5B,13,5820,,BETNEO,-7777,-8888,0,-99,0,1,1,"missing, probably down",,,,,,,,,,,,,,
FP5B13_5821,6/30/2018,7/17/2024,FP5B,13,5821,,PICGLA,9.5,10.1,1,-99,0,1,1,,,,,,,,,,,,,,,
FP5B14_156,6/30/2018,7/17/2024,FP5B,14,156,,BETNEO,2.9,-8888,1,-99,0,1,1,Missing,,,,,,,,,,,,,,
FP5B14_157,6/30/2018,7/17/2024,FP5B,14,157,,BETNEO,2.8,3,1,-99,0,1,1,,,,,,,,,,,,,,,
FP5B14_158,6/30/2018,7/17/2024,FP5B,14,158,,BETNEO,2.6,2.8,1,-99,0,1,1,,,,,,,,,,,,,,,
FP5B14_159,6/30/2018,7/17/2024,FP5B,14,159,,BETNEO,3,3.2,1,-99,0,1,1,,,,,,,,,,,,,,,
FP5B14_2145,,7/17/2024,FP5B,14,2145,,BETNEO,,4,1,-99,0,1,1,,,,,,,,,,,,,,,
FP5B14_2146,,7/17/2024,FP5B,14,2146,,BETNEO,,2.7,1,-99,0,1,1,,,,,,,,,,,,,,,
FP5B14_5825,6/30/2018,7/17/2024,FP5B,14,5825,,PICGLA,10.3,10.4,1,-99,0,1,1,,,,,,,,,,,,,,,
FP5B14_5826,6/30/2018,7/17/2024,FP5B,14,5826,,PICGLA,24.1,-9999,0,-99,0,1,0,,,,,,,,,,,,,,,
FP5B14_5828,6/30/2018,7/17/2024,FP5B,14,5828,,PICGLA,15,15.3,1,-99,0,1,1,,,,,,,,,,,,,,,
FP5B14_5831,6/30/2018,7/17/2024,FP5B,14,5831,,BETNEO,12.5,13.5,1,-99,0,1,1,,,,,,,,,,,,,,,
GRI11_21,8/7/2018,7/1/2024,GRI1,1,21,,PICMAR,3.7,3.9,1,-99,0,1,1,,,,,,,,,,,,,,,
GRI11_22,8/7/2018,7/1/2024,GRI1,1,22,,BETNEO,3.4,3.9,1,-99,0,1,1,,,,,,,,,,,,,,,
GRI11_23,8/7/2018,7/1/2024,GRI1,1,23,,PICMAR,3.3,3.5,1,-99,0,1,1,,,,,,,,,,,,,,,
GRI11_24,8/7/2018,7/1/2024,GRI1,1,24,,PICMAR,3,3.7,1,-99,0,1,1,,,,,,,,,,,,,,,
GRI11_25,8/7/2018,7/1/2024,GRI1,1,25,,PICMAR,5.2,5.4,1,-99,0,1,1,,,,,,,,,,,,,,,
GRI11_26,8/7/2018,7/1/2024,GRI1,1,26,,PICMAR,4,4.2,1,-99,0,1,1,,,,,,,,,,,,,,,
GRI11_27,8/7/2018,7/1/2024,GRI1,1,27,,BETNEO,6.7,6.7,1,-99,0,1,1,,,,,,,,,,,,,,,
GRI11_28,8/7/2018,7/1/2024,GRI1,1,28,,PICMAR,3,3.3,1,-99,0,1,1,,,,,,,,,,,,,,,
GRI11_29,8/7/2018,7/1/2024,GRI1,1,29,,PICMAR,3.8,4.2,1,-99,0,1,1,,,,,,,,,,,,,,,
GRI11_30,8/7/2018,7/1/2024,GRI1,1,30,,PICMAR,3.1,3.3,1,-99,0,1,1,,,,,,,,,,,,,,,
GRI11_31,8/7/2018,7/1/2024,GRI1,1,31,,PICMAR,-9999,-9999,0,-99,0,1,0,,,,,,,,,,,,,,,
GRI11_32,8/7/2018,7/1/2024,GRI1,1,32,,BETNEO,4.7,4.1,1,1.5,0,1,1,,,,,,,,,,,,,,,
GRI11_33,8/7/2018,7/1/2024,GRI1,1,33,,PICMAR,3.2,3.2,1,-99,0,1,1,,,,,,,,,,,,,,,
GRI11_34,8/7/2018,7/1/2024,GRI1,1,34,,BETNEO,4,4.2,1,-99,0,1,1,,,,,,,,,,,,,,,
GRI11_35,8/7/2018,7/1/2024,GRI1,1,35,,PICMAR,3.8,3.6,1,-99,0,1,1,,,,,,,,,,,,,,,
GRI11_36,8/7/2018,7/1/2024,GRI1,1,36,,PICMAR,3.9,4.3,1,-99,0,1,1,,,,,,,,,,,,,,,
GRI11_37,8/7/2018,7/1/2024,GRI1,1,37,,PICMAR,2.9,4.1,1,-99,0,1,1,,,,,,,,,,,,,,,
GRI11_38,8/7/2018,7/1/2024,GRI1,1,38,,PICMAR,4.9,4.8,1,-99,0,1,1,,,,,,,,,,,,,,,
GRI11_39,8/7/2018,7/1/2024,GRI1,1,39,,PICMAR,3,3.1,1,-99,0,1,1,,,,,,,,,,,,,,,
GRI11_40,8/7/2018,7/1/2024,GRI1,1,40,,PICMAR,3.8,3.7,1,-99,0,1,1,,,,,,,,,,,,,,,
GRI11_41,8/7/2018,7/1/2024,GRI1,1,41,,PICMAR,3.2,2.8,1,-99,0,1,1,,,,,,,,,,,,,,,
GRI11_42,8/7/2018,7/1/2024,GRI1,1,42,,PICMAR,2.3,-7777,0,-99,0,1,1,,,,,,,,,,,,,,,
GRI11_691,8/7/2018,7/1/2024,GRI1,1,691,,PICMAR,2.7,2.8,1,-99,0,1,1,,old notes-Near tree 40. 2019 notes-,,,,,,,,,,,,,
GRI11_2175,,7/1/2024,GRI1,1,2175,,PICMAR,,2.5,1,-99,0,1,1,,,,,,,,,,,,,,,
GRI11_2176,,7/1/2024,GRI1,1,2176,,PICMAR,,2.9,1,-99,0,1,1,,,,,,,,,,,,,,,
GRI11_2177,,7/1/2024,GRI1,1,2177,,PICMAR,,2.6,1,-99,0,1,1,,,,,,,,,,,,,,,
GRI12_43,8/7/2018,7/1/2024,GRI1,2,43,,PICMAR,2.9,3.1,1,-99,0,1,1,,,,,,,,,,,,,,,
GRI12_44,8/7/2018,7/1/2024,GRI1,2,44,,PICMAR,3,3.3,1,-99,0,1,1,,,,,,,,,,,,,,,
GRI12_45,8/7/2018,7/1/2024,GRI1,2,45,,PICMAR,3.2,3.5,1,-99,0,1,1,,,,,,,,,,,,,,,
GRI12_46,8/7/2018,7/1/2024,GRI1,2,46,,BETNEO,6,6.5,1,-99,0,1,1,,,,,,,,,,,,,,,
GRI12_47,8/7/2018,7/1/2024,GRI1,2,47,,PICMAR,3,3.3,1,-99,0,1,1,,,,,,,,,,,,,,,
GRI12_48,8/7/2018,7/1/2024,GRI1,2,48,,PICMAR,4.2,4.5,1,-99,0,1,1,,,,,,,,,,,,,,,
GRI12_49,8/7/2018,7/1/2024,GRI1,2,49,,PICMAR,4.3,4.7,1,-99,0,1,1,,,,,,,,,,,,,,,
GRI12_50,8/7/2018,7/1/2024,GRI1,2,50,,PICMAR,4.9,5.1,1,-99,0,1,1,,,,,,,,,,,,,,,
GRI12_51,8/7/2018,7/1/2024,GRI1,2,51,,PICMAR,5.5,5.6,1,-99,0,1,1,,,,,,,,,,,,,,,
GRI12_52,8/7/2018,7/1/2024,GRI1,2,52,,PICMAR,3.9,4.1,1,-99,0,1,1,in plot 3,,,,,,,,,,,,,,
GRI12_53,8/7/2018,7/1/2024,GRI1,2,53,,PICMAR,5,5.5,1,-99,0,1,1,,,,,,,,,,,,,,,
GRI12_54,8/7/2018,7/1/2024,GRI1,2,54,,PICMAR,5.6,5.8,1,-99,0,1,1,,,,,,,,,,,,,,,
GRI12_55,8/7/2018,7/1/2024,GRI1,2,55,,PICMAR,3.4,3.7,1,-99,0,1,1,,,,,,,,,,,,,,,
GRI12_1251,8/7/2018,7/1/2024,GRI1,2,1251,,BETNEO,2.5,2.7,1,2,0,1,1,,old notes-Near tree 55. 2019 notes-,,,,,,,,,,,,,
GRI12_2178,,7/1/2024,GRI1,2,2178,,PICMAR,,2.8,1,-99,0,1,1,Near 46,,,,,,,,,,,,,,
GRI12_2179,,7/1/2024,GRI1,2,2179,,BETNEO,,3.2,1,-99,0,1,1,,,,,,,,,,,,,,,
GRI12_2180,,7/1/2024,GRI1,2,2180,,PICMAR,,3.1,1,-99,0,1,1,,,,,,,,,,,,,,,
GRI12_2181,,7/1/2024,GRI1,2,2181,,PICMAR,,2.8,1,-99,0,1,1,,,,,,,,,,,,,,,
GRI13_56,8/7/2018,7/1/2024,GRI1,3,56,,PICMAR,4.1,4.5,1,-99,0,1,1,,,,,,,,,,,,,,,
GRI13_57,8/7/2018,7/1/2024,GRI1,3,57,,PICMAR,3.4,3.4,1,-99,0,1,1,,,,,,,,,,,,,,,
GRI13_58,8/7/2018,7/1/2024,GRI1,3,58,,PICMAR,4.4,4.8,1,-99,0,1,1,,,,,,,,,,,,,,,
GRI13_59,8/7/2018,7/1/2024,GRI1,3,59,,PICMAR,3.9,4.1,1,-99,0,1,1,,,,,,,,,,,,,,,
GRI13_60,8/7/2018,7/1/2024,GRI1,3,60,,PICMAR,3.7,4,1,-99,0,1,1,,,,,,,,,,,,,,,
GRI13_61,8/7/2018,7/1/2024,GRI1,3,61,,PICMAR,4,4.2,1,-99,0,1,1,,,,,,,,,,,,,,,
GRI13_62,8/7/2018,7/1/2024,GRI1,3,62,,PICMAR,4,4.4,1,-99,0,1,1,,,,,,,,,,,,,,,
GRI13_63,8/7/2018,7/1/2024,GRI1,3,63,,PICMAR,4.2,4.5,1,-99,0,1,1,,,,,,,,,,,,,,,
GRI13_64,8/7/2018,7/1/2024,GRI1,3,64,,BETNEO,6,-7777,0,1.75,0,1,1,,,,,,,,,,,,,,,
GRI13_65,8/7/2018,7/1/2024,GRI1,3,65,,PICMAR,4.2,4.4,1,-99,0,1,1,,,,,,,,,,,,,,,
GRI13_66,8/7/2018,7/1/2024,GRI1,3,66,,BETNEO,3.7,4.4,1,-99,0,1,1,,,,,,,,,,,,,,,
GRI13_67,8/7/2018,7/1/2024,GRI1,3,67,,PICGLA,4.3,4.9,1,-99,0,1,1,,,,,,,,,,,,,,,
GRI13_68,8/7/2018,7/1/2024,GRI1,3,68,,PICMAR,3.5,3.9,1,-99,0,1,1,,,,,,,,,,,,,,,
GRI13_69,8/7/2018,7/1/2024,GRI1,3,69,,PICMAR,6,6.8,1,-99,0,1,1,,,,,,,,,,,,,,,
GRI13_70,8/7/2018,7/1/2024,GRI1,3,70,,PICMAR,5.5,6,1,-99,0,1,1,,,,,,,,,,,,,,,
GRI13_71,8/7/2018,7/1/2024,GRI1,3,71,,PICMAR,3.1,3.3,1,-99,0,1,1,,,,,,,,,,,,,,,
GRI13_72,8/7/2018,7/1/2024,GRI1,3,72,,PICMAR,4.6,5.1,1,-99,0,1,1,,,,,,,,,,,,,,,
GRI13_73,8/7/2018,7/1/2024,GRI1,3,73,,BETNEO,7,-7777,0,2,0,1,1,,,,,,,,,,,,,,,
GRI13_74,8/7/2018,7/1/2024,GRI1,3,74,,PICMAR,3.9,4,1,-99,0,1,1,,,,,,,,,,,,,,,
GRI13_75,8/7/2018,7/1/2024,GRI1,3,75,,BETNEO,4.4,4.4,1,2,0,1,1,,,,,,,,,,,,,,,
GRI13_76,8/7/2018,7/1/2024,GRI1,3,76,,BETNEO,4.6,4.6,1,2,0,1,1,,,,,,,,,,,,,,,
GRI13_77,8/7/2018,7/1/2024,GRI1,3,77,,PICMAR,5.4,5.6,1,-99,0,1,1,,,,,,,,,,,,,,,
GRI13_78,8/7/2018,7/1/2024,GRI1,3,78,,PICMAR,7,7.2,1,-99,0,1,1,,,,,,,,,,,,,,,
GRI13_79,8/7/2018,7/1/2024,GRI1,3,79,,PICMAR,4.7,-7777,0,-99,0,1,1,,,,,,,,,,,,,,,
GRI13_80,8/7/2018,7/1/2024,GRI1,3,80,,PICMAR,4.5,5.1,1,-99,0,1,1,,,,,,,,,,,,,,,
GRI13_81,8/7/2018,7/1/2024,GRI1,3,81,,PICMAR,5,5.1,1,-99,0,1,1,,,,,,,,,,,,,,,
GRI13_82,8/7/2018,7/1/2024,GRI1,3,82,,PICMAR,4.2,4.3,1,-99,0,1,1,,,,,,,,,,,,,,,
GRI13_83,8/7/2018,7/1/2024,GRI1,3,83,,PICMAR,7.9,8,1,-99,0,1,1,,,,,,,,,,,,,,,
GRI13_84,8/7/2018,7/1/2024,GRI1,3,84,,PICMAR,3.6,4.4,1,-99,0,1,1,,,,,,,,,,,,,,,
GRI13_689,8/7/2018,7/1/2024,GRI1,3,689,,PICMAR,3.1,4.4,1,-99,0,1,1,,old notes-Near tree 84. 2019 notes-,,,,,,,,,,,,,
GRI13_690,8/7/2018,7/1/2024,GRI1,3,690,,BETNEO,2.7,2.8,1,-99,0,1,1,attached 64 in plot 3,old notes-Near tree 63. 2019 notes-,,,,,,,,,,,,,
GRI13_2182,,7/1/2024,GRI1,3,2182,,PICMAR,,2.6,1,-99,0,1,1,,,,,,,,,,,,,,,
GRI13_2183,,7/1/2024,GRI1,3,2183,,PICMAR,,2.6,1,-99,0,1,1,,,,,,,,,,,,,,,
GRI13_2184,,7/1/2024,GRI1,3,2184,,PICMAR,,2.6,1,-99,0,1,1,,,,,,,,,,,,,,,
GRI13_2185,,7/1/2024,GRI1,3,2185,,PICMAR,,3.5,1,-99,0,1,1,,,,,,,,,,,,,,,
GRI13_2186,,7/1/2024,GRI1,3,2186,,PICMAR,,2.7,1,-99,0,1,1,,,,,,,,,,,,,,,
GRI14_85,8/7/2018,7/1/2024,GRI1,4,85,,BETNEO,7.7,7.3,1,-99,0,1,1,,,,,,,,,,,,,,,
GRI14_86,8/7/2018,7/1/2024,GRI1,4,86,,PICMAR,5.5,6,1,-99,0,1,1,,,,,,,,,,,,,,,
GRI14_87,8/7/2018,7/1/2024,GRI1,4,87,,PICMAR,4.3,6,1,-99,0,1,1,,,,,,,,,,,,,,,
GRI14_88,8/7/2018,7/1/2024,GRI1,4,88,,PICMAR,6.2,7.1,1,-99,0,1,1,,,,,,,,,,,,,,,
GRI14_89,8/7/2018,7/1/2024,GRI1,4,89,,PICMAR,6.8,8,1,-99,0,1,1,,,,,,,,,,,,,,,
GRI14_90,8/7/2018,7/1/2024,GRI1,4,90,,BETNEO,8.8,8.8,1,-99,0,1,1,,,,,,,,,,,,,,,
GRI14_91,8/7/2018,7/1/2024,GRI1,4,91,,PICMAR,5.6,6.3,1,-99,0,1,1,,,,,,,,,,,,,,,
GRI14_92,8/7/2018,7/1/2024,GRI1,4,92,,PICMAR,4.4,5,1,-99,0,1,1,,,,,,,,,,,,,,,
GRI14_93,8/7/2018,7/1/2024,GRI1,4,93,,BETNEO,11.2,11.5,1,-99,0,1,1,,,,,,,,,,,,,,,
GRI14_94,8/7/2018,7/1/2024,GRI1,4,94,,BETNEO,4.1,4.1,1,2,0,1,1,,,,,,,,,,,,,,,
GRI14_95,8/7/2018,7/1/2024,GRI1,4,95,,PICMAR,4.9,5.2,1,-99,0,1,1,,,,,,,,,,,,,,,
GRI14_1716,8/7/2018,7/1/2024,GRI1,4,1716,,PICMAR,3.2,4.5,1,-99,0,1,1,,old notes-Near tree 86. 2019 notes-,,,,,,,,,,,,,
GRI14_2187,,7/1/2024,GRI1,4,2187,,PICMAR,,4.1,1,-99,0,1,1,,,,,,,,,,,,,,,
GRI16_96,8/7/2018,7/1/2024,GRI1,6,96,,BETNEO,8.1,9.1,1,-99,0,1,1,,,,,,,,,,,,,,,
GRI16_97,8/7/2018,7/1/2024,GRI1,6,97,,BETNEO,2.8,2.9,1,-99,0,1,1,,,,,,,,,,,,,,,
GRI16_98,8/7/2018,7/1/2024,GRI1,6,98,,PICMAR,2.9,3.5,1,-99,0,1,1,,,,,,,,,,,,,,,
GRI16_99,8/7/2018,7/1/2024,GRI1,6,99,,BETNEO,7.7,8.1,1,-99,0,1,1,,,,,,,,,,,,,,,
GRI16_100,8/7/2018,7/1/2024,GRI1,6,100,,PICMAR,4,4.3,1,-99,0,1,1,,,,,,,,,,,,,,,
GRI16_201,8/7/2018,7/1/2024,GRI1,6,201,,PICMAR,3.2,3.5,1,-99,0,1,1,,,,,,,,,,,,,,,
GRI16_202,8/7/2018,7/1/2024,GRI1,6,202,,PICMAR,3.8,4.1,1,-99,0,1,1,,,,,,,,,,,,,,,
GRI16_203,8/7/2018,7/1/2024,GRI1,6,203,,BETNEO,9.9,10,1,-99,0,1,1,,,,,,,,,,,,,,,
GRI16_204,8/7/2018,7/1/2024,GRI1,6,204,,BETNEO,7.9,8.1,1,-99,0,1,1,,,,,,,,,,,,,,,
GRI16_205,8/7/2018,7/1/2024,GRI1,6,205,,BETNEO,-9999,-9999,0,-99,0,1,1,,,,,,,,,,,,,,,
GRI16_206,8/7/2018,7/1/2024,GRI1,6,206,,PICMAR,4.6,5.5,1,-99,0,1,1,,,,,,,,,,,,,,,
GRI16_207,8/7/2018,7/1/2024,GRI1,6,207,,PICMAR,7.7,8,1,-99,0,1,1,,,,,,,,,,,,,,,
GRI16_208,8/7/2018,7/1/2024,GRI1,6,208,,PICMAR,6.1,6.3,1,-99,0,1,1,,,,,,,,,,,,,,,
GRI16_2188,,7/1/2024,GRI1,6,2188,,PICMAR,,2.8,1,-99,0,1,1,,,,,,,,,,,,,,,
GRI16_2189,,7/1/2024,GRI1,6,2189,,PICMAR,,2.8,1,-99,0,1,1,,,,,,,,,,,,,,,
GRI16_2190,,7/1/2024,GRI1,6,2190,,PICMAR,,2.6,1,-99,0,1,1,,,,,,,,,,,,,,,
GRI16_2191,,7/1/2024,GRI1,6,2191,,PICMAR,,2.7,1,-99,0,1,1,,,,,,,,,,,,,,,
GRI17_209,8/7/2018,7/1/2024,GRI1,7,209,,PICMAR,3.3,4.3,1,-99,0,1,1,,,,,,,,,,,,,,,
GRI17_210,8/7/2018,7/1/2024,GRI1,7,210,,PICMAR,6.7,7.5,1,-99,0,1,1,,,,,,,,,,,,,,,
GRI17_211,8/7/2018,7/1/2024,GRI1,7,211,,PICMAR,5,5.3,1,-99,0,1,1,,,,,,,,,,,,,,,
GRI17_212,8/7/2018,7/1/2024,GRI1,7,212,,PICMAR,3.1,3.8,1,-99,0,1,1,,,,,,,,,,,,,,,
GRI17_213,8/7/2018,7/1/2024,GRI1,7,213,,PICMAR,5,5.4,1,-99,0,1,1,,,,,,,,,,,,,,,
GRI17_214,8/7/2018,7/1/2024,GRI1,7,214,,PICMAR,4.7,-7777,0,-99,0,1,1,,,,,,,,,,,,,,,
GRI17_215,8/7/2018,7/1/2024,GRI1,7,215,,PICMAR,3.5,4.3,1,-99,0,1,1,,,,,,,,,,,,,,,
GRI17_216,8/7/2018,7/1/2024,GRI1,7,216,,BETNEO,3.5,3.4,1,2,0,1,1,,,,,,,,,,,,,,,
GRI17_217,8/7/2018,7/1/2024,GRI1,7,217,,PICMAR,7.5,7.7,1,-99,0,1,1,,,,,,,,,,,,,,,
GRI17_218,8/7/2018,7/1/2024,GRI1,7,218,,PICMAR,4.5,5.1,1,-99,0,1,1,,,,,,,,,,,,,,,
GRI17_219,8/7/2018,7/1/2024,GRI1,7,219,,PICMAR,5.2,5.7,1,-99,0,1,1,,,,,,,,,,,,,,,
GRI17_220,8/7/2018,7/1/2024,GRI1,7,220,,PICMAR,3.8,4.1,1,-99,0,1,1,,,,,,,,,,,,,,,
GRI17_221,8/7/2018,7/1/2024,GRI1,7,221,,PICMAR,3,3.3,1,-99,0,1,1,,,,,,,,,,,,,,,
GRI17_222,8/7/2018,7/1/2024,GRI1,7,222,,PICMAR,2.7,3.2,1,-99,0,1,1,,,,,,,,,,,,,,,
GRI17_223,8/7/2018,7/1/2024,GRI1,7,223,,PICMAR,6.1,6.6,1,-99,0,1,1,,,,,,,,,,,,,,,
GRI18_224,8/7/2018,7/1/2024,GRI1,8,224,,PICMAR,4.8,5,1,-99,0,1,1,,,,,,,,,,,,,,,
GRI18_225,8/7/2018,7/1/2024,GRI1,8,225,,PICMAR,4.5,4.6,1,-99,0,1,1,,,,,,,,,,,,,,,
GRI18_226,8/7/2018,7/1/2024,GRI1,8,226,,BETNEO,7.7,7.7,1,-99,0,1,1,,,,,,,,,,,,,,,
GRI18_227,8/7/2018,7/1/2024,GRI1,8,227,,BETNEO,7.2,7.3,1,-99,0,1,1,,,,,,,,,,,,,,,
GRI18_228,8/7/2018,7/1/2024,GRI1,8,228,,BETNEO,4.5,-7777,0,1.5,0,1,1,,,,,,,,,,,,,,,
GRI18_229,8/7/2018,7/1/2024,GRI1,8,229,,PICMAR,5.2,5.8,1,-99,0,1,1,,,,,,,,,,,,,,,
GRI18_230,8/7/2018,7/1/2024,GRI1,8,230,,BETNEO,8.9,9,1,-99,0,1,1,,,,,,,,,,,,,,,
GRI18_231,8/7/2018,7/1/2024,GRI1,8,231,,PICMAR,2.9,3.1,1,-99,0,1,1,,,,,,,,,,,,,,,
GRI18_232,8/7/2018,7/1/2024,GRI1,8,232,,BETNEO,4.5,4.6,1,-99,0,1,1,,,,,,,,,,,,,,,
GRI18_233,8/7/2018,7/1/2024,GRI1,8,233,,PICMAR,2.9,3.3,1,-99,0,1,1,,,,,,,,,,,,,,,
GRI18_234,8/7/2018,7/1/2024,GRI1,8,234,,PICMAR,6.3,6.7,1,-99,0,1,1,,,,,,,,,,,,,,,
GRI18_235,8/7/2018,7/1/2024,GRI1,8,235,,PICMAR,3.7,4.1,1,-99,0,1,1,,,,,,,,,,,,,,,
GRI18_236,8/7/2018,7/1/2024,GRI1,8,236,,PICMAR,3.5,3.6,1,-99,0,1,1,,,,,,,,,,,,,,,
GRI18_237,8/7/2018,7/1/2024,GRI1,8,237,,PICMAR,4.2,4.2,1,-99,0,1,1,,,,,,,,,,,,,,,
GRI18_688,8/7/2018,7/1/2024,GRI1,8,688,,PICMAR,2.7,3.1,1,-99,0,1,1,,old notes-Near tree 238. 2019 notes-,,,,,,,,,,,,,
GRI18_1717,8/7/2018,7/1/2024,GRI1,8,1717,,PICMAR,2.8,3.2,1,-99,0,1,1,,old notes-Near tree 237. 2019 notes-,,,,,,,,,,,,,
GRI18_2192,,7/1/2024,GRI1,8,2192,,PICMAR,,2.9,1,-99,0,1,1,,,,,,,,,,,,,,,
GRI18_2193,,7/1/2024,GRI1,8,2193,,PICMAR,,2.5,1,-99,0,1,1,,,,,,,,,,,,,,,
GRI18_2194,,7/1/2024,GRI1,8,2194,,BETNEO,,3.2,1,-99,0,1,1,connected to 232,,,,,,,,,,,,,,
GRI19_238,8/7/2018,7/1/2024,GRI1,9,238,,PICMAR,3.5,3.5,1,-99,0,1,1,,,,,,,,,,,,,,,
GRI19_239,8/7/2018,7/1/2024,GRI1,9,239,,PICMAR,5.3,5.5,1,-99,0,1,1,,,,,,,,,,,,,,,
GRI19_240,8/7/2018,7/1/2024,GRI1,9,240,,PICMAR,4.6,4.9,1,-99,0,1,1,,,,,,,,,,,,,,,
GRI19_241,8/7/2018,7/1/2024,GRI1,9,241,,PICMAR,3,3.4,1,-99,0,1,1,,,,,,,,,,,,,,,
GRI19_242,8/7/2018,7/1/2024,GRI1,9,242,,PICMAR,3.6,3.8,1,-99,0,1,1,,,,,,,,,,,,,,,
GRI19_243,8/7/2018,7/1/2024,GRI1,9,243,,PICMAR,3.6,3.6,1,-99,0,1,1,,,,,,,,,,,,,,,
GRI19_244,8/7/2018,7/1/2024,GRI1,9,244,,PICMAR,2.9,3,1,-99,0,1,1,,,,,,,,,,,,,,,
GRI19_245,8/7/2018,7/1/2024,GRI1,9,245,,PICMAR,3,3,1,-99,0,1,1,,,,,,,,,,,,,,,
GRI19_246,8/7/2018,7/1/2024,GRI1,9,246,,PICMAR,3.8,4.2,1,-99,0,1,1,,,,,,,,,,,,,,,
GRI19_247,8/7/2018,7/1/2024,GRI1,9,247,,PICMAR,3.6,4,1,-99,0,1,1,,,,,,,,,,,,,,,
GRI19_248,8/7/2018,7/1/2024,GRI1,9,248,,PICMAR,3.1,3.1,1,-99,0,1,1,,,,,,,,,,,,,,,
GRI19_249,8/7/2018,7/1/2024,GRI1,9,249,,PICMAR,3.8,4,1,-99,0,1,1,,,,,,,,,,,,,,,
GRI19_250,8/7/2018,7/1/2024,GRI1,9,250,,PICMAR,3.3,3.4,1,-99,0,1,1,,,,,,,,,,,,,,,
GRI19_251,8/7/2018,7/1/2024,GRI1,9,251,,PICMAR,3.1,3.2,1,-99,0,1,1,,,,,,,,,,,,,,,
GRI19_252,8/7/2018,7/1/2024,GRI1,9,252,,BETNEO,3.1,3.3,1,-99,0,1,1,,,,,,,,,,,,,,,
GRI19_253,8/7/2018,7/1/2024,GRI1,9,253,,PICMAR,2.8,2.9,1,-99,0,1,1,,,,,,,,,,,,,,,
GRI19_254,8/7/2018,7/1/2024,GRI1,9,254,,PICMAR,2.8,3,1,-99,0,1,1,,,,,,,,,,,,,,,
GRI19_255,8/7/2018,7/1/2024,GRI1,9,255,,BETNEO,7.8,7.8,1,-99,0,1,1,,,,,,,,,,,,,,,
GRI19_256,8/7/2018,7/1/2024,GRI1,9,256,,PICMAR,4.8,5.2,1,-99,0,1,1,,,,,,,,,,,,,,,
GRI19_1718,8/7/2018,7/1/2024,GRI1,9,1718,,PICMAR,2.6,3.3,1,-99,0,1,1,,old notes-Near tree 247. 2019 notes-,,,,,,,,,,,,,
GRI19_2195,,7/1/2024,GRI1,9,2195,,PICMAR,,2.8,1,-99,0,1,1,,,,,,,,,,,,,,,
GRI19_2196,,7/1/2024,GRI1,9,2196,,PICMAR,,2.8,1,-99,0,1,1,,,,,,,,,,,,,,,
GRI19_2197,,7/1/2024,GRI1,9,2197,,PICMAR,,2.8,1,-99,0,1,1,,,,,,,,,,,,,,,
GRI19_2198,,7/1/2024,GRI1,9,2198,,PICMAR,,2.7,1,-99,0,1,1,,,,,,,,,,,,,,,
GRI19_2199,,7/1/2024,GRI1,9,2199,,PICMAR,,2.8,1,-99,0,1,1,,,,,,,,,,,,,,,
GRI19_2200,,7/1/2024,GRI1,9,2200,,PICMAR,,2.6,1,-99,0,1,1,,,,,,,,,,,,,,,
GRI111_257,8/7/2018,7/1/2024,GRI1,11,257,,PICMAR,4.3,4.6,1,-99,0,1,1,,,,,,,,,,,,,,,
GRI111_258,8/7/2018,7/1/2024,GRI1,11,258,,PICMAR,4.3,4.3,1,-99,0,1,1,,,,,,,,,,,,,,,
GRI111_259,8/7/2018,7/1/2024,GRI1,11,259,,PICMAR,2.9,3.3,1,-99,0,1,1,,,,,,,,,,,,,,,
GRI111_260,8/7/2018,7/1/2024,GRI1,11,260,,PICMAR,5.9,5.9,1,-99,0,1,1,,,,,,,,,,,,,,,
GRI111_261,8/7/2018,7/1/2024,GRI1,11,261,,PICMAR,4.3,5,1,-99,0,1,1,,,,,,,,,,,,,,,
GRI111_262,8/7/2018,7/1/2024,GRI1,11,262,,PICMAR,3.5,4,1,-99,0,1,1,,,,,,,,,,,,,,,
GRI111_263,8/7/2018,7/1/2024,GRI1,11,263,,PICMAR,3.5,3.8,1,-99,0,1,1,,,,,,,,,,,,,,,
GRI111_264,8/7/2018,7/1/2024,GRI1,11,264,,PICMAR,3.3,3.6,1,-99,0,1,1,,,,,,,,,,,,,,,
GRI111_265,8/7/2018,7/1/2024,GRI1,11,265,,PICMAR,3.5,3.7,1,-99,0,1,1,,,,,,,,,,,,,,,
GRI111_266,8/7/2018,7/1/2024,GRI1,11,266,,BETNEO,3.9,4.1,1,-99,0,1,1,,,,,,,,,,,,,,,
GRI111_267,8/7/2018,7/1/2024,GRI1,11,267,,PICMAR,3.2,3.5,1,-99,0,1,1,,,,,,,,,,,,,,,
GRI111_268,8/7/2018,7/1/2024,GRI1,11,268,,PICMAR,2.9,3.1,1,-99,0,1,1,,,,,,,,,,,,,,,
GRI111_269,8/7/2018,7/1/2024,GRI1,11,269,,PICMAR,3.4,3.5,1,-99,0,1,1,,,,,,,,,,,,,,,
GRI111_270,8/7/2018,7/1/2024,GRI1,11,270,,PICMAR,3.3,3.3,1,-99,0,1,1,,,,,,,,,,,,,,,
GRI111_271,8/7/2018,7/1/2024,GRI1,11,271,,PICMAR,3,3.2,1,-99,0,1,1,,,,,,,,,,,,,,,
GRI111_272,8/7/2018,7/1/2024,GRI1,11,272,,PICMAR,2.9,3,1,-99,0,1,1,,,,,,,,,,,,,,,
GRI111_273,8/7/2018,7/1/2024,GRI1,11,273,,BETNEO,2.9,3,1,-99,0,1,1,,,,,,,,,,,,,,,
GRI111_274,8/7/2018,7/1/2024,GRI1,11,274,,PICMAR,3.4,3.7,1,-99,0,1,1,,,,,,,,,,,,,,,
GRI111_275,8/7/2018,7/1/2024,GRI1,11,275,,PICMAR,3.5,3.7,1,-99,0,1,1,,,,,,,,,,,,,,,
GRI111_2201,,7/1/2024,GRI1,11,2201,,PICMAR,,2.8,1,-99,0,1,1,,,,,,,,,,,,,,,
GRI111_2202,,7/1/2024,GRI1,11,2202,,PICMAR,,2.7,1,-99,0,1,1,,,,,,,,,,,,,,,
GRI111_2203,,7/1/2024,GRI1,11,2203,,PICMAR,,3.1,1,-99,0,1,1,,,,,,,,,,,,,,,
GRI111_2204,,7/1/2024,GRI1,11,2204,,PICMAR,,2.5,1,-99,0,1,1,,,,,,,,,,,,,,,
GRI111_2205,,7/1/2024,GRI1,11,2205,,PICMAR,,2.5,1,-99,0,1,1,,,,,,,,,,,,,,,
GRI112_301,8/7/2018,7/1/2024,GRI1,12,301,,BETNEO,10,10.2,1,-99,0,1,1,,,,,,,,,,,,,,,
GRI112_302,8/7/2018,7/1/2024,GRI1,12,302,,PICMAR,5.5,5.5,1,-99,0,1,1,,,,,,,,,,,,,,,
GRI112_425,8/7/2018,7/1/2024,GRI1,12,425,,PICMAR,3.2,3.3,1,-99,0,1,1,,,,,,,,,,,,,,,
GRI112_426,8/7/2018,7/1/2024,GRI1,12,426,,PICMAR,3.1,3.5,1,-99,0,1,1,,,,,,,,,,,,,,,
GRI112_427,8/7/2018,7/1/2024,GRI1,12,427,,PICMAR,3.2,3.4,1,-99,0,1,1,,,,,,,,,,,,,,,
GRI112_428,8/7/2018,7/1/2024,GRI1,12,428,,PICMAR,4.3,4.4,1,-99,0,1,1,,,,,,,,,,,,,,,
GRI112_429,8/7/2018,7/1/2024,GRI1,12,429,,PICMAR,3.1,3.2,1,-99,0,1,1,,,,,,,,,,,,,,,
GRI112_430,8/7/2018,7/1/2024,GRI1,12,430,,PICMAR,4.6,4.3,1,-99,0,1,1,,,,,,,,,,,,,,,
GRI112_431,8/7/2018,7/1/2024,GRI1,12,431,,PICMAR,3.4,4,1,-99,0,1,1,,,,,,,,,,,,,,,
GRI112_432,8/7/2018,7/1/2024,GRI1,12,432,,PICMAR,3.3,3.6,1,-99,0,1,1,,,,,,,,,,,,,,,
GRI112_433,8/7/2018,7/1/2024,GRI1,12,433,,BETNEO,3.6,3.7,1,2.25,0,1,1,,,,,,,,,,,,,,,
GRI112_434,8/7/2018,7/1/2024,GRI1,12,434,,BETNEO,3,3,1,2,0,1,1,,,,,,,,,,,,,,,
GRI112_435,8/7/2018,7/1/2024,GRI1,12,435,,PICMAR,4.1,4.1,1,-99,0,1,1,,,,,,,,,,,,,,,
GRI112_436,8/7/2018,7/1/2024,GRI1,12,436,,PICMAR,4,4.4,1,-99,0,1,1,,,,,,,,,,,,,,,
GRI112_437,8/7/2018,7/1/2024,GRI1,12,437,,PICMAR,3.7,4,1,-99,0,1,1,,,,,,,,,,,,,,,
GRI112_438,8/7/2018,7/1/2024,GRI1,12,438,,PICMAR,4.4,4.8,1,-99,0,1,1,,,,,,,,,,,,,,,
GRI112_439,8/7/2018,7/1/2024,GRI1,12,439,,PICMAR,4.3,4.4,1,-99,0,1,1,,,,,,,,,,,,,,,
GRI112_440,8/7/2018,7/1/2024,GRI1,12,440,,PICMAR,3.1,3.3,1,-99,0,1,1,,,,,,,,,,,,,,,
GRI112_441,8/7/2018,7/1/2024,GRI1,12,441,,PICMAR,5.5,6.3,1,-99,0,1,1,,,,,,,,,,,,,,,
GRI112_442,8/7/2018,7/1/2024,GRI1,12,442,,PICMAR,4.5,4.6,1,-99,0,1,1,,,,,,,,,,,,,,,
GRI112_443,8/7/2018,7/1/2024,GRI1,12,443,,PICMAR,3.1,3.5,1,-99,0,1,1,,,,,,,,,,,,,,,
GRI112_444,8/7/2018,7/1/2024,GRI1,12,444,,BETNEO,5.4,-7777,0,2.5,0,1,1,,,,,,,,,,,,,,,
GRI112_445,8/7/2018,7/1/2024,GRI1,12,445,,BETNEO,7.3,7.4,1,-99,0,1,1,,,,,,,,,,,,,,,
GRI112_446,8/7/2018,7/1/2024,GRI1,12,446,,PICMAR,3.3,4,1,-99,0,1,1,,,,,,,,,,,,,,,
GRI112_447,8/7/2018,7/1/2024,GRI1,12,447,,PICMAR,4,4.1,1,-99,0,1,1,,,,,,,,,,,,,,,
GRI112_448,8/7/2018,7/1/2024,GRI1,12,448,,PICMAR,3.3,3.4,1,-99,0,1,1,,,,,,,,,,,,,,,
GRI112_449,8/7/2018,7/1/2024,GRI1,12,449,,PICMAR,2.8,3.3,1,-99,0,1,1,,,,,,,,,,,,,,,
GRI112_450,8/7/2018,7/1/2024,GRI1,12,450,,PICMAR,3,3.5,1,-99,0,1,1,,,,,,,,,,,,,,,
GRI112_451,8/7/2018,7/1/2024,GRI1,12,451,,PICMAR,4.1,4.4,1,-99,0,1,1,,,,,,,,,,,,,,,
GRI112_452,8/7/2018,7/1/2024,GRI1,12,452,,PICMAR,6,6,1,-99,0,1,1,,,,,,,,,,,,,,,
GRI112_453,8/7/2018,7/1/2024,GRI1,12,453,,BETNEO,2.5,3.5,1,-99,0,1,1,,,,,,,,,,,,,,,
GRI112_454,8/7/2018,7/1/2024,GRI1,12,454,,PICMAR,3,3.2,1,-99,0,1,1,,,,,,,,,,,,,,,
GRI112_2206,,7/1/2024,GRI1,12,2206,,PICMAR,,2.5,1,-99,0,1,1,,,,,,,,,,,,,,,
GRI112_2207,,7/1/2024,GRI1,12,2207,,PICMAR,,2.9,1,-99,0,1,1,,,,,,,,,,,,,,,
GRI112_2208,,7/1/2024,GRI1,12,2208,,PICMAR,,3,1,-99,0,1,1,,,,,,,,,,,,,,,
GRI112_2209,,7/1/2024,GRI1,12,2209,,PICMAR,,2.7,1,-99,0,1,1,,,,,,,,,,,,,,,
GRI112_2210,,7/1/2024,GRI1,12,2210,,PICMAR,,2.5,1,-99,0,1,1,,,,,,,,,,,,,,,
GRI113_455,8/7/2018,7/1/2024,GRI1,13,455,,PICMAR,6.4,6.6,1,-99,0,1,1,,,,,,,,,,,,,,,
GRI113_456,8/7/2018,7/1/2024,GRI1,13,456,,BETNEO,4.3,4.4,1,-99,0,1,1,,,,,,,,,,,,,,,
GRI113_457,8/7/2018,7/1/2024,GRI1,13,457,,PICMAR,3.4,4.1,1,-99,0,1,1,,,,,,,,,,,,,,,
GRI113_458,8/7/2018,7/1/2024,GRI1,13,458,,PICMAR,2.6,2.6,1,-99,0,1,1,,,,,,,,,,,,,,,
GRI113_459,8/7/2018,7/1/2024,GRI1,13,459,,PICMAR,3.6,4,1,-99,0,1,1,,,,,,,,,,,,,,,
GRI113_460,8/7/2018,7/1/2024,GRI1,13,460,,PICMAR,3.7,4.1,1,-99,0,1,1,,,,,,,,,,,,,,,
GRI113_461,8/7/2018,7/1/2024,GRI1,13,461,,PICMAR,3,3.6,1,-99,0,1,1,,,,,,,,,,,,,,,
GRI113_462,8/7/2018,7/1/2024,GRI1,13,462,,PICMAR,4,4.4,1,-99,0,1,1,,,,,,,,,,,,,,,
GRI113_463,8/7/2018,7/1/2024,GRI1,13,463,,BETNEO,4.2,-7777,0,2,0,1,1,,,,,,,,,,,,,,,
GRI113_464,8/7/2018,7/1/2024,GRI1,13,464,,PICMAR,4.5,4.7,1,-99,0,1,1,,,,,,,,,,,,,,,
GRI113_465,8/7/2018,7/1/2024,GRI1,13,465,,PICMAR,6.2,6.4,1,-99,0,1,1,,,,,,,,,,,,,,,
GRI113_466,8/7/2018,7/1/2024,GRI1,13,466,,PICMAR,3.8,4.1,1,-99,0,1,1,,,,,,,,,,,,,,,
GRI113_467,8/7/2018,7/1/2024,GRI1,13,467,,PICMAR,4.18,4.3,1,-99,0,1,1,,,,,,,,,,,,,,,
GRI113_468,8/7/2018,7/1/2024,GRI1,13,468,,PICMAR,6.8,6.9,1,-99,0,1,1,,,,,,,,,,,,,,,
GRI113_469,8/7/2018,7/1/2024,GRI1,13,469,,PICMAR,4.1,4.2,1,-99,0,1,1,,,,,,,,,,,,,,,
GRI113_470,8/7/2018,7/1/2024,GRI1,13,470,,PICMAR,4.8,4.9,1,-99,0,1,1,,,,,,,,,,,,,,,
GRI113_471,8/7/2018,7/1/2024,GRI1,13,471,,PICMAR,3.8,4,1,-99,0,1,1,,,,,,,,,,,,,,,
GRI113_472,8/7/2018,7/1/2024,GRI1,13,472,,BETNEO,6,6.1,1,-99,0,1,1,,,,,,,,,,,,,,,
GRI113_473,8/7/2018,7/1/2024,GRI1,13,473,,PICMAR,2.9,3.1,1,-99,0,1,1,,,,,,,,,,,,,,,
GRI113_474,8/7/2018,7/1/2024,GRI1,13,474,,PICMAR,4.2,4.3,1,-99,0,1,1,,,,,,,,,,,,,,,
GRI113_475,8/7/2018,7/1/2024,GRI1,13,475,,PICMAR,3.9,4.3,1,-99,0,1,1,,,,,,,,,,,,,,,
GRI113_476,8/7/2018,7/1/2024,GRI1,13,476,,PICMAR,2.9,3.5,1,-99,0,1,1,,,,,,,,,,,,,,,
GRI113_477,8/7/2018,7/1/2024,GRI1,13,477,,PICMAR,5.4,5.8,1,-99,0,1,1,,,,,,,,,,,,,,,
GRI113_478,8/7/2018,7/1/2024,GRI1,13,478,,PICMAR,4.1,4.4,1,-99,0,1,1,,,,,,,,,,,,,,,
GRI113_479,8/7/2018,7/1/2024,GRI1,13,479,,PICMAR,3.2,3.8,1,-99,0,1,1,,,,,,,,,,,,,,,
GRI113_480,8/7/2018,7/1/2024,GRI1,13,480,,PICMAR,3,3.3,1,-99,0,1,1,,,,,,,,,,,,,,,
GRI113_2211,,7/1/2024,GRI1,13,2211,,PICMAR,,2.8,1,-99,0,1,1,,,,,,,,,,,,,,,
GRI113_2212,,7/1/2024,GRI1,13,2212,,PICMAR,,2.9,1,-99,0,1,1,,,,,,,,,,,,,,,
GRI114_481,8/7/2018,7/1/2024,GRI1,14,481,,PICMAR,3.5,4.3,1,-99,0,1,1,,,,,,,,,,,,,,,
GRI114_482,8/7/2018,7/1/2024,GRI1,14,482,,PICMAR,4.4,4.9,1,-99,0,1,1,,,,,,,,,,,,,,,
GRI114_483,8/7/2018,7/1/2024,GRI1,14,483,,PICMAR,3.9,4,1,-99,0,1,1,,,,,,,,,,,,,,,
GRI114_484,8/7/2018,7/1/2024,GRI1,14,484,,PICMAR,5.9,6.1,1,-99,0,1,1,,,,,,,,,,,,,,,
GRI114_485,8/7/2018,7/1/2024,GRI1,14,485,,PICMAR,3.4,3.6,1,-99,0,1,1,,,,,,,,,,,,,,,
GRI114_486,8/7/2018,7/1/2024,GRI1,14,486,,PICMAR,3.1,3.4,1,-99,0,1,1,,,,,,,,,,,,,,,
GRI114_487,8/7/2018,7/1/2024,GRI1,14,487,,PICMAR,5,5.5,1,-99,0,1,1,,,,,,,,,,,,,,,
GRI114_488,8/7/2018,7/1/2024,GRI1,14,488,,PICMAR,4.1,4.7,1,-99,0,1,1,,,,,,,,,,,,,,,
GRI114_489,8/7/2018,7/1/2024,GRI1,14,489,,PICMAR,3.4,3.7,1,-99,0,1,1,,,,,,,,,,,,,,,
GRI114_490,8/7/2018,7/1/2024,GRI1,14,490,,PICMAR,4.2,4.5,1,-99,0,1,1,,,,,,,,,,,,,,,
GRI114_491,8/7/2018,7/1/2024,GRI1,14,491,,PICMAR,3,3.2,1,-99,0,1,1,,,,,,,,,,,,,,,
GRI114_492,8/7/2018,7/1/2024,GRI1,14,492,,PICMAR,4.2,4.5,1,-99,0,1,1,,,,,,,,,,,,,,,
GRI114_493,8/7/2018,7/1/2024,GRI1,14,493,,PICMAR,5.1,5.4,1,-99,0,1,1,,,,,,,,,,,,,,,
GRI114_494,8/7/2018,7/1/2024,GRI1,14,494,,PICMAR,5.4,5.7,1,-99,0,1,1,,,,,,,,,,,,,,,
GRI114_495,8/7/2018,7/1/2024,GRI1,14,495,,PICMAR,5.4,5.8,1,-99,0,1,1,,,,,,,,,,,,,,,
GRI114_496,8/7/2018,7/1/2024,GRI1,14,496,,PICMAR,3.3,4,1,-99,0,1,1,,,,,,,,,,,,,,,
GRI114_497,8/7/2018,7/1/2024,GRI1,14,497,,PICMAR,4.7,5.3,1,-99,0,1,1,,,,,,,,,,,,,,,
GRI114_498,8/7/2018,7/1/2024,GRI1,14,498,,BETNEO,8.2,8.5,1,-99,0,1,1,,,,,,,,,,,,,,,
GRI114_499,8/7/2018,7/1/2024,GRI1,14,499,,PICMAR,4.4,4.8,1,-99,0,1,1,,,,,,,,,,,,,,,
GRI114_500,8/7/2018,7/1/2024,GRI1,14,500,,PICMAR,4.1,4.6,1,-99,0,1,1,,,,,,,,,,,,,,,
GRI114_2213,,7/1/2024,GRI1,14,2213,,PICMAR,,3.3,1,-99,0,1,1,,,,,,,,,,,,,,,
GRI114_2214,,7/1/2024,GRI1,14,2214,,PICMAR,,2.6,1,-99,0,1,1,,,,,,,,,,,,,,,
GRI114_2215,,7/1/2024,GRI1,14,2215,,PICMAR,,3.1,1,-99,0,1,1,,,,,,,,,,,,,,,
GRI114_2216,,7/1/2024,GRI1,14,2216,,PICMAR,,2.7,1,-99,0,1,1,,,,,,,,,,,,,,,
GRI114_2217,,7/1/2024,GRI1,14,2217,,PICMAR,,2.6,1,-99,0,1,1,,,,,,,,,,,,,,,
GRI114_2218,,7/1/2024,GRI1,14,2218,,PICMAR,,2.8,1,-99,0,1,1,,,,,,,,,,,,,,,
GRI114_2219,,7/1/2024,GRI1,14,2219,,PICMAR,,3.4,1,-99,0,1,1,,,,,,,,,,,,,,,
GRI114_2220,,7/1/2024,GRI1,14,2220,,PICMAR,,2.8,1,-99,0,1,1,,,,,,,,,,,,,,,
GRI21_21,8/7/2018,7/1/2024,GRI2,1,21,,PICMAR,3.3,4.3,1,-99,0,1,1,,,,,,,,,,,,,,,
GRI21_22,8/7/2018,7/1/2024,GRI2,1,22,,POPTRE,10.2,-7777,0,-99,0,1,1,,,,,,,,,,,,,,,
GRI21_23,8/7/2018,7/1/2024,GRI2,1,23,,POPTRE,-9999,-7777,0,-99,0,1,1,,,,,,,,,,,,,,,
GRI21_24,8/7/2018,7/1/2024,GRI2,1,24,,POPTRE,-9999,-8888,0,-99,0,1,1,,,,,,,,,,,,,,,
GRI21_25,8/7/2018,7/1/2024,GRI2,1,25,,BETNEO,14.1,-7777,0,6,0,1,1,,,,,,,,,,,,,,,
GRI21_26,8/7/2018,7/1/2024,GRI2,1,26,,POPTRE,-9999,-8888,0,-99,0,1,1,,,,,,,,,,,,,,,
GRI21_27,8/7/2018,7/1/2024,GRI2,1,27,,POPTRE,-9999,-7777,0,-99,0,1,1,,,,,,,,,,,,,,,
GRI21_28,8/7/2018,7/1/2024,GRI2,1,28,,POPTRE,9.6,-9999,0,-99,0,1,1,,,,,,,,,,,,,,,
GRI21_29,8/7/2018,7/1/2024,GRI2,1,29,,POPTRE,-9999,-8888,0,-99,0,1,1,,,,,,,,,,,,,,,
GRI21_30,8/7/2018,7/1/2024,GRI2,1,30,,POPTRE,-9999,-8888,0,-99,0,1,1,,,,,,,,,,,,,,,
GRI21_31,8/7/2018,7/1/2024,GRI2,1,31,,POPTRE,17.7,-7777,0,-99,0,1,1,,,,,,,,,,,,,,,
GRI21_32,8/7/2018,7/1/2024,GRI2,1,32,,POPTRE,-9999,-7777,0,-99,0,1,1,,,,,,,,,,,,,,,
GRI21_34,8/7/2018,7/1/2024,GRI2,1,34,,POPTRE,-9999,-8888,0,-99,0,1,1,,,,,,,,,,,,,,,
GRI21_35,8/7/2018,7/1/2024,GRI2,1,35,,POPTRE,-9999,-8888,0,-99,0,1,1,,,,,,,,,,,,,,,
GRI21_36,8/7/2018,7/1/2024,GRI2,1,36,,POPTRE,4.2,-9999,0,-99,0,1,1,,,,,,,,,,,,,,,
GRI21_37,8/7/2018,7/1/2024,GRI2,1,37,,POPTRE,10.9,11.3,1,-99,0,1,1,,,,,,,,,,,,,,,
GRI21_38,8/7/2018,7/1/2024,GRI2,1,38,,BETNEO,7.5,8,1,-99,0,1,1,,,,,,,,,,,,,,,
GRI21_39,8/7/2018,7/1/2024,GRI2,1,39,,POPTRE,-9999,-8888,0,-99,0,1,1,,,,,,,,,,,,,,,
GRI21_40,8/7/2018,7/1/2024,GRI2,1,40,,POPTRE,16.6,17.7,1,-99,0,1,1,,,,,,,,,,,,,,,
GRI21_41,8/7/2018,7/1/2024,GRI2,1,41,,POPTRE,9.8,-7777,0,-99,0,1,1,,,,,,,,,,,,,,,
GRI21_42,8/7/2018,7/1/2024,GRI2,1,42,,POPTRE,-9999,-8888,0,-99,0,1,1,,,,,,,,,,,,,,,
GRI21_43,8/7/2018,7/1/2024,GRI2,1,43,,POPTRE,13.3,-8888,1,-99,0,1,1,"we think 2223 is this one, it wasnt painted or tagged though",,,,,,,,,,,,,,
GRI21_44,8/7/2018,7/1/2024,GRI2,1,44,,POPTRE,-9999,-8888,0,-99,0,1,1,,,,,,,,,,,,,,,
GRI21_45,8/7/2018,7/1/2024,GRI2,1,45,,POPTRE,-9999,-7777,0,-99,0,1,1,,,,,,,,,,,,,,,
GRI21_46,8/7/2018,7/1/2024,GRI2,1,46,,POPTRE,-9999,-7777,0,-99,0,1,1,,,,,,,,,,,,,,,
GRI21_47,8/7/2018,7/1/2024,GRI2,1,47,,POPTRE,-9999,-8888,0,-99,0,1,1,,,,,,,,,,,,,,,
GRI21_48,8/7/2018,7/1/2024,GRI2,1,48,,POPTRE,6.7,-7777,0,-99,0,1,1,,,,,,,,,,,,,,,
GRI21_49,8/7/2018,7/1/2024,GRI2,1,49,,POPTRE,14.1,14.6,1,-99,0,1,1,,,,,,,,,,,,,,,
GRI21_50,8/7/2018,7/1/2024,GRI2,1,50,,POPTRE,-9999,-7777,0,-99,0,1,1,,,,,,,,,,,,,,,
GRI21_51,8/7/2018,7/1/2024,GRI2,1,51,,POPTRE,-9999,-9999,0,-99,0,1,1,,,,,,,,,,,,,,,
GRI21_52,8/7/2018,7/1/2024,GRI2,1,52,,POPTRE,-9999,-7777,0,1,0,1,1,,,,,,,,,,,,,,,
GRI21_53,8/7/2018,7/1/2024,GRI2,1,53,,POPTRE,-9999,-8888,0,-99,0,1,1,,,,,,,,,,,,,,,
GRI21_54,8/7/2018,7/1/2024,GRI2,1,54,,POPTRE,16.7,17.8,1,-99,0,1,1,,,,,,,,,,,,,,,
GRI21_55,8/7/2018,7/1/2024,GRI2,1,55,,POPTRE,-9999,-8888,0,-99,0,1,1,,,,,,,,,,,,,,,
GRI21_56,8/7/2018,7/1/2024,GRI2,1,56,,POPTRE,-9999,-8888,0,-99,0,1,1,,,,,,,,,,,,,,,
GRI21_57,8/7/2018,7/1/2024,GRI2,1,57,,POPTRE,-9999,-8888,0,-99,0,1,1,,,,,,,,,,,,,,,
GRI21_58,8/7/2018,7/1/2024,GRI2,1,58,,POPTRE,-9999,-7777,0,-99,0,1,1,,,,,,,,,,,,,,,
GRI21_59,8/7/2018,7/1/2024,GRI2,1,59,,POPTRE,-9999,-9999,0,-99,0,1,1,,,,,,,,,,,,,,,
GRI21_60,8/7/2018,7/1/2024,GRI2,1,60,,POPTRE,-9999,-7777,0,-99,0,1,1,,,,,,,,,,,,,,,
GRI21_61,8/7/2018,7/1/2024,GRI2,1,61,,POPTRE,10.7,11.1,1,-99,0,1,1,,,,,,,,,,,,,,,
GRI21_62,8/7/2018,7/1/2024,GRI2,1,62,,POPTRE,-9999,-8888,0,-99,0,1,1,,,,,,,,,,,,,,,
GRI21_63,8/7/2018,7/1/2024,GRI2,1,63,,POPTRE,-9999,-8888,0,-99,0,1,1,,,,,,,,,,,,,,,
GRI21_64,8/7/2018,7/1/2024,GRI2,1,64,,POPTRE,-9999,-8888,0,-99,0,1,1,,,,,,,,,,,,,,,
GRI21_65,8/7/2018,7/1/2024,GRI2,1,65,,POPTRE,-9999,-8888,0,-99,0,1,1,,,,,,,,,,,,,,,
GRI21_66,8/7/2018,7/1/2024,GRI2,1,66,,POPTRE,-9999,-8888,0,-99,0,1,1,,,,,,,,,,,,,,,
GRI21_67,8/7/2018,7/1/2024,GRI2,1,67,,POPTRE,-9999,-7777,0,-99,0,1,1,,,,,,,,,,,,,,,
GRI21_68,8/7/2018,7/1/2024,GRI2,1,68,,POPTRE,-9999,-8888,0,-99,0,1,1,,,,,,,,,,,,,,,
GRI21_69,8/7/2018,7/1/2024,GRI2,1,69,,POPTRE,-9999,-8888,0,-99,0,1,1,,,,,,,,,,,,,,,
GRI21_70,8/7/2018,7/1/2024,GRI2,1,70,,POPTRE,8.7,-7777,0,-99,0,1,1,,,,,,,,,,,,,,,
GRI21_71,8/7/2018,7/1/2024,GRI2,1,71,,BETNEO,10.5,11,1,-99,0,1,1,,,,,,,,,,,,,,,
GRI21_72,8/7/2018,7/1/2024,GRI2,1,72,,POPTRE,15.4,-9999,0,-99,0,1,1,,,,,,,,,,,,,,,
GRI21_73,8/7/2018,7/1/2024,GRI2,1,73,,BETNEO,9.2,9.6,1,-99,0,1,1,,,,,,,,,,,,,,,
GRI21_74,8/7/2018,7/1/2024,GRI2,1,74,,POPTRE,9.4,-7777,0,-99,0,1,1,,,,,,,,,,,,,,,
GRI21_75,8/7/2018,7/1/2024,GRI2,1,75,,POPTRE,15,15.5,1,-99,0,1,1,,,,,,,,,,,,,,,
GRI21_76,8/7/2018,7/1/2024,GRI2,1,76,,POPTRE,18.6,19.8,1,-99,0,1,1,,,,,,,,,,,,,,,
GRI21_77,8/7/2018,7/1/2024,GRI2,1,77,,POPTRE,-9999,-8888,0,-99,0,1,1,,,,,,,,,,,,,,,
GRI21_78,8/7/2018,7/1/2024,GRI2,1,78,,POPTRE,15.5,15.4,1,-99,0,1,1,,,,,,,,,,,,,,,
GRI21_79,8/7/2018,7/1/2024,GRI2,1,79,,BETNEO,13.5,14.5,1,-99,0,1,1,,,,,,,,,,,,,,,
GRI21_80,8/7/2018,7/1/2024,GRI2,1,80,,POPTRE,-9999,-8888,0,-99,0,1,1,,,,,,,,,,,,,,,
GRI21_81,8/7/2018,7/1/2024,GRI2,1,81,,POPTRE,-9999,-8888,0,-99,0,1,1,,,,,,,,,,,,,,,
GRI21_82,8/7/2018,7/1/2024,GRI2,1,82,,POPTRE,-9999,-7777,0,-99,0,1,1,,,,,,,,,,,,,,,
GRI21_83,8/7/2018,7/1/2024,GRI2,1,83,,POPTRE,15.4,15.6,1,-99,0,1,1,,,,,,,,,,,,,,,
GRI21_84,8/7/2018,7/1/2024,GRI2,1,84,,POPTRE,13.2,13.7,1,-99,0,1,1,,,,,,,,,,,,,,,
GRI21_85,8/7/2018,7/1/2024,GRI2,1,85,,POPTRE,-9999,-8888,0,-99,0,1,1,,,,,,,,,,,,,,,
GRI21_86,8/7/2018,7/1/2024,GRI2,1,86,,POPTRE,14.7,15.1,1,-99,0,1,1,,,,,,,,,,,,,,,
GRI21_87,8/7/2018,7/1/2024,GRI2,1,87,,POPTRE,-9999,-9999,0,-99,0,1,1,,,,,,,,,,,,,,,
GRI21_88,8/7/2018,7/1/2024,GRI2,1,88,,POPTRE,-9999,-7777,0,-99,0,1,1,,,,,,,,,,,,,,,
GRI21_2221,,7/1/2024,GRI2,1,2221,,PICGLA,,2.8,1,-99,0,1,1,,,,,,,,,,,,,,,
GRI21_2222,,7/1/2024,GRI2,1,2222,,PICGLA,,3.8,1,-99,0,1,1,,,,,,,,,,,,,,,
GRI21_2223,,7/1/2024,GRI2,1,2223,,POPTRE,,17.7,1,-99,0,1,1,,,,,,,,,,,,,,,
GRI22_89,8/7/2018,7/1/2024,GRI2,2,89,,POPTRE,-9999,-9999,0,-99,0,1,1,,,,,,,,,,,,,,,
GRI22_90,8/7/2018,7/1/2024,GRI2,2,90,,POPTRE,-9999,-8888,0,-99,0,1,1,,,,,,,,,,,,,,,
GRI22_91,8/7/2018,7/1/2024,GRI2,2,91,,POPTRE,-9999,-8888,0,-99,0,1,1,,,,,,,,,,,,,,,
GRI22_92,8/7/2018,7/1/2024,GRI2,2,92,,POPTRE,-9999,-8888,0,-99,0,1,1,,,,,,,,,,,,,,,
GRI22_93,8/7/2018,7/1/2024,GRI2,2,93,,POPTRE,14.1,-7777,0,-99,0,1,1,,,,,,,,,,,,,,,
GRI22_94,8/7/2018,7/1/2024,GRI2,2,94,,POPTRE,-9999,-8888,0,-99,0,1,1,,,,,,,,,,,,,,,
GRI22_95,8/7/2018,7/1/2024,GRI2,2,95,,POPTRE,12.8,13.2,1,-99,0,1,1,,,,,,,,,,,,,,,
GRI22_96,8/7/2018,7/1/2024,GRI2,2,96,,POPTRE,-9999,-8888,0,-99,0,1,1,,,,,,,,,,,,,,,
GRI22_97,8/7/2018,7/1/2024,GRI2,2,97,,POPTRE,-9999,-7777,0,-99,0,1,1,,,,,,,,,,,,,,,
GRI22_98,8/7/2018,7/1/2024,GRI2,2,98,,POPTRE,14.2,15.3,1,-99,0,1,1,,,,,,,,,,,,,,,
GRI22_99,8/7/2018,7/1/2024,GRI2,2,99,,POPTRE,-9999,-9999,0,-99,0,1,1,,,,,,,,,,,,,,,
GRI22_100,8/7/2018,7/1/2024,GRI2,2,100,,POPTRE,-9999,-8888,0,-99,0,1,1,,,,,,,,,,,,,,,
GRI22_101,8/7/2018,7/1/2024,GRI2,2,101,,POPTRE,-9999,-8888,0,-99,0,1,1,,,,,,,,,,,,,,,
GRI22_102,8/7/2018,7/1/2024,GRI2,2,102,,POPTRE,-9999,-7777,0,-99,0,1,1,,,,,,,,,,,,,,,
GRI22_103,8/7/2018,7/1/2024,GRI2,2,103,,POPTRE,12.3,12.3,1,-99,0,1,1,,,,,,,,,,,,,,,
GRI22_104,8/7/2018,7/1/2024,GRI2,2,104,,POPTRE,-9999,-7777,0,-99,0,1,1,,,,,,,,,,,,,,,
GRI22_105,8/7/2018,7/1/2024,GRI2,2,105,,BETNEO,9.2,9.8,1,-99,0,1,1,,,,,,,,,,,,,,,
GRI22_106,8/7/2018,7/1/2024,GRI2,2,106,,PICGLA,6.2,7.4,1,-99,0,1,1,,,,,,,,,,,,,,,
GRI22_107,8/7/2018,7/1/2024,GRI2,2,107,,POPTRE,10,10.3,1,-99,0,1,1,,,,,,,,,,,,,,,
GRI22_108,8/7/2018,7/1/2024,GRI2,2,108,,POPTRE,-9999,-8888,0,-99,0,1,1,,,,,,,,,,,,,,,
GRI22_109,8/7/2018,7/1/2024,GRI2,2,109,,POPTRE,-9999,-7777,0,-99,0,1,1,,,,,,,,,,,,,,,
GRI22_110,8/7/2018,7/1/2024,GRI2,2,110,,POPTRE,13,-7777,0,-99,0,1,1,,,,,,,,,,,,,,,
GRI22_111,8/7/2018,7/1/2024,GRI2,2,111,,POPTRE,12.8,-7777,0,-99,0,1,1,,,,,,,,,,,,,,,
GRI22_112,8/7/2018,7/1/2024,GRI2,2,112,,POPTRE,-9999,-8888,0,-99,0,1,1,,,,,,,,,,,,,,,
GRI22_113,8/7/2018,7/1/2024,GRI2,2,113,,BETNEO,14,15.3,1,-99,0,1,1,,,,,,,,,,,,,,,
GRI22_114,8/7/2018,7/1/2024,GRI2,2,114,,POPTRE,-9999,-9999,0,-99,0,1,1,,,,,,,,,,,,,,,
GRI22_115,8/7/2018,7/1/2024,GRI2,2,115,,POPTRE,-9999,-9999,0,-99,0,1,1,,,,,,,,,,,,,,,
GRI22_116,8/7/2018,7/1/2024,GRI2,2,116,,PICMAR,6,7.2,1,-99,0,1,1,,,,,,,,,,,,,,,
GRI22_117,8/7/2018,7/1/2024,GRI2,2,117,,POPTRE,10.6,10.5,1,-99,0,1,1,,,,,,,,,,,,,,,
GRI22_118,8/7/2018,7/1/2024,GRI2,2,118,,POPTRE,-9999,-8888,0,-99,0,1,1,,,,,,,,,,,,,,,
GRI22_119,8/7/2018,7/1/2024,GRI2,2,119,,PICMAR,4.5,5,1,-99,0,1,1,,,,,,,,,,,,,,,
GRI22_120,8/7/2018,7/1/2024,GRI2,2,120,,POPTRE,19.6,20.4,1,-99,0,1,1,,,,,,,,,,,,,,,
GRI22_121,8/7/2018,7/1/2024,GRI2,2,121,,POPTRE,-9999,-7777,0,-99,0,1,1,,,,,,,,,,,,,,,
GRI22_122,8/7/2018,7/1/2024,GRI2,2,122,,POPTRE,-9999,-7777,0,-99,0,1,1,,,,,,,,,,,,,,,
GRI22_123,8/7/2018,7/1/2024,GRI2,2,123,,POPTRE,-9999,-8888,0,-99,0,1,1,,,,,,,,,,,,,,,
GRI22_124,8/7/2018,7/1/2024,GRI2,2,124,,POPTRE,9,-9999,0,-99,0,1,1,,,,,,,,,,,,,,,
GRI22_125,8/7/2018,7/1/2024,GRI2,2,125,,POPTRE,-9999,-8888,0,-99,0,1,1,,,,,,,,,,,,,,,
GRI22_126,8/7/2018,7/1/2024,GRI2,2,126,,POPTRE,-9999,-8888,0,-99,0,1,1,,,,,,,,,,,,,,,
GRI22_127,8/7/2018,7/1/2024,GRI2,2,127,,POPTRE,-9999,-8888,0,-99,0,1,1,,,,,,,,,,,,,,,
GRI22_128,8/7/2018,7/1/2024,GRI2,2,128,,POPTRE,-9999,-8888,0,-99,0,1,1,,,,,,,,,,,,,,,
GRI22_129,8/7/2018,7/1/2024,GRI2,2,129,,POPTRE,-9999,-7777,0,-99,0,1,1,,,,,,,,,,,,,,,
GRI22_130,8/7/2018,7/1/2024,GRI2,2,130,,PICMAR,7.4,8.6,1,-99,0,1,1,,,,,,,,,,,,,,,
GRI22_131,8/7/2018,7/1/2024,GRI2,2,131,,POPTRE,-9999,-8888,0,-99,0,1,1,,,,,,,,,,,,,,,
GRI22_132,8/7/2018,7/1/2024,GRI2,2,132,,POPTRE,-9999,-8888,0,-99,0,1,1,,,,,,,,,,,,,,,
GRI22_133,8/7/2018,7/1/2024,GRI2,2,133,,POPTRE,-9999,-8888,0,-99,0,1,1,,,,,,,,,,,,,,,
GRI22_134,8/7/2018,7/1/2024,GRI2,2,134,,POPTRE,17.8,17.5,1,-99,0,1,1,,,,,,,,,,,,,,,
GRI22_135,8/7/2018,7/1/2024,GRI2,2,135,,POPTRE,-9999,-7777,0,-99,0,1,1,,,,,,,,,,,,,,,
GRI22_687,8/7/2018,7/1/2024,GRI2,2,687,,PICGLA,3.2,4.9,1,-99,0,1,1,,old notes-Near tree 96. 2019 notes-,,,,,,,,,,,,,
GRI22_1719,8/7/2018,7/1/2024,GRI2,2,1719,,PICMAR,3.4,4.8,1,-99,0,1,1,,old notes-Near tree 120. 2019 notes-,,,,,,,,,,,,,
GRI22_2224,,7/1/2024,GRI2,2,2224,,PICGLA,,3.5,1,-99,0,1,1,,,,,,,,,,,,,,,
GRI23_136,8/7/2018,7/1/2024,GRI2,3,136,,POPTRE,15.8,16,1,-99,0,1,1,,,,,,,,,,,,,,,
GRI23_137,8/7/2018,7/1/2024,GRI2,3,137,,POPTRE,19.7,20.5,1,-99,0,1,1,,,,,,,,,,,,,,,
GRI23_138,8/7/2018,7/1/2024,GRI2,3,138,,POPTRE,11.8,-7777,0,-99,0,1,1,,,,,,,,,,,,,,,
GRI23_139,8/7/2018,7/1/2024,GRI2,3,139,,POPTRE,6,-7777,0,-99,0,1,1,,,,,,,,,,,,,,,
GRI23_140,8/7/2018,7/1/2024,GRI2,3,140,,POPTRE,-9999,-8888,0,-99,0,1,1,,,,,,,,,,,,,,,
GRI23_141,8/7/2018,7/1/2024,GRI2,3,141,,POPTRE,-9999,-8888,0,-99,0,1,1,,,,,,,,,,,,,,,
GRI23_142,8/7/2018,7/1/2024,GRI2,3,142,,POPTRE,-9999,-7777,0,-99,0,1,1,,,,,,,,,,,,,,,
GRI23_143,8/7/2018,7/1/2024,GRI2,3,143,,POPTRE,-9999,-8888,0,-99,0,1,1,,,,,,,,,,,,,,,
GRI23_144,8/7/2018,7/1/2024,GRI2,3,144,,POPTRE,-9999,-8888,0,-99,0,1,1,,,,,,,,,,,,,,,
GRI23_145,8/7/2018,7/1/2024,GRI2,3,145,,POPTRE,-9999,-7777,0,-99,0,1,1,,,,,,,,,,,,,,,
GRI23_146,8/7/2018,7/1/2024,GRI2,3,146,,POPTRE,-9999,-8888,0,-99,0,1,1,,,,,,,,,,,,,,,
GRI23_147,8/7/2018,7/1/2024,GRI2,3,147,,POPTRE,-9999,-8888,0,-99,0,1,1,,,,,,,,,,,,,,,
GRI23_148,8/7/2018,7/1/2024,GRI2,3,148,,POPTRE,-9999,-7777,0,-99,0,1,1,,,,,,,,,,,,,,,
GRI23_149,8/7/2018,7/1/2024,GRI2,3,149,,POPTRE,-9999,-7777,0,-99,0,1,1,,,,,,,,,,,,,,,
GRI23_150,8/7/2018,7/1/2024,GRI2,3,150,,POPTRE,23.9,25.1,1,-99,0,1,1,,,,,,,,,,,,,,,
GRI23_151,8/7/2018,7/1/2024,GRI2,3,151,,POPTRE,-9999,-9999,0,-99,0,1,1,,,,,,,,,,,,,,,
GRI23_152,8/7/2018,7/1/2024,GRI2,3,152,,BETNEO,10.6,11.6,1,-99,0,1,1,,,,,,,,,,,,,,,
GRI23_153,8/7/2018,7/1/2024,GRI2,3,153,,POPTRE,11.8,-7777,0,-99,0,1,1,,,,,,,,,,,,,,,
GRI23_154,8/7/2018,7/1/2024,GRI2,3,154,,BETNEO,17,18.3,1,-99,0,1,1,,,,,,,,,,,,,,,
GRI23_155,8/7/2018,7/1/2024,GRI2,3,155,,BETNEO,15,15.7,1,-99,0,1,1,,,,,,,,,,,,,,,
GRI23_156,8/7/2018,7/1/2024,GRI2,3,156,,POPTRE,20,20.2,1,-99,0,1,1,,,,,,,,,,,,,,,
GRI23_157,8/7/2018,7/1/2024,GRI2,3,157,,POPTRE,-9999,-9999,0,-99,0,1,1,,,,,,,,,,,,,,,
GRI23_158,8/7/2018,7/1/2024,GRI2,3,158,,BETNEO,21.3,21.9,1,-99,0,1,1,,,,,,,,,,,,,,,
GRI23_159,8/7/2018,7/1/2024,GRI2,3,159,,BETNEO,15.5,16.3,1,-99,0,1,1,,,,,,,,,,,,,,,
GRI23_160,8/7/2018,7/1/2024,GRI2,3,160,,POPTRE,14.1,14.4,1,-99,0,1,1,,,,,,,,,,,,,,,
GRI23_161,8/7/2018,7/1/2024,GRI2,3,161,,POPTRE,15.4,15.8,1,-99,0,1,1,,,,,,,,,,,,,,,
GRI23_162,8/7/2018,7/1/2024,GRI2,3,162,,POPTRE,-9999,-8888,0,-99,0,1,1,,,,,,,,,,,,,,,
GRI23_163,8/7/2018,7/1/2024,GRI2,3,163,,POPTRE,11.4,-7777,0,-99,0,1,1,,,,,,,,,,,,,,,
GRI23_164,8/7/2018,7/1/2024,GRI2,3,164,,POPTRE,-9999,-7777,0,2.5,0,1,1,,,,,,,,,,,,,,,
GRI23_165,8/7/2018,7/1/2024,GRI2,3,165,,POPTRE,14.2,14.4,1,-99,0,1,1,,,,,,,,,,,,,,,
GRI23_166,8/7/2018,7/1/2024,GRI2,3,166,,POPTRE,-9999,-9999,0,-99,0,1,1,,,,,,,,,,,,,,,
GRI23_167,8/7/2018,7/1/2024,GRI2,3,167,,POPTRE,-9999,-9999,0,-99,0,1,1,,,,,,,,,,,,,,,
GRI23_2225,,7/1/2024,GRI2,3,2225,,PICMAR,,2.8,1,-99,0,1,1,,,,,,,,,,,,,,,
GRI23_2226,,7/1/2024,GRI2,3,2226,,PICMAR,,2.8,1,-99,0,1,1,,,,,,,,,,,,,,,
GRI24_19,8/7/2018,7/1/2024,GRI2,4,19,,POPTRE,-9999,-8888,0,-99,0,1,1,,,,,,,,,,,,,,,
GRI24_168,8/7/2018,7/1/2024,GRI2,4,168,,POPTRE,-9999,-7777,0,-99,0,1,1,,,,,,,,,,,,,,,
GRI24_169,8/7/2018,7/1/2024,GRI2,4,169,,POPTRE,-9999,-8888,0,-99,0,1,1,,,,,,,,,,,,,,,
GRI24_170,8/7/2018,7/1/2024,GRI2,4,170,,POPTRE,-9999,-8888,0,-99,0,1,1,,,,,,,,,,,,,,,
GRI24_171,8/7/2018,7/1/2024,GRI2,4,171,,POPTRE,-9999,-8888,0,-99,0,1,1,,,,,,,,,,,,,,,
GRI24_172,8/7/2018,7/1/2024,GRI2,4,172,,POPTRE,-9999,-7777,0,-99,0,1,1,,,,,,,,,,,,,,,
GRI24_173,8/7/2018,7/1/2024,GRI2,4,173,,POPTRE,-9999,-8888,0,-99,0,1,1,,,,,,,,,,,,,,,
GRI24_174,8/7/2018,7/1/2024,GRI2,4,174,,POPTRE,-9999,-8888,0,-99,0,1,1,,,,,,,,,,,,,,,
GRI24_175,8/7/2018,7/1/2024,GRI2,4,175,,POPTRE,-9999,-9999,0,-99,0,1,1,,,,,,,,,,,,,,,
GRI24_176,8/7/2018,7/1/2024,GRI2,4,176,,POPTRE,13.4,13.6,1,-99,0,1,1,,,,,,,,,,,,,,,
GRI24_177,8/7/2018,7/1/2024,GRI2,4,177,,BETNEO,18.8,20.2,1,-99,0,1,1,,,,,,,,,,,,,,,
GRI24_178,8/7/2018,7/1/2024,GRI2,4,178,,POPTRE,16.2,16.5,1,-99,0,1,1,,,,kanker,dbh,very severe,,,,,,,,,
GRI24_179,8/7/2018,7/1/2024,GRI2,4,179,,POPTRE,-9999,-7777,0,-99,0,1,1,,,,,,,,,,,,,,,
GRI24_180,8/7/2018,7/1/2024,GRI2,4,180,,POPTRE,17.5,18,1,-99,0,1,1,,,,,,,,,,,,,,,
GRI24_181,8/7/2018,7/1/2024,GRI2,4,181,,POPTRE,14.2,14.6,1,-99,0,1,1,,,,,,,,,,,,,,,
GRI24_182,8/7/2018,7/1/2024,GRI2,4,182,,BETNEO,9.5,10.1,1,-99,0,1,1,,,,,,,,,,,,,,,
GRI24_183,8/7/2018,7/1/2024,GRI2,4,183,,BETNEO,6,-7777,0,-99,0,1,1,,,,,,,,,,,,,,,
GRI24_184,8/7/2018,7/1/2024,GRI2,4,184,,POPTRE,-9999,-7777,0,-99,0,1,1,,,,,,,,,,,,,,,
GRI24_185,8/7/2018,7/1/2024,GRI2,4,185,,POPTRE,-9999,-8888,0,-99,0,1,1,,,,,,,,,,,,,,,
GRI24_186,8/7/2018,7/1/2024,GRI2,4,186,,POPTRE,-9999,-8888,0,-99,0,1,1,,,,,,,,,,,,,,,
GRI24_187,8/7/2018,7/1/2024,GRI2,4,187,,POPTRE,11.3,11.6,1,-99,0,1,1,,,,,,,,,,,,,,,
GRI24_188,8/7/2018,7/1/2024,GRI2,4,188,,BETNEO,8.6,8.8,1,-99,0,1,1,,,,,,,,,,,,,,,
GRI24_189,8/7/2018,7/1/2024,GRI2,4,189,,POPTRE,-9999,-7777,0,-99,0,1,1,,,,,,,,,,,,,,,
GRI24_190,8/7/2018,7/1/2024,GRI2,4,190,,POPTRE,15.5,15.5,1,-99,0,1,1,,,,,,,,,,,,,,,
GRI24_191,8/7/2018,7/1/2024,GRI2,4,191,,BETNEO,14.4,15.3,1,-99,0,1,1,,,,,,,,,,,,,,,
GRI24_192,8/7/2018,7/1/2024,GRI2,4,192,,POPTRE,-9999,-9999,0,-99,0,1,1,,,,,,,,,,,,,,,
GRI24_193,8/7/2018,7/1/2024,GRI2,4,193,,POPTRE,-9999,-8888,0,-99,0,1,1,,,,,,,,,,,,,,,
GRI24_194,8/7/2018,7/1/2024,GRI2,4,194,,POPTRE,-9999,-7777,0,-99,0,1,1,,,,,,,,,,,,,,,
GRI24_195,8/7/2018,7/1/2024,GRI2,4,195,,POPTRE,13.3,13.6,1,-99,0,1,1,,,,,,,,,,,,,,,
GRI24_196,8/7/2018,7/1/2024,GRI2,4,196,,POPTRE,-9999,-8888,0,-99,0,1,1,,,,,,,,,,,,,,,
GRI24_197,8/7/2018,7/1/2024,GRI2,4,197,,POPTRE,-9999,-8888,0,-99,0,1,1,,,,,,,,,,,,,,,
GRI24_198,8/7/2018,7/1/2024,GRI2,4,198,,POPTRE,-9999,-8888,0,-99,0,1,1,,,,,,,,,,,,,,,
GRI24_200,8/7/2018,7/1/2024,GRI2,4,200,,POPTRE,-9999,-8888,0,-99,0,1,1,,,,,,,,,,,,,,,
GRI24_201,8/7/2018,7/1/2024,GRI2,4,201,,POPTRE,-9999,-9999,0,-99,0,1,1,,,,,,,,,,,,,,,
GRI24_202,8/7/2018,7/1/2024,GRI2,4,202,,POPTRE,-9999,-7777,0,-99,0,1,1,,,,,,,,,,,,,,,
GRI24_203,8/7/2018,7/1/2024,GRI2,4,203,,POPTRE,-9999,-9999,0,-99,0,1,1,,,,,,,,,,,,,,,
GRI24_204,8/7/2018,7/1/2024,GRI2,4,204,,POPTRE,-9999,-8888,0,-99,0,1,1,,,,,,,,,,,,,,,
GRI24_205,8/7/2018,7/1/2024,GRI2,4,205,,POPTRE,15,-7777,0,-99,0,1,1,,,,,,,,,,,,,,,
GRI24_206,8/7/2018,7/1/2024,GRI2,4,206,,POPTRE,-9999,-7777,0,-99,0,1,1,,,,,,,,,,,,,,,
GRI24_207,8/7/2018,7/1/2024,GRI2,4,207,,BETNEO,15.4,15.7,1,-99,0,1,1,,,,,,,,,,,,,,,
GRI24_208,8/7/2018,7/1/2024,GRI2,4,208,,POPTRE,14.3,-9999,0,-99,0,1,1,"we are pretty sure this is dead and down, didn't have tag",,,,,,,,,,,,,,
GRI24_209,8/7/2018,7/1/2024,GRI2,4,209,,POPTRE,11.5,11.9,1,-99,0,1,1,,,,,,,,,,,,,,,
GRI24_210,8/7/2018,7/1/2024,GRI2,4,210,,BETNEO,21.8,23.1,1,-99,0,1,1,,,,,,,,,,,,,,,
GRI24_211,8/7/2018,7/1/2024,GRI2,4,211,,PICGLA,6.4,7.6,1,-99,0,1,1,,,,,,,,,,,,,,,
GRI24_212,8/7/2018,7/1/2024,GRI2,4,212,,PICMAR,3.1,3.6,1,-99,0,1,1,,,,,,,,,,,,,,,
GRI24_1720,8/7/2018,7/1/2024,GRI2,4,1720,,BETNEO,16.2,17.2,1,-99,0,1,1,,"old notes-Not new but not in inventory before this, by tree 200. 2019 notes-",,,,,,,,,,,,,
GRI26_213,8/7/2018,7/1/2024,GRI2,6,213,,POPTRE,16.4,16.8,1,-99,0,1,1,,,,,,,,,,,,,,,
GRI26_214,8/7/2018,7/1/2024,GRI2,6,214,,POPTRE,-9999,-8888,0,-99,0,1,1,,,,,,,,,,,,,,,
GRI26_215,8/7/2018,7/1/2024,GRI2,6,215,,POPTRE,20.1,20.8,1,-99,0,1,1,,,,,,,,,,,,,,,
GRI26_216,8/7/2018,7/1/2024,GRI2,6,216,,POPTRE,-9999,-8888,0,-99,0,1,1,,,,,,,,,,,,,,,
GRI26_217,8/7/2018,7/1/2024,GRI2,6,217,,POPTRE,-9999,-8888,0,-99,0,1,1,,,,,,,,,,,,,,,
GRI26_218,8/7/2018,7/1/2024,GRI2,6,218,,POPTRE,18.3,18.5,1,-99,0,1,1,,,,,,,,,,,,,,,
GRI26_219,8/7/2018,7/1/2024,GRI2,6,219,,POPTRE,-9999,-8888,0,-99,0,1,1,,,,,,,,,,,,,,,
GRI26_220,8/7/2018,7/1/2024,GRI2,6,220,,POPTRE,-9999,-8888,0,-99,0,1,1,,,,,,,,,,,,,,,
GRI26_221,8/7/2018,7/1/2024,GRI2,6,221,,POPTRE,9.7,9.7,1,-99,0,1,1,,,,,,,,,,,,,,,
GRI26_222,8/7/2018,7/1/2024,GRI2,6,222,,POPTRE,13.1,13.2,1,-99,0,1,1,,,,,,,,,,,,,,,
GRI26_223,8/7/2018,7/1/2024,GRI2,6,223,,POPTRE,-9999,-8888,0,-99,0,1,1,,,,,,,,,,,,,,,
GRI26_224,8/7/2018,7/1/2024,GRI2,6,224,,POPTRE,-9999,-8888,0,-99,0,1,1,,,,,,,,,,,,,,,
GRI26_225,8/7/2018,7/1/2024,GRI2,6,225,,POPTRE,-9999,-8888,0,-99,0,1,1,,,,,,,,,,,,,,,
GRI26_226,8/7/2018,7/1/2024,GRI2,6,226,,POPTRE,20.1,21.4,1,-99,0,1,1,,,,,,,,,,,,,,,
GRI26_227,8/7/2018,7/1/2024,GRI2,6,227,,POPTRE,-9999,-8888,0,-99,0,1,1,,,,,,,,,,,,,,,
GRI26_228,8/7/2018,7/1/2024,GRI2,6,228,,POPTRE,-9999,-8888,0,-99,0,1,1,,,,,,,,,,,,,,,
GRI26_229,8/7/2018,7/1/2024,GRI2,6,229,,POPTRE,-9999,-7777,0,2,0,1,1,,,,,,,,,,,,,,,
GRI26_230,8/7/2018,7/1/2024,GRI2,6,230,,POPTRE,-9999,-8888,0,-99,0,1,1,,,,,,,,,,,,,,,
GRI26_231,8/7/2018,7/1/2024,GRI2,6,231,,POPTRE,11.4,11.5,1,-99,0,1,1,,,,,,,,,,,,,,,
GRI26_232,8/7/2018,7/1/2024,GRI2,6,232,,POPTRE,14.9,14.9,1,-99,0,1,1,,,,,,,,,,,,,,,
GRI26_233,8/7/2018,7/1/2024,GRI2,6,233,,POPTRE,-9999,-9999,0,-99,0,1,1,,,,,,,,,,,,,,,
GRI26_234,8/7/2018,7/1/2024,GRI2,6,234,,POPTRE,11.8,11.9,1,-99,0,1,1,,,,,,,,,,,,,,,
GRI26_235,8/7/2018,7/1/2024,GRI2,6,235,,POPTRE,9.1,-7777,0,-99,0,1,1,,,,,,,,,,,,,,,
GRI26_2227,,7/1/2024,GRI2,6,2227,,PICMAR,,2.9,1,-99,0,1,1,,,,,,,,,,,,,,,
GRI27_236,8/7/2018,7/1/2024,GRI2,7,236,,BETNEO,19.9,21.3,1,-99,0,1,1,,,,,,,,,,,,,,,
GRI27_237,8/7/2018,7/1/2024,GRI2,7,237,,POPTRE,8.1,-7777,0,-99,0,1,1,,,,kanker,,,,,,,,,,,
GRI27_238,8/7/2018,7/1/2024,GRI2,7,238,,POPTRE,10.6,10.6,1,-99,0,1,1,,,,kanker,,,,,,,,,,,
GRI27_239,8/7/2018,7/1/2024,GRI2,7,239,,POPTRE,10,-7777,0,-99,0,1,1,,,,,,,,,,,,,,,
GRI27_240,8/7/2018,7/1/2024,GRI2,7,240,,POPTRE,-9999,-9999,0,-99,0,1,1,,,,,,,,,,,,,,,
GRI27_241,8/7/2018,7/1/2024,GRI2,7,241,,POPTRE,-9999,-9999,0,-99,0,1,1,,,,,,,,,,,,,,,
GRI27_242,8/7/2018,7/1/2024,GRI2,7,242,,POPTRE,-9999,-7777,0,-99,0,1,1,,,,,,,,,,,,,,,
GRI27_243,8/7/2018,7/1/2024,GRI2,7,243,,POPTRE,-9999,-8888,0,-99,0,1,1,,,,,,,,,,,,,,,
GRI27_244,8/7/2018,7/1/2024,GRI2,7,244,,BETNEO,11,11.7,1,-99,0,1,1,,,,,,,,,,,,,,,
GRI27_245,8/7/2018,7/1/2024,GRI2,7,245,,BETNEO,12.5,13.4,1,-99,0,1,1,,,,,,,,,,,,,,,
GRI27_246,8/7/2018,7/1/2024,GRI2,7,246,,POPTRE,-9999,-8888,0,-99,0,1,1,,,,,,,,,,,,,,,
GRI27_247,8/7/2018,7/1/2024,GRI2,7,247,,POPTRE,8.9,-7777,0,-99,0,1,1,,,,,,,,,,,,,,,
GRI27_248,8/7/2018,7/1/2024,GRI2,7,248,,POPTRE,14.3,-7777,0,-99,0,1,1,,,,,,,,,,,,,,,
GRI27_249,8/7/2018,7/1/2024,GRI2,7,249,,POPTRE,-9999,-8888,0,-99,0,1,1,,,,,,,,,,,,,,,
GRI27_250,8/7/2018,7/1/2024,GRI2,7,250,,POPTRE,13.6,13.8,1,-99,0,1,1,,,,,,,,,,,,,,,
GRI27_251,8/7/2018,7/1/2024,GRI2,7,251,,POPTRE,15.3,16.3,1,-99,0,1,1,,,,,,,,,,,,,,,
GRI27_252,8/7/2018,7/1/2024,GRI2,7,252,,POPTRE,-9999,-8888,0,-99,0,1,1,,,,,,,,,,,,,,,
GRI27_253,8/7/2018,7/1/2024,GRI2,7,253,,POPTRE,-9999,-8888,0,-99,0,1,1,,,,,,,,,,,,,,,
GRI27_254,8/7/2018,7/1/2024,GRI2,7,254,,POPTRE,-9999,-9999,0,-99,0,1,1,,,,,,,,,,,,,,,
GRI27_255,8/7/2018,7/1/2024,GRI2,7,255,,POPTRE,12.3,12.4,1,-99,0,1,1,,,,,,,,,,,,,,,
GRI27_256,8/7/2018,7/1/2024,GRI2,7,256,,POPTRE,16,16,1,-99,0,1,1,,,,,,,,,,,,,,,
GRI27_257,8/7/2018,7/1/2024,GRI2,7,257,,POPTRE,16.5,17.2,1,-99,0,1,1,,,,,,,,,,,,,,,
GRI27_258,8/7/2018,7/1/2024,GRI2,7,258,,BETNEO,13.3,14.5,1,-99,0,1,1,,,,,,,,,,,,,,,
GRI27_259,8/7/2018,7/1/2024,GRI2,7,259,,POPTRE,9.8,-7777,0,-99,0,1,1,,,,,,,,,,,,,,,
GRI27_260,8/7/2018,7/1/2024,GRI2,7,260,,POPTRE,11.2,-7777,0,-99,0,1,1,,,,,,,,,,,,,,,
GRI27_261,8/7/2018,7/1/2024,GRI2,7,261,,PICGLA,6.8,8.1,1,-99,0,1,1,,,,,,,,,,,,,,,
GRI27_262,8/7/2018,7/1/2024,GRI2,7,262,,POPTRE,-9999,-8888,0,-99,0,1,1,,,,,,,,,,,,,,,
GRI27_2228,,7/1/2024,GRI2,7,2228,,PICMAR,,2.8,1,-99,0,1,1,,,,,,,,,,,,,,,
GRI28_263,8/7/2018,7/1/2024,GRI2,8,263,,POPTRE,-9999,-8888,0,-99,0,1,1,,,,,,,,,,,,,,,
GRI28_264,8/7/2018,7/1/2024,GRI2,8,264,,POPTRE,-9999,-8888,0,-99,0,1,1,,,,,,,,,,,,,,,
GRI28_265,8/7/2018,7/1/2024,GRI2,8,265,,BETNEO,14.5,14.7,1,-99,0,1,1,,,,,,,,,,,,,,,
GRI28_266,8/7/2018,7/1/2024,GRI2,8,266,,POPTRE,-9999,-8888,0,-99,0,1,1,,,,,,,,,,,,,,,
GRI28_267,8/7/2018,7/1/2024,GRI2,8,267,,POPTRE,-9999,-8888,0,-99,0,1,1,,,,,,,,,,,,,,,
GRI28_268,8/7/2018,7/1/2024,GRI2,8,268,,POPTRE,-9999,-8888,0,-99,0,1,1,,,,,,,,,,,,,,,
GRI28_269,8/7/2018,7/1/2024,GRI2,8,269,,POPTRE,-9999,-8888,0,-99,0,1,1,,,,,,,,,,,,,,,
GRI28_270,8/7/2018,7/1/2024,GRI2,8,270,,POPTRE,10.3,-7777,0,1,0,1,1,,,,,,,,,,,,,,,
GRI28_271,8/7/2018,7/1/2024,GRI2,8,271,,POPTRE,13.8,13.7,1,-99,0,1,1,,,,,,,,,,,,,,,
GRI28_272,8/7/2018,7/1/2024,GRI2,8,272,,POPTRE,-9999,-7777,0,-99,0,1,1,,,,,,,,,,,,,,,
GRI28_273,8/7/2018,7/1/2024,GRI2,8,273,,POPTRE,-9999,-8888,0,-99,0,1,1,,,,,,,,,,,,,,,
GRI28_274,8/7/2018,7/1/2024,GRI2,8,274,,POPTRE,11.2,11.1,1,-99,0,1,1,,,,,,,,,,,,,,,
GRI28_275,8/7/2018,7/1/2024,GRI2,8,275,,POPTRE,-9999,-9999,0,-99,0,1,1,,,,,,,,,,,,,,,
GRI28_276,8/7/2018,7/1/2024,GRI2,8,276,,POPTRE,17.8,18,1,-99,0,1,1,,,,,,,,,,,,,,,
GRI28_277,8/7/2018,7/1/2024,GRI2,8,277,,POPTRE,-9999,-7777,0,-99,0,1,1,,,,,,,,,,,,,,,
GRI28_278,8/7/2018,7/1/2024,GRI2,8,278,,POPTRE,14.8,15,1,-99,0,1,1,,,,,,,,,,,,,,,
GRI28_279,8/7/2018,7/1/2024,GRI2,8,279,,POPTRE,-9999,-8888,0,-99,0,1,1,,,,,,,,,,,,,,,
GRI28_280,8/7/2018,7/1/2024,GRI2,8,280,,BETNEO,-9999,-7777,0,-99,0,1,1,,2013 - species not recorded,,,,,,,,,,,,,
GRI28_281,8/7/2018,7/1/2024,GRI2,8,281,,BETNEO,7.8,8.5,1,-99,0,1,1,,,,,,,,,,,,,,,
GRI28_282,8/7/2018,7/1/2024,GRI2,8,282,,POPTRE,-9999,-8888,0,-99,0,1,1,,,,,,,,,,,,,,,
GRI28_283,8/7/2018,7/1/2024,GRI2,8,283,,POPTRE,16.1,16.8,1,-99,0,1,1,,,,,,,,,,,,,,,
GRI28_284,8/7/2018,7/1/2024,GRI2,8,284,,BETNEO,7.4,8.2,1,-99,0,1,1,,,,,,,,,,,,,,,
GRI28_285,8/7/2018,7/1/2024,GRI2,8,285,,POPTRE,11.9,12,1,-99,0,1,1,,,,,,,,,,,,,,,
GRI28_286,8/7/2018,7/1/2024,GRI2,8,286,,POPTRE,15.5,-7777,0,-99,0,1,1,,,,,,,,,,,,,,,
GRI28_287,8/7/2018,7/1/2024,GRI2,8,287,,POPTRE,13.4,13.5,1,-99,0,1,1,,,,,,,,,,,,,,,
GRI28_288,8/7/2018,7/1/2024,GRI2,8,288,,POPTRE,-9999,-7777,0,-99,0,1,1,,,,,,,,,,,,,,,
GRI28_289,8/7/2018,7/1/2024,GRI2,8,289,,POPTRE,15,15.2,1,-99,0,1,1,,,,,,,,,,,,,,,
GRI28_290,8/7/2018,7/1/2024,GRI2,8,290,,POPTRE,-9999,-8888,0,-99,0,1,1,,,,,,,,,,,,,,,
GRI28_291,8/7/2018,7/1/2024,GRI2,8,291,,POPTRE,17.5,17.6,1,-99,0,1,1,,,,,,,,,,,,,,,
GRI28_292,8/7/2018,7/1/2024,GRI2,8,292,,POPTRE,-9999,-8888,0,-99,0,1,1,,,,,,,,,,,,,,,
GRI28_293,8/7/2018,7/1/2024,GRI2,8,293,,POPTRE,19.1,20.1,1,-99,0,1,1,,,,,,,,,,,,,,,
GRI28_294,8/7/2018,7/1/2024,GRI2,8,294,,POPTRE,13,-9999,0,-99,0,1,1,,,,,,,,,,,,,,,
GRI28_295,8/7/2018,7/1/2024,GRI2,8,295,,POPTRE,-9999,-8888,0,-99,0,1,1,,,,,,,,,,,,,,,
GRI28_296,8/7/2018,7/1/2024,GRI2,8,296,,POPTRE,12.2,12.9,1,-99,0,1,1,,,,,,,,,,,,,,,
GRI28_297,8/7/2018,7/1/2024,GRI2,8,297,,PICMAR,-9999,-8888,0,-99,0,1,1,,,,,,,,,,,,,,,
GRI28_298,8/7/2018,7/1/2024,GRI2,8,298,,BETNEO,11.8,12.1,1,-99,0,1,1,,,,,,,,,,,,,,,
GRI28_299,8/7/2018,7/1/2024,GRI2,8,299,,POPTRE,-9999,-9999,0,-99,0,1,1,,,,,,,,,,,,,,,
GRI28_300,8/7/2018,7/1/2024,GRI2,8,300,,POPTRE,13.6,13.6,1,-99,0,1,1,,,,,,,,,,,,,,,
GRI29_327,8/7/2018,7/1/2024,GRI2,9,327,,POPTRE,13,-7777,0,-99,0,1,1,,,,,,,,,,,,,,,
GRI29_328,8/7/2018,7/1/2024,GRI2,9,328,,POPTRE,13.5,13.6,1,-99,0,1,1,,,,,,,,,,,,,,,
GRI29_329,8/7/2018,7/1/2024,GRI2,9,329,,BETNEO,8,9.1,1,-99,0,1,1,,,,,,,,,,,,,,,
GRI29_330,8/7/2018,7/1/2024,GRI2,9,330,,BETNEO,6.2,6.9,1,-99,0,1,1,attached to 329,,,,,,,,,,,,,,
GRI29_331,8/7/2018,7/1/2024,GRI2,9,331,,POPTRE,-9999,-8888,0,-99,0,1,1,,,,,,,,,,,,,,,
GRI29_332,8/7/2018,7/1/2024,GRI2,9,332,,BETNEO,12.2,12,1,-99,0,1,1,,,,,,,,,,,,,,,
GRI29_333,8/7/2018,7/1/2024,GRI2,9,333,,POPTRE,10.9,-7777,0,-99,0,1,1,,,,,,,,,,,,,,,
GRI29_334,8/7/2018,7/1/2024,GRI2,9,334,,BETNEO,10.3,11.2,1,-99,0,1,1,,,,,,,,,,,,,,,
GRI29_335,8/7/2018,7/1/2024,GRI2,9,335,,POPTRE,-9999,-9999,0,-99,0,1,1,,,,,,,,,,,,,,,
GRI29_336,8/7/2018,7/1/2024,GRI2,9,336,,POPTRE,-9999,-7777,0,-99,0,1,1,,,,,,,,,,,,,,,
GRI29_337,8/7/2018,7/1/2024,GRI2,9,337,,POPTRE,-9999,-8888,0,-99,0,1,1,,,,,,,,,,,,,,,
GRI29_338,8/7/2018,7/1/2024,GRI2,9,338,,POPTRE,9.6,-7777,0,-99,0,1,1,,,,,,,,,,,,,,,
GRI29_339,8/7/2018,7/1/2024,GRI2,9,339,,POPTRE,11.5,11.8,1,-99,0,1,1,,,,,,,,,,,,,,,
GRI29_340,8/7/2018,7/1/2024,GRI2,9,340,,POPTRE,-9999,-9999,0,-99,0,1,1,,,,,,,,,,,,,,,
GRI29_341,8/7/2018,7/1/2024,GRI2,9,341,,BETNEO,11.2,11.5,1,-99,0,1,1,,,,,,,,,,,,,,,
GRI29_342,8/7/2018,7/1/2024,GRI2,9,342,,POPTRE,16,16.4,1,-99,0,1,1,,,,,,,,,,,,,,,
GRI29_343,8/7/2018,7/1/2024,GRI2,9,343,,POPTRE,-9999,-8888,0,-99,0,1,1,,,,,,,,,,,,,,,
GRI29_344,8/7/2018,7/1/2024,GRI2,9,344,,BETNEO,12.8,13.3,1,-99,0,1,1,,,,,,,,,,,,,,,
GRI29_345,8/7/2018,7/1/2024,GRI2,9,345,,BETNEO,11.9,12.3,1,-99,0,1,1,,,,,,,,,,,,,,,
GRI29_346,8/7/2018,7/1/2024,GRI2,9,346,,POPTRE,13.2,13.6,1,-99,0,1,1,,,,,,,,,,,,,,,
GRI29_347,8/7/2018,7/1/2024,GRI2,9,347,,POPTRE,14.9,14.6,1,-99,0,1,1,,,,,,,,,,,,,,,
GRI29_348,8/7/2018,7/1/2024,GRI2,9,348,,POPTRE,-9999,-9999,0,-99,0,1,1,,,,,,,,,,,,,,,
GRI29_349,8/7/2018,7/1/2024,GRI2,9,349,,BETNEO,12.6,13.2,1,-99,0,1,1,,,,,,,,,,,,,,,
GRI29_350,8/7/2018,7/1/2024,GRI2,9,350,,POPTRE,13.2,13.5,1,-99,0,1,1,,,,,,,,,,,,,,,
GRI29_351,8/7/2018,7/1/2024,GRI2,9,351,,BETNEO,12.8,14.2,1,-99,0,1,1,,,,,,,,,,,,,,,
GRI29_352,8/7/2018,7/1/2024,GRI2,9,352,,POPTRE,-9999,-9999,0,-99,0,1,1,,,,,,,,,,,,,,,
GRI29_353,8/7/2018,7/1/2024,GRI2,9,353,,POPTRE,-9999,-9999,0,-99,0,1,1,,,,,,,,,,,,,,,
GRI29_354,8/7/2018,7/1/2024,GRI2,9,354,,POPTRE,15.2,16,1,-99,0,1,1,,,,,,,,,,,,,,,
GRI29_355,8/7/2018,7/1/2024,GRI2,9,355,,POPTRE,10,10,1,-99,0,1,1,,,,,,,,,,,,,,,
GRI29_356,8/7/2018,7/1/2024,GRI2,9,356,,POPTRE,-9999,-8888,0,-99,0,1,1,,,,,,,,,,,,,,,
GRI29_357,8/7/2018,7/1/2024,GRI2,9,357,,POPTRE,-9999,-7777,0,-99,0,1,1,,,,,,,,,,,,,,,
GRI29_358,8/7/2018,7/1/2024,GRI2,9,358,,POPTRE,-9999,-8888,0,-99,0,1,1,,,,,,,,,,,,,,,
GRI29_359,8/7/2018,7/1/2024,GRI2,9,359,,BETNEO,9.8,10.3,1,-99,0,1,1,,,,,,,,,,,,,,,
GRI29_360,8/7/2018,7/1/2024,GRI2,9,360,,POPTRE,-9999,-9999,0,-99,0,1,1,,,,,,,,,,,,,,,
GRI29_361,8/7/2018,7/1/2024,GRI2,9,361,,POPTRE,-9999,-9999,0,-99,0,1,1,,,,,,,,,,,,,,,
GRI29_362,8/7/2018,7/1/2024,GRI2,9,362,,POPTRE,8.5,-7777,0,-99,0,1,1,,,,,,,,,,,,,,,
GRI29_363,8/7/2018,7/1/2024,GRI2,9,363,,POPTRE,14.2,14.8,1,-99,0,1,1,,,,,,,,,,,,,,,
GRI29_364,8/7/2018,7/1/2024,GRI2,9,364,,POPTRE,-9999,-9999,0,-99,0,1,1,,,,,,,,,,,,,,,
GRI29_2229,,7/1/2024,GRI2,9,2229,,PICGLA,,2.8,1,-99,0,1,1,,,,,,,,,,,,,,,
GRI29_2230,,7/1/2024,GRI2,9,2230,,PICMAR,,3.4,1,-99,0,1,1,,,,,,,,,,,,,,,
GRI211_365,8/7/2018,7/2/2024,GRI2,11,365,,POPTRE,10.1,10.2,1,-99,0,1,1,,,,,,,,,,,,,,,
GRI211_366,8/7/2018,7/2/2024,GRI2,11,366,,POPTRE,-9999,-8888,0,-99,0,1,1,,,,,,,,,,,,,,,
GRI211_367,8/7/2018,7/2/2024,GRI2,11,367,,POPTRE,12.2,12.5,1,-99,0,1,1,,,,kanker,,,,,,,,,,,
GRI211_368,8/7/2018,7/2/2024,GRI2,11,368,,POPTRE,-9999,-9999,0,-99,0,1,1,,,,,,,,,,,,,,,
GRI211_369,8/7/2018,7/2/2024,GRI2,11,369,,PICGLA,4.5,6.1,1,-99,0,1,1,,,,,,,,,,,,,,,
GRI211_370,8/7/2018,7/2/2024,GRI2,11,370,,POPTRE,15,15.2,1,-99,0,1,1,,,,,,,,,,,,,,,
GRI211_371,8/7/2018,7/2/2024,GRI2,11,371,,POPTRE,-9999,-9999,0,-99,0,1,1,,,,,,,,,,,,,,,
GRI211_372,8/7/2018,7/2/2024,GRI2,11,372,,POPTRE,-9999,-9999,0,-99,0,1,1,,,,,,,,,,,,,,,
GRI211_374,8/7/2018,7/2/2024,GRI2,11,374,,POPTRE,11.3,11.8,1,-99,0,1,1,,,,,,,,,,,,,,,
GRI211_375,8/7/2018,7/2/2024,GRI2,11,375,,POPTRE,15.7,16.6,1,-99,0,1,1,,,,,,,,,,,,,,,
GRI211_376,8/7/2018,7/2/2024,GRI2,11,376,,POPTRE,-9999,-9999,0,-99,0,1,1,,,,,,,,,,,,,,,
GRI211_377,8/7/2018,7/2/2024,GRI2,11,377,,POPTRE,-9999,-9999,0,-99,0,1,1,,,,,,,,,,,,,,,
GRI211_378,8/7/2018,7/2/2024,GRI2,11,378,,POPTRE,-9999,-8888,0,-99,0,1,1,,,,,,,,,,,,,,,
GRI211_379,8/7/2018,7/2/2024,GRI2,11,379,,POPTRE,-9999,-8888,0,-99,0,1,1,,,,,,,,,,,,,,,
GRI211_380,8/7/2018,7/2/2024,GRI2,11,380,,POPTRE,9.5,20.5,1,-99,0,1,1,,,,,,,,,,,,,,,
GRI211_381,8/7/2018,7/2/2024,GRI2,11,381,,POPTRE,-9999,-8888,0,-99,0,1,1,,,,,,,,,,,,,,,
GRI211_382,8/7/2018,7/2/2024,GRI2,11,382,,POPTRE,-9999,-7777,0,-99,0,1,1,,,,,,,,,,,,,,,
GRI211_383,8/7/2018,7/2/2024,GRI2,11,383,,POPTRE,-9999,-8888,0,-99,0,1,1,,,,,,,,,,,,,,,
GRI211_384,8/7/2018,7/2/2024,GRI2,11,384,,POPTRE,-9999,-8888,0,-99,0,1,1,,,,,,,,,,,,,,,
GRI211_385,8/7/2018,7/2/2024,GRI2,11,385,,POPTRE,-9999,-7777,0,-99,0,1,1,,,,,,,,,,,,,,,
GRI211_386,8/7/2018,7/2/2024,GRI2,11,386,,POPTRE,-9999,-7777,0,-99,0,1,1,,,,,,,,,,,,,,,
GRI211_387,8/7/2018,7/2/2024,GRI2,11,387,,POPTRE,9.2,-7777,0,-99,0,1,1,,,,,,,,,,,,,,,
GRI211_388,8/7/2018,7/2/2024,GRI2,11,388,,POPTRE,-9999,-7777,0,-99,0,1,1,,,,,,,,,,,,,,,
GRI211_389,8/7/2018,7/2/2024,GRI2,11,389,,POPTRE,-9999,-8888,0,-99,0,1,1,,,,,,,,,,,,,,,
GRI211_390,8/7/2018,7/2/2024,GRI2,11,390,,POPTRE,14.4,14.8,1,-99,0,1,1,,,,,,,,,,,,,,,
GRI211_391,8/7/2018,7/2/2024,GRI2,11,391,,POPTRE,11.1,11.3,1,-99,0,1,1,,,,,,,,,,,,,,,
GRI211_392,8/7/2018,7/2/2024,GRI2,11,392,,POPTRE,10.5,-7777,0,-99,0,1,1,,,,,,,,,,,,,,,
GRI211_393,8/7/2018,7/2/2024,GRI2,11,393,,POPTRE,9.8,-7777,0,-99,0,1,1,,,,,,,,,,,,,,,
GRI211_394,8/7/2018,7/2/2024,GRI2,11,394,,POPTRE,-9999,-7777,0,-99,0,1,1,,,,,,,,,,,,,,,
GRI211_395,8/7/2018,7/2/2024,GRI2,11,395,,POPTRE,-9999,-8888,0,-99,0,1,1,,,,,,,,,,,,,,,
GRI211_396,8/7/2018,7/2/2024,GRI2,11,396,,BETNEO,10.8,11.7,1,-99,0,1,1,,,,,,,,,,,,,,,
GRI211_397,8/7/2018,7/2/2024,GRI2,11,397,,POPTRE,-9999,-7777,0,-99,0,1,1,,,,,,,,,,,,,,,
GRI211_398,8/7/2018,7/2/2024,GRI2,11,398,,POPTRE,14.7,14.9,1,-99,0,1,1,,,,,,,,,,,,,,,
GRI211_399,8/7/2018,7/2/2024,GRI2,11,399,,BETNEO,12.6,-7777,0,-99,0,1,1,,,,,,,,,,,,,,,
GRI211_2231,,7/2/2024,GRI2,11,2231,,PICGLA,,3,1,-99,0,1,1,,,,,,,,,,,,,,,
GRI211_2232,,7/2/2024,GRI2,11,2232,,PICGLA,,2.9,1,-99,0,1,1,,,,,,,,,,,,,,,
GRI212_400,8/7/2018,7/2/2024,GRI2,12,400,,BETNEO,13.6,14.7,1,-99,0,1,1,,,,,,,,,,,,,,,
GRI212_401,8/7/2018,7/2/2024,GRI2,12,401,,POPTRE,-9999,-8888,0,-99,0,1,1,,,,,,,,,,,,,,,
GRI212_402,8/7/2018,7/2/2024,GRI2,12,402,,POPTRE,10.5,11.6,1,-99,0,1,1,,,,,,,,,,,,,,,
GRI212_403,8/7/2018,7/2/2024,GRI2,12,403,,POPTRE,-9999,-8888,0,-99,0,1,1,,,,,,,,,,,,,,,
GRI212_404,8/7/2018,7/2/2024,GRI2,12,404,,BETNEO,6.4,7.1,1,-99,0,1,1,,,,,,,,,,,,,,,
GRI212_405,8/7/2018,7/2/2024,GRI2,12,405,,POPTRE,14.8,15.5,1,-99,0,1,1,,,,,,,,,,,,,,,
GRI212_406,8/7/2018,7/2/2024,GRI2,12,406,,POPTRE,18.8,19.6,1,-99,0,1,1,,,,,,,,,,,,,,,
GRI212_407,8/7/2018,7/2/2024,GRI2,12,407,,POPTRE,-9999,-7777,0,-99,0,1,1,,,,,,,,,,,,,,,
GRI212_408,8/7/2018,7/2/2024,GRI2,12,408,,POPTRE,14.7,14.8,1,-99,0,1,1,,,,,,,,,,,,,,,
GRI212_409,8/7/2018,7/2/2024,GRI2,12,409,,BETNEO,12.3,13.6,1,-99,0,1,1,,,,,,,,,,,,,,,
GRI212_410,8/7/2018,7/2/2024,GRI2,12,410,,POPTRE,12.7,13.4,1,-99,0,1,1,,,,,,,,,,,,,,,
GRI212_411,8/7/2018,7/2/2024,GRI2,12,411,,POPTRE,-9999,-9999,0,-99,0,1,1,,,,,,,,,,,,,,,
GRI212_412,8/7/2018,7/2/2024,GRI2,12,412,,POPTRE,9.9,-7777,0,-99,0,1,1,,,,,,,,,,,,,,,
GRI212_413,8/7/2018,7/2/2024,GRI2,12,413,,POPTRE,-9999,-7777,0,-99,0,1,1,,,,,,,,,,,,,,,
GRI212_414,8/7/2018,7/2/2024,GRI2,12,414,,POPTRE,12.8,13.3,1,-99,0,1,1,,,,,,,,,,,,,,,
GRI212_415,8/7/2018,7/2/2024,GRI2,12,415,,POPTRE,-9999,-9999,0,-99,0,1,1,,,,,,,,,,,,,,,
GRI212_416,8/7/2018,7/2/2024,GRI2,12,416,,BETNEO,9.8,11,1,-99,0,1,1,,,,,,,,,,,,,,,
GRI212_417,8/7/2018,7/2/2024,GRI2,12,417,,BETNEO,14.9,15.4,1,-99,0,1,1,,,,,,,,,,,,,,,
GRI212_418,8/7/2018,7/2/2024,GRI2,12,418,,POPTRE,-9999,-7777,0,5,0,1,1,,,,,,,,,,,,,,,
GRI212_419,8/7/2018,7/2/2024,GRI2,12,419,,POPTRE,-9999,-8888,0,-99,0,1,1,,,,,,,,,,,,,,,
GRI212_420,8/7/2018,7/2/2024,GRI2,12,420,,BETNEO,7.7,8.4,1,-99,0,1,1,,,,,,,,,,,,,,,
GRI212_421,8/7/2018,7/2/2024,GRI2,12,421,,POPTRE,-9999,-9999,0,-99,0,1,1,,,,,,,,,,,,,,,
GRI212_422,8/7/2018,7/2/2024,GRI2,12,422,,BETNEO,6.9,7.1,1,-99,0,1,1,,,,,,,,,,,,,,,
GRI212_423,8/7/2018,7/2/2024,GRI2,12,423,,BETNEO,8.8,-9999,0,-99,0,1,1,,,,,,,,,,,,,,,
GRI212_424,8/7/2018,7/2/2024,GRI2,12,424,,BETNEO,11.4,12.6,1,-99,0,1,1,,,,,,,,,,,,,,,
GRI212_425,8/7/2018,7/2/2024,GRI2,12,425,,POPTRE,14.8,15.2,1,-99,0,1,1,,,,,,,,,,,,,,,
GRI212_426,8/7/2018,7/2/2024,GRI2,12,426,,POPTRE,-9999,-9999,0,-99,0,1,1,,,,,,,,,,,,,,,
GRI212_427,8/7/2018,7/2/2024,GRI2,12,427,,POPTRE,-9999,-8888,0,-99,0,1,1,,,,,,,,,,,,,,,
GRI212_428,8/7/2018,7/2/2024,GRI2,12,428,,POPTRE,12.3,-7777,0,-99,0,1,1,,,,,,,,,,,,,,,
GRI212_429,8/7/2018,7/2/2024,GRI2,12,429,,POPTRE,12.5,-9999,0,-99,0,1,1,,,,,,,,,,,,,,,
GRI212_2233,,7/2/2024,GRI2,12,2233,,PICGLA,,3.9,1,-99,0,1,1,,,,,,,,,,,,,,,
GRI212_2234,,7/2/2024,GRI2,12,2234,,PICGLA,,3.4,1,-99,0,1,1,,,,,,,,,,,,,,,
GRI213_431,8/7/2018,7/2/2024,GRI2,13,431,,POPTRE,-9999,-7777,0,-99,0,1,1,,,,,,,,,,,,,,,
GRI213_432,8/7/2018,7/2/2024,GRI2,13,432,,POPTRE,12.7,13.2,1,-99,0,1,1,,,,,,,,,,,,,,,
GRI213_433,8/7/2018,7/2/2024,GRI2,13,433,,BETNEO,11.2,12.3,1,-99,0,1,1,,,,,,,,,,,,,,,
GRI213_434,8/7/2018,7/2/2024,GRI2,13,434,,BETNEO,13,14,1,-99,0,1,1,,,,,,,,,,,,,,,
GRI213_435,8/7/2018,7/2/2024,GRI2,13,435,,POPTRE,9.7,-7777,0,-99,0,1,1,,,,,,,,,,,,,,,
GRI213_436,8/7/2018,7/2/2024,GRI2,13,436,,POPTRE,15.5,15.6,1,-99,0,1,1,,,,,,,,,,,,,,,
GRI213_437,8/7/2018,7/2/2024,GRI2,13,437,,POPTRE,14.8,15.4,1,-99,0,1,1,,,,,,,,,,,,,,,
GRI213_438,8/7/2018,7/2/2024,GRI2,13,438,,POPTRE,-9999,-8888,0,-99,0,1,1,,,,,,,,,,,,,,,
GRI213_439,8/7/2018,7/2/2024,GRI2,13,439,,POPTRE,-9999,-8888,0,-99,0,1,1,,,,,,,,,,,,,,,
GRI213_440,8/7/2018,7/2/2024,GRI2,13,440,,POPTRE,-9999,-8888,0,-99,0,1,1,,,,,,,,,,,,,,,
GRI213_441,8/7/2018,7/2/2024,GRI2,13,441,,POPTRE,-9999,-9999,0,-99,0,1,1,,,,,,,,,,,,,,,
GRI213_442,8/7/2018,7/2/2024,GRI2,13,442,,POPTRE,-9999,-7777,0,-99,0,1,1,,,,,,,,,,,,,,,
GRI213_443,8/7/2018,7/2/2024,GRI2,13,443,,BETNEO,8.5,9.4,1,-99,0,1,1,,,,,,,,,,,,,,,
GRI213_444,8/7/2018,7/2/2024,GRI2,13,444,,POPTRE,15.9,16.7,1,-99,0,1,1,,,,,,,,,,,,,,,
GRI213_445,8/7/2018,7/2/2024,GRI2,13,445,,POPTRE,12.5,12.6,1,-99,0,1,1,,,,,,,,,,,,,,,
GRI213_446,8/7/2018,7/2/2024,GRI2,13,446,,BETNEO,18.4,19.9,1,-99,0,1,1,,,,,,,,,,,,,,,
GRI213_447,8/7/2018,7/2/2024,GRI2,13,447,,POPTRE,-9999,-7777,0,-99,0,1,1,,,,,,,,,,,,,,,
GRI213_448,8/7/2018,7/2/2024,GRI2,13,448,,POPTRE,17.4,18.4,0,-99,0,1,1,We think 449 and 448 were switched last year,,"I switched them for last year in this doc, still needs to be done in master ",,,,,,,,,,,,
GRI213_449,8/7/2018,7/2/2024,GRI2,13,449,,POPTRE,-9999,-7777,0,-99,0,1,1,We think 449 and 448 were switched last year,,,,,,,,,,,,,,
GRI213_450,8/7/2018,7/2/2024,GRI2,13,450,,POPTRE,19.1,19.8,1,-99,0,1,1,,,,,,,,,,,,,,,
GRI213_451,8/7/2018,7/2/2024,GRI2,13,451,,BETNEO,10.6,11.1,1,-99,0,1,1,,,,,,,,,,,,,,,
GRI213_452,8/7/2018,7/2/2024,GRI2,13,452,,POPTRE,16.8,17.6,1,-99,0,1,1,,,,,,,,,,,,,,,
GRI213_453,8/7/2018,7/2/2024,GRI2,13,453,,POPTRE,-9999,-9999,0,-99,0,1,1,,,,,,,,,,,,,,,
GRI213_454,8/7/2018,7/2/2024,GRI2,13,454,,POPTRE,-9999,-7777,0,-99,0,1,1,,,,,,,,,,,,,,,
GRI213_455,8/7/2018,7/2/2024,GRI2,13,455,,POPTRE,-9999,-7777,0,-99,0,1,1,,,,,,,,,,,,,,,
GRI213_456,8/7/2018,7/2/2024,GRI2,13,456,,BETNEO,10.8,11.5,1,-99,0,1,1,,,,,,,,,,,,,,,
GRI213_457,8/7/2018,7/2/2024,GRI2,13,457,,BETNEO,11.5,12.6,1,-99,0,1,1,,,,,,,,,,,,,,,
GRI213_458,8/7/2018,7/2/2024,GRI2,13,458,,POPTRE,-9999,-8888,0,-99,0,1,1,,,,,,,,,,,,,,,
GRI213_459,8/7/2018,7/2/2024,GRI2,13,459,,POPTRE,15.5,15.4,1,-99,0,1,1,,,,,,,,,,,,,,,
GRI213_460,8/7/2018,7/2/2024,GRI2,13,460,,POPTRE,-9999,-8888,0,-99,0,1,1,,,,,,,,,,,,,,,
GRI213_461,8/7/2018,7/2/2024,GRI2,13,461,,POPTRE,-9999,-8888,0,-99,0,1,1,,,,,,,,,,,,,,,
GRI213_462,8/7/2018,7/2/2024,GRI2,13,462,,POPTRE,-9999,-9999,0,-99,0,1,1,,,,,,,,,,,,,,,
GRI213_463,8/7/2018,7/2/2024,GRI2,13,463,,POPTRE,-9999,-9999,0,-99,0,1,1,,,,,,,,,,,,,,,
GRI213_464,8/7/2018,7/2/2024,GRI2,13,464,,POPTRE,-9999,-9999,0,-99,0,1,1,,,,,,,,,,,,,,,
GRI213_465,8/7/2018,7/2/2024,GRI2,13,465,,POPTRE,-9999,-8888,0,-99,0,1,1,,,,,,,,,,,,,,,
GRI214_466,8/7/2018,7/2/2024,GRI2,14,466,,POPTRE,12.1,12.3,1,-99,0,1,1,,,,,,,,,,,,,,,
GRI214_467,8/7/2018,7/2/2024,GRI2,14,467,,POPTRE,19.8,-9999,0,-99,0,1,1,,,,,,,,,,,,,,,
GRI214_468,8/7/2018,7/2/2024,GRI2,14,468,,POPTRE,14.2,14.6,1,-99,0,1,1,,,,,,,,,,,,,,,
GRI214_469,8/7/2018,7/2/2024,GRI2,14,469,,POPTRE,-9999,-8888,0,-99,0,1,1,,,,,,,,,,,,,,,
GRI214_470,8/7/2018,7/2/2024,GRI2,14,470,,POPTRE,16.4,17.2,1,-99,0,1,1,,,,,,,,,,,,,,,
GRI214_471,8/7/2018,7/2/2024,GRI2,14,471,,POPTRE,-9999,-7777,0,-99,0,1,1,,,,,,,,,,,,,,,
GRI214_472,8/7/2018,7/2/2024,GRI2,14,472,,POPTRE,9.8,10.2,1,-99,0,1,1,,,,,,,,,,,,,,,
GRI214_473,8/7/2018,7/2/2024,GRI2,14,473,,POPTRE,-9999,-8888,0,-99,0,1,1,,,,,,,,,,,,,,,
GRI214_474,8/7/2018,7/2/2024,GRI2,14,474,,POPTRE,-9999,-7777,0,-99,0,1,1,,,,,,,,,,,,,,,
GRI214_475,8/7/2018,7/2/2024,GRI2,14,475,,POPTRE,19,19.6,1,-99,0,1,1,,,,,,,,,,,,,,,
GRI214_476,8/7/2018,7/2/2024,GRI2,14,476,,POPTRE,-9999,-9999,0,-99,0,1,1,,,,,,,,,,,,,,,
GRI214_477,8/7/2018,7/2/2024,GRI2,14,477,,POPTRE,16.5,17,1,-99,0,1,1,,,,,,,,,,,,,,,
GRI214_478,8/7/2018,7/2/2024,GRI2,14,478,,POPTRE,-9999,-7777,0,-99,0,1,1,,,,,,,,,,,,,,,
GRI214_479,8/7/2018,7/2/2024,GRI2,14,479,,POPTRE,-9999,-8888,0,-99,0,1,1,,,,,,,,,,,,,,,
GRI214_480,8/7/2018,7/2/2024,GRI2,14,480,,POPTRE,-9999,-8888,0,-99,0,1,1,,,,,,,,,,,,,,,
GRI214_481,8/7/2018,7/2/2024,GRI2,14,481,,POPTRE,11.3,-7777,0,-99,0,1,1,,,,,,,,,,,,,,,
GRI214_482,8/7/2018,7/2/2024,GRI2,14,482,,POPTRE,14.3,14.4,1,-99,0,1,1,,,,,,,,,,,,,,,
GRI214_483,8/7/2018,7/2/2024,GRI2,14,483,,POPTRE,-9999,-8888,0,-99,0,1,1,,,,,,,,,,,,,,,
GRI214_484,8/7/2018,7/2/2024,GRI2,14,484,,POPTRE,18,18.1,1,-99,0,1,1,,,,,,,,,,,,,,,
GRI214_485,8/7/2018,7/2/2024,GRI2,14,485,,POPTRE,-9999,-7777,0,-99,0,1,1,,,,,,,,,,,,,,,
GRI214_486,8/7/2018,7/2/2024,GRI2,14,486,,POPTRE,-9999,-7777,0,-99,0,1,1,,,,,,,,,,,,,,,
GRI214_487,8/7/2018,7/2/2024,GRI2,14,487,,POPTRE,9,-7777,0,-99,0,1,1,,,,,,,,,,,,,,,
GRI214_488,8/7/2018,7/2/2024,GRI2,14,488,,POPTRE,12.7,-7777,0,-99,0,1,1,,,,,,,,,,,,,,,
GRI214_489,8/7/2018,7/2/2024,GRI2,14,489,,POPTRE,-9999,-9999,0,-99,0,1,1,,,,,,,,,,,,,,,
GRI214_490,8/7/2018,7/2/2024,GRI2,14,490,,POPTRE,-9999,-7777,0,-99,0,1,1,,,,,,,,,,,,,,,
GRI214_491,8/7/2018,7/2/2024,GRI2,14,491,,POPTRE,-9999,-7777,0,-99,0,1,1,,,,,,,,,,,,,,,
GRI214_492,8/7/2018,7/2/2024,GRI2,14,492,,POPTRE,-9999,-7777,0,-99,0,1,1,,,,,,,,,,,,,,,
GRI214_493,8/7/2018,7/2/2024,GRI2,14,493,,POPTRE,-9999,-8888,0,-99,0,1,1,,,,,,,,,,,,,,,
GRI214_494,8/7/2018,7/2/2024,GRI2,14,494,,POPTRE,12.4,-7777,0,-99,0,1,1,,,,,,,,,,,,,,,
GRI214_495,8/7/2018,7/2/2024,GRI2,14,495,,POPTRE,16.2,17.1,1,-99,0,1,1,,,,,,,,,,,,,,,
GRI214_496,8/7/2018,7/2/2024,GRI2,14,496,,POPTRE,-9999,-7777,0,-99,0,1,1,,,,,,,,,,,,,,,
GRI214_497,8/7/2018,7/2/2024,GRI2,14,497,,BETNEO,13.3,-9999,0,-99,0,1,1,,,,,,,,,,,,,,,
GRI214_498,8/7/2018,7/2/2024,GRI2,14,498,,POPTRE,-9999,-9999,0,-99,0,1,1,,,,,,,,,,,,,,,
GRI214_499,8/7/2018,7/2/2024,GRI2,14,499,,POPTRE,-9999,-7777,0,-99,0,1,1,,,,,,,,,,,,,,,
GRI214_500,8/7/2018,7/2/2024,GRI2,14,500,,POPTRE,-9999,-7777,0,5,0,1,1,,,,,,,,,,,,,,,
GRI31_21,8/7/2018,7/2/2024,GRI3,1,21,,POPTRE,24.3,24.2,1,-99,0,1,1,,,,,,,,,,,,,,,
GRI31_22,8/7/2018,7/2/2024,GRI3,1,22,,PICMAR,5.2,6.2,1,-99,0,1,1,,,,,,,,,,,,,,,
GRI31_23,8/7/2018,7/2/2024,GRI3,1,23,,POPTRE,18.2,18.6,1,-99,0,1,1,,,,,,,,,,,,,,,
GRI31_24,8/7/2018,7/2/2024,GRI3,1,24,,POPTRE,-9999,-7777,0,-99,0,1,1,,,,,,,,,,,,,,,
GRI31_25,8/7/2018,7/2/2024,GRI3,1,25,,POPTRE,11.6,-7777,0,3,0,1,1,,,,,,,,,,,,,,,
GRI31_27,8/7/2018,7/2/2024,GRI3,1,27,,PICMAR,-9999,-7777,0,-99,0,1,1,,,,,,,,,,,,,,,
GRI31_28,8/7/2018,7/2/2024,GRI3,1,28,,POPTRE,11.7,-7777,0,-99,0,1,1,,,,,,,,,,,,,,,
GRI31_29,8/7/2018,7/2/2024,GRI3,1,29,,PICMAR,6.5,7.4,1,-99,0,1,1,,,,,,,,,,,,,,,
GRI31_30,8/7/2018,7/2/2024,GRI3,1,30,,PICMAR,5.5,6.5,1,-99,0,1,1,,,,,,,,,,,,,,,
GRI31_31,8/7/2018,7/2/2024,GRI3,1,31,,PICMAR,5.2,6.7,1,-99,0,1,1,,,,,,,,,,,,,,,
GRI31_32,8/7/2018,7/2/2024,GRI3,1,32,,PICMAR,3.6,-9999,0,-99,0,1,1,,,,,,,,,,,,,,,
GRI31_33,8/7/2018,7/2/2024,GRI3,1,33,,PICMAR,11,12.7,1,-99,0,1,1,,,,,,,,,,,,,,,
GRI31_34,8/7/2018,7/2/2024,GRI3,1,34,,POPTRE,-9999,-9999,0,-99,0,1,1,,,,,,,,,,,,,,,
GRI31_35,8/7/2018,7/2/2024,GRI3,1,35,,POPTRE,18,18.4,1,-99,0,1,1,,,,,,,,,,,,,,,
GRI31_36,8/7/2018,7/2/2024,GRI3,1,36,,POPTRE,19.3,20.5,1,-99,0,1,1,,,,,,,,,,,,,,,
GRI31_37,8/7/2018,7/2/2024,GRI3,1,37,,POPTRE,18.8,19.5,1,-99,0,1,1,,,,,,,,,,,,,,,
GRI31_38,8/7/2018,7/2/2024,GRI3,1,38,,BETNEO,16.4,17,1,-99,0,1,1,,,,,,,,,,,,,,,
GRI31_39,8/7/2018,7/2/2024,GRI3,1,39,,BETNEO,11.6,13.2,1,-99,0,1,1,,,,,,,,,,,,,,,
GRI31_40,8/7/2018,7/2/2024,GRI3,1,40,,PICGLA,4.1,5.7,1,-99,0,1,1,,,,,,,,,,,,,,,
GRI31_41,8/7/2018,7/2/2024,GRI3,1,41,,PICMAR,3.2,4.2,1,-99,0,1,1,,,,,,,,,,,,,,,
GRI31_42,8/7/2018,7/2/2024,GRI3,1,42,,PICMAR,4,5,1,-99,0,1,1,,,,,,,,,,,,,,,
GRI31_43,8/7/2018,7/2/2024,GRI3,1,43,,PICMAR,6.6,7.1,1,-99,0,1,1,,,,,,,,,,,,,,,
GRI31_44,8/7/2018,7/2/2024,GRI3,1,44,,POPTRE,-9999,-9999,0,-99,0,1,1,,,,,,,,,,,,,,,
GRI31_45,8/7/2018,7/2/2024,GRI3,1,45,,POPTRE,15.6,16.2,1,-99,0,1,1,,,,,,,,,,,,,,,
GRI31_46,8/7/2018,7/2/2024,GRI3,1,46,,POPTRE,-9999,-7777,0,-99,0,1,1,,,,,,,,,,,,,,,
GRI31_47,8/7/2018,7/2/2024,GRI3,1,47,,POPTRE,-9999,-9999,0,-99,0,1,1,,,,,,,,,,,,,,,
GRI31_48,8/7/2018,7/2/2024,GRI3,1,48,,PICMAR,14,16.1,1,-99,0,1,1,,,,,,,,,,,,,,,
GRI31_50,8/7/2018,7/2/2024,GRI3,1,50,,POPTRE,-9999,-7777,0,-99,0,1,1,,,,,,,,,,,,,,,
GRI31_51,8/7/2018,7/2/2024,GRI3,1,51,,POPTRE,-9999,-9999,0,-99,0,1,1,,,,,,,,,,,,,,,
GRI31_52,8/7/2018,7/2/2024,GRI3,1,52,,POPTRE,12.2,-7777,0,-99,0,1,1,,,,,,,,,,,,,,,
GRI31_53,8/7/2018,7/2/2024,GRI3,1,53,,PICMAR,7.9,8.8,1,-99,0,1,1,,,,,,,,,,,,,,,
GRI31_2235,,7/2/2024,GRI3,1,2235,,PICMAR,,2.7,1,-99,0,1,1,,,,,,,,,,,,,,,
GRI32_54,8/7/2018,7/2/2024,GRI3,2,54,,PICMAR,8.6,10,1,-99,0,1,1,,,,,,,,,,,,,,,
GRI32_55,8/7/2018,7/2/2024,GRI3,2,55,,POPTRE,-9999,-7777,0,-99,0,1,1,,,,,,,,,,,,,,,
GRI32_57,8/7/2018,7/2/2024,GRI3,2,57,,PICMAR,6.3,6.8,1,-99,0,1,1,,,,,,,,,,,,,,,
GRI32_58,8/7/2018,7/2/2024,GRI3,2,58,,PICMAR,4.6,5,1,-99,0,1,1,,,,,,,,,,,,,,,
GRI32_59,8/7/2018,7/2/2024,GRI3,2,59,,PICMAR,4.1,5.3,1,-99,0,1,1,,,,,,,,,,,,,,,
GRI32_60,8/7/2018,7/2/2024,GRI3,2,60,,POPTRE,13.5,-7777,0,-99,0,1,1,,,,,,,,,,,,,,,
GRI32_61,8/7/2018,7/2/2024,GRI3,2,61,,PICMAR,7.9,9,1,-99,0,1,1,,,,,,,,,,,,,,,
GRI32_62,8/7/2018,7/2/2024,GRI3,2,62,,BETNEO,20.9,22.1,1,-99,0,1,1,,,,,,,,,,,,,,,
GRI32_63,8/7/2018,7/2/2024,GRI3,2,63,,PICMAR,3.7,4.6,1,-99,0,1,1,,,,,,,,,,,,,,,
GRI32_64,8/7/2018,7/2/2024,GRI3,2,64,,PICMAR,5.8,7,1,-99,0,1,1,,,,,,,,,,,,,,,
GRI32_65,8/7/2018,7/2/2024,GRI3,2,65,,BETNEO,-9999,-9999,0,-99,0,1,1,,,,,,,,,,,,,,,
GRI32_66,8/7/2018,7/2/2024,GRI3,2,66,,POPTRE,-9999,-7777,0,-99,0,1,1,,,,,,,,,,,,,,,
GRI32_67,8/7/2018,7/2/2024,GRI3,2,67,,POPTRE,11.8,12.3,1,-99,0,1,1,,,,,,,,,,,,,,,
GRI32_68,8/7/2018,7/2/2024,GRI3,2,68,,POPTRE,12.4,-7777,0,-99,0,1,1,,,,,,,,,,,,,,,
GRI32_69,8/7/2018,7/2/2024,GRI3,2,69,,PICMAR,6,6.6,1,-99,0,1,1,,,,,,,,,,,,,,,
GRI32_70,8/7/2018,7/2/2024,GRI3,2,70,,PICMAR,9.6,10.7,1,-99,0,1,1,,,,,,,,,,,,,,,
GRI32_71,8/7/2018,7/2/2024,GRI3,2,71,,PICGLA,6,7.4,1,-99,0,1,1,,,,,,,,,,,,,,,
GRI32_72,8/7/2018,7/2/2024,GRI3,2,72,,PICMAR,5.6,6.3,1,-99,0,1,1,,,,,,,,,,,,,,,
GRI32_73,8/7/2018,7/2/2024,GRI3,2,73,,POPTRE,20.3,20.6,1,-99,0,1,1,,,,,,,,,,,,,,,
GRI32_74,8/7/2018,7/2/2024,GRI3,2,74,,PICMAR,5,6.3,1,-99,0,1,1,,,,,,,,,,,,,,,
GRI32_75,8/7/2018,7/2/2024,GRI3,2,75,,POPTRE,-9999,-9999,0,-99,0,1,1,,,,,,,,,,,,,,,
GRI32_76,8/7/2018,7/2/2024,GRI3,2,76,,POPTRE,-9999,-7777,0,5,0,1,1,,,,,,,,,,,,,,,
GRI32_77,8/7/2018,7/2/2024,GRI3,2,77,,BETNEO,19,20.9,1,-99,0,1,1,,,,,,,,,,,,,,,
GRI32_78,8/7/2018,7/2/2024,GRI3,2,78,,POPTRE,-9999,-9999,0,-99,0,1,1,,,,,,,,,,,,,,,
GRI32_79,8/7/2018,7/2/2024,GRI3,2,79,,POPTRE,12.2,12.3,1,-99,0,1,1,,,,,,,,,,,,,,,
GRI32_80,8/7/2018,7/2/2024,GRI3,2,80,,BETNEO,11.6,12.9,1,-99,0,1,1,,,,,,,,,,,,,,,
GRI32_81,8/7/2018,7/2/2024,GRI3,2,81,,POPTRE,-9999,-7777,0,4,0,1,1,,,,,,,,,,,,,,,
GRI32_82,8/7/2018,7/2/2024,GRI3,2,82,,POPTRE,-9999,-9999,0,-99,0,1,1,,,,,,,,,,,,,,,
GRI32_83,8/7/2018,7/2/2024,GRI3,2,83,,POPTRE,-9999,-8888,0,-99,0,1,1,dead down tree with no tag,,,,,,,,,,,,,,
GRI32_84,8/7/2018,7/2/2024,GRI3,2,84,,POPTRE,19.5,21,1,-99,0,1,1,,,,,,,,,,,,,,,
GRI32_85,8/7/2018,7/2/2024,GRI3,2,85,,POPTRE,-9999,-7777,0,-99,0,1,1,,,,,,,,,,,,,,,
GRI32_86,8/7/2018,7/2/2024,GRI3,2,86,,POPTRE,-9999,-7777,0,-99,0,1,1,,,,,,,,,,,,,,,
GRI32_87,8/7/2018,7/2/2024,GRI3,2,87,,PICMAR,9.3,9.9,1,-99,0,1,1,,,,,,,,,,,,,,,
GRI32_88,8/7/2018,7/2/2024,GRI3,2,88,,PICMAR,9.2,10.5,1,-99,0,1,1,,,,,,,,,,,,,,,
GRI32_89,8/7/2018,7/2/2024,GRI3,2,89,,PICMAR,4.6,5.4,1,-99,0,1,1,,,,,,,,,,,,,,,
GRI32_90,8/7/2018,7/2/2024,GRI3,2,90,,PICMAR,4.6,5,1,-99,1,1,1,,,,,,,,,,,,,,,
GRI32_91,8/7/2018,7/2/2024,GRI3,2,91,,BETNEO,25.1,26.2,1,-99,0,1,1,,,,,,,,,,,,,,,
GRI32_92,8/7/2018,7/2/2024,GRI3,2,92,,POPTRE,17,17.5,1,-99,0,1,1,,,,,,,,,,,,,,,
GRI32_93,8/7/2018,7/2/2024,GRI3,2,93,,BETNEO,8.3,9.1,1,-99,0,1,1,,,,,,,,,,,,,,,
GRI32_94,8/7/2018,7/2/2024,GRI3,2,94,,POPTRE,-7777,-7777,0,-99,0,1,1,,,,,,,,,,,,,,,
GRI32_95,8/7/2018,7/2/2024,GRI3,2,95,,POPTRE,18.4,18.5,1,-99,0,1,1,,,,,,,,,,,,,,,
GRI32_96,8/7/2018,7/2/2024,GRI3,2,96,,POPTRE,12.5,12.5,1,-99,0,1,1,,,,,,,,,,,,,,,
GRI32_97,8/7/2018,7/2/2024,GRI3,2,97,,POPTRE,9.3,-7777,0,-99,0,1,1,,,,,,,,,,,,,,,
GRI32_98,8/7/2018,7/2/2024,GRI3,2,98,,POPTRE,-9999,-9999,0,-99,0,1,1,,,,,,,,,,,,,,,
GRI32_99,8/7/2018,7/2/2024,GRI3,2,99,,POPTRE,-9999,-7777,0,-99,0,1,1,,,,,,,,,,,,,,,
GRI32_100,8/7/2018,7/2/2024,GRI3,2,100,,PICMAR,10,11,1,-99,0,1,1,,,,,,,,,,,,,,,
GRI32_101,8/7/2018,7/2/2024,GRI3,2,101,,PICMAR,4.4,5.1,1,-99,0,1,1,,,,,,,,,,,,,,,
GRI32_102,8/7/2018,7/2/2024,GRI3,2,102,,PICMAR,4.4,5.2,1,-99,0,1,1,,,,,,,,,,,,,,,
GRI32_103,8/7/2018,7/2/2024,GRI3,2,103,,PICMAR,4.9,5.5,1,-99,0,1,1,,,,,,,,,,,,,,,
GRI32_2236,,7/2/2024,GRI3,2,2236,,PICMAR,,3,1,-99,0,1,1,,,,,,,,,,,,,,,
GRI33_104,8/7/2018,7/2/2024,GRI3,3,104,,PICMAR,6.9,6.4,1,-99,0,1,1,,,,,,,,,,,,,,,
GRI33_105,8/7/2018,7/2/2024,GRI3,3,105,,POPTRE,9.2,9.3,1,-99,0,1,1,,,,,,,,,,,,,,,
GRI33_106,8/7/2018,7/2/2024,GRI3,3,106,,POPTRE,10,-7777,0,-99,0,1,1,,,,,,,,,,,,,,,
GRI33_107,8/7/2018,7/2/2024,GRI3,3,107,,PICMAR,7.4,8.4,1,-99,0,1,1,,,,,,,,,,,,,,,
GRI33_108,8/7/2018,7/2/2024,GRI3,3,108,,PICMAR,4.6,5.2,1,-99,0,1,1,,,,,,,,,,,,,,,
GRI33_109,8/7/2018,7/2/2024,GRI3,3,109,,PICMAR,4.3,5.3,1,-99,0,1,1,,,,,,,,,,,,,,,
GRI33_110,8/7/2018,7/2/2024,GRI3,3,110,,PICMAR,3.6,4,1,-99,0,1,1,,,,,,,,,,,,,,,
GRI33_111,8/7/2018,7/2/2024,GRI3,3,111,,PICMAR,8.1,9.1,1,-99,0,1,1,,,,,,,,,,,,,,,
GRI33_112,8/7/2018,7/2/2024,GRI3,3,112,,POPTRE,12.2,12.2,1,-99,0,1,1,,,,,,,,,,,,,,,
GRI33_113,8/7/2018,7/2/2024,GRI3,3,113,,POPTRE,16.4,17,1,-99,0,1,1,,,,,,,,,,,,,,,
GRI33_114,8/7/2018,7/2/2024,GRI3,3,114,,POPTRE,16.8,17.1,1,-99,0,1,1,,,,,,,,,,,,,,,
GRI33_115,8/7/2018,7/2/2024,GRI3,3,115,,POPTRE,21,21.7,1,-99,0,1,1,,,,,,,,,,,,,,,
GRI33_116,8/7/2018,7/2/2024,GRI3,3,116,,POPTRE,-9999,-7777,0,-99,0,1,1,,,,,,,,,,,,,,,
GRI33_117,8/7/2018,7/2/2024,GRI3,3,117,,POPTRE,-9999,-8888,0,-99,0,1,1,,,,,,,,,,,,,,,
GRI33_118,8/7/2018,7/2/2024,GRI3,3,118,,POPTRE,13.3,13.4,1,-99,0,1,1,,,,,,,,,,,,,,,
GRI33_119,8/7/2018,7/2/2024,GRI3,3,119,,BETNEO,10.2,11.2,1,-99,0,1,1,,,,,,,,,,,,,,,
GRI33_120,8/7/2018,7/2/2024,GRI3,3,120,,PICMAR,4.9,6,1,-99,0,1,1,,,,,,,,,,,,,,,
GRI33_121,8/7/2018,7/2/2024,GRI3,3,121,,POPTRE,12.1,-7777,0,2.25,0,1,1,,,,,,,,,,,,,,,
GRI33_122,8/7/2018,7/2/2024,GRI3,3,122,,POPTRE,-9999,-7777,0,-99,0,1,1,tag missing,,,,,,,,,,,,,,
GRI33_123,8/7/2018,7/2/2024,GRI3,3,123,,POPTRE,12.7,13.2,1,-99,0,1,1,,,,,,,,,,,,,,,
GRI33_124,8/7/2018,7/2/2024,GRI3,3,124,,PICMAR,7.8,9.2,1,-99,0,1,1,,,,,,,,,,,,,,,
GRI33_125,8/7/2018,7/2/2024,GRI3,3,125,,BETNEO,17.1,18.6,1,-99,0,1,1,,,,,,,,,,,,,,,
GRI33_126,8/7/2018,7/2/2024,GRI3,3,126,,POPTRE,10.6,10.7,1,-99,0,1,1,,,,kanker,,,,,,,,,,,
GRI33_127,8/7/2018,7/2/2024,GRI3,3,127,,PICMAR,6,7,1,-99,0,1,1,,,,,,,,,,,,,,,
GRI33_128,8/7/2018,7/2/2024,GRI3,3,128,,PICMAR,4.7,5.4,1,-99,0,1,1,,,,,,,,,,,,,,,
GRI33_129,8/7/2018,7/2/2024,GRI3,3,129,,PICMAR,4,5.1,1,-99,0,1,1,,,,,,,,,,,,,,,
GRI33_130,8/7/2018,7/2/2024,GRI3,3,130,,POPTRE,17.8,-7777,0,3,0,1,1,,,,,,,,,,,,,,,
GRI33_131,8/7/2018,7/2/2024,GRI3,3,131,,POPTRE,11.4,11.8,1,-99,0,1,1,,,,,,,,,,,,,,,
GRI33_132,8/7/2018,7/2/2024,GRI3,3,132,,PICMAR,5,6.1,1,-99,0,1,1,,,,,,,,,,,,,,,
GRI33_133,8/7/2018,7/2/2024,GRI3,3,133,,PICMAR,9.6,10.2,1,-99,0,1,1,,,,,,,,,,,,,,,
GRI33_134,8/7/2018,7/2/2024,GRI3,3,134,,PICMAR,9.9,10.6,1,-99,0,1,1,,,,,,,,,,,,,,,
GRI33_135,8/7/2018,7/2/2024,GRI3,3,135,,PICMAR,7.8,8.2,1,-99,0,1,1,,,,,,,,,,,,,,,
GRI33_136,8/7/2018,7/2/2024,GRI3,3,136,,BETNEO,15.4,17.7,1,-99,0,1,1,,,,,,,,,,,,,,,
GRI33_137,8/7/2018,7/2/2024,GRI3,3,137,,PICMAR,9.3,-7777,0,-99,0,1,1,,,,,,,,,,,,,,,
GRI33_2237,,7/2/2024,GRI3,3,2237,,PICGLA,,3.6,1,-99,0,1,1,,,,,,,,,,,,,,,
GRI33_2238,,7/2/2024,GRI3,3,2238,,PICGLA,,2.9,1,-99,0,1,1,,,,,,,,,,,,,,,
GRI33_2239,,7/2/2024,GRI3,3,2239,,PICMAR,,3.8,1,-99,0,1,1,,,,,,,,,,,,,,,
GRI34_138,8/7/2018,7/2/2024,GRI3,4,138,,POPTRE,15.7,16.3,1,-99,0,1,1,,,,,,,,,,,,,,,
GRI34_139,8/7/2018,7/2/2024,GRI3,4,139,,PICMAR,7.3,8.5,1,-99,0,1,1,,,,,,,,,,,,,,,
GRI34_140,8/7/2018,7/2/2024,GRI3,4,140,,PICMAR,5,-7777,0,-99,0,1,1,,,,,,,,,,,,,,,
GRI34_141,8/7/2018,7/2/2024,GRI3,4,141,,POPTRE,-9999,-7777,0,-99,0,1,1,,,,,,,,,,,,,,,
GRI34_142,8/7/2018,7/2/2024,GRI3,4,142,,PICMAR,3.2,3.9,1,-99,0,1,1,,,,,,,,,,,,,,,
GRI34_143,8/7/2018,7/2/2024,GRI3,4,143,,PICMAR,2.9,3.2,1,-99,0,1,1,,,,,,,,,,,,,,,
GRI34_144,8/7/2018,7/2/2024,GRI3,4,144,,PICMAR,7.2,8.5,1,-99,0,1,1,,,,,,,,,,,,,,,
GRI34_145,8/7/2018,7/2/2024,GRI3,4,145,,PICMAR,3.7,4.2,1,-99,0,1,1,,,,,,,,,,,,,,,
GRI34_146,8/7/2018,7/2/2024,GRI3,4,146,,PICMAR,-9999,-7777,0,2,0,1,1,,,,,,,,,,,,,,,
GRI34_147,8/7/2018,7/2/2024,GRI3,4,147,,POPTRE,-9999,-7777,0,15,0,1,1,,,,,,,,,,,,,,,
GRI34_148,8/7/2018,7/2/2024,GRI3,4,148,,PICMAR,6,6.4,1,4,0,1,1,,,,,,,,,,,,,,,
GRI34_149,8/7/2018,7/2/2024,GRI3,4,149,,PICGLA,3.5,4.2,1,-99,0,1,1,,,,,,,,,,,,,,,
GRI34_150,8/7/2018,7/2/2024,GRI3,4,150,,PICGLA,4.7,5.8,1,-99,0,1,1,,,,,,,,,,,,,,,
GRI34_151,8/7/2018,7/2/2024,GRI3,4,151,,POPTRE,-9999,-7777,0,-99,0,1,1,,,,,,,,,,,,,,,
GRI34_152,8/7/2018,7/2/2024,GRI3,4,152,,POPTRE,15.3,15.9,1,-99,0,1,1,,,,,,,,,,,,,,,
GRI34_153,8/7/2018,7/2/2024,GRI3,4,153,,BETNEO,13.5,14.5,1,-99,0,1,1,,,,,,,,,,,,,,,
GRI34_154,8/7/2018,7/2/2024,GRI3,4,154,,POPTRE,15.2,15.4,1,-99,0,1,1,,,,,,,,,,,,,,,
GRI34_155,8/7/2018,7/2/2024,GRI3,4,155,,POPTRE,18.7,-7777,0,-99,0,1,1,,,,,,,,,,,,,,,
GRI34_156,8/7/2018,7/2/2024,GRI3,4,156,,PICMAR,3.9,4.7,1,-99,0,1,1,,,,,,,,,,,,,,,
GRI34_157,8/7/2018,7/2/2024,GRI3,4,157,,POPTRE,-9999,-9999,0,-99,0,1,1,,,,,,,,,,,,,,,
GRI34_158,8/7/2018,7/2/2024,GRI3,4,158,,POPTRE,-9999,-7777,0,5,0,1,1,,,,,,,,,,,,,,,
GRI34_159,8/7/2018,7/2/2024,GRI3,4,159,,PICMAR,-9999,-7777,0,-99,0,1,1,,,,,,,,,,,,,,,
GRI34_160,8/7/2018,7/2/2024,GRI3,4,160,,BETNEO,13.2,14.6,1,-99,0,1,1,,,,,,,,,,,,,,,
GRI34_161,8/7/2018,7/2/2024,GRI3,4,161,,PICMAR,7.5,8.7,1,-99,0,1,1,,,,,,,,,,,,,,,
GRI34_162,8/7/2018,7/2/2024,GRI3,4,162,,PICMAR,13.1,14.5,1,-99,0,1,1,,,,,,,,,,,,,,,
GRI34_163,8/7/2018,7/2/2024,GRI3,4,163,,POPTRE,-9999,-9999,0,-99,0,1,1,,,,,,,,,,,,,,,
GRI34_164,8/7/2018,7/2/2024,GRI3,4,164,,POPTRE,15.3,15.7,1,-99,0,1,1,,,,,,,,,,,,,,,
GRI34_165,8/7/2018,7/2/2024,GRI3,4,165,,PICMAR,3.9,5.2,1,-99,0,1,1,,,,,,,,,,,,,,,
GRI34_166,8/7/2018,7/2/2024,GRI3,4,166,,PICMAR,5,6.7,1,-99,0,1,1,,,,,,,,,,,,,,,
GRI34_167,8/7/2018,7/2/2024,GRI3,4,167,,POPTRE,22.6,24.1,1,-99,0,1,1,,,,,,,,,,,,,,,
GRI34_168,8/7/2018,7/2/2024,GRI3,4,168,,POPTRE,16.1,16.7,1,-99,0,1,1,,,,,,,,,,,,,,,
GRI34_169,8/7/2018,7/2/2024,GRI3,4,169,,PICMAR,3.5,4.6,1,-99,0,1,1,,,,,,,,,,,,,,,
GRI34_170,8/7/2018,7/2/2024,GRI3,4,170,,POPTRE,-9999,-9999,0,-99,0,1,1,,,,,,,,,,,,,,,
GRI34_171,8/7/2018,7/2/2024,GRI3,4,171,,POPTRE,20.8,21.6,1,-99,0,1,1,,,,,,,,,,,,,,,
GRI34_172,8/7/2018,7/2/2024,GRI3,4,172,,PICMAR,5,6.2,1,-99,0,1,1,,,,,,,,,,,,,,,
GRI34_173,8/7/2018,7/2/2024,GRI3,4,173,,PICMAR,4.2,-7777,0,-99,0,1,1,,,,,,,,,,,,,,,
GRI34_174,8/7/2018,7/2/2024,GRI3,4,174,,PICMAR,6.4,7.5,1,-99,0,1,1,,,,,,,,,,,,,,,
GRI34_175,8/7/2018,7/2/2024,GRI3,4,175,,PICGLA,8.4,10.1,1,-99,0,1,1,,,,,,,,,,,,,,,
GRI34_176,8/7/2018,7/2/2024,GRI3,4,176,,POPTRE,-9999,-9999,0,-99,0,1,1,,,,,,,,,,,,,,,
GRI34_177,8/7/2018,7/2/2024,GRI3,4,177,,PICMAR,4,4.9,1,-99,0,1,1,,,,,,,,,,,,,,,
GRI34_178,8/7/2018,7/2/2024,GRI3,4,178,,PICMAR,3.6,4.3,1,-99,0,1,1,,,,,,,,,,,,,,,
GRI34_686,8/7/2018,7/2/2024,GRI3,4,686,,PICMAR,2.6,3.5,1,-99,0,1,1,old notes-By tree 167,old notes-By tree 167. 2019 notes-,,,,,,,,,,,,,
GRI34_2240,,7/2/2024,GRI3,4,2240,,PICMAR,,3.6,1,-99,0,1,1,,,,,,,,,,,,,,,
GRI34_2241,,7/2/2024,GRI3,4,2241,,PICMAR,,2.8,1,-99,0,1,1,,,,,,,,,,,,,,,
GRI36_179,8/7/2018,7/2/2024,GRI3,6,179,,POPTRE,-9999,-7777,0,-99,0,1,1,,,,,,,,,,,,,,,
GRI36_180,8/7/2018,7/2/2024,GRI3,6,180,,POPTRE,14.2,14.6,1,-99,0,1,1,,,,,,,,,,,,,,,
GRI36_181,8/7/2018,7/2/2024,GRI3,6,181,,POPTRE,17.8,18.1,1,-99,0,1,1,,,,,,,,,,,,,,,
GRI36_182,8/7/2018,7/2/2024,GRI3,6,182,,POPTRE,17.4,8.9,1,-99,0,1,1,,,,,,,,,,,,,,,
GRI36_183,8/7/2018,7/2/2024,GRI3,6,183,,POPTRE,-9999,-8888,0,-99,0,1,1,,,,,,,,,,,,,,,
GRI36_184,8/7/2018,7/2/2024,GRI3,6,184,,BETNEO,11.7,15.1,1,-99,0,1,1,,,,,,,,,,,,,,,
GRI36_185,8/7/2018,7/2/2024,GRI3,6,185,,BETNEO,4.9,5.9,1,-99,0,1,1,,,,,,,,,,,,,,,
GRI36_186,8/7/2018,7/2/2024,GRI3,6,186,,POPTRE,17,17.9,1,-99,0,1,1,,,,,,,,,,,,,,,
GRI36_187,8/7/2018,7/2/2024,GRI3,6,187,,POPTRE,12.2,12.2,1,-99,0,1,1,,,,,,,,,,,,,,,
GRI36_188,8/7/2018,7/2/2024,GRI3,6,188,,POPTRE,20.8,21.9,1,-99,0,1,1,,,,,,,,,,,,,,,
GRI36_189,8/7/2018,7/2/2024,GRI3,6,189,,POPTRE,18.1,18.3,1,-99,0,1,1,,,,,,,,,,,,,,,
GRI36_190,8/7/2018,7/2/2024,GRI3,6,190,,POPTRE,-9999,-9999,0,-99,0,1,1,,,,,,,,,,,,,,,
GRI36_191,8/7/2018,7/2/2024,GRI3,6,191,,POPTRE,20.1,-7777,0,-99,0,1,1,,,,,,,,,,,,,,,
GRI36_192,8/7/2018,7/2/2024,GRI3,6,192,,POPTRE,-9999,-9999,0,-99,0,1,1,,,,,,,,,,,,,,,
GRI36_193,8/7/2018,7/2/2024,GRI3,6,193,,POPTRE,-9999,-7777,0,-99,0,1,1,,,,,,,,,,,,,,,
GRI36_194,8/7/2018,7/2/2024,GRI3,6,194,,POPTRE,-9999,-7777,0,5,0,1,1,,,,,,,,,,,,,,,
GRI36_195,8/7/2018,7/2/2024,GRI3,6,195,,PICMAR,4.3,5.4,1,-99,0,1,1,,,,,,,,,,,,,,,
GRI36_196,8/7/2018,7/2/2024,GRI3,6,196,,PICMAR,5.3,6.3,1,-99,0,1,1,,,,,,,,,,,,,,,
GRI36_197,8/7/2018,7/2/2024,GRI3,6,197,,PICMAR,4.4,5.6,1,-99,0,1,1,,,,,,,,,,,,,,,
GRI36_198,8/7/2018,7/2/2024,GRI3,6,198,,POPTRE,-9999,-7777,0,-99,0,1,1,,,,,,,,,,,,,,,
GRI36_199,8/7/2018,7/2/2024,GRI3,6,199,,POPTRE,22.7,24,1,-99,0,1,1,,,,,,,,,,,,,,,
GRI36_200,8/7/2018,7/2/2024,GRI3,6,200,,PICMAR,3,3.5,1,-99,0,1,1,,,,,,,,,,,,,,,
GRI36_201,8/7/2018,7/2/2024,GRI3,6,201,,POPTRE,-9999,-9999,0,-99,0,1,1,,,,,,,,,,,,,,,
GRI36_202,8/7/2018,7/2/2024,GRI3,6,202,,BETNEO,19.7,21.3,1,-99,0,1,1,,,,,,,,,,,,,,,
GRI36_203,8/7/2018,7/2/2024,GRI3,6,203,,POPTRE,8.5,8.1,1,-99,0,1,1,,,,,,,,,,,,,,,
GRI36_204,8/7/2018,7/2/2024,GRI3,6,204,,PICMAR,5.5,6,1,-99,0,1,1,,,,,,,,,,,,,,,
GRI36_205,8/7/2018,7/2/2024,GRI3,6,205,,PICMAR,4,4.8,1,-99,0,1,1,,,,,,,,,,,,,,,
GRI36_206,8/7/2018,7/2/2024,GRI3,6,206,,POPTRE,16.9,17.4,1,-99,0,1,1,,,,,,,,,,,,,,,
GRI36_207,8/7/2018,7/2/2024,GRI3,6,207,,PICMAR,5.5,6.4,1,-99,0,1,1,,,,,,,,,,,,,,,
GRI36_208,8/7/2018,7/2/2024,GRI3,6,208,,PICMAR,3.5,4.3,1,-99,0,1,1,,,,,,,,,,,,,,,
GRI36_209,8/7/2018,7/2/2024,GRI3,6,209,,POPTRE,-9999,-7777,0,-99,0,1,1,,,,,,,,,,,,,,,
GRI36_210,8/7/2018,7/2/2024,GRI3,6,210,,POPTRE,-9999,-7777,0,-99,0,1,1,,,,,,,,,,,,,,,
GRI36_211,8/7/2018,7/2/2024,GRI3,6,211,,POPTRE,13,13.5,1,-99,0,1,1,,,,,,,,,,,,,,,
GRI36_212,8/7/2018,7/2/2024,GRI3,6,212,,POPTRE,-9999,-7777,0,5,0,1,1,,,,,,,,,,,,,,,
GRI36_213,8/7/2018,7/2/2024,GRI3,6,213,,POPTRE,-9999,-7777,0,4,0,1,1,,,,,,,,,,,,,,,
GRI36_214,8/7/2018,7/2/2024,GRI3,6,214,,POPTRE,-9999,-7777,0,-99,0,1,1,,no tag,,,,,,,,,,,,,
GRI36_215,8/7/2018,7/2/2024,GRI3,6,215,,PICMAR,6.5,6.9,1,-99,0,1,1,,,,,,,,,,,,,,,
GRI36_2242,,7/2/2024,GRI3,6,2242,,PICMAR,,3.2,1,-99,0,1,1,,,,,,,,,,,,,,,
GRI36_2243,,7/2/2024,GRI3,6,2243,,PICMAR,,2.7,1,-99,0,1,1,,,,,,,,,,,,,,,
GRI36_2244,,7/2/2024,GRI3,6,2244,,PICMAR,,3,1,-99,0,1,1,,,,,,,,,,,,,,,
GRI36_2245,,7/2/2024,GRI3,6,2245,,PICMAR,,2.7,1,-99,0,1,1,,,,,,,,,,,,,,,
GRI37_216,8/7/2018,7/2/2024,GRI3,7,216,,PICMAR,7.2,7.8,1,-99,0,1,1,,,,,,,,,,,,,,,
GRI37_217,8/7/2018,7/2/2024,GRI3,7,217,,PICMAR,5.2,5.4,1,-99,0,1,1,,,,,,,,,,,,,,,
GRI37_218,8/7/2018,7/2/2024,GRI3,7,218,,PICMAR,3.5,4.5,1,-99,0,1,1,,,,,,,,,,,,,,,
GRI37_219,8/7/2018,7/2/2024,GRI3,7,219,,PICMAR,4.6,5.6,1,-99,0,1,1,,,,,,,,,,,,,,,
GRI37_220,8/7/2018,7/2/2024,GRI3,7,220,,POPTRE,-9999,-9999,0,-99,0,1,1,,,,,,,,,,,,,,,
GRI37_221,8/7/2018,7/2/2024,GRI3,7,221,,BETNEO,15.3,16.3,1,-99,0,1,1,,,,,,,,,,,,,,,
GRI37_222,8/7/2018,7/2/2024,GRI3,7,222,,POPTRE,-9999,-7777,0,-99,0,1,1,,,,,,,,,,,,,,,
GRI37_223,8/7/2018,7/2/2024,GRI3,7,223,,POPTRE,22,22.8,1,-99,0,1,1,,,,,,,,,,,,,,,
GRI37_224,8/7/2018,7/2/2024,GRI3,7,224,,POPTRE,-9999,-8888,0,-99,0,1,1,,,,,,,,,,,,,,,
GRI37_225,8/7/2018,7/2/2024,GRI3,7,225,,POPTRE,-9999,-7777,0,-99,0,1,1,,,,,,,,,,,,,,,
GRI37_226,8/7/2018,7/2/2024,GRI3,7,226,,POPTRE,25,25.7,1,-99,0,1,1,,,,,,,,,,,,,,,
GRI37_227,8/7/2018,7/2/2024,GRI3,7,227,,POPTRE,-9999,-8888,0,-99,0,1,1,,,,,,,,,,,,,,,
GRI37_228,8/7/2018,7/2/2024,GRI3,7,228,,POPTRE,-9999,8.4,0,-99,0,1,1,,,,,,,,,,,,,,,
GRI37_229,8/7/2018,7/2/2024,GRI3,7,229,,PICMAR,6.6,8.5,1,-99,0,1,1,,,,,,,,,,,,,,,
GRI37_230,8/7/2018,7/2/2024,GRI3,7,230,,POPTRE,-9999,-7777,0,-99,0,1,1,,,,,,,,,,,,,,,
GRI37_231,8/7/2018,7/2/2024,GRI3,7,231,,POPTRE,10.3,-7777,0,-99,0,1,1,,,,,,,,,,,,,,,
GRI37_232,8/7/2018,7/2/2024,GRI3,7,232,,POPTRE,16.1,-9999,0,-99,0,1,1,,no tag or missing,,,,,,,,,,,,,
GRI37_233,8/7/2018,7/2/2024,GRI3,7,233,,POPTRE,10.9,10.9,1,-99,0,1,1,,,,,,,,,,,,,,,
GRI37_234,8/7/2018,7/2/2024,GRI3,7,234,,POPTRE,21.2,21.9,1,-99,0,1,1,,,,,,,,,,,,,,,
GRI37_235,8/7/2018,7/2/2024,GRI3,7,235,,POPTRE,18,18.1,1,-99,0,1,1,,,,,,,,,,,,,,,
GRI37_236,8/7/2018,7/2/2024,GRI3,7,236,,POPTRE,-9999,-7777,0,3,0,1,1,,,,,,,,,,,,,,,
GRI37_237,8/7/2018,7/2/2024,GRI3,7,237,,POPTRE,19.3,19.3,1,-99,0,1,1,,,,,,,,,,,,,,,
GRI37_238,8/7/2018,7/2/2024,GRI3,7,238,,PICMAR,10.3,10.5,1,-99,1,1,1,,,,,,,,,,,,,,,
GRI37_239,8/7/2018,7/2/2024,GRI3,7,239,,POPTRE,-9999,-9999,0,-99,0,1,1,,,,,,,,,,,,,,,
GRI37_240,8/7/2018,7/2/2024,GRI3,7,240,,PICMAR,7.5,9.2,1,-99,0,1,1,,,,,,,,,,,,,,,
GRI37_241,8/7/2018,7/2/2024,GRI3,7,241,,PICMAR,3.2,3.5,1,-99,0,1,1,,,,,,,,,,,,,,,
GRI37_242,8/7/2018,7/2/2024,GRI3,7,242,,BETNEO,10.6,12.1,1,-99,0,1,1,,,,,,,,,,,,,,,
GRI37_243,8/7/2018,7/2/2024,GRI3,7,243,,POPTRE,17.8,18.5,1,-99,0,1,1,,,,,,,,,,,,,,,
GRI37_244,8/7/2018,7/2/2024,GRI3,7,244,,POPTRE,-9999,-9999,0,-99,0,1,1,,,,,,,,,,,,,,,
GRI37_245,8/7/2018,7/2/2024,GRI3,7,245,,POPTRE,19.2,19.3,1,-99,0,1,1,,,,,,,,,,,,,,,
GRI37_246,8/7/2018,7/2/2024,GRI3,7,246,,POPTRE,13.5,13,1,-99,0,1,1,,,,,,,,,,,,,,,
GRI38_247,8/7/2018,7/2/2024,GRI3,8,247,,PICMAR,6.3,7.7,1,-99,0,1,1,,,,,,,,,,,,,,,
GRI38_248,8/7/2018,7/2/2024,GRI3,8,248,,PICMAR,10.8,-7777,0,5,0,1,1,,,,,,,,,,,,,,,
GRI38_249,8/7/2018,7/2/2024,GRI3,8,249,,POPTRE,9.9,-7777,0,-99,0,1,1,,,,,,,,,,,,,,,
GRI38_250,8/7/2018,7/2/2024,GRI3,8,250,,BETNEO,9.2,9.8,1,-99,0,1,1,,,,,,,,,,,,,,,
GRI38_251,8/7/2018,7/2/2024,GRI3,8,251,,BETNEO,8.3,9.2,1,-99,0,1,1,,,,,,,,,,,,,,,
GRI38_252,8/7/2018,7/2/2024,GRI3,8,252,,BETNEO,4.9,4.9,1,-99,0,1,1,,,,,,,,,,,,,,,
GRI38_253,8/7/2018,7/2/2024,GRI3,8,253,,BETNEO,5.9,6.4,1,-99,0,1,1,,,,,,,,,,,,,,,
GRI38_254,8/7/2018,7/2/2024,GRI3,8,254,,BETNEO,24,25.7,1,-99,0,1,1,,,,,,,,,,,,,,,
GRI38_255,8/7/2018,7/2/2024,GRI3,8,255,,PICMAR,3.6,5.5,1,-99,0,1,1,,,,,,,,,,,,,,,
GRI38_256,8/7/2018,7/2/2024,GRI3,8,256,,POPTRE,12.3,12.8,1,-99,0,1,1,,,,,,,,,,,,,,,
GRI38_257,8/7/2018,7/2/2024,GRI3,8,257,,POPTRE,20.5,-7777,0,-99,0,1,1,,,,,,,,,,,,,,,
GRI39_258,8/7/2018,7/2/2024,GRI3,9,258,,BETNEO,15.7,17.1,1,-99,0,1,1,,,,,,,,,,,,,,,
GRI39_259,8/7/2018,7/2/2024,GRI3,9,259,,POPTRE,-9999,18,0,-99,0,1,1,still alive ,,,kanker,,,,,,,,,,,
GRI39_260,8/7/2018,7/2/2024,GRI3,9,260,,POPTRE,-9999,-7777,0,-99,0,1,1,,,,,,,,,,,,,,,
GRI39_261,8/7/2018,7/2/2024,GRI3,9,261,,POPTRE,21.3,22,1,-99,0,1,1,,,,,,,,,,,,,,,
GRI39_262,8/7/2018,7/2/2024,GRI3,9,262,,POPTRE,22.9,23.7,1,-99,0,1,1,,,,,,,,,,,,,,,
GRI39_263,8/7/2018,7/2/2024,GRI3,9,263,,POPTRE,16.9,17,1,-99,0,1,1,,,,,,,,,,,,,,,
GRI39_264,8/7/2018,7/2/2024,GRI3,9,264,,POPTRE,23.5,24.3,1,-99,0,1,1,,,,,,,,,,,,,,,
GRI39_265,8/7/2018,7/2/2024,GRI3,9,265,,POPTRE,-9999,-7777,0,-99,0,1,1,,,,,,,,,,,,,,,
GRI39_266,8/7/2018,7/2/2024,GRI3,9,266,,POPTRE,17,17.6,1,-99,0,1,1,,,,kanker,,,,,,,,,,,
GRI39_267,8/7/2018,7/2/2024,GRI3,9,267,,BETNEO,18.1,19.9,1,-99,0,1,1,,,,,,,,,,,,,,,
GRI39_268,8/7/2018,7/2/2024,GRI3,9,268,,BETNEO,20.3,19.4,1,-99,0,1,1,,,,,,,,,,,,,,,
GRI39_269,8/7/2018,7/2/2024,GRI3,9,269,,POPTRE,8.6,-7777,0,-99,0,1,1,,,,,,,,,,,,,,,
GRI39_270,8/7/2018,7/2/2024,GRI3,9,270,,POPTRE,14.6,-7777,0,-99,0,1,1,,,,,,,,,,,,,,,
GRI39_271,8/7/2018,7/2/2024,GRI3,9,271,,POPTRE,-9999,-7777,0,-99,0,1,1,,,,,,,,,,,,,,,
GRI39_272,8/7/2018,7/2/2024,GRI3,9,272,,POPTRE,-9999,-9999,0,-99,0,1,1,,,,,,,,,,,,,,,
GRI39_273,8/7/2018,7/2/2024,GRI3,9,273,,POPTRE,19.7,20.1,1,-99,0,1,1,,,,,,,,,,,,,,,
GRI39_274,8/7/2018,7/2/2024,GRI3,9,274,,POPTRE,-9999,-8888,0,-99,0,1,1,,,,,,,,,,,,,,,
GRI39_275,8/7/2018,7/2/2024,GRI3,9,275,,PICGLA,4.6,5.9,1,-99,0,1,1,,,,,,,,,,,,,,,
GRI39_2242,,7/2/2024,GRI3,9,2242,,PICMAR,,3.3,1,-99,0,1,1,,,,,,,,,,,,,,,
GRI39_2246,,7/2/2024,GRI3,9,2246,,PICGLA,,2.6,1,-99,0,1,1,,,,,,,,,,,,,,,
GRI39_2247,,7/2/2024,GRI3,9,2247,,PICMAR,,3.1,1,-99,0,1,1,,,,,,,,,,,,,,,
GRI311_276,8/7/2018,7/2/2024,GRI3,11,276,,PICMAR,9.3,9.8,1,-99,0,1,1,,,,,,,,,,,,,,,
GRI311_277,8/7/2018,7/2/2024,GRI3,11,277,,BETNEO,12.3,12.7,1,-99,0,1,1,,,,,,,,,,,,,,,
GRI311_278,8/7/2018,7/2/2024,GRI3,11,278,,POPTRE,20.4,21,1,-99,0,1,1,,,,,,,,,,,,,,,
GRI311_279,8/7/2018,7/2/2024,GRI3,11,279,,POPTRE,24.6,26,1,-99,0,1,1,,,,,,,,,,,,,,,
GRI311_280,8/7/2018,7/2/2024,GRI3,11,280,,PICMAR,7.4,8,1,-99,0,1,1,,,,,,,,,,,,,,,
GRI311_281,8/7/2018,7/2/2024,GRI3,11,281,,PICMAR,4.6,5.4,1,-99,0,1,1,,,,,,,,,,,,,,,
GRI311_282,8/7/2018,7/2/2024,GRI3,11,282,,PICMAR,7,8,1,-99,0,1,1,,,,,,,,,,,,,,,
GRI311_283,8/7/2018,7/2/2024,GRI3,11,283,,PICMAR,6.7,7.3,1,-99,0,1,1,,,,,,,,,,,,,,,
GRI311_284,8/7/2018,7/2/2024,GRI3,11,284,,POPTRE,-9999,-9999,0,-99,0,1,1,,,,,,,,,,,,,,,
GRI311_285,8/7/2018,7/2/2024,GRI3,11,285,,PICGLA,6.8,7.4,1,-99,0,1,1,,,,,,,,,,,,,,,
GRI311_286,8/7/2018,7/2/2024,GRI3,11,286,,POPTRE,21.6,22,1,-99,0,1,1,,,,,,,,,,,,,,,
GRI311_287,8/7/2018,7/2/2024,GRI3,11,287,,PICMAR,4,4.5,1,-99,0,1,1,,,,,,,,,,,,,,,
GRI311_288,8/7/2018,7/2/2024,GRI3,11,288,,PICMAR,3.4,3.7,1,-99,0,1,1,,,,,,,,,,,,,,,
GRI311_289,8/7/2018,7/2/2024,GRI3,11,289,,PICMAR,7,8.5,1,-99,0,1,1,,,,,,,,,,,,,,,
GRI311_290,8/7/2018,7/2/2024,GRI3,11,290,,PICMAR,6.8,8.1,1,-99,0,1,1,,,,,,,,,,,,,,,
GRI311_291,8/7/2018,7/2/2024,GRI3,11,291,,POPTRE,12.8,-7777,0,-99,0,1,1,,,,,,,,,,,,,,,
GRI311_292,8/7/2018,7/2/2024,GRI3,11,292,,POPTRE,15.8,15.7,1,-99,0,1,1,,,,,,,,,,,,,,,
GRI311_293,8/7/2018,7/2/2024,GRI3,11,293,,POPTRE,22.5,23.3,1,-99,0,1,1,,,,,,,,,,,,,,,
GRI311_294,8/7/2018,7/2/2024,GRI3,11,294,,PICMAR,8.5,9.7,1,-99,0,1,1,,,,,,,,,,,,,,,
GRI311_295,8/7/2018,7/2/2024,GRI3,11,295,,PICMAR,8.7,9.7,1,-99,0,1,1,,,,,,,,,,,,,,,
GRI311_296,8/7/2018,7/2/2024,GRI3,11,296,,PICMAR,7.4,8.2,1,-99,0,1,1,,,,,,,,,,,,,,,
GRI311_297,8/7/2018,7/2/2024,GRI3,11,297,,PICMAR,9.3,10.7,1,-99,0,1,1,,,,,,,,,,,,,,,
GRI311_298,8/7/2018,7/2/2024,GRI3,11,298,,POPTRE,24.1,24.5,1,-99,0,1,1,,,,,,,,,,,,,,,
GRI311_299,8/7/2018,7/2/2024,GRI3,11,299,,BETNEO,11,12.6,1,-99,0,1,1,,,,,,,,,,,,,,,
GRI311_300,8/7/2018,7/2/2024,GRI3,11,300,,POPTRE,17.8,18.7,1,-99,0,1,1,,,,,,,,,,,,,,,
GRI311_301,8/7/2018,7/2/2024,GRI3,11,301,,PICMAR,5.3,6.9,1,-99,0,1,1,,,,,,,,,,,,,,,
GRI311_302,8/7/2018,7/2/2024,GRI3,11,302,,PICMAR,9.4,10.4,1,-99,0,1,1,,,,,,,,,,,,,,,
GRI311_303,8/7/2018,7/2/2024,GRI3,11,303,,PICMAR,5.4,6.3,1,-99,0,1,1,,,,,,,,,,,,,,,
GRI311_304,8/7/2018,7/2/2024,GRI3,11,304,,PICMAR,3.5,4.1,1,-99,0,1,1,,,,,,,,,,,,,,,
GRI311_305,8/7/2018,7/2/2024,GRI3,11,305,,PICMAR,10.8,10.9,1,-99,0,1,1,,,,,,,,,,,,,,,
GRI311_306,8/7/2018,7/2/2024,GRI3,11,306,,PICGLA,7.7,11.2,1,-99,0,1,1,,,,,,,,,,,,,,,
GRI311_307,8/7/2018,7/2/2024,GRI3,11,307,,POPTRE,-9999,-7777,0,-99,0,1,1,,,,,,,,,,,,,,,
GRI311_308,8/7/2018,7/2/2024,GRI3,11,308,,PICMAR,6,6.5,1,-99,0,1,1,,,,,,,,,,,,,,,
GRI311_309,8/7/2018,7/2/2024,GRI3,11,309,,POPTRE,19,-7777,0,-99,0,1,1,,,,,,,,,,,,,,,
GRI311_992,8/7/2018,7/2/2024,GRI3,11,992,,PICGLA,2.9,3.6,1,-99,0,1,1,old notes-By tree 294,old notes-By tree 294. 2019 notes-,,,,,,,,,,,,,
GRI311_2248,,7/2/2024,GRI3,11,2248,,PICGLA,,3,1,-99,0,1,1,,,,,,,,,,,,,,,
GRI312_685,8/7/2018,7/2/2024,GRI3,12,685,,PICMAR,2.9,3.2,1,-99,0,1,1,old notes-By tree 816,old notes-By tree 816. 2019 notes-,,,,,,,,,,,,,
GRI312_801,8/7/2018,7/2/2024,GRI3,12,801,,PICMAR,6.9,7.5,1,-99,0,1,1,,,,,,,,,,,,,,,
GRI312_802,8/7/2018,7/2/2024,GRI3,12,802,,PICMAR,4,4.2,1,-99,0,1,1,,,,,,,,,,,,,,,
GRI312_803,8/7/2018,7/2/2024,GRI3,12,803,,PICMAR,4.2,4.9,1,-99,0,1,1,,,,,,,,,,,,,,,
GRI312_805,8/7/2018,7/2/2024,GRI3,12,805,,POPTRE,20.1,-7777,0,-99,0,1,1,,,,,,,,,,,,,,,
GRI312_806,8/7/2018,7/2/2024,GRI3,12,806,,PICMAR,9.4,10.4,1,-99,0,1,1,,,,,,,,,,,,,,,
GRI312_807,8/7/2018,7/2/2024,GRI3,12,807,,POPTRE,18.3,18,1,-99,0,1,1,,,,,,,,,,,,,,,
GRI312_808,8/7/2018,7/2/2024,GRI3,12,808,,POPTRE,-9999,-7777,0,-99,0,1,1,,,,,,,,,,,,,,,
GRI312_809,8/7/2018,7/2/2024,GRI3,12,809,,PICMAR,9.6,10.5,1,-99,0,1,1,,,,,,,,,,,,,,,
GRI312_810,8/7/2018,7/2/2024,GRI3,12,810,,POPTRE,11.6,11.4,1,-99,0,1,1,,,,,,,,,,,,,,,
GRI312_811,8/7/2018,7/2/2024,GRI3,12,811,,PICMAR,-9999,-7777,0,2,0,1,1,,,,,,,,,,,,,,,
GRI312_812,8/7/2018,7/2/2024,GRI3,12,812,,BETNEO,12.9,16.1,1,-99,0,1,1,,,,,,,,,,,,,,,
GRI312_813,8/7/2018,7/2/2024,GRI3,12,813,,PICMAR,6.7,-7777,0,-99,0,1,1,,,,,,,,,,,,,,,
GRI312_814,8/7/2018,7/2/2024,GRI3,12,814,,PICMAR,6.3,7.3,1,-99,0,1,1,,,,,,,,,,,,,,,
GRI312_815,8/7/2018,7/2/2024,GRI3,12,815,,PICGLA,8.2,10.1,1,-99,0,1,1,,,,,,,,,,,,,,,
GRI312_816,8/7/2018,7/2/2024,GRI3,12,816,,BETNEO,14.3,15.5,1,-99,0,1,1,,,,,,,,,,,,,,,
GRI312_817,8/7/2018,7/2/2024,GRI3,12,817,,POPTRE,18.3,19.3,1,-99,0,1,1,,,,,,,,,,,,,,,
GRI312_818,8/7/2018,7/2/2024,GRI3,12,818,,POPTRE,-9999,-9999,0,-99,0,1,1,,,,,,,,,,,,,,,
GRI312_819,8/7/2018,7/2/2024,GRI3,12,819,,PICMAR,6.3,-9999,0,-99,0,1,1,,,,,,,,,,,,,,,
GRI312_820,8/7/2018,7/2/2024,GRI3,12,820,,BETNEO,12.7,14.7,1,-99,0,1,1,,,,,,,,,,,,,,,
GRI312_821,8/7/2018,7/2/2024,GRI3,12,821,,POPTRE,18.9,20,1,-99,0,1,1,,,,,,,,,,,,,,,
GRI312_901,8/7/2018,7/2/2024,GRI3,12,901,,PICMAR,8.7,9.5,1,-99,0,1,1,,,,,,,,,,,,,,,
GRI312_902,8/7/2018,7/2/2024,GRI3,12,902,,PICMAR,9,9,1,-99,0,1,1,,,,,,,,,,,,,,,
GRI312_903,8/7/2018,7/2/2024,GRI3,12,903,,POPTRE,12.2,-7777,0,-99,0,1,1,,,,,,,,,,,,,,,
GRI312_904,8/7/2018,7/2/2024,GRI3,12,904,,PICMAR,5.2,5.5,1,-99,0,1,1,,,,,,,,,,,,,,,
GRI312_905,8/7/2018,7/2/2024,GRI3,12,905,,PICMAR,4.5,-7777,0,-99,0,1,1,,,,,,,,,,,,,,,
GRI312_906,8/7/2018,7/2/2024,GRI3,12,906,,PICMAR,5.9,6.7,1,-99,0,1,1,,,,,,,,,,,,,,,
GRI312_907,8/7/2018,7/2/2024,GRI3,12,907,,PICGLA,15.1,17,1,-99,0,1,1,,,,,,,,,,,,,,,
GRI312_908,8/7/2018,7/2/2024,GRI3,12,908,,PICMAR,11.9,-7777,0,-99,0,1,1,,,,,,,,,,,,,,,
GRI312_909,8/7/2018,7/2/2024,GRI3,12,909,,BETNEO,23.5,24.4,1,-99,0,1,1,,,,,,,,,,,,,,,
GRI312_910,8/7/2018,7/2/2024,GRI3,12,910,,BETNEO,17,18.7,1,-99,0,1,1,,,,,,,,,,,,,,,
GRI313_701,8/7/2018,7/2/2024,GRI3,13,701,,BETNEO,14.5,5.7,1,-99,0,1,1,,,,,,,,,,,,,,,
GRI313_911,8/7/2018,7/2/2024,GRI3,13,911,,POPTRE,-9999,-7777,0,-99,0,1,1,,,,,,,,,,,,,,,
GRI313_912,8/7/2018,7/2/2024,GRI3,13,912,,PICGLA,5.5,7.4,1,-99,0,1,1,,,,,,,,,,,,,,,
GRI313_913,8/7/2018,7/2/2024,GRI3,13,913,,POPTRE,12.9,13,1,-99,0,1,1,,,,kanker,,,,,,,,,,,
GRI313_914,8/7/2018,7/2/2024,GRI3,13,914,,BETNEO,12.8,14.2,1,-99,0,1,1,,,,,,,,,,,,,,,
GRI313_915,8/7/2018,7/2/2024,GRI3,13,915,,POPTRE,-9999,-7777,0,-99,0,1,1,,,,,,,,,,,,,,,
GRI313_916,8/7/2018,7/2/2024,GRI3,13,916,,BETNEO,8.1,8.9,1,-99,0,1,1,,,,,,,,,,,,,,,
GRI313_917,8/7/2018,7/2/2024,GRI3,13,917,,POPTRE,19.3,20.2,1,-99,0,1,1,,,,,,,,,,,,,,,
GRI313_918,8/7/2018,7/2/2024,GRI3,13,918,,POPTRE,17.7,18.1,1,-99,0,1,1,,,,,,,,,,,,,,,
GRI313_919,8/7/2018,7/2/2024,GRI3,13,919,,POPTRE,-9999,-7777,0,-99,0,1,1,,,,,,,,,,,,,,,
GRI313_920,8/7/2018,7/2/2024,GRI3,13,920,,PICGLA,8.5,11,1,-99,0,1,1,,,,,,,,,,,,,,,
GRI313_921,8/7/2018,7/2/2024,GRI3,13,921,,POPTRE,9.2,-7777,0,-99,0,1,1,,,,,,,,,,,,,,,
GRI313_922,8/7/2018,7/2/2024,GRI3,13,922,,POPTRE,-9999,-9999,0,-99,0,1,1,,,,,,,,,,,,,,,
GRI313_923,8/7/2018,7/2/2024,GRI3,13,923,,POPTRE,7.7,-9999,0,-99,0,1,1,,,,,,,,,,,,,,,
GRI313_924,8/7/2018,7/2/2024,GRI3,13,924,,POPTRE,22.2,22.4,1,-99,0,1,1,,,,kanker,,,,,,,,,,,
GRI313_925,8/7/2018,7/2/2024,GRI3,13,925,,POPTRE,-9999,-9999,0,-99,0,1,1,,,,,,,,,,,,,,,
GRI313_926,8/7/2018,7/2/2024,GRI3,13,926,,PICMAR,8.8,9.3,1,-99,0,1,1,,,,,,,,,,,,,,,
GRI313_927,8/7/2018,7/2/2024,GRI3,13,927,,POPTRE,8.5,-7777,0,-99,0,1,1,,,,,,,,,,,,,,,
GRI313_928,8/7/2018,7/2/2024,GRI3,13,928,,PICMAR,5.9,6.8,1,-99,0,1,1,,,,,,,,,,,,,,,
GRI313_929,8/7/2018,7/2/2024,GRI3,13,929,,PICGLA,4.5,5.6,1,-99,0,1,1,,,,,,,,,,,,,,,
GRI313_930,8/7/2018,7/2/2024,GRI3,13,930,,POPTRE,-9999,-7777,0,-99,0,1,1,,,,,,,,,,,,,,,
GRI313_931,8/7/2018,7/2/2024,GRI3,13,931,,PICMAR,3,3.1,1,-99,0,1,1,,,,,,,,,,,,,,,
GRI313_932,8/7/2018,7/2/2024,GRI3,13,932,,PICMAR,-9999,-7777,0,-99,0,1,1,,,,,,,,,,,,,,,
GRI313_933,8/7/2018,7/2/2024,GRI3,13,933,,PICMAR,5.9,6.3,1,-99,0,1,1,,,,,,,,,,,,,,,
GRI313_934,8/7/2018,7/2/2024,GRI3,13,934,,PICMAR,5.9,6.2,1,-99,0,1,1,,,,,,,,,,,,,,,
GRI313_935,8/7/2018,7/2/2024,GRI3,13,935,,PICMAR,5,6.1,1,-99,0,1,1,,,,,,,,,,,,,,,
GRI313_936,8/7/2018,7/2/2024,GRI3,13,936,,POPTRE,22.3,23.2,1,-99,0,1,1,,,,,,,,,,,,,,,
GRI313_937,8/7/2018,7/2/2024,GRI3,13,937,,BETNEO,-9999,-7777,0,1.5,0,1,1,,,,,,,,,,,,,,,
GRI313_938,8/7/2018,7/2/2024,GRI3,13,938,,BETNEO,14.6,15.7,1,-99,0,1,1,,,,,,,,,,,,,,,
GRI313_939,8/7/2018,7/2/2024,GRI3,13,939,,PICMAR,6.6,8,1,-99,0,1,1,,,,,,,,,,,,,,,
GRI313_940,8/7/2018,7/2/2024,GRI3,13,940,,PICMAR,6.8,8.1,1,-99,0,1,1,,,,,,,,,,,,,,,
GRI313_941,8/7/2018,7/2/2024,GRI3,13,941,,POPTRE,-9999,-7777,0,-99,0,1,1,,,,,,,,,,,,,,,
GRI313_942,8/7/2018,7/2/2024,GRI3,13,942,,POPTRE,18.5,19.2,1,-99,0,1,1,,,,,,,,,,,,,,,
GRI313_943,8/7/2018,7/2/2024,GRI3,13,943,,POPTRE,13.4,-9999,0,-99,0,1,1,,,,,,,,,,,,,,,
GRI313_944,8/7/2018,7/2/2024,GRI3,13,944,,POPTRE,13.3,13.4,1,-99,0,1,1,,,,,,,,,,,,,,,
GRI313_945,8/7/2018,7/2/2024,GRI3,13,945,,POPTRE,-9999,-9999,0,-99,0,1,1,,,,,,,,,,,,,,,
GRI313_946,8/7/2018,7/2/2024,GRI3,13,946,,POPTRE,13,-9999,0,-99,0,1,1,,,,,,,,,,,,,,,
GRI313_2249,,7/2/2024,GRI3,13,2249,,PICMAR,,3,1,-99,0,1,1,,,,,,,,,,,,,,,
GRI313_2250,,7/2/2024,GRI3,13,2250,,PICGLA,,2.8,1,-99,0,1,1,,,,,,,,,,,,,,,
GRI314_947,8/7/2018,7/2/2024,GRI3,14,947,,BETNEO,-9999,-9999,0,-99,0,1,1,,,,,,,,,,,,,,,
GRI314_948,8/7/2018,7/2/2024,GRI3,14,948,,POPTRE,12,-7777,0,-99,0,1,1,,,,,,,,,,,,,,,
GRI314_949,8/7/2018,7/2/2024,GRI3,14,949,,POPTRE,-9999,-7777,0,-99,0,1,1,,,,,,,,,,,,,,,
GRI314_950,8/7/2018,7/2/2024,GRI3,14,950,,PICMAR,6.2,8,1,-99,0,1,1,,,,,,,,,,,,,,,
GRI314_951,8/7/2018,7/2/2024,GRI3,14,951,,PICMAR,6.3,7.7,1,-99,0,1,1,,,,,,,,,,,,,,,
GRI314_952,8/7/2018,7/2/2024,GRI3,14,952,,POPTRE,20.3,-9999,0,-99,0,1,1,,,,,,,,,,,,,,,
GRI314_953,8/7/2018,7/2/2024,GRI3,14,953,,POPTRE,17.7,17.8,1,-99,0,1,1,,,,,,,,,,,,,,,
GRI314_954,8/7/2018,7/2/2024,GRI3,14,954,,PICMAR,5.1,5.7,1,-99,0,1,1,,,,,,,,,,,,,,,
GRI314_955,8/7/2018,7/2/2024,GRI3,14,955,,PICMAR,7.9,9,1,-99,0,1,1,,,,,,,,,,,,,,,
GRI314_956,8/7/2018,7/2/2024,GRI3,14,956,,POPTRE,19.5,20.1,1,-99,0,1,1,,,,,,,,,,,,,,,
GRI314_957,8/7/2018,7/2/2024,GRI3,14,957,,PICMAR,9.7,11,1,-99,0,1,1,,,,,,,,,,,,,,,
GRI314_958,8/7/2018,7/2/2024,GRI3,14,958,,PICMAR,6.9,7.7,1,-99,0,1,1,,,,,,,,,,,,,,,
GRI314_959,8/7/2018,7/2/2024,GRI3,14,959,,POPTRE,12.7,13.1,1,-99,0,1,1,,,,,,,,,,,,,,,
GRI314_960,8/7/2018,7/2/2024,GRI3,14,960,,POPTRE,-9999,-7777,0,-99,0,1,1,,,,,,,,,,,,,,,
GRI314_961,8/7/2018,7/2/2024,GRI3,14,961,,PICMAR,6.4,-7777,0,-99,0,1,1,,,,,,,,,,,,,,,
GRI314_962,8/7/2018,7/2/2024,GRI3,14,962,,POPTRE,-9999,-7777,0,-99,0,1,1,,,,,,,,,,,,,,,
GRI314_963,8/7/2018,7/2/2024,GRI3,14,963,,POPTRE,-9999,-9999,0,-99,0,1,1,"PICMAR, switched with 964 don't forget to swap",,I swapped it,,,,,,,,,,,,
GRI314_964,8/7/2018,7/2/2024,GRI3,14,964,,PICMAR,5.7,9,0,-99,0,1,1,,,,,,,,,,,,,,,
GRI314_965,8/7/2018,7/2/2024,GRI3,14,965,,POPTRE,-9999,-7777,0,-99,0,1,1,,,,,,,,,,,,,,,
GRI314_966,8/7/2018,7/2/2024,GRI3,14,966,,PICMAR,4.1,4.7,1,-99,0,1,1,,,,,,,,,,,,,,,
GRI314_967,8/7/2018,7/2/2024,GRI3,14,967,,PICMAR,5.4,5.5,1,-99,1,1,1,,,,,,,,,,,,,,,
GRI314_968,8/7/2018,7/2/2024,GRI3,14,968,,PICMAR,5.6,6.6,1,-99,0,1,1,,,,,,,,,,,,,,,
GRI314_969,8/7/2018,7/2/2024,GRI3,14,969,,POPTRE,-9999,-7777,0,-99,0,1,1,,,,,,,,,,,,,,,
GRI314_970,8/7/2018,7/2/2024,GRI3,14,970,,POPTRE,16.3,17.1,1,-99,0,1,1,,,,,,,,,,,,,,,
GRI314_971,8/7/2018,7/2/2024,GRI3,14,971,,POPTRE,-9999,-7777,0,-99,0,1,1,,,,,,,,,,,,,,,
GRI314_972,8/7/2018,7/2/2024,GRI3,14,972,,POPTRE,13.4,-7777,0,-99,0,1,1,,,,,,,,,,,,,,,
GRI314_973,8/7/2018,7/2/2024,GRI3,14,973,,PICMAR,7.9,8.3,1,-99,0,1,1,,,,,,,,,,,,,,,
GRI314_974,8/7/2018,7/2/2024,GRI3,14,974,,PICMAR,-9999,-7777,0,-99,0,1,1,,,,,,,,,,,,,,,
GRI314_975,8/7/2018,7/2/2024,GRI3,14,975,,PICMAR,-9999,-7777,0,-99,0,1,1,,,,,,,,,,,,,,,
GRI314_976,8/7/2018,7/2/2024,GRI3,14,976,,PICMAR,-9999,-7777,0,-99,0,1,1,,,,,,,,,,,,,,,
GRI314_977,8/7/2018,7/2/2024,GRI3,14,977,,PICMAR,5.6,7.7,1,-99,0,1,1,,,,,,,,,,,,,,,
GRI314_978,8/7/2018,7/2/2024,GRI3,14,978,,PICMAR,3.7,3.7,1,-99,0,1,1,,,,,,,,,,,,,,,
GRI314_979,8/7/2018,7/2/2024,GRI3,14,979,,PICMAR,4,4.5,1,-99,0,1,1,,,,,,,,,,,,,,,
GRI314_980,8/7/2018,7/2/2024,GRI3,14,980,,PICMAR,2.7,2.7,1,-99,0,1,1,,,,,,,,,,,,,,,
GRI314_981,8/7/2018,7/2/2024,GRI3,14,981,,PICMAR,10.3,11.2,1,-99,0,1,1,,,,,,,,,,,,,,,
GRI314_982,8/7/2018,7/2/2024,GRI3,14,982,,PICMAR,5.2,5.7,1,-99,0,1,1,,,,,,,,,,,,,,,
GRI314_983,8/7/2018,7/2/2024,GRI3,14,983,,PICMAR,3,-7777,0,-99,0,1,1,,,,,,,,,,,,,,,
GRI314_984,8/7/2018,7/2/2024,GRI3,14,984,,PICMAR,7,7.5,1,-99,0,1,1,,,,,,,,,,,,,,,
GRI314_985,8/7/2018,7/2/2024,GRI3,14,985,,PICMAR,-9999,-7777,0,-99,0,1,1,,,,,,,,,,,,,,,
GRI314_986,8/7/2018,7/2/2024,GRI3,14,986,,POPTRE,17,18,1,-99,0,1,1,,,,,,,,,,,,,,,
GRI314_987,8/7/2018,7/2/2024,GRI3,14,987,,POPTRE,22.4,-9999,0,-99,0,1,1,,,,,,,,,,,,,,,
GRI314_988,8/7/2018,7/2/2024,GRI3,14,988,,PICMAR,5.6,5.8,1,-99,1,1,1,"knocked over, almost dead, by 986",,,,,,,,,,,,,,
GRI314_989,8/7/2018,7/2/2024,GRI3,14,989,,PICMAR,6.7,7.3,1,-99,0,1,1,,,,,,,,,,,,,,,
GRI314_990,8/7/2018,7/2/2024,GRI3,14,990,,PICMAR,7.2,8.2,1,-99,0,1,1,,,,,,,,,,,,,,,
GRI314_991,8/7/2018,7/2/2024,GRI3,14,991,,POPTRE,-9999,-9999,0,-99,0,1,1,,,,,,,,,,,,,,,
GRI314_992,8/7/2018,7/2/2024,GRI3,14,992,,PICMAR,6.9,7.6,1,-99,0,1,1,,,,,,,,,,,,,,,
GRI314_993,8/7/2018,7/2/2024,GRI3,14,993,,POPTRE,-9999,-7777,0,-99,0,1,1,,,,,,,,,,,,,,,
GRI314_994,8/7/2018,7/2/2024,GRI3,14,994,,POPTRE,-9999,-7777,0,6,0,1,1,,,,,,,,,,,,,,,
GRI314_995,8/7/2018,7/2/2024,GRI3,14,995,,PICMAR,6.1,7.8,1,-99,0,1,1,,,,,,,,,,,,,,,
GRI314_996,8/7/2018,7/2/2024,GRI3,14,996,,POPTRE,18,18.2,1,-99,0,1,1,,,,,,,,,,,,,,,
GRI314_997,8/7/2018,7/2/2024,GRI3,14,997,,POPTRE,13.9,-7777,0,-99,0,1,1,,,,,,,,,,,,,,,
GRI314_998,8/7/2018,7/2/2024,GRI3,14,998,,POPTRE,-9999,-9999,0,-99,0,1,1,,,,,,,,,,,,,,,
GRI314_999,8/7/2018,7/2/2024,GRI3,14,999,,POPTRE,10.8,12.3,1,-99,0,1,1,,,,,,,,,,,,,,,
GRI314_1000,8/7/2018,7/2/2024,GRI3,14,1000,,POPTRE,17.1,17.6,1,-99,0,1,1,,,,,,,,,,,,,,,
GRI314_2251,,7/2/2024,GRI3,14,2251,,PICMAR,,3.3,1,-99,0,1,1,,,,,,,,,,,,,,,
GRI41_21,8/8/2018,7/2/2024,GRI4,1,21,,PICMAR,7.8,7.4,1,-99,0,1,1,,,,,,,,,,,,,,,
GRI41_22,8/8/2018,7/2/2024,GRI4,1,22,,PICMAR,2.9,3.5,1,-99,0,1,1,,,,,,,,,,,,,,,
GRI41_23,8/8/2018,7/2/2024,GRI4,1,23,,PICMAR,5,5.5,1,-99,0,1,1,,,,,,,,,,,,,,,
GRI41_24,8/8/2018,7/2/2024,GRI4,1,24,,BETNEO,9.9,9.5,1,-99,0,1,1,,,,,,,,,,,,,,,
GRI41_25,8/8/2018,7/2/2024,GRI4,1,25,,PICMAR,3.7,4.1,1,-99,0,1,1,,,,,,,,,,,,,,,
GRI41_26,8/8/2018,7/2/2024,GRI4,1,26,,BETNEO,7.1,-7777,1,1.5,0,1,1,,,,,,,,,,,,,,,
GRI41_27,8/8/2018,7/2/2024,GRI4,1,27,,BETNEO,13.9,14.2,1,-99,0,1,1,,,,,,,,,,,,,,,
GRI41_28,8/8/2018,7/2/2024,GRI4,1,28,,PICMAR,7.6,8.2,1,-99,0,1,1,,,,,,,,,,,,,,,
GRI41_29,8/8/2018,7/2/2024,GRI4,1,29,,PICMAR,5.1,6.3,1,-99,0,1,1,,,,,,,,,,,,,,,
GRI41_30,8/8/2018,7/2/2024,GRI4,1,30,,PICMAR,3.9,4.2,1,-99,0,1,1,,,,,,,,,,,,,,,
GRI41_31,8/8/2018,7/2/2024,GRI4,1,31,,BETNEO,13,13.4,1,-99,0,1,1,,,,,,,,,,,,,,,
GRI41_32,8/8/2018,7/2/2024,GRI4,1,32,,PICMAR,3.8,4.4,1,-99,0,1,1,,,,,,,,,,,,,,,
GRI41_33,8/8/2018,7/2/2024,GRI4,1,33,,PICMAR,3.9,4.3,1,-99,0,1,1,,,,,,,,,,,,,,,
GRI41_34,8/8/2018,7/2/2024,GRI4,1,34,,PICMAR,7.3,8.2,1,-99,0,1,1,,,,,,,,,,,,,,,
GRI41_35,8/8/2018,7/2/2024,GRI4,1,35,,BETNEO,15.9,16.3,1,-99,0,1,1,,,,,,,,,,,,,,,
GRI41_36,8/8/2018,7/2/2024,GRI4,1,36,,PICMAR,4.3,4.7,1,-99,0,1,1,,,,,,,,,,,,,,,
GRI41_37,8/8/2018,7/2/2024,GRI4,1,37,,BETNEO,15.5,14.2,1,-99,0,1,1,,,,,,,,,,,,,,,
GRI41_38,8/8/2018,7/2/2024,GRI4,1,38,,PICMAR,3.8,4.1,1,-99,0,1,1,,,,,,,,,,,,,,,
GRI41_39,8/8/2018,7/2/2024,GRI4,1,39,,PICMAR,3.3,3.8,1,-99,0,1,1,,,,,,,,,,,,,,,
GRI41_40,8/8/2018,7/2/2024,GRI4,1,40,,BETNEO,13.7,14.7,1,-99,0,1,1,,,,,,,,,,,,,,,
GRI41_41,8/8/2018,7/2/2024,GRI4,1,41,,PICMAR,4.7,5.6,1,-99,0,1,1,,,,,,,,,,,,,,,
GRI41_42,8/8/2018,7/2/2024,GRI4,1,42,,PICMAR,4.8,5.6,1,-99,0,1,1,,,,,,,,,,,,,,,
GRI41_43,8/8/2018,7/2/2024,GRI4,1,43,,BETNEO,12.3,12.6,1,-99,0,1,1,,,,,,,,,,,,,,,
GRI41_44,8/8/2018,7/2/2024,GRI4,1,44,,PICMAR,3.4,4,1,-99,0,1,1,,,,,,,,,,,,,,,
GRI41_45,8/8/2018,7/2/2024,GRI4,1,45,,PICMAR,3.2,3.9,1,-99,0,1,1,,,,,,,,,,,,,,,
GRI41_46,8/8/2018,7/2/2024,GRI4,1,46,,PICMAR,6.2,6.5,1,-99,0,1,1,,,,,,,,,,,,,,,
GRI41_47,8/8/2018,7/2/2024,GRI4,1,47,,PICMAR,3.3,3.7,1,-99,0,1,1,,,,,,,,,,,,,,,
GRI41_48,8/8/2018,7/2/2024,GRI4,1,48,,PICMAR,3.4,3.6,1,-99,0,1,1,,,,,,,,,,,,,,,
GRI41_49,8/8/2018,7/2/2024,GRI4,1,49,,BETNEO,14.7,15.4,1,-99,0,1,1,,,,,,,,,,,,,,,
GRI41_50,8/8/2018,7/2/2024,GRI4,1,50,,PICMAR,8,9,1,-99,0,1,1,,,,,,,,,,,,,,,
GRI41_51,8/8/2018,7/2/2024,GRI4,1,51,,PICMAR,7.9,8.4,1,-99,0,1,1,,,,,,,,,,,,,,,
GRI41_52,8/8/2018,7/2/2024,GRI4,1,52,,PICMAR,6.8,-7777,1,-99,0,1,1,,,,,,,,,,,,,,,
GRI41_53,8/8/2018,7/2/2024,GRI4,1,53,,PICMAR,9.1,-7777,1,-99,0,1,1,,,,,,,,,,,,,,,
GRI41_54,8/8/2018,7/2/2024,GRI4,1,54,,BETNEO,-9999,-9999,0,-99,0,1,1,,,,,,,,,,,,,,,
GRI41_55,8/8/2018,7/2/2024,GRI4,1,55,,PICMAR,6.3,-7777,1,-99,0,1,1,,,,,,,,,,,,,,,
GRI41_56,8/8/2018,7/2/2024,GRI4,1,56,,BETNEO,15,15.5,1,-99,0,1,1,,,,,,,,,,,,,,,
GRI41_57,8/8/2018,7/2/2024,GRI4,1,57,,BETNEO,10.9,11.3,1,-99,0,1,1,,,,,,,,,,,,,,,
GRI41_58,8/8/2018,7/2/2024,GRI4,1,58,,PICMAR,5.9,6.8,1,-99,0,1,1,,,,,,,,,,,,,,,
GRI41_59,8/8/2018,7/2/2024,GRI4,1,59,,PICMAR,5.5,6.4,1,-99,0,1,1,,,,,,,,,,,,,,,
GRI41_60,8/8/2018,7/2/2024,GRI4,1,60,,BETNEO,17.5,18,1,-99,0,1,1,,,,,,,,,,,,,,,
GRI41_61,8/8/2018,7/2/2024,GRI4,1,61,,PICMAR,4.9,-7777,1,-99,0,1,1,,,,,,,,,,,,,,,
GRI41_62,8/8/2018,7/2/2024,GRI4,1,62,,PICMAR,3.1,3.4,1,-99,0,1,1,,,,,,,,,,,,,,,
GRI41_63,8/8/2018,7/2/2024,GRI4,1,63,,PICMAR,6.7,7.5,1,-99,0,1,1,,,,,,,,,,,,,,,
GRI41_64,8/8/2018,7/2/2024,GRI4,1,64,,PICMAR,5.5,5.9,1,-99,0,1,1,,,,,,,,,,,,,,,
GRI41_65,8/8/2018,7/2/2024,GRI4,1,65,,PICMAR,3.9,4.5,1,-99,0,1,1,,,,,,,,,,,,,,,
GRI41_66,8/8/2018,7/2/2024,GRI4,1,66,,PICMAR,4.4,5,1,-99,0,1,1,,,,,,,,,,,,,,,
GRI41_67,8/8/2018,7/2/2024,GRI4,1,67,,PICMAR,4.5,4.9,1,-99,0,1,1,,,,,,,,,,,,,,,
GRI41_2252,,7/2/2024,GRI4,1,2252,,PICMAR,,2.9,1,-99,0,1,1,,,,,,,,,,,,,,,
GRI41_2253,,7/2/2024,GRI4,1,2253,,PICMAR,,3.1,1,-99,0,1,1,,,,,,,,,,,,,,,
GRI41_2254,,7/2/2024,GRI4,1,2254,,PICMAR,,2.5,1,-99,0,1,1,,,,,,,,,,,,,,,
GRI42_68,8/8/2018,7/2/2024,GRI4,2,68,,BETNEO,7.7,8.1,1,-99,0,1,1,,,,,,,,,,,,,,,
GRI42_69,8/8/2018,7/2/2024,GRI4,2,69,,POPTRE,-9999,-8888,0,-99,0,1,1,,,,,,,,,,,,,,,
GRI42_70,8/8/2018,7/2/2024,GRI4,2,70,,BETNEO,8.2,8.3,1,-99,0,1,1,,,,,,,,,,,,,,,
GRI42_71,8/8/2018,7/2/2024,GRI4,2,71,,BETNEO,11.7,11.9,1,-99,0,1,1,,,,,,,,,,,,,,,
GRI42_72,8/8/2018,7/2/2024,GRI4,2,72,,PICMAR,4,4.6,1,-99,0,1,1,,,,,,,,,,,,,,,
GRI42_73,8/8/2018,7/2/2024,GRI4,2,73,,PICMAR,3.3,3.5,1,-99,0,1,1,,,,,,,,,,,,,,,
GRI42_74,8/8/2018,7/2/2024,GRI4,2,74,,PICMAR,4.5,5.1,1,-99,0,1,1,,,,,,,,,,,,,,,
GRI42_75,8/8/2018,7/2/2024,GRI4,2,75,,BETNEO,6.6,-7777,1,6,0,1,1,,,,,,,,,,,,,,,
GRI42_76,8/8/2018,7/2/2024,GRI4,2,76,,BETNEO,-9999,-9999,0,-99,0,1,1,,,,,,,,,,,,,,,
GRI42_77,8/8/2018,7/2/2024,GRI4,2,77,,BETNEO,-9999,-9999,0,-99,0,1,1,,,,,,,,,,,,,,,
GRI42_78,8/8/2018,7/2/2024,GRI4,2,78,,PICMAR,3.9,4.6,1,-99,0,1,1,,,,,,,,,,,,,,,
GRI42_79,8/8/2018,7/2/2024,GRI4,2,79,,PICMAR,3.1,3.6,1,-99,0,1,1,,,,,,,,,,,,,,,
GRI42_80,8/8/2018,7/2/2024,GRI4,2,80,,BETNEO,12.7,12.7,1,-99,0,1,1,,,,,,,,,,,,,,,
GRI42_81,8/8/2018,7/2/2024,GRI4,2,81,,BETNEO,14.2,15,1,-99,0,1,1,,,,,,,,,,,,,,,
GRI42_82,8/8/2018,7/2/2024,GRI4,2,82,,BETNEO,-9999,-9999,0,-99,0,1,1,,,,,,,,,,,,,,,
GRI42_83,8/8/2018,7/2/2024,GRI4,2,83,,POPTRE,-9999,-7777,0,-99,0,1,1,,,,,,,,,,,,,,,
GRI42_84,8/8/2018,7/2/2024,GRI4,2,84,,BETNEO,7.2,7.2,1,-99,0,1,1,,,,,,,,,,,,,,,
GRI42_85,8/8/2018,7/2/2024,GRI4,2,85,,BETNEO,4.7,4.8,1,-99,0,1,1,,,,,,,,,,,,,,,
GRI42_86,8/8/2018,7/2/2024,GRI4,2,86,,BETNEO,10.2,10.2,1,-99,0,1,1,,,,,,,,,,,,,,,
GRI42_87,8/8/2018,7/2/2024,GRI4,2,87,,BETNEO,8.1,8.4,1,-99,0,1,1,,,,,,,,,,,,,,,
GRI42_88,8/8/2018,7/2/2024,GRI4,2,88,,POPTRE,11.1,-7777,1,-99,0,1,1,,,,,,,,,,,,,,,
GRI42_89,8/8/2018,7/2/2024,GRI4,2,89,,BETNEO,9.7,10.2,1,-99,0,1,1,,,,,,,,,,,,,,,
GRI42_90,8/8/2018,7/2/2024,GRI4,2,90,,BETNEO,7.3,7.3,1,-99,0,1,1,,,,,,,,,,,,,,,
GRI42_91,8/8/2018,7/2/2024,GRI4,2,91,,POPTRE,9.5,9.3,1,-99,0,1,1,,,,,,,,,,,,,,,
GRI42_92,8/8/2018,7/2/2024,GRI4,2,92,,BETNEO,12.1,12.6,1,-99,0,1,1,,,,,,,,,,,,,,,
GRI42_93,8/8/2018,7/2/2024,GRI4,2,93,,POPTRE,-9999,-9999,0,-99,0,1,1,,,,,,,,,,,,,,,
GRI42_94,8/8/2018,7/2/2024,GRI4,2,94,,POPTRE,12.1,12.3,1,-99,0,1,1,,,,,,,,,,,,,,,
GRI42_95,8/8/2018,7/2/2024,GRI4,2,95,,BETNEO,12.8,13.1,1,-99,0,1,1,,,,,,,,,,,,,,,
GRI42_96,8/8/2018,7/2/2024,GRI4,2,96,,POPTRE,13.1,-7777,1,-99,0,1,1,,,,,,,,,,,,,,,
GRI42_97,8/8/2018,7/2/2024,GRI4,2,97,,PICMAR,3.5,4.3,1,-99,0,1,1,,,,,,,,,,,,,,,
GRI42_98,8/8/2018,7/2/2024,GRI4,2,98,,PICMAR,-9999,-7777,0,-99,0,1,1,,,,,,,,,,,,,,,
GRI42_99,8/8/2018,7/2/2024,GRI4,2,99,,POPTRE,-9999,-9999,0,-99,0,1,1,,,,,,,,,,,,,,,
GRI42_100,8/8/2018,7/2/2024,GRI4,2,100,,BETNEO,12,12.4,1,-99,0,1,1,,,,,,,,,,,,,,,
GRI42_101,8/8/2018,7/2/2024,GRI4,2,101,,POPTRE,-9999,-7777,0,-99,0,1,1,,,,,,,,,,,,,,,
GRI42_102,8/8/2018,7/2/2024,GRI4,2,102,,PICMAR,6.1,6.9,1,-99,0,1,1,,,,,,,,,,,,,,,
GRI42_103,8/8/2018,7/2/2024,GRI4,2,103,,PICMAR,3.2,3.5,1,-99,0,1,1,,,,,,,,,,,,,,,
GRI42_104,8/8/2018,7/2/2024,GRI4,2,104,,POPTRE,-9999,-7777,0,-99,0,1,1,,,,,,,,,,,,,,,
GRI42_105,8/8/2018,7/2/2024,GRI4,2,105,,PICMAR,4.9,6.1,1,-99,0,1,1,,,,,,,,,,,,,,,
GRI42_106,8/8/2018,7/2/2024,GRI4,2,106,,BETNEO,11.2,11.2,1,-99,0,1,1,,,,,,,,,,,,,,,
GRI42_107,8/8/2018,7/2/2024,GRI4,2,107,,PICMAR,4.5,5.5,1,-99,0,1,1,,,,,,,,,,,,,,,
GRI42_108,8/8/2018,7/2/2024,GRI4,2,108,,PICMAR,3.7,4.1,1,-99,0,1,1,,,,,,,,,,,,,,,
GRI42_109,8/8/2018,7/2/2024,GRI4,2,109,,PICMAR,5.3,6.4,1,-99,0,1,1,,,,,,,,,,,,,,,
GRI42_110,8/8/2018,7/2/2024,GRI4,2,110,,BETNEO,6.5,6.4,1,-99,0,1,1,,,,,,,,,,,,,,,
GRI42_111,8/8/2018,7/2/2024,GRI4,2,111,,POPTRE,-9999,-7777,0,-99,0,1,1,,,,,,,,,,,,,,,
GRI42_112,8/8/2018,7/2/2024,GRI4,2,112,,PICMAR,4,4.2,1,-99,0,1,1,,,,,,,,,,,,,,,
GRI42_113,8/8/2018,7/2/2024,GRI4,2,113,,PICMAR,5,6.4,1,-99,0,1,1,,,,,,,,,,,,,,,
GRI42_114,8/8/2018,7/2/2024,GRI4,2,114,,PICMAR,3.6,4.1,1,-99,0,1,1,,,,,,,,,,,,,,,
GRI42_115,8/8/2018,7/2/2024,GRI4,2,115,,PICMAR,5.5,-7777,1,-99,0,1,1,,,,,,,,,,,,,,,
GRI42_116,8/8/2018,7/2/2024,GRI4,2,116,,PICMAR,3.7,4.2,1,-99,1,1,1,,,,,,,,,,,,,,,
GRI42_117,8/8/2018,7/2/2024,GRI4,2,117,,PICMAR,4.2,5.1,1,-99,0,1,1,,,,,,,,,,,,,,,
GRI42_118,8/8/2018,7/2/2024,GRI4,2,118,,BETNEO,10.6,11.5,1,-99,0,1,1,,,,,,,,,,,,,,,
GRI42_119,8/8/2018,7/2/2024,GRI4,2,119,,BETNEO,14,15.3,1,-99,0,1,1,,,,,,,,,,,,,,,
GRI42_120,8/8/2018,7/2/2024,GRI4,2,120,,PICMAR,4.5,4.8,1,-99,0,1,1,,,,,,,,,,,,,,,
GRI42_121,8/8/2018,7/2/2024,GRI4,2,121,,PICMAR,3,3.6,1,-99,0,1,1,,,,,,,,,,,,,,,
GRI42_122,8/8/2018,7/2/2024,GRI4,2,122,,PICMAR,4.8,5.4,1,-99,0,1,1,,,,,,,,,,,,,,,
GRI42_123,8/8/2018,7/2/2024,GRI4,2,123,,PICMAR,5.8,6.6,1,-99,0,1,1,,,,,,,,,,,,,,,
GRI42_124,8/8/2018,7/2/2024,GRI4,2,124,,BETNEO,10.5,10.7,1,-99,0,1,1,,,,,,,,,,,,,,,
GRI42_125,8/8/2018,7/2/2024,GRI4,2,125,,POPTRE,9.8,9.9,1,-99,0,1,1,,,,,,,,,,,,,,,
GRI42_126,8/8/2018,7/2/2024,GRI4,2,126,,PICMAR,9.4,9.9,1,-99,0,1,1,,,,,,,,,,,,,,,
GRI42_127,8/8/2018,7/2/2024,GRI4,2,127,,POPTRE,8.7,-7777,1,-99,0,1,1,,,,,,,,,,,,,,,
GRI42_128,8/8/2018,7/2/2024,GRI4,2,128,,PICMAR,7.1,7.9,1,-99,0,1,1,,,,,,,,,,,,,,,
GRI42_129,8/8/2018,7/2/2024,GRI4,2,129,,PICMAR,3.7,4.5,1,-99,0,1,1,,,,,,,,,,,,,,,
GRI42_130,8/8/2018,7/2/2024,GRI4,2,130,,POPTRE,-9999,-7777,0,-99,0,1,1,,,,,,,,,,,,,,,
GRI42_131,8/8/2018,7/2/2024,GRI4,2,131,,POPTRE,13.7,13.9,1,-99,0,1,1,,,,,,,,,,,,,,,
GRI42_132,8/8/2018,7/2/2024,GRI4,2,132,,PICMAR,3.3,3.8,1,-99,0,1,1,,,,,,,,,,,,,,,
GRI42_133,8/8/2018,7/2/2024,GRI4,2,133,,PICMAR,3.5,4.3,1,-99,0,1,1,,,,,,,,,,,,,,,
GRI42_134,8/8/2018,7/2/2024,GRI4,2,134,,POPTRE,-9999,-7777,0,-99,0,1,1,,,,,,,,,,,,,,,
GRI42_135,8/8/2018,7/2/2024,GRI4,2,135,,PICMAR,4.3,5.2,1,-99,0,1,1,,,,,,,,,,,,,,,
GRI42_136,8/8/2018,7/2/2024,GRI4,2,136,,PICMAR,4.4,5,1,-99,0,1,1,,,,,,,,,,,,,,,
GRI42_137,8/8/2018,7/2/2024,GRI4,2,137,,BETNEO,12.4,13,1,-99,0,1,1,,,,,,,,,,,,,,,
GRI42_138,8/8/2018,7/2/2024,GRI4,2,138,,BETNEO,13.2,13.6,1,-99,0,1,1,,,,,,,,,,,,,,,
GRI42_2255,,7/2/2024,GRI4,2,2255,,PICMAR,,3.3,1,-99,0,1,1,,,,,,,,,,,,,,,
GRI42_2256,,7/2/2024,GRI4,2,2256,,PICMAR,,2.8,1,-99,0,1,1,,,,,,,,,,,,,,,
GRI43_139,8/8/2018,7/2/2024,GRI4,3,139,,PICMAR,4,4.4,1,-99,0,1,1,,,,,,,,,,,,,,,
GRI43_140,8/8/2018,7/2/2024,GRI4,3,140,,PICMAR,9.4,10.2,1,-99,0,1,1,,,,,,,,,,,,,,,
GRI43_141,8/8/2018,7/2/2024,GRI4,3,141,,PICMAR,4.6,-7777,1,-99,0,1,1,,,,,,,,,,,,,,,
GRI43_142,8/8/2018,7/2/2024,GRI4,3,142,,PICMAR,9.2,9.7,1,-99,0,1,1,,,,,,,,,,,,,,,
GRI43_143,8/8/2018,7/2/2024,GRI4,3,143,,BETNEO,21,21.9,1,-99,0,1,1,,,,,,,,,,,,,,,
GRI43_144,8/8/2018,7/2/2024,GRI4,3,144,,PICMAR,6,6.3,1,-99,0,1,1,,,,,,,,,,,,,,,
GRI43_145,8/8/2018,7/2/2024,GRI4,3,145,,PICMAR,3.5,3.7,1,-99,0,1,1,,,,,,,,,,,,,,,
GRI43_146,8/8/2018,7/2/2024,GRI4,3,146,,PICMAR,7.4,7.7,1,-99,0,1,1,,,,,,,,,,,,,,,
GRI43_147,8/8/2018,7/2/2024,GRI4,3,147,,PICMAR,5.9,6.5,1,-99,0,1,1,,,,,,,,,,,,,,,
GRI43_148,8/8/2018,7/2/2024,GRI4,3,148,,PICMAR,7.8,8.9,1,-99,0,1,1,,,,,,,,,,,,,,,
GRI43_149,8/8/2018,7/2/2024,GRI4,3,149,,PICMAR,12,-7777,1,-99,0,1,1,,,,,,,,,,,,,,,
GRI43_150,8/8/2018,7/2/2024,GRI4,3,150,,PICMAR,5.7,6.5,1,-99,0,1,1,,,,,,,,,,,,,,,
GRI43_151,8/8/2018,7/2/2024,GRI4,3,151,,PICMAR,8.1,-7777,1,-99,0,1,1,,,,,,,,,,,,,,,
GRI43_152,8/8/2018,7/2/2024,GRI4,3,152,,PICMAR,4.4,4.3,1,-99,0,1,1,,,,,,,,,,,,,,,
GRI43_153,8/8/2018,7/2/2024,GRI4,3,153,,PICMAR,3.2,3.3,1,-99,0,1,1,,,,,,,,,,,,,,,
GRI43_154,8/8/2018,7/2/2024,GRI4,3,154,,PICMAR,3.1,3.4,1,-99,0,1,1,,,,,,,,,,,,,,,
GRI43_155,8/8/2018,7/2/2024,GRI4,3,155,,PICMAR,5,5.8,1,-99,0,1,1,,,,,,,,,,,,,,,
GRI43_156,8/8/2018,7/2/2024,GRI4,3,156,,PICMAR,4,4.6,1,-99,0,1,1,,,,,,,,,,,,,,,
GRI43_157,8/8/2018,7/2/2024,GRI4,3,157,,PICMAR,4.4,5,1,-99,0,1,1,,,,,,,,,,,,,,,
GRI43_158,8/8/2018,7/2/2024,GRI4,3,158,,PICMAR,6.1,6.6,1,-99,0,1,1,,,,,,,,,,,,,,,
GRI43_159,8/8/2018,7/2/2024,GRI4,3,159,,POPTRE,-9999,-9999,0,-99,0,1,1,,,,,,,,,,,,,,,
GRI43_160,8/8/2018,7/2/2024,GRI4,3,160,,PICMAR,3.5,3.8,1,-99,0,1,1,,,,,,,,,,,,,,,
GRI43_161,8/8/2018,7/2/2024,GRI4,3,161,,PICMAR,3.59,3.8,1,-99,0,1,1,,,,,,,,,,,,,,,
GRI43_162,8/8/2018,7/2/2024,GRI4,3,162,,POPTRE,-9999,-7777,0,-99,0,1,1,,,,,,,,,,,,,,,
GRI43_163,8/8/2018,7/2/2024,GRI4,3,163,,PICMAR,7,-7777,1,-99,0,1,1,,,,,,,,,,,,,,,
GRI43_164,8/8/2018,7/2/2024,GRI4,3,164,,PICMAR,6,6.8,1,-99,0,1,1,,,,,,,,,,,,,,,
GRI43_165,8/8/2018,7/2/2024,GRI4,3,165,,PICMAR,3.7,4.3,1,-99,0,1,1,,,,,,,,,,,,,,,
GRI43_166,8/8/2018,7/2/2024,GRI4,3,166,,PICMAR,3.3,3.5,1,-99,0,1,1,,,,,,,,,,,,,,,
GRI43_167,8/8/2018,7/2/2024,GRI4,3,167,,PICMAR,3.3,3.3,1,-99,0,1,1,,,,,,,,,,,,,,,
GRI43_168,8/8/2018,7/2/2024,GRI4,3,168,,PICMAR,6,6.5,1,-99,0,1,1,,,,,,,,,,,,,,,
GRI43_169,8/8/2018,7/2/2024,GRI4,3,169,,PICMAR,9,9.8,1,-99,0,1,1,,,,,,,,,,,,,,,
GRI43_170,8/8/2018,7/2/2024,GRI4,3,170,,PICMAR,2.9,3,1,-99,0,1,1,,,,,,,,,,,,,,,
GRI43_171,8/8/2018,7/2/2024,GRI4,3,171,,PICMAR,5.2,5.3,1,-99,0,1,1,,,,,,,,,,,,,,,
GRI43_172,8/8/2018,7/2/2024,GRI4,3,172,,PICMAR,7.8,8.2,1,-99,0,1,1,,,,,,,,,,,,,,,
GRI43_173,8/8/2018,7/2/2024,GRI4,3,173,,PICMAR,5.7,-7777,1,-99,0,1,1,,,,,,,,,,,,,,,
GRI43_174,8/8/2018,7/2/2024,GRI4,3,174,,PICMAR,3.4,3.3,1,-99,0,1,1,,,,,,,,,,,,,,,
GRI43_175,8/8/2018,7/2/2024,GRI4,3,175,,PICMAR,6.5,6.7,1,-99,0,1,1,,,,,,,,,,,,,,,
GRI43_176,8/8/2018,7/2/2024,GRI4,3,176,,PICMAR,6.8,7,1,-99,0,1,1,,,,,,,,,,,,,,,
GRI43_177,8/8/2018,7/2/2024,GRI4,3,177,,PICMAR,7.1,7.4,1,-99,0,1,1,,,,,,,,,,,,,,,
GRI43_178,8/8/2018,7/2/2024,GRI4,3,178,,PICMAR,3.3,-7777,1,-99,0,1,1,,,,,,,,,,,,,,,
GRI43_179,8/8/2018,7/2/2024,GRI4,3,179,,PICMAR,7.5,7.9,1,-99,0,1,1,,,,,,,,,,,,,,,
GRI43_180,8/8/2018,7/2/2024,GRI4,3,180,,PICMAR,-9999,-9999,0,-99,0,1,1,,,,,,,,,,,,,,,
GRI43_181,8/8/2018,7/2/2024,GRI4,3,181,,PICMAR,5.1,6.2,1,-99,0,1,1,,,,,,,,,,,,,,,
GRI43_182,8/8/2018,7/2/2024,GRI4,3,182,,POPTRE,-9999,-7777,0,-99,0,1,1,,,,,,,,,,,,,,,
GRI43_183,8/8/2018,7/2/2024,GRI4,3,183,,POPTRE,12.1,-7777,1,-99,0,1,1,,,,,,,,,,,,,,,
GRI43_184,8/8/2018,7/2/2024,GRI4,3,184,,PICMAR,5.8,6.5,1,-99,0,1,1,,,,,,,,,,,,,,,
GRI43_185,8/8/2018,7/2/2024,GRI4,3,185,,PICMAR,4.3,4.7,1,-99,0,1,1,,,,,,,,,,,,,,,
GRI43_186,8/8/2018,7/2/2024,GRI4,3,186,,PICMAR,3.5,3.5,1,-99,0,1,1,,,,,,,,,,,,,,,
GRI43_187,8/8/2018,7/2/2024,GRI4,3,187,,PICMAR,4.8,5,1,-99,0,1,1,,,,,,,,,,,,,,,
GRI43_188,8/8/2018,7/2/2024,GRI4,3,188,,POPTRE,-9999,-9999,0,-99,0,1,1,,,,,,,,,,,,,,,
GRI43_189,8/8/2018,7/2/2024,GRI4,3,189,,POPTRE,-9999,-9999,0,-99,0,1,1,,,,,,,,,,,,,,,
GRI43_190,8/8/2018,7/2/2024,GRI4,3,190,,PICMAR,7.7,8.1,1,-99,0,1,1,,,,,,,,,,,,,,,
GRI43_191,8/8/2018,7/2/2024,GRI4,3,191,,PICMAR,6,6.2,1,-99,0,1,1,,,,,,,,,,,,,,,
GRI43_192,8/8/2018,7/2/2024,GRI4,3,192,,PICMAR,6.6,6.9,1,-99,0,1,1,,,,,,,,,,,,,,,
GRI43_193,8/8/2018,7/2/2024,GRI4,3,193,,PICMAR,7.8,8,1,-99,0,1,1,,,,,,,,,,,,,,,
GRI43_194,8/8/2018,7/2/2024,GRI4,3,194,,PICMAR,9.3,9.4,1,-99,0,1,1,,,,,,,,,,,,,,,
GRI43_195,8/8/2018,7/2/2024,GRI4,3,195,,PICMAR,-9999,-7777,0,-99,0,1,1,,,,,,,,,,,,,,,
GRI43_196,8/8/2018,7/2/2024,GRI4,3,196,,PICMAR,11.3,12.5,1,-99,0,1,1,,,,,,,,,,,,,,,
GRI43_197,8/8/2018,7/2/2024,GRI4,3,197,,PICMAR,4.3,4.4,1,-99,0,1,1,,,,,,,,,,,,,,,
GRI43_198,8/8/2018,7/2/2024,GRI4,3,198,,POPTRE,-9999,-7777,0,-99,0,1,1,,,,,,,,,,,,,,,
GRI43_199,8/8/2018,7/2/2024,GRI4,3,199,,PICMAR,10.8,11.6,1,-99,0,1,1,,,,,,,,,,,,,,,
GRI43_200,8/8/2018,7/2/2024,GRI4,3,200,,PICMAR,5.8,6.4,1,-99,0,1,1,,,,,,,,,,,,,,,
GRI43_201,8/8/2018,7/2/2024,GRI4,3,201,,PICMAR,3.7,-7777,1,-99,1,1,1,,,,,,,,,,,,,,,
GRI43_202,8/8/2018,7/2/2024,GRI4,3,202,,PICMAR,5.2,5.9,1,-99,0,1,1,,,,,,,,,,,,,,,
GRI43_203,8/8/2018,7/2/2024,GRI4,3,203,,PICMAR,6.7,7.1,1,-99,0,1,1,,,,,,,,,,,,,,,
GRI43_204,8/8/2018,7/2/2024,GRI4,3,204,,PICMAR,11.4,12.4,1,-99,0,1,1,,,,,,,,,,,,,,,
GRI43_205,8/8/2018,7/2/2024,GRI4,3,205,,PICMAR,8.3,9.8,1,-99,0,1,1,,,,,,,,,,,,,,,
GRI43_206,8/8/2018,7/2/2024,GRI4,3,206,,POPTRE,-9999,-7777,0,-99,1,1,1,,,,,,,,,,,,,,,
GRI43_207,8/8/2018,7/2/2024,GRI4,3,207,,POPTRE,-9999,-7777,0,-99,0,1,1,,,,,,,,,,,,,,,
GRI43_208,8/8/2018,7/2/2024,GRI4,3,208,,POPTRE,-9999,-9999,0,-99,0,1,1,,,,,,,,,,,,,,,
GRI43_209,8/8/2018,7/2/2024,GRI4,3,209,,PICMAR,6.2,-7777,1,-99,0,1,1,,,,,,,,,,,,,,,
GRI43_210,8/8/2018,7/2/2024,GRI4,3,210,,PICMAR,6,6.5,1,-99,0,1,1,,,,,,,,,,,,,,,
GRI43_211,8/8/2018,7/2/2024,GRI4,3,211,,BETNEO,14.9,15.4,1,-99,0,1,1,,,,,,,,,,,,,,,
GRI43_212,8/8/2018,7/2/2024,GRI4,3,212,,PICMAR,-9999,-7777,0,-99,0,1,1,,,,,,,,,,,,,,,
GRI43_213,8/8/2018,7/2/2024,GRI4,3,213,,PICMAR,3.1,3.1,1,-99,0,1,1,,,,,,,,,,,,,,,
GRI43_214,8/8/2018,7/2/2024,GRI4,3,214,,PICMAR,8,8.5,1,-99,0,1,1,,,,,,,,,,,,,,,
GRI43_215,8/8/2018,7/2/2024,GRI4,3,215,,PICMAR,5,5.5,1,-99,0,1,1,,,,,,,,,,,,,,,
GRI44_216,8/8/2018,7/2/2024,GRI4,4,216,,BETNEO,12.9,13.2,1,-99,0,1,1,,,,,,,,,,,,,,,
GRI44_217,8/8/2018,7/2/2024,GRI4,4,217,,PICMAR,2.7,2.6,1,-99,0,1,1,,,,,,,,,,,,,,,
GRI44_218,8/8/2018,7/2/2024,GRI4,4,218,,PICMAR,6.5,7.2,1,-99,0,1,1,,,,,,,,,,,,,,,
GRI44_219,8/8/2018,7/2/2024,GRI4,4,219,,BETNEO,11.6,12.7,1,-99,0,1,1,,,,,,,,,,,,,,,
GRI44_220,8/8/2018,7/2/2024,GRI4,4,220,,PICMAR,2.8,-7777,1,-99,0,1,1,,,,,,,,,,,,,,,
GRI44_221,8/8/2018,7/2/2024,GRI4,4,221,,PICMAR,3.4,4,1,-99,0,1,1,,,,,,,,,,,,,,,
GRI44_222,8/8/2018,7/2/2024,GRI4,4,222,,PICMAR,4,4.4,1,-99,0,1,1,,,,,,,,,,,,,,,
GRI44_223,8/8/2018,7/2/2024,GRI4,4,223,,PICMAR,5.1,5.7,1,-99,0,1,1,,,,,,,,,,,,,,,
GRI44_224,8/8/2018,7/2/2024,GRI4,4,224,,PICMAR,4,4,1,-99,0,1,1,,,,,,,,,,,,,,,
GRI44_225,8/8/2018,7/2/2024,GRI4,4,225,,BETNEO,10,10.3,1,-99,0,1,1,,,,,,,,,,,,,,,
GRI44_226,8/8/2018,7/2/2024,GRI4,4,226,,PICMAR,5.2,5.1,1,-99,0,1,1,,,,,,,,,,,,,,,
GRI44_227,8/8/2018,7/2/2024,GRI4,4,227,,POPTRE,-9999,-7777,0,2.5,0,1,1,,,,,,,,,,,,,,,
GRI44_228,8/8/2018,7/2/2024,GRI4,4,228,,PICMAR,8.3,8.8,1,-99,0,1,1,,,,,,,,,,,,,,,
GRI44_229,8/8/2018,7/2/2024,GRI4,4,229,,PICMAR,4.9,5,1,-99,0,1,1,,,,,,,,,,,,,,,
GRI44_230,8/8/2018,7/2/2024,GRI4,4,230,,PICMAR,3.8,3.7,1,-99,0,1,1,,,,,,,,,,,,,,,
GRI44_231,8/8/2018,7/2/2024,GRI4,4,231,,PICMAR,2.7,2.6,1,-99,1,1,1,,,,,,,,,,,,,,,
GRI44_232,8/8/2018,7/2/2024,GRI4,4,232,,PICMAR,3,3.9,1,-99,0,1,1,,,,,,,,,,,,,,,
GRI44_233,8/8/2018,7/2/2024,GRI4,4,233,,PICMAR,5.7,6.3,1,-99,0,1,1,,,,,,,,,,,,,,,
GRI44_234,8/8/2018,7/2/2024,GRI4,4,234,,POPTRE,-9999,-7777,0,-99,0,1,1,,,,,,,,,,,,,,,
GRI44_235,8/8/2018,7/2/2024,GRI4,4,235,,PICMAR,5.5,6,1,-99,0,1,1,,,,,,,,,,,,,,,
GRI44_236,8/8/2018,7/2/2024,GRI4,4,236,,PICMAR,6.8,-7777,1,-99,0,1,1,,,,,,,,,,,,,,,
GRI44_237,8/8/2018,7/2/2024,GRI4,4,237,,PICMAR,4,-7777,1,-99,0,1,1,,,,,,,,,,,,,,,
GRI44_238,8/8/2018,7/2/2024,GRI4,4,238,,PICMAR,9.6,10.4,1,-99,0,1,1,,,,,,,,,,,,,,,
GRI44_239,8/8/2018,7/2/2024,GRI4,4,239,,PICMAR,7.7,8,1,-99,0,1,1,,,,,,,,,,,,,,,
GRI44_240,8/8/2018,7/2/2024,GRI4,4,240,,PICMAR,4.1,4.1,1,-99,0,1,1,,,,,,,,,,,,,,,
GRI44_241,8/8/2018,7/2/2024,GRI4,4,241,,PICMAR,13.2,-7777,1,-99,0,1,1,,,,,,,,,,,,,,,
GRI44_242,8/8/2018,7/2/2024,GRI4,4,242,,PICMAR,-9999,-9999,0,-99,0,1,1,,,,,,,,,,,,,,,
GRI44_243,8/8/2018,7/2/2024,GRI4,4,243,,PICMAR,8.3,8.7,1,-99,0,1,1,,,,,,,,,,,,,,,
GRI44_244,8/8/2018,7/2/2024,GRI4,4,244,,PICMAR,4.7,4.5,1,-99,0,1,1,,,,,,,,,,,,,,,
GRI44_245,8/8/2018,7/2/2024,GRI4,4,245,,PICMAR,9.8,10.8,1,-99,0,1,1,,,,,,,,,,,,,,,
GRI44_246,8/8/2018,7/2/2024,GRI4,4,246,,POPTRE,-9999,-9999,0,-99,0,1,1,,,,,,,,,,,,,,,
GRI44_247,8/8/2018,7/2/2024,GRI4,4,247,,BETNEO,7.7,8,1,-99,0,1,1,,,,,,,,,,,,,,,
GRI44_248,8/8/2018,7/2/2024,GRI4,4,248,,PICMAR,5.1,5.5,1,-99,0,1,1,,,,,,,,,,,,,,,
GRI44_249,8/8/2018,7/2/2024,GRI4,4,249,,POPTRE,5.5,-7777,1,-99,0,1,1,,,,,,,,,,,,,,,
GRI44_250,8/8/2018,7/2/2024,GRI4,4,250,,POPTRE,-9999,-7777,0,-99,0,1,1,,,,,,,,,,,,,,,
GRI44_251,8/8/2018,7/2/2024,GRI4,4,251,,PICMAR,4.2,-7777,1,-99,0,1,1,,,,,,,,,,,,,,,
GRI44_252,8/8/2018,7/2/2024,GRI4,4,252,,PICMAR,6.4,6.8,1,-99,0,1,1,,,,,,,,,,,,,,,
GRI44_253,8/8/2018,7/2/2024,GRI4,4,253,,PICMAR,9,9.4,1,-99,0,1,1,,,,,,,,,,,,,,,
GRI44_254,8/8/2018,7/2/2024,GRI4,4,254,,PICMAR,3.4,3.8,1,-99,0,1,1,,,,,,,,,,,,,,,
GRI44_255,8/8/2018,7/2/2024,GRI4,4,255,,PICMAR,7.5,8.2,1,-99,0,1,1,,,,,,,,,,,,,,,
GRI44_256,8/8/2018,7/2/2024,GRI4,4,256,,PICMAR,-9999,-7777,0,4,0,1,1,,,,,,,,,,,,,,,
GRI44_257,8/8/2018,7/2/2024,GRI4,4,257,,PICMAR,7.7,8.3,1,-99,0,1,1,,,,,,,,,,,,,,,
GRI44_258,8/8/2018,7/2/2024,GRI4,4,258,,PICMAR,6.2,6.3,1,-99,0,1,1,,,,,,,,,,,,,,,
GRI44_259,8/8/2018,7/2/2024,GRI4,4,259,,PICMAR,9.7,-7777,1,-99,0,1,1,,,,,,,,,,,,,,,
GRI44_260,8/8/2018,7/2/2024,GRI4,4,260,,PICMAR,3.9,3.8,1,-99,0,1,1,,,,,,,,,,,,,,,
GRI44_261,8/8/2018,7/2/2024,GRI4,4,261,,PICMAR,7.7,8.3,1,-99,0,1,1,,,,,,,,,,,,,,,
GRI44_262,8/8/2018,7/2/2024,GRI4,4,262,,PICMAR,5.3,5.3,1,-99,0,1,1,,,,,,,,,,,,,,,
GRI44_263,8/8/2018,7/2/2024,GRI4,4,263,,PICMAR,4.3,4.3,1,-99,0,1,1,,,,,,,,,,,,,,,
GRI44_264,8/8/2018,7/2/2024,GRI4,4,264,,PICMAR,7.2,7.1,1,-99,0,1,1,,,,,,,,,,,,,,,
GRI44_265,8/8/2018,7/2/2024,GRI4,4,265,,PICMAR,7.7,8,1,-99,0,1,1,,,,,,,,,,,,,,,
GRI44_266,8/8/2018,7/2/2024,GRI4,4,266,,PICMAR,2.9,2.9,1,-99,0,1,1,,,,,,,,,,,,,,,
GRI44_267,8/8/2018,7/2/2024,GRI4,4,267,,PICMAR,7.9,8.8,1,-99,0,1,1,,,,,,,,,,,,,,,
GRI44_268,8/8/2018,7/2/2024,GRI4,4,268,,PICMAR,4.7,5.1,1,-99,0,1,1,,,,,,,,,,,,,,,
GRI44_269,8/8/2018,7/2/2024,GRI4,4,269,,PICMAR,6,6,1,-99,0,1,1,,,,,,,,,,,,,,,
GRI44_270,8/8/2018,7/2/2024,GRI4,4,270,,PICMAR,8.8,8.1,1,-99,0,1,1,,,,,,,,,,,,,,,
GRI44_271,8/8/2018,7/2/2024,GRI4,4,271,,PICMAR,5,5,1,-99,0,1,1,,,,,,,,,,,,,,,
GRI44_272,8/8/2018,7/2/2024,GRI4,4,272,,PICMAR,7.4,-7777,1,-99,0,1,1,,,,,,,,,,,,,,,
GRI44_273,8/8/2018,7/2/2024,GRI4,4,273,,PICMAR,4.7,5.1,1,-99,0,1,1,,,,,,,,,,,,,,,
GRI44_274,8/8/2018,7/2/2024,GRI4,4,274,,PICMAR,-9999,-7777,0,-99,0,1,1,,,,,,,,,,,,,,,
GRI44_275,8/8/2018,7/2/2024,GRI4,4,275,,PICMAR,3,3,1,-99,0,1,1,,,,,,,,,,,,,,,
GRI44_276,8/8/2018,7/2/2024,GRI4,4,276,,BETNEO,17.3,19.4,1,-99,0,1,1,,,,,,,,,,,,,,,
GRI44_277,8/8/2018,7/2/2024,GRI4,4,277,,PICMAR,5.4,6,1,-99,0,1,1,,,,,,,,,,,,,,,
GRI44_278,8/8/2018,7/2/2024,GRI4,4,278,,PICMAR,5.9,6.4,1,-99,0,1,1,,,,,,,,,,,,,,,
GRI44_279,8/8/2018,7/2/2024,GRI4,4,279,,PICMAR,3.3,-7777,1,-99,0,1,1,,,,,,,,,,,,,,,
GRI44_280,8/8/2018,7/2/2024,GRI4,4,280,,PICMAR,4.4,4.6,1,-99,0,1,1,,,,,,,,,,,,,,,
GRI44_281,8/8/2018,7/2/2024,GRI4,4,281,,PICMAR,5.8,6.3,1,-99,0,1,1,,,,,,,,,,,,,,,
GRI44_282,8/8/2018,7/2/2024,GRI4,4,282,,PICMAR,6.6,6.5,1,-99,0,1,1,,,,,,,,,,,,,,,
GRI44_283,8/8/2018,7/2/2024,GRI4,4,283,,PICMAR,7.3,-7777,1,-99,1,1,1,,,,,,,,,,,,,,,
GRI44_284,8/8/2018,7/2/2024,GRI4,4,284,,PICMAR,3.4,3.4,1,-99,0,1,1,,,,,,,,,,,,,,,
GRI44_285,8/8/2018,7/2/2024,GRI4,4,285,,PICMAR,4.9,5.3,1,-99,0,1,1,,,,,,,,,,,,,,,
GRI44_286,8/8/2018,7/2/2024,GRI4,4,286,,BETNEO,13.7,14,1,-99,0,1,1,,,,,,,,,,,,,,,
GRI44_287,8/8/2018,7/2/2024,GRI4,4,287,,PICMAR,6.4,-7777,1,6,0,1,1,,,,,,,,,,,,,,,
GRI44_288,8/8/2018,7/2/2024,GRI4,4,288,,PICMAR,7.6,8.1,1,-99,0,1,1,,,,,,,,,,,,,,,
GRI44_289,8/8/2018,7/2/2024,GRI4,4,289,,PICMAR,3.3,3.5,1,-99,0,1,1,,,,,,,,,,,,,,,
GRI44_290,8/8/2018,7/2/2024,GRI4,4,290,,PICMAR,7.9,8.7,1,-99,0,1,1,,,,,,,,,,,,,,,
GRI44_291,8/8/2018,7/2/2024,GRI4,4,291,,PICMAR,-9999,-8888,0,-99,0,1,1,,,,,,,,,,,,,,,
GRI44_292,8/8/2018,7/2/2024,GRI4,4,292,,PICMAR,6.4,7,1,-99,0,1,1,,,,,,,,,,,,,,,
GRI44_293,8/8/2018,7/2/2024,GRI4,4,293,,PICMAR,3,-7777,1,-99,1,1,1,,,,,,,,,,,,,,,
GRI44_294,8/8/2018,7/2/2024,GRI4,4,294,,PICMAR,5.1,5.2,1,-99,1,1,1,,,,,,,,,,,,,,,
GRI44_295,8/8/2018,7/2/2024,GRI4,4,295,,PICMAR,7.1,7.7,1,-99,0,1,1,,,,,,,,,,,,,,,
GRI44_296,8/8/2018,7/2/2024,GRI4,4,296,,PICMAR,2.9,2.8,1,-99,0,1,1,,,,,,,,,,,,,,,
GRI44_297,8/8/2018,7/2/2024,GRI4,4,297,,PICMAR,8.5,8.8,1,-99,0,1,1,,,,,,,,,,,,,,,
GRI44_298,8/8/2018,7/2/2024,GRI4,4,298,,PICMAR,7.3,7.6,1,-99,0,1,1,,,,,,,,,,,,,,,
GRI44_299,8/8/2018,7/2/2024,GRI4,4,299,,PICMAR,2.8,2.9,1,-99,0,1,1,,,,,,,,,,,,,,,
GRI44_300,8/8/2018,7/2/2024,GRI4,4,300,,BETNEO,16.4,17.2,1,-99,0,1,1,,,,,,,,,,,,,,,
GRI44_301,8/8/2018,7/2/2024,GRI4,4,301,,PICMAR,4.6,4.6,1,-99,0,1,1,,,,,,,,,,,,,,,
GRI44_302,8/8/2018,7/2/2024,GRI4,4,302,,PICMAR,7,7.2,1,-99,0,1,1,,,,,,,,,,,,,,,
GRI44_303,8/8/2018,7/2/2024,GRI4,4,303,,BETNEO,-9999,-8888,0,-99,0,1,1,,,,,,,,,,,,,,,
GRI44_526,8/8/2018,7/2/2024,GRI4,4,526,,PICMAR,7.2,6.8,1,-99,0,1,1,,,,,,,,,,,,,,,
GRI46_304,8/8/2018,7/2/2024,GRI4,6,304,,PICMAR,6,6.8,1,-99,0,1,1,,,,,,,,,,,,,,,
GRI46_305,8/8/2018,7/2/2024,GRI4,6,305,,BETNEO,20.8,21.6,1,-99,0,1,1,,,,,,,,,,,,,,,
GRI46_306,8/8/2018,7/2/2024,GRI4,6,306,,PICMAR,3.5,-9999,1,-99,0,1,1,,,,,,,,,,,,,,,
GRI46_307,8/8/2018,7/2/2024,GRI4,6,307,,BETNEO,10.5,10.8,1,-99,0,1,1,,,,,,,,,,,,,,,
GRI46_308,8/8/2018,7/2/2024,GRI4,6,308,,BETNEO,12.9,-7777,1,-99,0,1,1,,,,,,,,,,,,,,,
GRI46_309,8/8/2018,7/2/2024,GRI4,6,309,,BETNEO,15,15.8,1,-99,0,1,1,,,,,,,,,,,,,,,
GRI46_310,8/8/2018,7/2/2024,GRI4,6,310,,BETNEO,13.4,13.8,1,-99,0,1,1,,,,,,,,,,,,,,,
GRI46_311,8/8/2018,7/2/2024,GRI4,6,311,,BETNEO,8.8,8.8,1,-99,0,1,1,,,,,,,,,,,,,,,
GRI46_312,8/8/2018,7/2/2024,GRI4,6,312,,POPTRE,-9999,-9999,0,-99,0,1,1,,,,,,,,,,,,,,,
GRI46_313,8/8/2018,7/2/2024,GRI4,6,313,,BETNEO,9.4,9.7,1,-99,0,1,1,,,,,,,,,,,,,,,
GRI46_314,8/8/2018,7/2/2024,GRI4,6,314,,PICMAR,8.1,9.2,1,-99,0,1,1,,,,,,,,,,,,,,,
GRI46_315,8/8/2018,7/2/2024,GRI4,6,315,,BETNEO,-9999,-9999,0,-99,0,1,1,,,,,,,,,,,,,,,
GRI46_316,8/8/2018,7/2/2024,GRI4,6,316,,BETNEO,8.1,8.1,1,-99,0,1,1,,,,,,,,,,,,,,,
GRI46_317,8/8/2018,7/2/2024,GRI4,6,317,,BETNEO,6.7,6.5,1,-99,0,1,1,,,,,,,,,,,,,,,
GRI46_318,8/8/2018,7/2/2024,GRI4,6,318,,BETNEO,13.7,13.2,1,-99,0,1,1,,,,,,,,,,,,,,,
GRI46_319,8/8/2018,7/2/2024,GRI4,6,319,,PICMAR,4.5,5.7,1,-99,0,1,1,,,,,,,,,,,,,,,
GRI46_320,8/8/2018,7/2/2024,GRI4,6,320,,BETNEO,10.1,10.2,1,-99,0,1,1,,,,,,,,,,,,,,,
GRI46_321,8/8/2018,7/2/2024,GRI4,6,321,,BETNEO,8.5,-7777,1,-99,0,1,1,,,,,,,,,,,,,,,
GRI46_322,8/8/2018,7/2/2024,GRI4,6,322,,BETNEO,13.2,14.9,1,-99,0,1,1,,,,,,,,,,,,,,,
GRI46_323,8/8/2018,7/2/2024,GRI4,6,323,,BETNEO,9.5,9.9,1,-99,0,1,1,,,,,,,,,,,,,,,
GRI46_324,8/8/2018,7/2/2024,GRI4,6,324,,BETNEO,-9999,-8888,0,-99,0,1,1,,,,,,,,,,,,,,,
GRI46_325,8/8/2018,7/2/2024,GRI4,6,325,,BETNEO,7.9,-7777,1,-99,0,1,1,,,,,,,,,,,,,,,
GRI46_326,8/8/2018,7/2/2024,GRI4,6,326,,BETNEO,4.9,4.8,1,-99,0,1,1,,,,,,,,,,,,,,,
GRI46_327,8/8/2018,7/2/2024,GRI4,6,327,,POPTRE,11.3,-7777,1,-99,0,1,1,,,,,,,,,,,,,,,
GRI46_328,8/8/2018,7/2/2024,GRI4,6,328,,POPTRE,11.5,12.4,1,-99,0,1,1,,,,,,,,,,,,,,,
GRI46_329,8/8/2018,7/2/2024,GRI4,6,329,,BETNEO,4.9,-9999,1,-99,0,1,1,,,,,,,,,,,,,,,
GRI46_330,8/8/2018,7/2/2024,GRI4,6,330,,BETNEO,7.2,-7777,1,5,0,1,1,,,,,,,,,,,,,,,
GRI46_331,8/8/2018,7/2/2024,GRI4,6,331,,BETNEO,11.8,12.2,1,-99,0,1,1,,,,,,,,,,,,,,,
GRI46_332,8/8/2018,7/2/2024,GRI4,6,332,,BETNEO,13.2,13.7,1,-99,0,1,1,,,,,,,,,,,,,,,
GRI46_333,8/8/2018,7/2/2024,GRI4,6,333,,POPTRE,12.9,-7777,1,2,0,1,1,,,,,,,,,,,,,,,
GRI46_334,8/8/2018,7/2/2024,GRI4,6,334,,BETNEO,7.5,7.9,1,-99,0,1,1,,,,,,,,,,,,,,,
GRI46_335,8/8/2018,7/2/2024,GRI4,6,335,,POPTRE,9.8,9.7,1,-99,0,1,1,,,,,,,,,,,,,,,
GRI46_336,8/8/2018,7/2/2024,GRI4,6,336,,BETNEO,-9999,-8888,0,-99,0,1,1,,,,,,,,,,,,,,,
GRI46_337,8/8/2018,7/2/2024,GRI4,6,337,,BETNEO,7.5,7.5,1,-99,0,1,1,,,,,,,,,,,,,,,
GRI46_338,8/8/2018,7/2/2024,GRI4,6,338,,POPTRE,-9999,-8888,0,-99,0,1,1,,,,,,,,,,,,,,,
GRI46_339,8/8/2018,7/2/2024,GRI4,6,339,,BETNEO,18.3,19.4,1,-99,0,1,1,,,,,,,,,,,,,,,
GRI46_340,8/8/2018,7/2/2024,GRI4,6,340,,BETNEO,10.6,10.5,1,-99,0,1,1,,,,,,,,,,,,,,,
GRI46_341,8/8/2018,7/2/2024,GRI4,6,341,,POPTRE,11.3,12,1,-99,0,1,1,,,,,,,,,,,,,,,
GRI46_342,8/8/2018,7/2/2024,GRI4,6,342,,BETNEO,12.5,12.7,1,-99,0,1,1,,,,,,,,,,,,,,,
GRI46_343,8/8/2018,7/2/2024,GRI4,6,343,,BETNEO,5.4,-7777,1,-99,0,1,1,,,,,,,,,,,,,,,
GRI46_344,8/8/2018,7/2/2024,GRI4,6,344,,BETNEO,17.9,18.7,1,-99,0,1,1,,,,,,,,,,,,,,,
GRI46_345,8/8/2018,7/2/2024,GRI4,6,345,,PICMAR,6.2,7.3,1,-99,0,1,1,,,,,,,,,,,,,,,
GRI46_346,8/8/2018,7/2/2024,GRI4,6,346,,PICMAR,6.5,7.4,1,-99,0,1,1,,,,,,,,,,,,,,,
GRI46_347,8/8/2018,7/2/2024,GRI4,6,347,,PICMAR,5.8,6.6,1,-99,0,1,1,,,,,,,,,,,,,,,
GRI46_348,8/8/2018,7/2/2024,GRI4,6,348,,PICMAR,5.2,5.9,1,-99,0,1,1,,,,,,,,,,,,,,,
GRI46_349,8/8/2018,7/2/2024,GRI4,6,349,,POPTRE,-9999,-7777,0,-99,0,1,1,,,,,,,,,,,,,,,
GRI46_350,8/8/2018,7/2/2024,GRI4,6,350,,POPTRE,-9999,-8888,0,-99,0,1,1,,,,,,,,,,,,,,,
GRI46_351,8/8/2018,7/2/2024,GRI4,6,351,,BETNEO,15.6,16,1,-99,0,1,1,,,,,,,,,,,,,,,
GRI46_352,8/8/2018,7/2/2024,GRI4,6,352,,PICMAR,5.4,6.3,1,-99,0,1,1,,,,,,,,,,,,,,,
GRI46_353,8/8/2018,7/2/2024,GRI4,6,353,,PICMAR,10,-7777,1,-99,0,1,1,,,,,,,,,,,,,,,
GRI46_354,8/8/2018,7/2/2024,GRI4,6,354,,PICMAR,6.4,7.4,1,-99,0,1,1,,,,,,,,,,,,,,,
GRI46_2257,,7/2/2024,GRI4,6,2257,,PICMAR,,2.7,1,-99,0,1,1,,,,,,,,,,,,,,,
GRI46_2258,,7/2/2024,GRI4,6,2258,,PICMAR,,2.8,1,-99,0,1,1,,,,,,,,,,,,,,,
GRI46_2259,,7/2/2024,GRI4,6,2259,,PICMAR,,2.7,1,-99,0,1,1,,,,,,,,,,,,,,,
GRI46_2260,,7/2/2024,GRI4,6,2260,,PICMAR, ,4,1,-99,0,1,1,,,,,,,,,,,,,,,
GRI47_355,8/8/2018,7/2/2024,GRI4,7,355,,BETNEO,13.2,13.8,1,-99,0,1,1,,,,,,,,,,,,,,,
GRI47_356,8/8/2018,7/2/2024,GRI4,7,356,,BETNEO,9.3,9.7,1,-99,0,1,1,,,,,,,,,,,,,,,
GRI47_357,8/8/2018,7/2/2024,GRI4,7,357,,PICMAR,4.9,5.8,1,-99,0,1,1,,,,,,,,,,,,,,,
GRI47_358,8/8/2018,7/2/2024,GRI4,7,358,,PICMAR,3.9,4.8,1,-99,0,1,1,,,,,,,,,,,,,,,
GRI47_359,8/8/2018,7/2/2024,GRI4,7,359,,PICMAR,2.9,3.5,1,-99,0,1,1,,,,,,,,,,,,,,,
GRI47_360,8/8/2018,7/2/2024,GRI4,7,360,,BETNEO,15.4,15.7,1,-99,0,1,1,,,,,,,,,,,,,,,
GRI47_361,8/8/2018,7/2/2024,GRI4,7,361,,PICMAR,5.9,6.7,1,-99,0,1,1,,,,,,,,,,,,,,,
GRI47_362,8/8/2018,7/2/2024,GRI4,7,362,,BETNEO,11.4,11.5,1,-99,0,1,1,,,,,,,,,,,,,,,
GRI47_363,8/8/2018,7/2/2024,GRI4,7,363,,BETNEO,-9999,-8888,0,-99,0,1,1,,,,,,,,,,,,,,,
GRI47_364,8/8/2018,7/2/2024,GRI4,7,364,,POPTRE,11.8,-7777,0,-99,0,1,1,,,,,,,,,,,,,,,
GRI47_365,8/8/2018,7/2/2024,GRI4,7,365,,PICMAR,4.1,4.7,1,-99,0,1,1,,,,,,,,,,,,,,,
GRI47_366,8/8/2018,7/2/2024,GRI4,7,366,,PICMAR,10,11.4,1,-99,0,1,1,,,,,,,,,,,,,,,
GRI47_367,8/8/2018,7/2/2024,GRI4,7,367,,PICMAR,4.7,5.2,1,-99,0,1,1,,,,,,,,,,,,,,,
GRI47_368,8/8/2018,7/2/2024,GRI4,7,368,,POPTRE,14.7,-7777,1,-99,0,1,1,,,,,,,,,,,,,,,
GRI47_369,8/8/2018,7/2/2024,GRI4,7,369,,PICMAR,5.9,6.8,1,-99,0,1,1,,,,,,,,,,,,,,,
GRI47_370,8/8/2018,7/2/2024,GRI4,7,370,,POPTRE,-9999,-7777,0,-99,0,1,1,,,,,,,,,,,,,,,
GRI47_371,8/8/2018,7/2/2024,GRI4,7,371,,PICMAR,5,5.8,1,-99,0,1,1,,,,,,,,,,,,,,,
GRI47_372,8/8/2018,7/2/2024,GRI4,7,372,,BETNEO,9.1,9.1,1,-99,0,1,1,,,,,,,,,,,,,,,
GRI47_373,8/8/2018,7/2/2024,GRI4,7,373,,POPTRE,13.2,13.5,1,-99,0,1,1,,,,,,,,,,,,,,,
GRI47_374,8/8/2018,7/2/2024,GRI4,7,374,,POPTRE,-9999,-7777,0,1.5,0,1,1,,,,,,,,,,,,,,,
GRI47_375,8/8/2018,7/2/2024,GRI4,7,375,,POPTRE,-9999,-9999,0,-99,0,1,1,,,,,,,,,,,,,,,
GRI47_376,8/8/2018,7/2/2024,GRI4,7,376,,PICMAR,5.4,6.2,1,-99,0,1,1,,,,,,,,,,,,,,,
GRI47_377,8/8/2018,7/2/2024,GRI4,7,377,,PICMAR,7.4,8.6,1,-99,0,1,1,,,,,,,,,,,,,,,
GRI47_378,8/8/2018,7/2/2024,GRI4,7,378,,POPTRE,9.9,-7777,1,10,0,1,1,,,,,,,,,,,,,,,
GRI47_379,8/8/2018,7/2/2024,GRI4,7,379,,POPTRE,-9999,-9999,0,-99,0,1,1,,,,,,,,,,,,,,,
GRI47_380,8/8/2018,7/2/2024,GRI4,7,380,,PICMAR,3.3,4.4,1,-99,0,1,1,,,,,,,,,,,,,,,
GRI47_381,8/8/2018,7/2/2024,GRI4,7,381,,POPTRE,-9999,-9999,0,-99,0,1,1,,,,,,,,,,,,,,,
GRI47_382,8/8/2018,7/2/2024,GRI4,7,382,,BETNEO,12.4,12.9,1,-99,0,1,1,,,,,,,,,,,,,,,
GRI47_383,8/8/2018,7/2/2024,GRI4,7,383,,BETNEO,6,-7777,1,-99,0,1,1,,,,,,,,,,,,,,,
GRI47_384,8/8/2018,7/2/2024,GRI4,7,384,,BETNEO,15.2,16.3,1,-99,0,1,1,,,,,,,,,,,,,,,
GRI47_385,8/8/2018,7/2/2024,GRI4,7,385,,BETNEO,13.4,13.7,1,-99,0,1,1,,,,,,,,,,,,,,,
GRI47_386,8/8/2018,7/2/2024,GRI4,7,386,,PICMAR,5.7,7.6,1,-99,0,1,1,,,,,,,,,,,,,,,
GRI47_387,8/8/2018,7/2/2024,GRI4,7,387,,BETNEO,9.2,9.3,1,-99,0,1,1,,,,,,,,,,,,,,,
GRI47_388,8/8/2018,7/2/2024,GRI4,7,388,,POPTRE,-9999,-7777,0,-99,0,1,1,,,,,,,,,,,,,,,
GRI47_389,8/8/2018,7/2/2024,GRI4,7,389,,PICMAR,4.9,6,1,-99,0,1,1,,,,,,,,,,,,,,,
GRI47_390,8/8/2018,7/2/2024,GRI4,7,390,,POPTRE,-9999,-8888,0,-99,0,1,1,,,,,,,,,,,,,,,
GRI47_391,8/8/2018,7/2/2024,GRI4,7,391,,BETNEO,11.2,11.7,1,-99,0,1,1,,,,,,,,,,,,,,,
GRI47_392,8/8/2018,7/2/2024,GRI4,7,392,,POPTRE,-9999,-8888,0,-99,0,1,1,,,,,,,,,,,,,,,
GRI47_393,8/8/2018,7/2/2024,GRI4,7,393,,BETNEO,-9999,-7777,0,4,0,1,1,,,,,,,,,,,,,,,
GRI47_394,8/8/2018,7/2/2024,GRI4,7,394,,POPTRE,-9999,-7777,0,-99,0,1,1,,,,,,,,,,,,,,,
GRI47_395,8/8/2018,7/2/2024,GRI4,7,395,,BETNEO,9.9,9.9,1,-99,0,1,1,,,,,,,,,,,,,,,
GRI47_396,8/8/2018,7/2/2024,GRI4,7,396,,BETNEO,10.1,10.2,1,-99,0,1,1,,,,,,,,,,,,,,,
GRI47_397,8/8/2018,7/2/2024,GRI4,7,397,,BETNEO,14.2,14.6,1,-99,0,1,1,,,,,,,,,,,,,,,
GRI47_398,8/8/2018,7/2/2024,GRI4,7,398,,BETNEO,5.5,5.5,1,-99,0,1,1,,,,,,,,,,,,,,,
GRI47_399,8/8/2018,7/2/2024,GRI4,7,399,,BETNEO,10.5,10.8,1,-99,0,1,1,,,,,,,,,,,,,,,
GRI47_400,8/8/2018,7/2/2024,GRI4,7,400,,BETNEO,13.9,14.7,1,-99,0,1,1,,,,,,,,,,,,,,,
GRI47_401,8/8/2018,7/2/2024,GRI4,7,401,,PICMAR,4.3,4.8,1,-99,0,1,1,,,,,,,,,,,,,,,
GRI47_402,8/8/2018,7/2/2024,GRI4,7,402,,PICMAR,5.8,6.9,1,-99,0,1,1,,,,,,,,,,,,,,,
GRI47_403,8/8/2018,7/2/2024,GRI4,7,403,,BETNEO,13.2,14,1,-99,0,1,1,,,,,,,,,,,,,,,
GRI47_2261,,7/2/2024,GRI4,7,2261,,PICMAR ,,2.5,1,-99,0,1,1,,,,,,,,,,,,,,,
GRI47_2262,,7/2/2024,GRI4,7,2262,,PICMAR ,,2.6,1,-99,0,1,1,,,,,,,,,,,,,,,
GRI47_2263,,7/2/2024,GRI4,7,2263,,PICMAR ,,3,1,-99,0,1,1,,,,,,,,,,,,,,,
GRI47_2264,,7/2/2024,GRI4,7,2264,,PICMAR ,,3.3,1,-99,0,1,1,,,,,,,,,,,,,,,
GRI47_2265,,7/2/2024,GRI4,7,2265,,PICMAR ,,3,1,-99,0,1,1,,,,,,,,,,,,,,,
GRI47_2266,,7/2/2024,GRI4,7,2266,,PICMAR ,,4.3,1,-99,0,1,1,,,,,,,,,,,,,,,
GRI48_404,8/8/2018,7/3/2024,GRI4,8,404,,BETNEO,13,15.2,1,-99,0,1,1,,,,,,,,,,,,,,,
GRI48_405,8/8/2018,7/3/2024,GRI4,8,405,,POPTRE,-9999,-9999,0,-99,0,1,1,,,,,,,,,,,,,,,
GRI48_406,8/8/2018,7/3/2024,GRI4,8,406,,BETNEO,5.7,-7777,0,4,0,1,1,,,,,,,,,,,,,,,
GRI48_407,8/8/2018,7/3/2024,GRI4,8,407,,BETNEO,14.7,15,1,-99,0,1,1,,,,,,,,,,,,,,,
GRI48_408,8/8/2018,7/3/2024,GRI4,8,408,,BETNEO,-9999,-9999,0,-99,0,1,1,,,,,,,,,,,,,,,
GRI48_409,8/8/2018,7/3/2024,GRI4,8,409,,BETNEO,12.3,12.8,1,-99,0,1,1,,,,,,,,,,,,,,,
GRI48_410,8/8/2018,7/3/2024,GRI4,8,410,,POPTRE,-9999,-9999,0,-99,0,1,1,,,,,,,,,,,,,,,
GRI48_411,8/8/2018,7/3/2024,GRI4,8,411,,POPTRE,-9999,-9999,0,-99,0,1,1,,,,,,,,,,,,,,,
GRI48_412,8/8/2018,7/3/2024,GRI4,8,412,,PICMAR,4.3,5.4,1,-99,0,1,1,,,,,,,,,,,,,,,
GRI48_413,8/8/2018,7/3/2024,GRI4,8,413,,PICGLA,6.5,7.4,1,-99,0,1,1,,,,,,,,,,,,,,,
GRI48_414,8/8/2018,7/3/2024,GRI4,8,414,,BETNEO,6.8,6.8,1,-99,0,1,1,,,,,,,,,,,,,,,
GRI48_415,8/8/2018,7/3/2024,GRI4,8,415,,BETNEO,14.9,15.1,1,-99,0,1,1,,,,,,,,,,,,,,,
GRI48_416,8/8/2018,7/3/2024,GRI4,8,416,,BETNEO,8.5,8.5,1,-99,0,1,1,,,,,,,,,,,,,,,
GRI48_417,8/8/2018,7/3/2024,GRI4,8,417,,POPTRE,-9999,-8888,0,-99,0,1,1,,,,,,,,,,,,,,,
GRI48_418,8/8/2018,7/3/2024,GRI4,8,418,,BETNEO,-9999,-9999,0,-99,0,1,1,,,,,,,,,,,,,,,
GRI48_419,8/8/2018,7/3/2024,GRI4,8,419,,BETNEO,13.1,13.3,1,-99,0,1,1,,,,,,,,,,,,,,,
GRI48_420,8/8/2018,7/3/2024,GRI4,8,420,,POPTRE,-9999,-8888,0,-99,0,1,1,,,,,,,,,,,,,,,
GRI48_421,8/8/2018,7/3/2024,GRI4,8,421,,BETNEO,11.2,11.4,1,-99,0,1,1,,,,,,,,,,,,,,,
GRI48_422,8/8/2018,7/3/2024,GRI4,8,422,,BETNEO,10.7,11.1,1,-99,0,1,1,,,,,,,,,,,,,,,
GRI48_423,8/8/2018,7/3/2024,GRI4,8,423,,BETNEO,-9999,-9999,0,-99,0,1,1,,,,,,,,,,,,,,,
GRI48_424,8/8/2018,7/3/2024,GRI4,8,424,,BETNEO,-9999,-8888,0,-99,0,1,1,,,,,,,,,,,,,,,
GRI48_425,8/8/2018,7/3/2024,GRI4,8,425,,BETNEO,13.9,14.2,1,-99,0,1,1,,,,,,,,,,,,,,,
GRI48_426,8/8/2018,7/3/2024,GRI4,8,426,,BETNEO,13.1,13.5,1,-99,0,1,1,,,,,,,,,,,,,,,
GRI48_427,8/8/2018,7/3/2024,GRI4,8,427,,BETNEO,-9999,-8888,0,-99,0,1,1,,,,,,,,,,,,,,,
GRI48_428,8/8/2018,7/3/2024,GRI4,8,428,,BETNEO,11.7,12.4,1,-99,0,1,1,,,,,,,,,,,,,,,
GRI48_429,8/8/2018,7/3/2024,GRI4,8,429,,BETNEO,-9999,-8888,0,-99,0,1,1,,,,,,,,,,,,,,,
GRI48_430,8/8/2018,7/3/2024,GRI4,8,430,,BETNEO,5.2,5.3,1,-99,0,1,1,,,,,,,,,,,,,,,
GRI48_431,8/8/2018,7/3/2024,GRI4,8,431,,BETNEO,7.9,8.1,1,-99,0,1,1,,,,,,,,,,,,,,,
GRI48_432,8/8/2018,7/3/2024,GRI4,8,432,,BETNEO,-9999,-8888,0,-99,0,1,1,,,,,,,,,,,,,,,
GRI48_433,8/8/2018,7/3/2024,GRI4,8,433,,BETNEO,12.8,12.2,1,-99,0,1,1,,,,,,,,,,,,,,,
GRI48_434,8/8/2018,7/3/2024,GRI4,8,434,,BETNEO,4.7,-7777,0,-99,0,1,1,,,,,,,,,,,,,,,
GRI48_435,8/8/2018,7/3/2024,GRI4,8,435,,BETNEO,-9999,-9999,0,-99,0,1,1,,,,,,,,,,,,,,,
GRI48_436,8/8/2018,7/3/2024,GRI4,8,436,,BETNEO,-9999,-9999,0,-99,0,1,1,,,,,,,,,,,,,,,
GRI48_437,8/8/2018,7/3/2024,GRI4,8,437,,PICMAR,3.3,4.3,1,-99,0,1,1,,,,,,,,,,,,,,,
GRI48_438,8/8/2018,7/3/2024,GRI4,8,438,,BETNEO,7.8,7.8,1,-99,0,1,1,,,,,,,,,,,,,,,
GRI48_439,8/8/2018,7/3/2024,GRI4,8,439,,BETNEO,10.7,10.8,1,-99,0,1,1,,,,,,,,,,,,,,,
GRI48_440,8/8/2018,7/3/2024,GRI4,8,440,,BETNEO,5.4,-9999,1,-99,0,1,1,,,,,,,,,,,,,,,
GRI48_441,8/8/2018,7/3/2024,GRI4,8,441,,POPTRE,-9999,6.2,0,-99,0,1,1,,,,canker,,,,,,,,,,,
GRI48_442,8/8/2018,7/3/2024,GRI4,8,442,,BETNEO,-9999,-8888,0,-99,0,1,1,,,,,,,,,,,,,,,
GRI48_443,8/8/2018,7/3/2024,GRI4,8,443,,PICMAR,3.4,4,1,-99,0,1,1,,,,,,,,,,,,,,,
GRI48_444,8/8/2018,7/3/2024,GRI4,8,444,,POPTRE,-9999,-7777,0,-99,0,1,1,,,,,,,,,,,,,,,
GRI48_445,8/8/2018,7/3/2024,GRI4,8,445,,BETNEO,14.4,14.6,1,-99,0,1,1,,,,,,,,,,,,,,,
GRI48_446,8/8/2018,7/3/2024,GRI4,8,446,,POPTRE,-9999,-8888,0,-99,0,1,1,,,,,,,,,,,,,,,
GRI48_447,8/8/2018,7/3/2024,GRI4,8,447,,PICMAR,3.7,5.2,1,-99,0,1,1,,,,,,,,,,,,,,,
GRI48_448,8/8/2018,7/3/2024,GRI4,8,448,,POPTRE,-9999,-9999,0,-99,0,1,1,,,,,,,,,,,,,,,
GRI48_449,8/8/2018,7/3/2024,GRI4,8,449,,PICMAR,4.4,5.7,1,-99,0,1,1,,,,,,,,,,,,,,,
GRI48_450,8/8/2018,7/3/2024,GRI4,8,450,,BETNEO,6,6.1,1,-99,0,1,1,,,,,,,,,,,,,,,
GRI48_451,8/8/2018,7/3/2024,GRI4,8,451,,BETNEO,11.6,12,1,-99,0,1,1,,,,,,,,,,,,,,,
GRI48_452,8/8/2018,7/3/2024,GRI4,8,452,,PICMAR,4.5,5.7,1,-99,0,1,1,,,,,,,,,,,,,,,
GRI48_453,8/8/2018,7/3/2024,GRI4,8,453,,BETNEO,-9999,-9999,0,-99,0,1,1,,,,,,,,,,,,,,,
GRI48_454,8/8/2018,7/3/2024,GRI4,8,454,,BETNEO,9.1,9.1,1,-99,0,1,1,,,,,,,,,,,,,,,
GRI48_455,8/8/2018,7/3/2024,GRI4,8,455,,BETNEO,8,8.1,1,-99,0,1,1,,,,,,,,,,,,,,,
GRI48_456,8/8/2018,7/3/2024,GRI4,8,456,,POPTRE,-9999,-8888,0,-99,0,1,1,,,,,,,,,,,,,,,
GRI48_457,8/8/2018,7/3/2024,GRI4,8,457,,BETNEO,12.2,12.2,1,-99,0,1,1,,,,,,,,,,,,,,,
GRI48_458,8/8/2018,7/3/2024,GRI4,8,458,,BETNEO,8.5,8,1,-99,0,1,1,,,,,,,,,,,,,,,
GRI48_459,8/8/2018,7/3/2024,GRI4,8,459,,POPTRE,-9999,-9999,0,-99,0,1,1,,,,,,,,,,,,,,,
GRI48_460,8/8/2018,7/3/2024,GRI4,8,460,,PICMAR,6.4,6.6,1,-99,0,1,1,,,,,,,,,,,,,,,
GRI48_461,8/8/2018,7/3/2024,GRI4,8,461,,POPTRE,-9999,-7777,0,-99,0,1,1,,,,,,,,,,,,,,,
GRI48_462,8/8/2018,7/3/2024,GRI4,8,462,,BETNEO,12.5,12.9,1,-99,0,1,1,,,,,,,,,,,,,,,
GRI48_463,8/8/2018,7/3/2024,GRI4,8,463,,POPTRE,-9999,-8888,0,-99,0,1,1,,,,,,,,,,,,,,,
GRI48_464,8/8/2018,7/3/2024,GRI4,8,464,,POPTRE,-9999,-7777,0,-99,0,1,1,,,,,,,,,,,,,,,
GRI48_465,8/8/2018,7/3/2024,GRI4,8,465,,PICMAR,4.4,5.4,1,-99,0,1,1,,,,,,,,,,,,,,,
GRI48_466,8/8/2018,7/3/2024,GRI4,8,466,,BETNEO,-9999,-7777,0,6,0,1,1,,,,,,,,,,,,,,,
GRI48_467,8/8/2018,7/3/2024,GRI4,8,467,,BETNEO,11,10.9,1,-99,0,1,1,,,,,,,,,,,,,,,
GRI48_468,8/8/2018,7/3/2024,GRI4,8,468,,BETNEO,11.6,11.7,1,-99,0,1,1,,,,,,,,,,,,,,,
GRI48_469,8/8/2018,7/3/2024,GRI4,8,469,,PICMAR,3.2,4,1,-99,0,1,1,,,,,,,,,,,,,,,
GRI48_1751,8/8/2018,7/3/2024,GRI4,8,1751,,BETNEO,9.6,9.5,1,-99,0,1,1,,,,,,,,,,,,,,,
GRI48_2267,,7/3/2024,GRI4,8,2267,,PICMAR,,2.5,1,-99,0,1,1,,,,,,,,,,,,,,,
GRI48_2268,,7/3/2024,GRI4,8,2268,,PICMAR,,3.2,1,-99,0,1,1,,,,,,,,,,,,,,,
GRI48_2269,,7/3/2024,GRI4,8,2269,,PICMAR,,3.6,1,-99,0,1,1,,,,,,,,,,,,,,,
GRI48_2270,,7/3/2024,GRI4,8,2270,,PICMAR,,2.4,1,-99,0,1,1,,,,,,,,,,,,,,,
GRI48_2271,,7/3/2024,GRI4,8,2271,,PICMAR,,2.5,1,-99,0,1,1,,,,,,,,,,,,,,,
GRI48_2272,,7/3/2024,GRI4,8,2272,,PICMAR,,4.3,1,-99,0,1,1,,,,,,,,,,,,,,,
GRI48_2273,,7/3/2024,GRI4,8,2273,,PICMAR,,2.5,1,-99,0,1,1,,,,,,,,,,,,,,,
GRI48_2274,,7/3/2024,GRI4,8,2274,,PICMAR,,4.3,1,-99,0,1,1,,,,,,,,,,,,,,,
GRI48_2275,,7/3/2024,GRI4,8,2275,,PICMAR,,2.9,1,-99,0,1,1,,,,,,,,,,,,,,,
GRI48_2276,,7/3/2024,GRI4,8,2276,,PICMAR,,3.3,1,-99,0,1,1,,,,,,,,,,,,,,,
GRI49_470,8/8/2018,7/3/2024,GRI4,9,470,,BETNEO,13.3,14,1,-99,0,1,1,,,,,,,,,,,,,,,
GRI49_471,8/8/2018,7/3/2024,GRI4,9,471,,PICMAR,6.4,7.4,1,-99,0,1,1,,,,,,,,,,,,,,,
GRI49_472,8/8/2018,7/3/2024,GRI4,9,472,,BETNEO,14.2,14.4,1,-99,0,1,1,,,,,,,,,,,,,,,
GRI49_473,8/8/2018,7/3/2024,GRI4,9,473,,BETNEO,8.9,8.9,1,-99,0,1,1,missing tag,,,,,,,,,,,,,,
GRI49_474,8/8/2018,7/3/2024,GRI4,9,474,,BETNEO,11.8,12.5,1,-99,0,1,1,,,,,,,,,,,,,,,
GRI49_475,8/8/2018,7/3/2024,GRI4,9,475,,BETNEO,7.8,7.7,1,-99,0,1,1,,,,,,,,,,,,,,,
GRI49_476,8/8/2018,7/3/2024,GRI4,9,476,,PICMAR,4.2,-7777,1,-99,0,1,1,,,,,,,,,,,,,,,
GRI49_477,8/8/2018,7/3/2024,GRI4,9,477,,PICMAR,5,5.8,1,-99,0,1,1,,,,,,,,,,,,,,,
GRI49_478,8/8/2018,7/3/2024,GRI4,9,478,,BETNEO,17,18,1,-99,0,1,1,,,,,,,,,,,,,,,
GRI49_479,8/8/2018,7/3/2024,GRI4,9,479,,PICMAR,-9999,-7777,0,-99,0,1,1,,,,,,,,,,,,,,,
GRI49_480,8/8/2018,7/3/2024,GRI4,9,480,,BETNEO,11.7,12.1,1,-99,0,1,1,,,,,,,,,,,,,,,
GRI49_481,8/8/2018,7/3/2024,GRI4,9,481,,BETNEO,11.3,11.6,1,-99,0,1,1,,,,,,,,,,,,,,,
GRI49_482,8/8/2018,7/3/2024,GRI4,9,482,,PICMAR,5.7,5.5,1,-99,0,1,1,,,,,,,,,,,,,,,
GRI49_483,8/8/2018,7/3/2024,GRI4,9,483,,BETNEO,-9999,-7777,0,1.5,0,1,1,,,,,,,,,,,,,,,
GRI49_484,8/8/2018,7/3/2024,GRI4,9,484,,PICMAR,4.5,5.7,1,-99,0,1,1,,,,,,,,,,,,,,,
GRI49_485,8/8/2018,7/3/2024,GRI4,9,485,,PICMAR,3.2,3.9,1,-99,0,1,1,,,,,,,,,,,,,,,
GRI49_486,8/8/2018,7/3/2024,GRI4,9,486,,BETNEO,7.8,-7777,1,-99,0,1,1,,,,,,,,,,,,,,,
GRI49_487,8/8/2018,7/3/2024,GRI4,9,487,,BETNEO,16,16.4,1,-99,0,1,1,,,,,,,,,,,,,,,
GRI49_488,8/8/2018,7/3/2024,GRI4,9,488,,BETNEO,-9999,-9999,0,-99,0,1,1,,,,,,,,,,,,,,,
GRI49_489,8/8/2018,7/3/2024,GRI4,9,489,,BETNEO,9.9,10.9,1,-99,0,1,1,,,,,,,,,,,,,,,
GRI49_490,8/8/2018,7/3/2024,GRI4,9,490,,BETNEO,-9999,-7777,0,3,0,1,1,,,,,,,,,,,,,,,
GRI49_491,8/8/2018,7/3/2024,GRI4,9,491,,BETNEO,8.9,-7777,1,4,0,1,1,,,,,,,,,,,,,,,
GRI49_492,8/8/2018,7/3/2024,GRI4,9,492,,PICMAR,4.1,5.4,1,-99,0,1,1,,,,,,,,,,,,,,,
GRI49_493,8/8/2018,7/3/2024,GRI4,9,493,,PICMAR,-9999,-8888,0,-99,0,1,1,,,,,,,,,,,,,,,
GRI49_494,8/8/2018,7/3/2024,GRI4,9,494,,BETNEO,-9999,-9999,0,3,0,1,1,,,,,,,,,,,,,,,
GRI49_495,8/8/2018,7/3/2024,GRI4,9,495,,BETNEO,-9999,-7777,0,-99,0,1,1,,,,,,,,,,,,,,,
GRI49_496,8/8/2018,7/3/2024,GRI4,9,496,,PICMAR,7,7.9,1,-99,0,1,1,,,,,,,,,,,,,,,
GRI49_497,8/8/2018,7/3/2024,GRI4,9,497,,PICMAR,3.3,4,1,-99,0,1,1,,,,,,,,,,,,,,,
GRI49_498,8/8/2018,7/3/2024,GRI4,9,498,,PICMAR,6.6,7.2,1,-99,0,1,1,,,,,,,,,,,,,,,
GRI49_499,8/8/2018,7/3/2024,GRI4,9,499,,BETNEO,16.1,17,1,-99,0,1,1,,,,,,,,,,,,,,,
GRI49_500,8/8/2018,7/3/2024,GRI4,9,500,,BETNEO,-9999,-9999,0,-99,0,1,1,,,,,,,,,,,,,,,
GRI49_501,8/8/2018,7/3/2024,GRI4,9,501,,PICMAR,7.4,7.2,1,-99,0,1,1,,,,,,,,,,,,,,,
GRI49_502,8/8/2018,7/3/2024,GRI4,9,502,,PICMAR,4.5,5.3,1,-99,0,1,1,,,,,,,,,,,,,,,
GRI49_503,8/8/2018,7/3/2024,GRI4,9,503,,BETNEO,8.2,-7777,1,-99,0,1,1,,,,,,,,,,,,,,,
GRI49_504,8/8/2018,7/3/2024,GRI4,9,504,,BETNEO,7.4,7.4,1,-99,0,1,1,,,,,,,,,,,,,,,
GRI49_505,8/8/2018,7/3/2024,GRI4,9,505,,PICMAR,5.8,6.7,1,-99,0,1,1,,,,,,,,,,,,,,,
GRI49_506,8/8/2018,7/3/2024,GRI4,9,506,,PICMAR,2.9,3.1,1,-99,0,1,1,,,,,,,,,,,,,,,
GRI49_507,8/8/2018,7/3/2024,GRI4,9,507,,BETNEO,9.7,9.9,1,-99,0,1,1,,,,,,,,,,,,,,,
GRI49_508,8/8/2018,7/3/2024,GRI4,9,508,,BETNEO,12.7,13.1,1,-99,0,1,1,,,,,,,,,,,,,,,
GRI49_509,8/8/2018,7/3/2024,GRI4,9,509,,BETNEO,-9999,-9999,0,-99,0,1,1,,,,,,,,,,,,,,,
GRI49_510,8/8/2018,7/3/2024,GRI4,9,510,,BETNEO,10.3,10.5,1,-99,0,1,1,,,,,,,,,,,,,,,
GRI49_511,8/8/2018,7/3/2024,GRI4,9,511,,BETNEO,10.3,10.3,1,-99,0,1,1,,,,,,,,,,,,,,,
GRI49_512,8/8/2018,7/3/2024,GRI4,9,512,,PICMAR,2.8,3.1,1,-99,0,1,1,,,,,,,,,,,,,,,
GRI49_513,8/8/2018,7/3/2024,GRI4,9,513,,PICMAR,5.6,6.3,1,-99,0,1,1,,,,,,,,,,,,,,,
GRI49_514,8/8/2018,7/3/2024,GRI4,9,514,,PICMAR,4.8,5.3,1,-99,0,1,1,,,,,,,,,,,,,,,
GRI49_515,8/8/2018,7/3/2024,GRI4,9,515,,PICMAR,3.7,3.9,1,-99,0,1,1,,,,,,,,,,,,,,,
GRI49_516,8/8/2018,7/3/2024,GRI4,9,516,,BETNEO,9.5,10,1,-99,0,1,1,,,,,,,,,,,,,,,
GRI49_517,8/8/2018,7/3/2024,GRI4,9,517,,BETNEO,8.9,9.3,1,-99,0,1,1,,,,,,,,,,,,,,,
GRI49_518,8/8/2018,7/3/2024,GRI4,9,518,,BETNEO,-9999,-9999,0,-99,0,1,1,,,,,,,,,,,,,,,
GRI49_519,8/8/2018,7/3/2024,GRI4,9,519,,POPTRE,9.2,-7777,1,-99,0,1,1,,,,,,,,,,,,,,,
GRI49_520,8/8/2018,7/3/2024,GRI4,9,520,,PICMAR,7.5,8,1,-99,0,1,1,,,,,,,,,,,,,,,
GRI49_521,8/8/2018,7/3/2024,GRI4,9,521,,BETNEO,12.9,12.9,1,-99,0,1,1,,,,,,,,,,,,,,,
GRI49_522,8/8/2018,7/3/2024,GRI4,9,522,,PICMAR,3.9,4.5,1,-99,0,1,1,,,,,,,,,,,,,,,
GRI49_523,8/8/2018,7/3/2024,GRI4,9,523,,PICMAR,6.8,7.5,1,-99,0,1,1,,,,,,,,,,,,,,,
GRI49_524,8/8/2018,7/3/2024,GRI4,9,524,,PICMAR,6.2,7.1,1,-99,0,1,1,,,,,,,,,,,,,,,
GRI49_525,8/8/2018,7/3/2024,GRI4,9,525,,PICMAR,3.4,3.9,1,-99,0,1,1,,,,,,,,,,,,,,,
GRI49_999,8/8/2018,7/3/2024,GRI4,9,999,,PICMAR,3,3.8,1,-99,0,1,1,old notes-By tree 471,old notes-By tree 471. 2019 notes-,,,,,,,,,,,,,
GRI49_1000,8/8/2018,7/3/2024,GRI4,9,1000,,PICMAR,3,3.5,1,-99,0,1,1,old notes-By tree 486,old notes-By tree 486. 2019 notes-,,,,,,,,,,,,,
GRI49_1725,8/8/2018,7/3/2024,GRI4,9,1725,,PICMAR,3,3.3,1,-99,0,1,1,old notes-By tree 477,old notes-By tree 477. 2019 notes-,,,,,,,,,,,,,
GRI49_1726,8/8/2018,7/3/2024,GRI4,9,1726,,PICMAR,3.2,3.8,1,-99,0,1,1,old notes-By tree 481,old notes-By tree 481. 2019 notes-,,,,,,,,,,,,,
GRI49_2277,,7/3/2024,GRI4,9,2277,,PICMAR,,2.7,1,-99,0,1,1,,,,,,,,,,,,,,,
GRI49_2278,,7/3/2024,GRI4,9,2278,,PICMAR,,3.1,1,-99,0,1,1,,,,,,,,,,,,,,,
GRI49_2279,,7/3/2024,GRI4,9,2279,,PICMAR,,3.6,1,-99,0,1,1,,,,,,,,,,,,,,,
GRI49_2280,,7/3/2024,GRI4,9,2280,,PICMAR,,2.9,1,-99,0,1,1,,,,,,,,,,,,,,,
GRI49_2281,,7/3/2024,GRI4,9,2281,,PICMAR,,3.1,1,-99,0,1,1,,,,,,,,,,,,,,,
GRI49_2282,,7/3/2024,GRI4,9,2282,,PICMAR,,2.9,1,-99,0,1,1,,,,,,,,,,,,,,,
GRI49_2283,,7/3/2024,GRI4,9,2283,,PICMAR,,4.1,1,-99,0,1,1,,,,,,,,,,,,,,,
GRI49_2284,,7/3/2024,GRI4,9,2284,,PICMAR,,3.6,1,-99,0,1,1,,,,,,,,,,,,,,,
GRI411_764,8/8/2018,7/3/2024,GRI4,11,764,,PICMAR,12,12.7,1,-99,0,1,1,,,,,,,,,,,,,,,
GRI411_765,8/8/2018,7/3/2024,GRI4,11,765,,PICMAR,3.2,3.3,1,-99,0,1,1,,,,,,,,,,,,,,,
GRI411_766,8/8/2018,7/3/2024,GRI4,11,766,,PICMAR,7.1,7.4,1,-99,0,1,1,,,,,,,,,,,,,,,
GRI411_767,8/8/2018,7/3/2024,GRI4,11,767,,PICMAR,6.9,7.3,1,-99,0,1,1,,,,,,,,,,,,,,,
GRI411_768,8/8/2018,7/3/2024,GRI4,11,768,,PICMAR,6.8,7.5,1,-99,0,1,1,,,,,,,,,,,,,,,
GRI411_769,8/8/2018,7/3/2024,GRI4,11,769,,PICMAR,7.5,8.2,1,-99,0,1,1,,,,,,,,,,,,,,,
GRI411_770,8/8/2018,7/3/2024,GRI4,11,770,,PICMAR,2.9,2.8,1,-99,0,1,1,,,,,,,,,,,,,,,
GRI411_771,8/8/2018,7/3/2024,GRI4,11,771,,PICMAR,4.7,5.2,1,-99,0,1,1,,,,,,,,,,,,,,,
GRI411_772,8/8/2018,7/3/2024,GRI4,11,772,,PICMAR,5.8,5.9,1,-99,0,1,1,,,,,,,,,,,,,,,
GRI411_773,8/8/2018,7/3/2024,GRI4,11,773,,PICMAR,4.1,4.2,1,-99,0,1,1,,,,,,,,,,,,,,,
GRI411_774,8/8/2018,7/3/2024,GRI4,11,774,,PICMAR,3.5,3.6,1,-99,0,1,1,,,,,,,,,,,,,,,
GRI411_775,8/8/2018,7/3/2024,GRI4,11,775,,PICMAR,5,5.5,1,-99,0,1,1,,,,,,,,,,,,,,,
GRI411_776,8/8/2018,7/3/2024,GRI4,11,776,,PICMAR,5.8,5.9,1,-99,0,1,1,,,,,,,,,,,,,,,
GRI411_777,8/8/2018,7/3/2024,GRI4,11,777,,PICGLA,3.1,3.2,1,-99,0,1,1,,,,,,,,,,,,,,,
GRI411_778,8/8/2018,7/3/2024,GRI4,11,778,,PICMAR,3.7,2.7,1,-99,0,1,1,was not 3.7,,,,,,,,,,,,,,
GRI411_779,8/8/2018,7/3/2024,GRI4,11,779,,PICGLA,7,7.6,1,-99,0,1,1,,,,,,,,,,,,,,,
GRI411_780,8/8/2018,7/3/2024,GRI4,11,780,,PICMAR,7.1,7.8,1,-99,0,1,1,,,,,,,,,,,,,,,
GRI411_781,8/8/2018,7/3/2024,GRI4,11,781,,PICMAR,6.5,6.8,1,-99,0,1,1,,,,,,,,,,,,,,,
GRI411_782,8/8/2018,7/3/2024,GRI4,11,782,,PICMAR,6,6.4,1,-99,0,1,1,,,,,,,,,,,,,,,
GRI411_783,8/8/2018,7/3/2024,GRI4,11,783,,PICMAR,5.7,-7777,1,4,0,1,1,,,,,,,,,,,,,,,
GRI411_784,8/8/2018,7/3/2024,GRI4,11,784,,PICMAR,2.6,2.7,1,-99,0,1,1,,,,,,,,,,,,,,,
GRI411_785,8/8/2018,7/3/2024,GRI4,11,785,,PICMAR,2.8,3.7,1,-99,0,1,1,,,,,,,,,,,,,,,
GRI411_786,8/8/2018,7/3/2024,GRI4,11,786,,PICMAR,4.3,5.3,1,-99,0,1,1,,,,,,,,,,,,,,,
GRI411_787,8/8/2018,7/3/2024,GRI4,11,787,,PICMAR,2.8,-7777,1,-99,0,1,1,,,,,,,,,,,,,,,
GRI411_788,8/8/2018,7/3/2024,GRI4,11,788,,PICMAR,5.4,6.3,1,-99,0,1,1,,,,,,,,,,,,,,,
GRI411_789,8/8/2018,7/3/2024,GRI4,11,789,,PICMAR,3.8,-7777,1,-99,0,1,1,,,,,,,,,,,,,,,
GRI411_790,8/8/2018,7/3/2024,GRI4,11,790,,PICMAR,4.8,5.2,1,-99,0,1,1,,,,,,,,,,,,,,,
GRI411_791,8/8/2018,7/3/2024,GRI4,11,791,,PICMAR,3.4,3.5,1,-99,0,1,1,,,,,,,,,,,,,,,
GRI411_792,8/8/2018,7/3/2024,GRI4,11,792,,PICMAR,2.7,2.7,1,-99,0,1,1,,,,,,,,,,,,,,,
GRI411_793,8/8/2018,7/3/2024,GRI4,11,793,,BETNEO,8.4,8.4,1,-99,0,1,1,,,,,,,,,,,,,,,
GRI411_794,8/8/2018,7/3/2024,GRI4,11,794,,PICMAR,2.4,2.6,1,-99,0,1,1,,,,,,,,,,,,,,,
GRI411_795,8/8/2018,7/3/2024,GRI4,11,795,,PICMAR,5.1,5.5,1,-99,0,1,1,,,,,,,,,,,,,,,
GRI411_796,8/8/2018,7/3/2024,GRI4,11,796,,BETNEO,10.7,11.2,1,-99,0,1,1,,,,,,,,,,,,,,,
GRI411_797,8/8/2018,7/3/2024,GRI4,11,797,,PICMAR,4.3,4.7,1,-99,0,1,1,,,,,,,,,,,,,,,
GRI411_798,8/8/2018,7/3/2024,GRI4,11,798,,BETNEO,10,10.1,1,-99,0,1,1,,,,,,,,,,,,,,,
GRI411_799,8/8/2018,7/3/2024,GRI4,11,799,,PICGLA,3.4,3.5,1,-99,0,1,1,,,,,,,,,,,,,,,
GRI411_800,8/8/2018,7/3/2024,GRI4,11,800,,PICMAR,5.6,6.3,1,-99,0,1,1,,,,,,,,,,,,,,,
GRI411_801,8/8/2018,7/3/2024,GRI4,11,801,,BETNEO,6.1,6.1,1,-99,0,1,1,,,,,,,,,,,,,,,
GRI411_802,8/8/2018,7/3/2024,GRI4,11,802,,PICMAR,3.5,3.6,1,-99,0,1,1,,,,,,,,,,,,,,,
GRI411_803,8/8/2018,7/3/2024,GRI4,11,803,,BETNEO,11.5,11.8,1,-99,0,1,1,,,,,,,,,,,,,,,
GRI411_804,8/8/2018,7/3/2024,GRI4,11,804,,PICMAR,5,5.7,1,-99,0,1,1,,,,,,,,,,,,,,,
GRI411_805,8/8/2018,7/3/2024,GRI4,11,805,,PICMAR,6.9,7.5,1,-99,0,1,1,,,,,,,,,,,,,,,
GRI411_806,8/8/2018,7/3/2024,GRI4,11,806,,PICMAR,5.2,6.2,1,-99,0,1,1,,,,,,,,,,,,,,,
GRI411_807,8/8/2018,7/3/2024,GRI4,11,807,,PICMAR,4.3,5.2,1,-99,0,1,1,,,,,,,,,,,,,,,
GRI411_808,8/8/2018,7/3/2024,GRI4,11,808,,BETNEO,12.2,12.5,1,-99,0,1,1,,,,,,,,,,,,,,,
GRI411_809,8/8/2018,7/3/2024,GRI4,11,809,,BETNEO,11.6,12.1,1,-99,0,1,1,,,,,,,,,,,,,,,
GRI411_810,8/8/2018,7/3/2024,GRI4,11,810,,PICMAR,5.5,6.3,1,-99,0,1,1,,,,,,,,,,,,,,,
GRI411_811,8/8/2018,7/3/2024,GRI4,11,811,,PICMAR,6.4,7.5,1,-99,0,1,1,,,,,,,,,,,,,,,
GRI411_812,8/8/2018,7/3/2024,GRI4,11,812,,PICMAR,4.9,5.1,1,-99,0,1,1,,,,,,,,,,,,,,,
GRI411_813,,7/3/2024,GRI4,11,813,,PICMAR,,9.5,1,-99,0,1,1,,,,,,,,,,,,,,,
GRI411_814,8/8/2018,7/3/2024,GRI4,11,814,,PICMAR,3.4,4,1,-99,0,1,1,there is 813 its 9.5,,,,,,,,,,,,,,
GRI411_815,8/8/2018,7/3/2024,GRI4,11,815,,PICMAR,4,4.6,1,-99,0,1,1,,,"duplicate entry with different dbh, verify in field and correct",,,,,,,,,,,,
GRI411_816,8/8/2018,7/3/2024,GRI4,11,816,,BETNEO,5.3,-7777,1,-99,0,1,1,,,,,,,,,,,,,,,
GRI411_817,8/8/2018,7/3/2024,GRI4,11,817,,PICMAR,2.3,2.6,1,-99,0,1,1,,,,,,,,,,,,,,,
GRI411_818,8/8/2018,7/3/2024,GRI4,11,818,,BETNEO,11.2,11.5,1,-99,0,1,1,,,,,,,,,,,,,,,
GRI411_819,8/8/2018,7/3/2024,GRI4,11,819,,BETNEO,11.7,11.7,1,-99,0,1,1,,,,,,,,,,,,,,,
GRI411_820,8/8/2018,7/3/2024,GRI4,11,820,,BETNEO,5.7,-7777,1,5,0,1,1,,,,,,,,,,,,,,,
GRI411_821,8/8/2018,7/3/2024,GRI4,11,821,,BETNEO,5.7,-7777,1,4,0,1,1,,,,,,,,,,,,,,,
GRI411_822,8/8/2018,7/3/2024,GRI4,11,822,,PICMAR,4.1,4.8,1,-99,0,1,1,,,,,,,,,,,,,,,
GRI411_823,8/8/2018,7/3/2024,GRI4,11,823,,BETNEO,8.4,8.3,1,-99,0,1,1,,,,,,,,,,,,,,,
GRI411_824,8/8/2018,7/3/2024,GRI4,11,824,,PICMAR,2.7,3.4,1,-99,0,1,1,,,,,,,,,,,,,,,
GRI411_825,8/8/2018,7/3/2024,GRI4,11,825,,PICMAR,6.5,7.3,1,12,0,1,1,,,,,,,,,,,,,,,
GRI411_826,8/8/2018,7/3/2024,GRI4,11,826,,BETNEO,14.2,14.5,1,-99,0,1,1,,,,,,,,,,,,,,,
GRI411_827,8/8/2018,7/3/2024,GRI4,11,827,,BETNEO,-9999,-7777,0,7,0,1,1,,,,,,,,,,,,,,,
GRI411_828,8/8/2018,7/3/2024,GRI4,11,828,,PICMAR,4,4.8,1,-99,0,1,1,,,,,,,,,,,,,,,
GRI411_829,8/8/2018,7/3/2024,GRI4,11,829,,PICMAR,6,7.3,1,-99,0,1,1,,,,,,,,,,,,,,,
GRI411_830,8/8/2018,7/3/2024,GRI4,11,830,,PICMAR,4.1,4.8,1,-99,0,1,1,,,,,,,,,,,,,,,
GRI411_831,8/8/2018,7/3/2024,GRI4,11,831,,BETNEO,7.3,7.4,1,-99,0,1,1,,,,,,,,,,,,,,,
GRI411_832,8/8/2018,7/3/2024,GRI4,11,832,,PICMAR,5.4,6,1,-99,0,1,1,,,,,,,,,,,,,,,
GRI411_833,8/8/2018,7/3/2024,GRI4,11,833,,PICMAR,3,3.3,1,-99,0,1,1,,,,,,,,,,,,,,,
GRI411_834,8/8/2018,7/3/2024,GRI4,11,834,,BETNEO,11.8,12,1,-99,0,1,1,,,,,,,,,,,,,,,
GRI411_835,8/8/2018,7/3/2024,GRI4,11,835,,BETNEO,9.2,-7777,1,6,0,1,1,,,,,,,,,,,,,,,
GRI411_836,8/8/2018,7/3/2024,GRI4,11,836,,PICMAR,2.7,3.4,1,-99,0,1,1,,,,,,,,,,,,,,,
GRI411_837,8/8/2018,7/3/2024,GRI4,11,837,,PICMAR,5,6.4,1,-99,0,1,1,,,,,,,,,,,,,,,
GRI411_838,8/8/2018,7/3/2024,GRI4,11,838,,BETNEO,9.2,9.1,1,-99,0,1,1,,,,,,,,,,,,,,,
GRI411_839,8/8/2018,7/3/2024,GRI4,11,839,,PICMAR,7.9,-7777,1,-99,0,1,1,,,,,,,,,,,,,,,
GRI411_840,8/8/2018,7/3/2024,GRI4,11,840,,PICMAR,5.2,5.4,1,-99,0,1,1,,,,,,,,,,,,,,,
GRI411_841,8/8/2018,7/3/2024,GRI4,11,841,,PICMAR,3.3,4,1,-99,0,1,1,,,,,,,,,,,,,,,
GRI411_842,8/8/2018,7/3/2024,GRI4,11,842,,PICMAR,3.2,4,1,-99,0,1,1,,,,,,,,,,,,,,,
GRI411_843,8/8/2018,7/3/2024,GRI4,11,843,,BETNEO,3.7,-9999,1,-99,0,1,1,,,,,,,,,,,,,,,
GRI411_844,8/8/2018,7/3/2024,GRI4,11,844,,BETNEO,8,8.2,1,-99,0,1,1,,,,,,,,,,,,,,,
GRI411_845,8/8/2018,7/3/2024,GRI4,11,845,,PICMAR,2.7,3.3,1,-99,0,1,1,,,,,,,,,,,,,,,
GRI411_846,8/8/2018,7/3/2024,GRI4,11,846,,PICMAR,5.8,6.3,1,-99,0,1,1,,,,,,,,,,,,,,,
GRI411_847,8/8/2018,7/3/2024,GRI4,11,847,,PICMAR,4.4,5.2,1,-99,0,1,1,,,,,,,,,,,,,,,
GRI411_848,8/8/2018,7/3/2024,GRI4,11,848,,BETNEO,9.9,10,1,-99,0,1,1,,,,,,,,,,,,,,,
GRI411_849,8/8/2018,7/3/2024,GRI4,11,849,,PICMAR,3.5,4,1,-99,0,1,1,,,,,,,,,,,,,,,
GRI411_850,8/8/2018,7/3/2024,GRI4,11,850,,BETNEO,7.3,7.4,1,-99,0,1,1,,,,,,,,,,,,,,,
GRI411_851,8/8/2018,7/3/2024,GRI4,11,851,,BETNEO,6.8,7,1,-99,0,1,1,,,,,,,,,,,,,,,
GRI411_852,8/8/2018,7/3/2024,GRI4,11,852,,PICMAR,6.9,8.6,1,-99,0,1,1,,,,,,,,,,,,,,,
GRI411_853,8/8/2018,7/3/2024,GRI4,11,853,,BETNEO,5.4,5.8,1,-99,0,1,1,,,,,,,,,,,,,,,
GRI411_854,8/8/2018,7/3/2024,GRI4,11,854,,PICMAR,4.4,5.1,1,-99,0,1,1,,,,,,,,,,,,,,,
GRI411_855,8/8/2018,7/3/2024,GRI4,11,855,,BETNEO,4.5,-9999,1,-99,0,1,1,,,,,,,,,,,,,,,
GRI411_856,8/8/2018,7/3/2024,GRI4,11,856,,PICMAR,4.1,5.4,1,-99,0,1,1,,,,,,,,,,,,,,,
GRI411_857,8/8/2018,7/3/2024,GRI4,11,857,,BETNEO,8.6,8.7,1,-99,0,1,1,,,,,,,,,,,,,,,
GRI411_858,8/8/2018,7/3/2024,GRI4,11,858,,BETNEO,10.3,10.7,1,-99,0,1,1,,,,,,,,,,,,,,,
GRI411_859,8/8/2018,7/3/2024,GRI4,11,859,,BETNEO,6,-9999,1,-99,0,1,1,,,,,,,,,,,,,,,
GRI411_860,8/8/2018,7/3/2024,GRI4,11,860,,BETNEO,4,-7777,1,-99,1,1,1,,,,,,,,,,,,,,,
GRI411_861,8/8/2018,7/3/2024,GRI4,11,861,,PICMAR,4.9,6,1,-99,0,1,1,,,,,,,,,,,,,,,
GRI411_862,8/8/2018,7/3/2024,GRI4,11,862,,BETNEO,12.5,12.9,1,-99,0,1,1,,,,,,,,,,,,,,,
GRI411_863,8/8/2018,7/3/2024,GRI4,11,863,,BETNEO,10.3,10.9,1,-99,0,1,1,,,,,,,,,,,,,,,
GRI411_864,8/8/2018,7/3/2024,GRI4,11,864,,PICMAR,3.6,4.5,1,-99,0,1,1,,,,,,,,,,,,,,,
GRI411_865,8/8/2018,7/3/2024,GRI4,11,865,,BETNEO,7.5,7.5,1,-99,0,1,1,,,,,,,,,,,,,,,
GRI411_866,8/8/2018,7/3/2024,GRI4,11,866,,PICMAR,3,3.5,1,-99,0,1,1,,,,,,,,,,,,,,,
GRI411_867,8/8/2018,7/3/2024,GRI4,11,867,,PICMAR,2.6,3.1,1,-99,0,1,1,,,,,,,,,,,,,,,
GRI411_868,8/8/2018,7/3/2024,GRI4,11,868,,PICMAR,3.2,4.2,1,-99,0,1,1,,,,,,,,,,,,,,,
GRI411_869,8/8/2018,7/3/2024,GRI4,11,869,,BETNEO,2.8,3.5,1,-99,0,1,1,,,,,,,,,,,,,,,
GRI411_870,8/8/2018,7/3/2024,GRI4,11,870,,BETNEO,5.9,-7777,1,2.5,0,1,1,,,,,,,,,,,,,,,
GRI411_871,8/8/2018,7/3/2024,GRI4,11,871,,BETNEO,9.8,9.6,1,-99,0,1,1,,,,,,,,,,,,,,,
GRI411_872,8/8/2018,7/3/2024,GRI4,11,872,,PICMAR,4.3,5.3,1,-99,0,1,1,,,,,,,,,,,,,,,
GRI411_2285,,7/3/2024,GRI4,11,2285,,PICMAR,,3.1,1,-99,0,1,1,,,,,,,,,,,,,,,
GRI411_2286,,7/3/2024,GRI4,11,2286,,PICMAR,,2.6,1,-99,0,1,1,,,,,,,,,,,,,,,
GRI412_873,8/8/2018,7/3/2024,GRI4,12,873,,BETNEO,8.5,8.5,1,-99,0,1,1,,,,,,,,,,,,,,,
GRI412_874,8/8/2018,7/3/2024,GRI4,12,874,,PICMAR,6.1,7.4,1,-99,0,1,1,,,,,,,,,,,,,,,
GRI412_875,8/8/2018,7/3/2024,GRI4,12,875,,BETNEO,-9999,-7777,0,2,0,1,1,,,,,,,,,,,,,,,
GRI412_876,8/8/2018,7/3/2024,GRI4,12,876,,PICGLA,4,5.8,1,-99,0,1,1,,,,,,,,,,,,,,,
GRI412_877,8/8/2018,7/3/2024,GRI4,12,877,,BETNEO,17.5,18,1,-99,0,1,1,,,,,,,,,,,,,,,
GRI412_878,8/8/2018,7/3/2024,GRI4,12,878,,BETNEO,10.3,10.5,1,-99,0,1,1,,,,,,,,,,,,,,,
GRI412_879,8/8/2018,7/3/2024,GRI4,12,879,,PICMAR,3.5,5.7,1,-99,0,1,1,,,,,,,,,,,,,,,
GRI412_880,8/8/2018,7/3/2024,GRI4,12,880,,BETNEO,8.3,-7777,1,-99,0,1,1,,,,,,,,,,,,,,,
GRI412_881,8/8/2018,7/3/2024,GRI4,12,881,,PICMAR,5.6,6.6,1,-99,0,1,1,,,,,,,,,,,,,,,
GRI412_882,8/8/2018,7/3/2024,GRI4,12,882,,BETNEO,11,11,1,-99,0,1,1,,,,,,,,,,,,,,,
GRI412_883,8/8/2018,7/3/2024,GRI4,12,883,,BETNEO,-9999,-7777,0,3,0,1,1,,,,,,,,,,,,,,,
GRI412_884,8/8/2018,7/3/2024,GRI4,12,884,,BETNEO,9.5,-7777,1,-99,0,1,1,,,,,,,,,,,,,,,
GRI412_885,8/8/2018,7/3/2024,GRI4,12,885,,BETNEO,6.3,-7777,1,3,0,1,1,,,,,,,,,,,,,,,
GRI412_886,8/8/2018,7/3/2024,GRI4,12,886,,PICMAR,5.3,6.7,1,-99,0,1,1,,,,,,,,,,,,,,,
GRI412_887,8/8/2018,7/3/2024,GRI4,12,887,,BETNEO,11.7,11.6,1,-99,0,1,1,,,,,,,,,,,,,,,
GRI412_888,8/8/2018,7/3/2024,GRI4,12,888,,PICMAR,3.7,4.8,1,-99,0,1,1,,,,,,,,,,,,,,,
GRI412_889,8/8/2018,7/3/2024,GRI4,12,889,,PICMAR,5.3,6.6,1,-99,0,1,1,,,,,,,,,,,,,,,
GRI412_890,8/8/2018,7/3/2024,GRI4,12,890,,BETNEO,8.7,8.9,1,-99,0,1,1,,,,,,,,,,,,,,,
GRI412_891,8/8/2018,7/3/2024,GRI4,12,891,,BETNEO,14,14.3,1,-99,0,1,1,,,,,,,,,,,,,,,
GRI412_892,8/8/2018,7/3/2024,GRI4,12,892,,BETNEO,9.2,9.4,1,-99,0,1,1,,,,,,,,,,,,,,,
GRI412_893,8/8/2018,7/3/2024,GRI4,12,893,,PICMAR,3.7,4.8,1,-99,0,1,1,,,,,,,,,,,,,,,
GRI412_894,8/8/2018,7/3/2024,GRI4,12,894,,BETNEO,12.5,13.3,1,-99,0,1,1,,,,,,,,,,,,,,,
GRI412_895,8/8/2018,7/3/2024,GRI4,12,895,,PICMAR,5,6.2,1,-99,0,1,1,,,,,,,,,,,,,,,
GRI412_896,8/8/2018,7/3/2024,GRI4,12,896,,BETNEO,7.1,-7777,1,-99,0,1,1,,,,,,,,,,,,,,,
GRI412_897,8/8/2018,7/3/2024,GRI4,12,897,,PICMAR,5.4,6.6,1,-99,0,1,1,,,,,,,,,,,,,,,
GRI412_898,8/8/2018,7/3/2024,GRI4,12,898,,PICMAR,3,4.1,1,-99,0,1,1,new tag same number,,,,,,,,,,,,,,
GRI412_899,8/8/2018,7/3/2024,GRI4,12,899,,PICMAR,7.3,8.3,1,-99,0,1,1,,,,,,,,,,,,,,,
GRI412_900,8/8/2018,7/3/2024,GRI4,12,900,,BETNEO,9.1,9.2,1,-99,0,1,1,,,,,,,,,,,,,,,
GRI412_901,8/8/2018,7/3/2024,GRI4,12,901,,PICMAR,3,3.1,1,-99,0,1,1,,,,,,,,,,,,,,,
GRI412_902,8/8/2018,7/3/2024,GRI4,12,902,,PICMAR,3.9,4.3,1,-99,0,1,1,,,,,,,,,,,,,,,
GRI412_903,8/8/2018,7/3/2024,GRI4,12,903,,PICMAR,4.1,5.2,1,-99,0,1,1,,,,,,,,,,,,,,,
GRI412_904,8/8/2018,7/3/2024,GRI4,12,904,,BETNEO,6.3,6.4,1,-99,0,1,1,,,,,,,,,,,,,,,
GRI412_905,8/8/2018,7/3/2024,GRI4,12,905,,BETNEO,6.4,6.4,1,-99,0,1,1,,,,,,,,,,,,,,,
GRI412_906,8/8/2018,7/3/2024,GRI4,12,906,,BETNEO,13.2,13.7,1,-99,0,1,1,,,,,,,,,,,,,,,
GRI412_907,8/8/2018,7/3/2024,GRI4,12,907,,BETNEO,9.5,9.6,1,-99,0,1,1,,,,,,,,,,,,,,,
GRI412_908,8/8/2018,7/3/2024,GRI4,12,908,,BETNEO,10.6,10.8,1,-99,0,1,1,,,,,,,,,,,,,,,
GRI412_909,8/8/2018,7/3/2024,GRI4,12,909,,BETNEO,13.9,14.5,1,-99,0,1,1,,,,,,,,,,,,,,,
GRI412_910,8/8/2018,7/3/2024,GRI4,12,910,,BETNEO,5.4,-7777,1,3,0,1,1,,,,,,,,,,,,,,,
GRI412_911,8/8/2018,7/3/2024,GRI4,12,911,,BETNEO,-9999,-7777,0,-99,0,1,1,,,,,,,,,,,,,,,
GRI412_912,8/8/2018,7/3/2024,GRI4,12,912,,PICMAR,5.3,6.8,1,-99,0,1,1,,,,,,,,,,,,,,,
GRI412_913,8/8/2018,7/3/2024,GRI4,12,913,,BETNEO,7.7,8,1,-99,0,1,1,,,,,,,,,,,,,,,
GRI412_914,8/8/2018,7/3/2024,GRI4,12,914,,PICMAR,5,6.4,1,-99,0,1,1,,,,,,,,,,,,,,,
GRI412_915,8/8/2018,7/3/2024,GRI4,12,915,,BETNEO,11.8,-7777,1,-99,0,1,1,,,,,,,,,,,,,,,
GRI412_916,8/8/2018,7/3/2024,GRI4,12,916,,PICMAR,3.8,4.6,1,-99,0,1,1,,,,,,,,,,,,,,,
GRI412_917,8/8/2018,7/3/2024,GRI4,12,917,,BETNEO,9.8,10.2,1,-99,0,1,1,,,,,,,,,,,,,,,
GRI412_918,8/8/2018,7/3/2024,GRI4,12,918,,PICMAR,6,7.5,1,-99,0,1,1,,,,,,,,,,,,,,,
GRI412_919,8/8/2018,7/3/2024,GRI4,12,919,,BETNEO,10.9,11,1,-99,0,1,1,,,,,,,,,,,,,,,
GRI412_920,8/8/2018,7/3/2024,GRI4,12,920,,BETNEO,5.6,-7777,1,2.5,0,1,1,,,,,,,,,,,,,,,
GRI412_921,8/8/2018,7/3/2024,GRI4,12,921,,BETNEO,-9999,-7777,0,2.25,0,1,1,,,,,,,,,,,,,,,
GRI412_922,8/8/2018,7/3/2024,GRI4,12,922,,PICMAR,4,5.1,1,-99,0,1,1,,,,,,,,,,,,,,,
GRI412_923,8/8/2018,7/3/2024,GRI4,12,923,,BETNEO,9,9.2,1,-99,0,1,1,,,,,,,,,,,,,,,
GRI412_924,8/8/2018,7/3/2024,GRI4,12,924,,BETNEO,8,8.1,1,-99,0,1,1,,,,,,,,,,,,,,,
GRI412_925,8/8/2018,7/3/2024,GRI4,12,925,,BETNEO,10.3,10.5,1,-99,0,1,1,,,,,,,,,,,,,,,
GRI412_926,8/8/2018,7/3/2024,GRI4,12,926,,PICMAR,3.7,4.7,1,-99,0,1,1,,,,,,,,,,,,,,,
GRI412_927,8/8/2018,7/3/2024,GRI4,12,927,,PICMAR,2.8,3.6,1,-99,0,1,1,,,,,,,,,,,,,,,
GRI412_928,8/8/2018,7/3/2024,GRI4,12,928,,BETNEO,-9999,-7777,0,-99,0,1,1,,,,,,,,,,,,,,,
GRI412_1727,8/8/2018,7/3/2024,GRI4,12,1727,,PICMAR,2.8,3.8,1,-99,0,1,1,old notes-By tree 877,old notes-By tree 877. 2019 notes-,,,,,,,,,,,,,
GRI412_2287,,7/3/2024,GRI4,12,2287,,PICMAR,,2.5,1,-99,0,1,1,,,,,,,,,,,,,,,
GRI412_2288,,7/3/2024,GRI4,12,2288,,PICMAR,,2.8,1,-99,0,1,1,,,,,,,,,,,,,,,
GRI412_2289,,7/3/2024,GRI4,12,2289,,PICMAR,,2.9,1,-99,0,1,1,,,,,,,,,,,,,,,
GRI412_2290,,7/3/2024,GRI4,12,2290,,PICMAR,,2.6,1,-99,0,1,1,,,,,,,,,,,,,,,
GRI413_169,8/8/2018,7/3/2024,GRI4,13,169,,POPTRE,9.6,9.6,1,-99,0,1,1,,,,,,,,,,,,,,,
GRI413_170,8/8/2018,7/3/2024,GRI4,13,170,,BETNEO,10.5,-9999,1,-99,0,1,1,,,,,,,,,,,,,,,
GRI413_171,8/8/2018,7/3/2024,GRI4,13,171,,BETNEO,8.4,-7777,1,-99,0,1,1,,,,,,,,,,,,,,,
GRI413_172,8/8/2018,7/3/2024,GRI4,13,172,,PICMAR,7,8.1,1,-99,0,1,1,,,,,,,,,,,,,,,
GRI413_929,8/8/2018,7/3/2024,GRI4,13,929,,POPTRE,5.5,-9999,1,-99,0,1,1,,,,,,,,,,,,,,,
GRI413_930,8/8/2018,7/3/2024,GRI4,13,930,,BETNEO,7.2,-7777,1,-99,0,1,1,,,,,,,,,,,,,,,
GRI413_931,8/8/2018,7/3/2024,GRI4,13,931,,BETNEO,13.6,14.1,1,-99,0,1,1,,,,,,,,,,,,,,,
GRI413_932,8/8/2018,7/3/2024,GRI4,13,932,,PICGLA,3.9,5.3,1,-99,0,1,1,,,,,,,,,,,,,,,
GRI413_933,8/8/2018,7/3/2024,GRI4,13,933,,POPTRE,10.8,-7777,1,-99,0,1,1,,,,,,,,,,,,,,,
GRI413_934,8/8/2018,7/3/2024,GRI4,13,934,,POPTRE,-9999,-9999,0,-99,0,1,1,,,,,,,,,,,,,,,
GRI413_935,8/8/2018,7/3/2024,GRI4,13,935,,POPTRE,9.3,9.4,1,-99,0,1,1,,,,,,,,,,,,,,,
GRI413_936,8/8/2018,7/3/2024,GRI4,13,936,,POPTRE,-9999,-9999,0,-99,0,1,1,,,,,,,,,,,,,,,
GRI413_937,8/8/2018,7/3/2024,GRI4,13,937,,BETNEO,13.3,14.4,1,-99,0,1,1,,,,,,,,,,,,,,,
GRI413_938,8/8/2018,7/3/2024,GRI4,13,938,,BETNEO,6,6.1,1,-99,0,1,1,,,,,,,,,,,,,,,
GRI413_939,8/8/2018,7/3/2024,GRI4,13,939,,BETNEO,7.9,8.4,1,-99,0,1,1,,,,,,,,,,,,,,,
GRI413_940,8/8/2018,7/3/2024,GRI4,13,940,,BETNEO,8,8.3,1,-99,0,1,1,,,,,,,,,,,,,,,
GRI413_941,8/8/2018,7/3/2024,GRI4,13,941,,POPTRE,12.3,12.8,1,-99,0,1,1,,,,,,,,,,,,,,,
GRI413_942,8/8/2018,7/3/2024,GRI4,13,942,,POPTRE,-9999,-9999,0,-99,0,1,1,,,,,,,,,,,,,,,
GRI413_943,8/8/2018,7/3/2024,GRI4,13,943,,BETNEO,14.5,15,1,-99,0,1,1,,,,,,,,,,,,,,,
GRI413_944,8/8/2018,7/3/2024,GRI4,13,944,,POPTRE,15.3,15.9,1,-99,0,1,1,,,,,,,,,,,,,,,
GRI413_945,8/8/2018,7/3/2024,GRI4,13,945,,BETNEO,7.8,8.1,1,-99,0,1,1,,,,,,,,,,,,,,,
GRI413_946,8/8/2018,7/3/2024,GRI4,13,946,,POPTRE,-9999,-9999,0,-99,0,1,1,,,,,,,,,,,,,,,
GRI413_947,8/8/2018,7/3/2024,GRI4,13,947,,BETNEO,13,13,1,-99,0,1,1,,,,,,,,,,,,,,,
GRI413_948,8/8/2018,7/3/2024,GRI4,13,948,,BETNEO,15.3,15.8,1,-99,0,1,1,,,,,,,,,,,,,,,
GRI413_949,8/8/2018,7/3/2024,GRI4,13,949,,BETNEO,6.4,-7777,1,-99,0,1,1,,,,,,,,,,,,,,,
GRI413_950,8/8/2018,7/3/2024,GRI4,13,950,,BETNEO,6.6,6.6,1,-99,0,1,1,,,,,,,,,,,,,,,
GRI413_951,8/8/2018,7/3/2024,GRI4,13,951,,BETNEO,-9999,-7777,0,4,0,1,1,,,,,,,,,,,,,,,
GRI413_952,8/8/2018,7/3/2024,GRI4,13,952,,BETNEO,11.2,11.3,1,-99,0,1,1,,,,,,,,,,,,,,,
GRI413_953,8/8/2018,7/3/2024,GRI4,13,953,,PICMAR,3.7,5,1,-99,0,1,1,,,,,,,,,,,,,,,
GRI413_954,8/8/2018,7/3/2024,GRI4,13,954,,BETNEO,5.5,-7777,1,-99,0,1,1,,,,,,,,,,,,,,,
GRI413_955,8/8/2018,7/3/2024,GRI4,13,955,,BETNEO,10.4,10.7,1,-99,0,1,1,,,,,,,,,,,,,,,
GRI413_956,8/8/2018,7/3/2024,GRI4,13,956,,PICMAR,3.4,4.5,1,-99,0,1,1,,,,,,,,,,,,,,,
GRI413_957,8/8/2018,7/3/2024,GRI4,13,957,,BETNEO,4.8,4.9,1,-99,0,1,1,,,,,,,,,,,,,,,
GRI413_958,8/8/2018,7/3/2024,GRI4,13,958,,BETNEO,6.8,6.9,1,-99,0,1,1,,,,,,,,,,,,,,,
GRI413_959,8/8/2018,7/3/2024,GRI4,13,959,,BETNEO,10,10.3,1,-99,0,1,1,,,,,,,,,,,,,,,
GRI413_960,8/8/2018,7/3/2024,GRI4,13,960,,BETNEO,11.4,11.4,1,-99,0,1,1,,,,,,,,,,,,,,,
GRI413_961,8/8/2018,7/3/2024,GRI4,13,961,,PICMAR,4.6,5.4,1,-99,0,1,1,,,,,,,,,,,,,,,
GRI413_962,8/8/2018,7/3/2024,GRI4,13,962,,BETNEO,-9999,-7777,0,-99,0,1,1,,,,,,,,,,,,,,,
GRI413_963,8/8/2018,7/3/2024,GRI4,13,963,,BETNEO,-9999,-9999,0,-99,0,1,1,,,,,,,,,,,,,,,
GRI413_964,8/8/2018,7/3/2024,GRI4,13,964,,BETNEO,10.5,10.4,1,-99,0,1,1,,,,,,,,,,,,,,,
GRI413_965,8/8/2018,7/3/2024,GRI4,13,965,,PICGLA,4.1,5.1,1,-99,0,1,1,,,,,,,,,,,,,,,
GRI413_966,8/8/2018,7/3/2024,GRI4,13,966,,PICGLA,5.3,6.4,1,-99,0,1,1,,,,,,,,,,,,,,,
GRI413_2291,,7/3/2024,GRI4,13,2291,,PICMAR,,2.7,1,-99,0,1,1,next 935,,,,,,,,,,,,,,
GRI413_2292,,7/3/2024,GRI4,13,2292,,PICMAR,,6.1,1,-99,0,1,1,,,,,,,,,,,,,,,
GRI413_2293,,7/3/2024,GRI4,13,2293,,PICMAR,,3.3,1,-99,0,1,1,,,,,,,,,,,,,,,
GRI413_2294,,7/3/2024,GRI4,13,2294,,PICMAR,,2.7,1,-99,0,1,1,,,,,,,,,,,,,,,
GRI414_967,8/8/2018,7/3/2024,GRI4,14,967,,POPTRE,-9999,-8888,0,-99,0,1,1,,,,,,,,,,,,,,,
GRI414_968,8/8/2018,7/3/2024,GRI4,14,968,,BETNEO,10.2,10.5,1,-99,0,1,1,,,,,,,,,,,,,,,
GRI414_969,8/8/2018,7/3/2024,GRI4,14,969,,BETNEO,10.1,10.5,1,-99,0,1,1,,,,,,,,,,,,,,,
GRI414_970,8/8/2018,7/3/2024,GRI4,14,970,,BETNEO,15.5,16.8,1,-99,0,1,1,,,,,,,,,,,,,,,
GRI414_971,8/8/2018,7/3/2024,GRI4,14,971,,BETNEO,-9999,-7777,0,-99,1,1,1,,,,,,,,,,,,,,,
GRI414_972,8/8/2018,7/3/2024,GRI4,14,972,,BETNEO,9.1,-7777,1,-99,0,1,1,,,,,,,,,,,,,,,
GRI414_973,8/8/2018,7/3/2024,GRI4,14,973,,BETNEO,7.9,7.9,1,-99,0,1,1,,,,,,,,,,,,,,,
GRI414_974,8/8/2018,7/3/2024,GRI4,14,974,,BETNEO,9.1,9,1,-99,0,1,1,,,,,,,,,,,,,,,
GRI414_975,8/8/2018,7/3/2024,GRI4,14,975,,BETNEO,12.8,13,1,-99,0,1,1,,,,,,,,,,,,,,,
GRI414_976,8/8/2018,7/3/2024,GRI4,14,976,,BETNEO,-9999,-8888,0,-99,0,1,1,,,,,,,,,,,,,,,
GRI414_977,8/8/2018,7/3/2024,GRI4,14,977,,PICGLA,5.8,7.7,1,-99,0,1,1,,,,,,,,,,,,,,,
GRI414_978,8/8/2018,7/3/2024,GRI4,14,978,,BETNEO,7.2,7,1,-99,0,1,1,,,,,,,,,,,,,,,
GRI414_979,8/8/2018,7/3/2024,GRI4,14,979,,BETNEO,10.9,11.2,1,-99,0,1,1,,,,,,,,,,,,,,,
GRI414_980,8/8/2018,7/3/2024,GRI4,14,980,,BETNEO,8.4,-7777,1,-99,0,1,1,,,,,,,,,,,,,,,
GRI414_981,8/8/2018,7/3/2024,GRI4,14,981,,PICGLA,6,7.9,1,-99,0,1,1,,,,,,,,,,,,,,,
GRI414_982,8/8/2018,7/3/2024,GRI4,14,982,,BETNEO,15.7,16.4,1,-99,0,1,1,,,,,,,,,,,,,,,
GRI414_983,8/8/2018,7/3/2024,GRI4,14,983,,BETNEO,9.3,-7777,1,-99,0,1,1,,,,,,,,,,,,,,,
GRI414_984,8/8/2018,7/3/2024,GRI4,14,984,,PICGLA,3.4,4.4,1,-99,0,1,1,,,,,,,,,,,,,,,
GRI414_985,8/8/2018,7/3/2024,GRI4,14,985,,PICGLA,3.5,5,1,-99,0,1,1,,,,,,,,,,,,,,,
GRI414_986,8/8/2018,7/3/2024,GRI4,14,986,,PICGLA,4,4.5,1,-99,0,1,1,,,,,,,,,,,,,,,
GRI414_987,8/8/2018,7/3/2024,GRI4,14,987,,BETNEO,14.4,14.5,1,-99,0,1,1,,,,,,,,,,,,,,,
GRI414_988,8/8/2018,7/3/2024,GRI4,14,988,,BETNEO,-9999,-9999,0,-99,0,1,1,,,,,,,,,,,,,,,
GRI414_989,8/8/2018,7/3/2024,GRI4,14,989,,BETNEO,9.8,9.8,1,-99,0,1,1,,,,,,,,,,,,,,,
GRI414_990,8/8/2018,7/3/2024,GRI4,14,990,,BETNEO,6.2,6.3,1,-99,0,1,1,,,,,,,,,,,,,,,
GRI414_991,8/8/2018,7/3/2024,GRI4,14,991,,PICGLA,5.9,7.2,1,-99,0,1,1,,,,,,,,,,,,,,,
GRI414_992,8/8/2018,7/3/2024,GRI4,14,992,,BETNEO,6.6,6.8,1,-99,0,1,1,,,,,,,,,,,,,,,
GRI414_993,8/8/2018,7/3/2024,GRI4,14,993,,BETNEO,6.2,-7777,1,6,0,1,1,,,,,,,,,,,,,,,
GRI414_994,8/8/2018,7/3/2024,GRI4,14,994,,PICGLA,7.9,8.3,1,-99,0,1,1,,,,,,,,,,,,,,,
GRI414_995,8/8/2018,7/3/2024,GRI4,14,995,,BETNEO,8.1,8.2,1,-99,0,1,1,,,,,,,,,,,,,,,
GRI414_996,8/8/2018,7/3/2024,GRI4,14,996,,BETNEO,16.2,16.8,1,-99,0,1,1,,,,,,,,,,,,,,,
GRI414_997,8/8/2018,7/3/2024,GRI4,14,997,,BETNEO,8.9,8.9,1,-99,0,1,1,,,,,,,,,,,,,,,
GRI414_998,8/8/2018,7/3/2024,GRI4,14,998,,BETNEO,8.7,8.7,1,-99,0,1,1,,,,,,,,,,,,,,,
GRI414_999,8/8/2018,7/3/2024,GRI4,14,999,,POPTRE,-9999,-9999,0,-99,0,1,1,,,,,,,,,,,,,,,
GRI414_1000,8/8/2018,7/3/2024,GRI4,14,1000,,POPTRE,11.5,-7777,1,-99,0,1,1,,,,,,,,,,,,,,,
GRI414_1728,8/8/2018,7/3/2024,GRI4,14,1728,,PICMAR,28,3.8,1,-99,0,1,1,old notes-By tree 985,old notes-By tree 985. 2019 notes-,,,,,,,,,,,,,
GRI414_2295,,7/3/2024,GRI4,14,2295,,PICMAR,,3,1,-99,0,1,1,,,,,,,,,,,,,,,
GRI414_2296,,7/3/2024,GRI4,14,2296,,PICGLA,,2.9,1,-99,0,1,1,,,,,,,,,,,,,,,
GRI414_2297,,7/3/2024,GRI4,14,2297,,PICGLA,,2.9,1,-99,0,1,1,,,,,,,,,,,,,,,
GRI414_2298,,7/3/2024,GRI4,14,2298,,PICMAR,,2.5,1,-99,0,1,1,,,,,,,,,,,,,,,
GRI414_2299,,7/3/2024,GRI4,14,2299,,PICMAR,,3.5,1,-99,0,1,1,Attached to 986 below dbh,,,,,,,,,,,,,,
GRI414_2300,,7/3/2024,GRI4,14,2300,,PICMAR,,3.2,1,-99,0,1,1,,,,,,,,,,,,,,,
GRI414_2301,,7/3/2024,GRI4,14,2301,,PICGLA,,3,1,-99,0,1,1,,,,,,,,,,,,,,,
GRI51_21,8/7/2018,7/3/2024,GRI5,1,21,,POPTRE,18.2,19,1,-99,0,1,1,,,,,,,,,,,,,,,
GRI51_22,8/7/2018,7/3/2024,GRI5,1,22,,POPTRE,-9999,-8888,0,-99,0,1,1,,,,,,,,,,,,,,,
GRI51_23,8/7/2018,7/3/2024,GRI5,1,23,,POPTRE,14.9,-7777,0,-99,0,1,1,,,,,,,,,,,,,,,
GRI51_24,8/7/2018,7/3/2024,GRI5,1,24,,POPTRE,11.3,11.3,1,-99,0,1,1,,,,,,,,,,,,,,,
GRI51_25,8/7/2018,7/3/2024,GRI5,1,25,,POPTRE,16.9,17.9,1,-99,0,1,1,,,,,,,,,,,,,,,
GRI51_26,8/7/2018,7/3/2024,GRI5,1,26,,POPTRE,-9999,-9999,0,-99,0,1,0,,,,,,,,,,,,,,,
GRI51_27,8/7/2018,7/3/2024,GRI5,1,27,,POPTRE,-9999,-7777,0,-99,0,1,1,,,,,,,,,,,,,,,
GRI51_28,8/7/2018,7/3/2024,GRI5,1,28,,POPTRE,-9999,-9999,0,-99,0,1,0,,,,,,,,,,,,,,,
GRI51_29,8/7/2018,7/3/2024,GRI5,1,29,,POPTRE,16.2,-7777,0,5,0,1,1,,,,,,,,,,,,,,,
GRI51_30,8/7/2018,7/3/2024,GRI5,1,30,,POPTRE,23.4,23.7,1,-99,0,1,1,,,,,,,,,,,,,,,
GRI51_31,8/7/2018,7/3/2024,GRI5,1,31,,POPTRE,-9999,-9999,0,-99,0,1,0,,,,,,,,,,,,,,,
GRI51_32,8/7/2018,7/3/2024,GRI5,1,32,,POPTRE,-9999,-9999,0,-99,0,1,0,,,,,,,,,,,,,,,
GRI51_33,8/7/2018,7/3/2024,GRI5,1,33,,POPTRE,-9999,-7777,0,-99,0,1,1,,,,,,,,,,,,,,,
GRI51_34,8/7/2018,7/3/2024,GRI5,1,34,,POPTRE,17.8,18.4,1,-99,0,1,1,,,,,,,,,,,,,,,
GRI51_35,8/7/2018,7/3/2024,GRI5,1,35,,POPTRE,11.9,11.9,1,-99,0,1,1,,,,,,,,,,,,,,,
GRI51_36,8/7/2018,7/3/2024,GRI5,1,36,,POPTRE,15.3,16,1,-99,0,1,1,,,,,,,,,,,,,,,
GRI51_37,8/7/2018,7/3/2024,GRI5,1,37,,POPTRE,-9999,-7777,0,-99,0,1,1,,,,,,,,,,,,,,,
GRI51_38,8/7/2018,7/3/2024,GRI5,1,38,,POPTRE,-9999,-7777,0,-99,0,1,1,,,,,,,,,,,,,,,
GRI51_39,8/7/2018,7/3/2024,GRI5,1,39,,POPTRE,-9999,-9999,0,-99,0,1,0,,,,,,,,,,,,,,,
GRI51_40,8/7/2018,7/3/2024,GRI5,1,40,,POPTRE,17.5,18,1,-99,0,1,1,,,,,,,,,,,,,,,
GRI51_41,8/7/2018,7/3/2024,GRI5,1,41,,POPTRE,-9999,-7777,0,-99,0,1,1,,,,,,,,,,,,,,,
GRI51_42,8/7/2018,7/3/2024,GRI5,1,42,,POPTRE,-9999,-8888,0,-99,0,1,1,,,,,,,,,,,,,,,
GRI51_43,8/7/2018,7/3/2024,GRI5,1,43,,POPTRE,-9999,-9999,0,-99,0,1,0,,,,,,,,,,,,,,,
GRI51_44,8/7/2018,7/3/2024,GRI5,1,44,,POPTRE,22.4,23.1,1,-99,0,1,1,,,,,,,,,,,,,,,
GRI51_45,8/7/2018,7/3/2024,GRI5,1,45,,POPTRE,-9999,-8888,0,-99,0,1,1,,,,,,,,,,,,,,,
GRI51_50,8/7/2018,7/3/2024,GRI5,1,50,,PICGLA,3.2,4.4,1,-99,0,1,1,,,,,,,,,,,,,,,
GRI51_2302,,7/3/2024,GRI5,1,2302,,PICGLA,,2.9,1,-99,0,1,1,,,,,,,,,,,,,,,
GRI51_2303,,7/3/2024,GRI5,1,2303,,PICGLA,,2.5,1,-99,0,1,1,,,,,,,,,,,,,,,
GRI51_2304,,7/3/2024,GRI5,1,2304,,PICGLA,,3.1,1,-99,0,1,1,,,,,,,,,,,,,,,
GRI51_2305,,7/3/2024,GRI5,1,2305,,PICGLA,,3.2,1,-99,0,1,1,,,,,,,,,,,,,,,
GRI51_2306,,7/3/2024,GRI5,1,2306,,PICGLA,,3.3,1,-99,0,1,1,,,,,,,,,,,,,,,
GRI51_2307,,7/3/2024,GRI5,1,2307,,PICGLA,,3.1,1,-99,0,1,1,,,,,,,,,,,,,,,
GRI51_2308,,7/3/2024,GRI5,1,2308,,PICGLA,,2.7,1,-99,0,1,1,,,,,,,,,,,,,,,
GRI51_2309,,7/3/2024,GRI5,1,2309,,PICGLA,,2.6,1,-99,0,1,1,,,,,,,,,,,,,,,
GRI51_2310,,7/3/2024,GRI5,1,2310,,PICGLA,,3,1,-99,0,1,1,,,,,,,,,,,,,,,
GRI52_46,8/7/2018,7/3/2024,GRI5,2,46,,POPTRE,9.5,-7777,0,2,0,1,1,,,,,,,,,,,,,,,
GRI52_47,8/7/2018,7/3/2024,GRI5,2,47,,POPTRE,11.2,11.4,1,-99,0,1,1,,,,,,,,,,,,,,,
GRI52_48,8/7/2018,7/3/2024,GRI5,2,48,,POPTRE,15.7,16,1,-99,0,1,1,,,,,,,,,,,,,,,
GRI52_49,8/7/2018,7/3/2024,GRI5,2,49,,POPTRE,-9999,-7777,0,-99,0,1,1,,,,,,,,,,,,,,,
GRI52_52,8/7/2018,7/3/2024,GRI5,2,52,,PICGLA,5.5,7.9,1,-99,0,1,1,,,,,,,,,,,,,,,
GRI52_53,8/7/2018,7/3/2024,GRI5,2,53,,POPTRE,-9999,-9999,0,-99,0,1,0,,,,,,,,,,,,,,,
GRI52_54,8/7/2018,7/3/2024,GRI5,2,54,,POPTRE,-9999,-9999,0,-99,0,1,0,,,,,,,,,,,,,,,
GRI52_55,8/7/2018,7/3/2024,GRI5,2,55,,POPTRE,14.3,15,1,-99,0,1,1,,,,,,,,,,,,,,,
GRI52_56,8/7/2018,7/3/2024,GRI5,2,56,,POPTRE,13.1,13.9,1,-99,0,1,1,,,,,,,,,,,,,,,
GRI52_57,8/7/2018,7/3/2024,GRI5,2,57,,POPTRE,-9999,-8888,0,-99,0,1,1,,,,,,,,,,,,,,,
GRI52_58,8/7/2018,7/3/2024,GRI5,2,58,,POPTRE,-9999,-8888,0,-99,0,1,1,,,,,,,,,,,,,,,
GRI52_59,8/7/2018,7/3/2024,GRI5,2,59,,PICGLA,4.2,5.9,1,-99,0,1,1,,,,,,,,,,,,,,,
GRI52_60,8/7/2018,7/3/2024,GRI5,2,60,,POPTRE,-9999,-9999,0,-99,0,1,0,,,,,,,,,,,,,,,
GRI52_61,8/7/2018,7/3/2024,GRI5,2,61,,POPTRE,-9999,-7777,0,-99,0,1,1,,,,,,,,,,,,,,,
GRI52_62,8/7/2018,7/3/2024,GRI5,2,62,,POPTRE,-9999,-8888,0,-99,0,1,1,,,,,,,,,,,,,,,
GRI52_63,8/7/2018,7/3/2024,GRI5,2,63,,POPTRE,-9999,-9999,0,-99,0,1,0,,,,,,,,,,,,,,,
GRI52_64,8/7/2018,7/3/2024,GRI5,2,64,,POPTRE,13.9,-9999,0,-99,0,1,0,,,,,,,,,,,,,,,
GRI52_65,8/7/2018,7/3/2024,GRI5,2,65,,POPTRE,14.4,-7777,0,2,0,1,1,,,,,,,,,,,,,,,
GRI52_66,8/7/2018,7/3/2024,GRI5,2,66,,BETNEO,17.8,19.2,1,-99,0,1,1,,,,,,,,,,,,,,,
GRI52_67,8/7/2018,7/3/2024,GRI5,2,67,,POPTRE,21.6,22.2,1,-99,0,1,1,,,,,,,,,,,,,,,
GRI52_300,8/7/2018,7/3/2024,GRI5,2,300,,BETNEO,23.3,-7777,0,-99,0,1,1,,,,,,,,,,,,,,,
GRI52_2311,,7/3/2024,GRI5,2,2311,,PICGLA,,2.8,1,-99,0,1,1,,,,,,,,,,,,,,,
GRI52_2312,,7/3/2024,GRI5,2,2312,,PICGLA,,3.9,1,-99,0,1,1,,,,,,,,,,,,,,,
GRI52_2313,,7/3/2024,GRI5,2,2313,,PICGLA,,5.2,1,-99,0,1,1,,,,,,,,,,,,,,,
GRI52_2314,,7/3/2024,GRI5,2,2314,,PICGLA,,2.5,1,-99,0,1,1,,,,,,,,,,,,,,,
GRI52_2315,,7/3/2024,GRI5,2,2315,,PICGLA,,3.3,1,-99,0,1,1,,,,,,,,,,,,,,,
GRI52_2316,,7/3/2024,GRI5,2,2316,,PICGLA,,3.7,1,-99,0,1,1,,,,,,,,,,,,,,,
GRI52_2317,,7/3/2024,GRI5,2,2317,,PICGLA,,3.3,1,-99,0,1,1,,,,,,,,,,,,,,,
GRI52_2318,,7/3/2024,GRI5,2,2318,,PICGLA,,3.4,1,-99,0,1,1,,,,,,,,,,,,,,,
GRI52_2319,,7/3/2024,GRI5,2,2319,,PICGLA,,3.5,1,-99,0,1,1,,,,,,,,,,,,,,,
GRI52_2320,,7/3/2024,GRI5,2,2320,,PICGLA,,2.8,1,-99,0,1,1,,,,,,,,,,,,,,,
GRI53_68,8/7/2018,7/3/2024,GRI5,3,68,,POPTRE,7.9,-9999,0,-99,0,1,0,,,,,,,,,,,,,,,
GRI53_69,8/7/2018,7/3/2024,GRI5,3,69,,POPTRE,17.3,17.4,1,-99,0,1,1,,,,,,,,,,,,,,,
GRI53_70,8/7/2018,7/3/2024,GRI5,3,70,,POPTRE,-9999,-9999,0,-99,0,1,0,,,,,,,,,,,,,,,
GRI53_71,8/7/2018,7/3/2024,GRI5,3,71,,POPTRE,-9999,-9999,0,-99,0,1,0,,,,,,,,,,,,,,,
GRI53_72,8/7/2018,7/3/2024,GRI5,3,72,,POPTRE,-9999,-9999,0,-99,0,1,0,,,,,,,,,,,,,,,
GRI53_73,8/7/2018,7/3/2024,GRI5,3,73,,POPTRE,13.3,13.4,1,-99,0,1,1,,,,,,,,,,,,,,,
GRI53_74,8/7/2018,7/3/2024,GRI5,3,74,,POPTRE,16,16.2,1,-99,0,1,1,,,,,,,,,,,,,,,
GRI53_75,8/7/2018,7/3/2024,GRI5,3,75,,PICGLA,5.4,7.3,1,-99,0,1,1,new tag same number,,,,,,,,,,,,,,
GRI53_76,8/7/2018,7/3/2024,GRI5,3,76,,POPTRE,-9999,-7777,0,-99,0,1,1,,,,,,,,,,,,,,,
GRI53_77,8/7/2018,7/3/2024,GRI5,3,77,,POPTRE,18.4,18.8,1,-99,0,1,1,,,,,,,,,,,,,,,
GRI53_78,8/7/2018,7/3/2024,GRI5,3,78,,POPTRE,16.2,16.4,1,-99,0,1,1,,,,,,,,,,,,,,,
GRI53_79,8/7/2018,7/3/2024,GRI5,3,79,,PICGLA,6.3,9.2,1,-99,0,1,1,,,,,,,,,,,,,,,
GRI53_80,8/7/2018,7/3/2024,GRI5,3,80,,POPTRE,8.5,-7777,0,-99,0,1,1,,,,,,,,,,,,,,,
GRI53_81,8/7/2018,7/3/2024,GRI5,3,81,,POPTRE,7.3,-9999,0,-99,0,1,0,,,,,,,,,,,,,,,
GRI53_82,8/7/2018,7/3/2024,GRI5,3,82,,POPTRE,14,14.4,1,-99,0,1,1,,,,kanker,,,,,,,,,,,
GRI53_83,8/7/2018,7/3/2024,GRI5,3,83,,POPTRE,13.2,13.6,1,-99,0,1,1,,,,,,,,,,,,,,,
GRI53_84,8/7/2018,7/3/2024,GRI5,3,84,,PICGLA,8.8,10.9,1,-99,0,1,1,,,,,,,,,,,,,,,
GRI53_85,8/7/2018,7/3/2024,GRI5,3,85,,POPTRE,16.8,15.9,1,-99,0,1,1,,,,,,,,,,,,,,,
GRI53_86,8/7/2018,7/3/2024,GRI5,3,86,,POPTRE,-9999,-9999,0,-99,0,1,0,,,,,,,,,,,,,,,
GRI53_87,8/7/2018,7/3/2024,GRI5,3,87,,PICMAR,6.3,8,1,-99,0,1,1,,,,,,,,,,,,,,,
GRI53_88,8/7/2018,7/3/2024,GRI5,3,88,,POPTRE,11.8,11.8,1,-99,0,1,1,,,,,,,,,,,,,,,
GRI53_89,8/7/2018,7/3/2024,GRI5,3,89,,POPTRE,-9999,-9999,0,-99,0,1,0,,,,,,,,,,,,,,,
GRI53_90,8/7/2018,7/3/2024,GRI5,3,90,,POPTRE,-9999,-9999,0,-99,0,1,0,,,,,,,,,,,,,,,
GRI53_91,8/7/2018,7/3/2024,GRI5,3,91,,POPTRE,-9999,-9999,0,-99,0,1,0,,,,,,,,,,,,,,,
GRI53_92,8/7/2018,7/3/2024,GRI5,3,92,,POPTRE,-9999,-9999,0,-99,0,1,0,,,,,,,,,,,,,,,
GRI53_93,8/7/2018,7/3/2024,GRI5,3,93,,POPTRE,11.1,11.2,1,-99,0,1,1,,,,,,,,,,,,,,,
GRI53_94,8/7/2018,7/3/2024,GRI5,3,94,,PICMAR,4.4,4.9,1,-99,0,1,1,,,,,,,,,,,,,,,
GRI53_95,8/7/2018,7/3/2024,GRI5,3,95,,POPTRE,-9999,-9999,0,-99,0,1,0,,,,,,,,,,,,,,,
GRI53_96,8/7/2018,7/3/2024,GRI5,3,96,,POPTRE,14.2,14.5,1,-99,0,1,1,,,,,,,,,,,,,,,
GRI53_97,8/7/2018,7/3/2024,GRI5,3,97,,POPTRE,-9999,-7777,0,-99,0,1,1,,,,,,,,,,,,,,,
GRI53_98,8/7/2018,7/3/2024,GRI5,3,98,,PICMAR,4.9,6.9,1,-99,0,1,1,,,,,,,,,,,,,,,
GRI53_99,8/7/2018,7/3/2024,GRI5,3,99,,POPTRE,18.8,-9999,0,-99,0,1,0,,,,,,,,,,,,,,,
GRI53_100,8/7/2018,7/3/2024,GRI5,3,100,,POPTRE,-9999,-9999,0,-99,0,1,0,,,,,,,,,,,,,,,
GRI53_101,8/7/2018,7/3/2024,GRI5,3,101,,POPTRE,-9999,-9999,0,-99,0,1,0,,,,,,,,,,,,,,,
GRI53_102,8/7/2018,7/3/2024,GRI5,3,102,,POPTRE,-9999,-7777,0,-99,0,1,1,,,,,,,,,,,,,,,
GRI53_103,8/7/2018,7/3/2024,GRI5,3,103,,POPTRE,-9999,-9999,0,-99,0,1,0,,,,,,,,,,,,,,,
GRI53_993,8/7/2018,7/3/2024,GRI5,3,993,,PICGLA,3.1,4.3,1,-99,0,1,1,,old notes-By tree 73. 2019 notes-,,,,,,,,,,,,,
GRI53_994,8/7/2018,7/3/2024,GRI5,3,994,,PICGLA,2.7,3.5,1,-99,0,1,1,,old notes-By tree 88. 2019 notes-,,,,,,,,,,,,,
GRI53_2321,,7/3/2024,GRI5,3,2321,,PICGLA,,3.6,1,-99,0,1,1,,,,,,,,,,,,,,,
GRI53_2322,,7/3/2024,GRI5,3,2322,,PICGLA,,3.2,1,-99,0,1,1,,,,,,,,,,,,,,,
GRI53_2323,,7/3/2024,GRI5,3,2323,,PICGLA,,2.9,1,-99,0,1,1,,,,,,,,,,,,,,,
GRI53_2324,,7/3/2024,GRI5,3,2324,,PICGLA,,2.5,1,-99,0,1,1,,,,,,,,,,,,,,,
GRI53_2325,,7/3/2024,GRI5,3,2325,,PICGLA,,2.9,1,-99,0,1,1,painted no tag,,,,,,,,,,,,,,
GRI53_2326,,7/3/2024,GRI5,3,2326,,PICGLA,,2.5,1,-99,0,1,1,,,,,,,,,,,,,,,
GRI53_2327,,7/3/2024,GRI5,3,2327,,PICGLA,,3.2,1,-99,0,1,1,,,,,,,,,,,,,,,
GRI53_2328,,7/3/2024,GRI5,3,2328,,PICGLA,,2.7,1,-99,0,1,1,,,,,,,,,,,,,,,
GRI53_2329,,7/3/2024,GRI5,3,2329,,PICGLA,,2.9,1,-99,0,1,1,,,,,,,,,,,,,,,
GRI53_2330,,7/3/2024,GRI5,3,2330,,PICGLA,,3.1,1,-99,0,1,1,,,,,,,,,,,,,,,
GRI53_2331,,7/3/2024,GRI5,3,2331,,PICGLA,,2.9,1,-99,0,1,1,,,,,,,,,,,,,,,
GRI53_2332,,7/3/2024,GRI5,3,2332,,PICGLA,,3.4,1,-99,0,1,1,,,,,,,,,,,,,,,
GRI53_2333,,7/3/2024,GRI5,3,2333,,PICGLA,,3.4,1,-99,0,1,1,,,,,,,,,,,,,,,
GRI53_2334,,7/3/2024,GRI5,3,2334,,PICGLA,,3.9,1,2,0,1,1,,,,,,,,,,,,,,,
GRI53_2336,,7/3/2024,GRI5,3,2336,,PICGLA,,3.6,1,-99,0,1,1,,,,,,,,,,,,,,,
GRI54_104,8/7/2018,7/3/2024,GRI5,4,104,,POPTRE,9.8,-7777,0,-99,0,1,1,,,,,,,,,,,,,,,
GRI54_105,8/7/2018,7/3/2024,GRI5,4,105,,PICMAR,3.6,4.7,1,-99,0,1,1,,,,,,,,,,,,,,,
GRI54_106,8/7/2018,7/3/2024,GRI5,4,106,,PICGLA,3.9,5.8,1,-99,0,1,1,,,,,,,,,,,,,,,
GRI54_107,8/7/2018,7/3/2024,GRI5,4,107,,PICMAR,4.5,6.2,1,-99,0,1,1,,,,,,,,,,,,,,,
GRI54_108,8/7/2018,7/3/2024,GRI5,4,108,,POPTRE,13.5,-7777,0,-99,0,1,1,,,,,,,,,,,,,,,
GRI54_109,8/7/2018,7/3/2024,GRI5,4,109,,POPTRE,-9999,-9999,0,-99,0,1,0,,,,,,,,,,,,,,,
GRI54_110,8/7/2018,7/3/2024,GRI5,4,110,,POPTRE,12.8,13,1,-99,0,1,1,,,,,,,,,,,,,,,
GRI54_111,8/7/2018,7/3/2024,GRI5,4,111,,POPTRE,-9999,-9999,0,-99,0,1,0,,,,,,,,,,,,,,,
GRI54_112,8/7/2018,7/3/2024,GRI5,4,112,,PICMAR,3.6,4.8,1,-99,0,1,1,,,,,,,,,,,,,,,
GRI54_113,8/7/2018,7/3/2024,GRI5,4,113,,PICGLA,3.3,4.4,1,-99,0,1,1,,,,,,,,,,,,,,,
GRI54_114,8/7/2018,7/3/2024,GRI5,4,114,,POPTRE,17.5,-7777,0,-99,0,1,1,,,,,,,,,,,,,,,
GRI54_115,8/7/2018,7/3/2024,GRI5,4,115,,PICGLA,4.3,5.7,1,-99,0,1,1,,,,,,,,,,,,,,,
GRI54_116,8/7/2018,7/3/2024,GRI5,4,116,,PICMAR,3.7,4.4,1,-99,0,1,1,,,,,,,,,,,,,,,
GRI54_117,8/7/2018,7/3/2024,GRI5,4,117,,PICMAR,-9999,-9999,0,-99,0,1,0,,,,,,,,,,,,,,,
GRI54_118,8/7/2018,7/3/2024,GRI5,4,118,,POPTRE,3.4,4.8,1,-99,0,1,1,,,,,,,,,,,,,,,
GRI54_119,8/7/2018,7/3/2024,GRI5,4,119,,POPTRE,-9999,-9999,0,-99,0,1,0,,,,,,,,,,,,,,,
GRI54_120,8/7/2018,7/3/2024,GRI5,4,120,,POPTRE,-9999,-9999,0,-99,0,1,0,,,,,,,,,,,,,,,
GRI54_121,8/7/2018,7/3/2024,GRI5,4,121,,POPTRE,14.4,14.7,1,-99,0,1,1,,,,,,,,,,,,,,,
GRI54_122,8/7/2018,7/3/2024,GRI5,4,122,,POPTRE,6.8,-9999,0,-99,0,1,0,,,,,,,,,,,,,,,
GRI54_123,8/7/2018,7/3/2024,GRI5,4,123,,PICGLA,5.6,6.9,1,-99,0,1,1,,,,,,,,,,,,,,,
GRI54_124,8/7/2018,7/3/2024,GRI5,4,124,,POPTRE,11.2,11.4,1,-99,0,1,1,,,,,,,,,,,,,,,
GRI54_125,8/7/2018,7/3/2024,GRI5,4,125,,POPTRE,-9999,-9999,0,-99,0,1,0,,,,,,,,,,,,,,,
GRI54_126,8/7/2018,7/3/2024,GRI5,4,126,,POPTRE,9.5,10,1,-99,0,1,1,,,,,,,,,,,,,,,
GRI54_127,8/7/2018,7/3/2024,GRI5,4,127,,POPTRE,-9999,-9999,0,-99,0,1,0,,,,,,,,,,,,,,,
GRI54_128,8/7/2018,7/3/2024,GRI5,4,128,,POPTRE,-9999,-8888,0,-99,0,1,1,,,,,,,,,,,,,,,
GRI54_129,8/7/2018,7/3/2024,GRI5,4,129,,POPTRE,6.1,-7777,0,-99,0,1,1,,,,,,,,,,,,,,,
GRI54_130,8/7/2018,7/3/2024,GRI5,4,130,,POPTRE,7.8,-7777,0,-99,0,1,1,,,,,,,,,,,,,,,
GRI54_131,8/7/2018,7/3/2024,GRI5,4,131,,POPTRE,-9999,-7777,0,-99,0,1,1,,,,,,,,,,,,,,,
GRI54_299,8/7/2018,7/3/2024,GRI5,4,299,,POPTRE,15.2,15.7,1,-99,0,1,1,,,,,,,,,,,,,,,
GRI54_995,8/7/2018,7/3/2024,GRI5,4,995,,PICMAR,2.9,3.7,1,-99,0,1,1,,old notes-By tree 114. 2019 notes-,,,,,,,,,,,,,
GRI54_996,8/7/2018,7/3/2024,GRI5,4,996,,PICMAR,3.2,4.4,1,-99,0,1,1,,old notes-By tree 110. 2019 notes-,,,,,,,,,,,,,
GRI54_2335,,7/3/2024,GRI5,4,2335,,PICGLA,,3.6,1,-99,0,1,1,,,,,,,,,,,,,,,
GRI54_2337,,7/3/2024,GRI5,4,2337,,PICGLA,,3.3,1,-99,0,1,1,,,,,,,,,,,,,,,
GRI54_2338,,7/3/2024,GRI5,4,2338,,PICGLA,,3.1,1,-99,0,1,1,,,,,,,,,,,,,,,
GRI54_2339,,7/3/2024,GRI5,4,2339,,PICGLA,,4,1,-99,0,1,1,,,,,,,,,,,,,,,
GRI54_2340,,7/3/2024,GRI5,4,2340,,PICGLA,,4,1,-99,0,1,1,,,,,,,,,,,,,,,
GRI54_2341,,7/3/2024,GRI5,4,2341,,PICGLA,,3.6,1,-99,1,1,1,,,,,,,,,,,,,,,
GRI54_2342,,7/3/2024,GRI5,4,2342,,PICGLA,,2.8,1,-99,0,1,1,,,,,,,,,,,,,,,
GRI54_2343,,7/3/2024,GRI5,4,2343,,PICGLA,,2.6,1,-99,0,1,1,,,,,,,,,,,,,,,
GRI54_2344,,7/3/2024,GRI5,4,2344,,PICGLA,,3.5,1,-99,0,1,1,,,,,,,,,,,,,,,
GRI54_2345,,7/3/2024,GRI5,4,2345,,PICGLA,,3.5,1,-99,0,1,1,,,,,,,,,,,,,,,
GRI54_2346,,7/3/2024,GRI5,4,2346,,PICGLA,,3.4,1,-99,0,1,1,,,,,,,,,,,,,,,
GRI54_2347,,7/3/2024,GRI5,4,2347,,PICGLA,,4.7,1,-99,0,1,1,,,,,,,,,,,,,,,
GRI56_132,8/7/2018,7/3/2024,GRI5,6,132,,POPTRE,12,11.9,1,-99,0,1,1,,,,,,,,,,,,,,,
GRI56_133,8/7/2018,7/3/2024,GRI5,6,133,,PICGLA,8.7,10,1,-99,0,1,1,,,,,,,,,,,,,,,
GRI56_134,8/7/2018,7/3/2024,GRI5,6,134,,POPTRE,10.7,10.9,1,-99,0,1,1,,,,,,,,,,,,,,,
GRI56_135,8/7/2018,7/3/2024,GRI5,6,135,,POPTRE,-9999,-7777,0,-99,0,1,1,,,,,,,,,,,,,,,
GRI56_136,8/7/2018,7/3/2024,GRI5,6,136,,BETNEO,6,6.4,1,-99,0,1,1,,,,,,,,,,,,,,,
GRI56_137,8/7/2018,7/3/2024,GRI5,6,137,,POPTRE,14,13.9,1,-99,0,1,1,,,,,,,,,,,,,,,
GRI56_138,8/7/2018,7/3/2024,GRI5,6,138,,PICGLA,10.2,11.9,1,-99,0,1,1,,,,,,,,,,,,,,,
GRI56_139,8/7/2018,7/3/2024,GRI5,6,139,,POPTRE,-9999,-9999,0,-99,0,1,0,,,,,,,,,,,,,,,
GRI56_140,8/7/2018,7/3/2024,GRI5,6,140,,POPTRE,-9999,-9999,0,-99,0,1,0,,,,,,,,,,,,,,,
GRI56_141,8/7/2018,7/3/2024,GRI5,6,141,,POPTRE,-9999,-7777,0,-99,0,1,1,,,,,,,,,,,,,,,
GRI56_142,8/7/2018,7/3/2024,GRI5,6,142,,POPTRE,10.3,-7777,0,-99,0,1,1,,,,,,,,,,,,,,,
GRI56_143,8/7/2018,7/3/2024,GRI5,6,143,,POPTRE,15.5,16.3,1,-99,0,1,1,,,,,,,,,,,,,,,
GRI56_144,8/7/2018,7/3/2024,GRI5,6,144,,POPTRE,-9999,-9999,0,-99,0,1,0,,,,,,,,,,,,,,,
GRI56_145,8/7/2018,7/3/2024,GRI5,6,145,,POPTRE,12.3,-7777,0,-99,0,1,1,,,,,,,,,,,,,,,
GRI56_146,8/7/2018,7/3/2024,GRI5,6,146,,POPTRE,19.3,19.4,1,-99,0,1,1,,,,,,,,,,,,,,,
GRI56_147,8/7/2018,7/3/2024,GRI5,6,147,,POPTRE,-9999,-9999,0,-99,0,1,0,,,,,,,,,,,,,,,
GRI56_148,8/7/2018,7/3/2024,GRI5,6,148,,POPTRE,-9999,-7777,0,-99,0,1,1,,,,,,,,,,,,,,,
GRI56_149,8/7/2018,7/3/2024,GRI5,6,149,,POPTRE,-9999,-7777,0,5,0,1,1,,,,,,,,,,,,,,,
GRI56_150,8/7/2018,7/3/2024,GRI5,6,150,,POPTRE,-9999,-9999,0,-99,0,1,0,,,,,,,,,,,,,,,
GRI56_151,8/7/2018,7/3/2024,GRI5,6,151,,POPTRE,13.9,14.1,1,-99,0,1,1,,,,,,,,,,,,,,,
GRI56_152,8/7/2018,7/3/2024,GRI5,6,152,,POPTRE,-9999,-7777,0,-99,0,1,1,,,,,,,,,,,,,,,
GRI56_153,8/7/2018,7/3/2024,GRI5,6,153,,PICGLA,4.7,6.1,1,-99,0,1,1,,,,,,,,,,,,,,,
GRI56_154,8/7/2018,7/3/2024,GRI5,6,154,,PICGLA,3.3,4.4,1,-99,0,1,1,,,,,,,,,,,,,,,
GRI56_155,8/7/2018,7/3/2024,GRI5,6,155,,PICGLA,5.4,6.6,1,-99,0,1,1,,,,,,,,,,,,,,,
GRI56_156,8/7/2018,7/3/2024,GRI5,6,156,,POPTRE,11.5,11.6,1,-99,0,1,1,,,,,,,,,,,,,,,
GRI56_157,8/7/2018,7/3/2024,GRI5,6,157,,POPTRE,8.5,-7777,0,-99,0,1,1,,,,,,,,,,,,,,,
GRI56_158,8/7/2018,7/3/2024,GRI5,6,158,,POPTRE,-9999,-7777,0,-99,0,1,1,,,,,,,,,,,,,,,
GRI56_159,8/7/2018,7/3/2024,GRI5,6,159,,POPTRE,19.5,19.7,1,-99,0,1,1,,,,,,,,,,,,,,,
GRI56_160,8/7/2018,7/3/2024,GRI5,6,160,,POPTRE,-9999,-9999,0,-99,0,1,0,,,,,,,,,,,,,,,
GRI56_161,8/7/2018,7/3/2024,GRI5,6,161,,POPTRE,17.8,18,1,-99,0,1,1,,,,,,,,,,,,,,,
GRI56_162,8/7/2018,7/3/2024,GRI5,6,162,,POPTRE,18.1,18.4,1,-99,0,1,1,,,,,,,,,,,,,,,
GRI56_163,8/7/2018,7/3/2024,GRI5,6,163,,POPTRE,-9999,-8888,0,-99,0,1,1,,,,,,,,,,,,,,,
GRI56_164,8/7/2018,7/3/2024,GRI5,6,164,,POPTRE,-9999,-7777,0,-99,0,1,1,,,,,,,,,,,,,,,
GRI56_165,8/7/2018,7/3/2024,GRI5,6,165,,PICMAR,9.9,12,1,-99,0,1,1,,,,,,,,,,,,,,,
GRI56_166,8/7/2018,7/3/2024,GRI5,6,166,,POPTRE,-9999,-7777,0,-99,0,1,1,,,,,,,,,,,,,,,
GRI56_167,8/7/2018,7/3/2024,GRI5,6,167,,POPTRE,7.9,-7777,0,-99,0,1,1,,,,,,,,,,,,,,,
GRI56_168,8/7/2018,7/3/2024,GRI5,6,168,,POPTRE,-9999,-7777,0,-99,0,1,1,,,,,,,,,,,,,,,
GRI56_997,8/7/2018,7/3/2024,GRI5,6,997,,PICGLA,2.7,4,1,-99,0,1,1,,old notes-By tree 159. 2019 notes-,,,,,,,,,,,,,
GRI56_998,8/7/2018,7/3/2024,GRI5,6,998,,PICGLA,3,4.7,1,-99,0,1,1,,old notes-By tree 146. 2019 notes-,,,,,,,,,,,,,
GRI56_2348,,7/3/2024,GRI5,6,2348,,PICGLA,,2.9,1,-99,0,1,1,,,,,,,,,,,,,,,
GRI56_2349,,7/3/2024,GRI5,6,2349,,PICGLA,,3.4,1,-99,0,1,1,,,,,,,,,,,,,,,
GRI56_2350,,7/3/2024,GRI5,6,2350,,PICGLA,,3,1,-99,0,1,1,,,,,,,,,,,,,,,
GRI56_2351,,7/3/2024,GRI5,6,2351,,PICGLA,,3.7,1,-99,0,1,1,,,,,,,,,,,,,,,
GRI56_2352,,7/3/2024,GRI5,6,2352,,PICGLA,,4.4,1,-99,0,1,1,,,,,,,,,,,,,,,
GRI56_2353,,7/3/2024,GRI5,6,2353,,PICGLA,,3.1,1,-99,0,1,1,,,,,,,,,,,,,,,
GRI56_2354,,7/3/2024,GRI5,6,2354,,PICGLA,,3.1,1,-99,0,1,1,,,,,,,,,,,,,,,
GRI56_2355,,7/3/2024,GRI5,6,2355,,PICGLA,,3.1,1,-99,0,1,1,,,,,,,,,,,,,,,
GRI56_2356,,7/3/2024,GRI5,6,2356,,PICGLA,,3,1,-99,0,1,1,,,,,,,,,,,,,,,
GRI56_2357,,7/3/2024,GRI5,6,2357,,PICGLA,,3,1,-99,0,1,1,,,,,,,,,,,,,,,
GRI56_2358,,7/3/2024,GRI5,6,2358,,PICGLA,,3.5,1,-99,0,1,1,,,,,,,,,,,,,,,
GRI57_827,8/7/2018,7/3/2024,GRI5,7,827,,POPTRE,9.9,-9999,0,-99,0,1,0,,,,,,,,,,,,,,,
GRI57_828,8/7/2018,7/3/2024,GRI5,7,828,,POPTRE,-9999,-9999,0,-99,0,1,0,,,,,,,,,,,,,,,
GRI57_829,8/7/2018,7/3/2024,GRI5,7,829,,POPTRE,-9999,-9999,0,-99,0,1,0,,,,,,,,,,,,,,,
GRI57_830,8/7/2018,7/3/2024,GRI5,7,830,,POPTRE,-9999,-7777,0,-99,0,1,1,,,,,,,,,,,,,,,
GRI57_831,8/7/2018,7/3/2024,GRI5,7,831,,POPTRE,17.2,17.6,1,-99,0,1,1,,,,,,,,,,,,,,,
GRI57_832,8/7/2018,7/3/2024,GRI5,7,832,,POPTRE,-9999,-9999,0,-99,0,1,0,,,,,,,,,,,,,,,
GRI57_833,8/7/2018,7/3/2024,GRI5,7,833,,BETNEO,11.5,12.6,1,-99,0,1,1,,,,,,,,,,,,,,,
GRI57_834,8/7/2018,7/3/2024,GRI5,7,834,,POPTRE,-9999,-9999,0,-99,0,1,0,,,,,,,,,,,,,,,
GRI57_835,8/7/2018,7/3/2024,GRI5,7,835,,POPTRE,15.6,16.2,1,-99,0,1,1,,,,,,,,,,,,,,,
GRI57_836,8/7/2018,7/3/2024,GRI5,7,836,,BETNEO,15.2,16.7,1,-99,0,1,1,,,,,,,,,,,,,,,
GRI57_837,8/7/2018,7/3/2024,GRI5,7,837,,BETNEO,10.9,11.3,1,-99,0,1,1,,,,,,,,,,,,,,,
GRI57_838,8/7/2018,7/3/2024,GRI5,7,838,,POPTRE,-9999,-7777,0,-99,0,1,1,,,,,,,,,,,,,,,
GRI57_839,8/7/2018,7/3/2024,GRI5,7,839,,POPTRE,-9999,-8888,0,-99,0,1,1,,,,,,,,,,,,,,,
GRI57_840,8/7/2018,7/3/2024,GRI5,7,840,,POPTRE,-9999,-7777,0,-99,0,1,1,,,,,,,,,,,,,,,
GRI57_841,8/7/2018,7/3/2024,GRI5,7,841,,POPTRE,16.6,18.8,1,-99,0,1,1,,,,,,,,,,,,,,,
GRI57_842,8/7/2018,7/3/2024,GRI5,7,842,,POPTRE,-9999,-9999,0,-99,0,1,0,,,,,,,,,,,,,,,
GRI57_843,8/7/2018,7/3/2024,GRI5,7,843,,POPTRE,-9999,-9999,0,-99,0,1,0,,,,,,,,,,,,,,,
GRI57_844,8/7/2018,7/3/2024,GRI5,7,844,,POPTRE,-9999,-9999,0,-99,0,1,0,,,,,,,,,,,,,,,
GRI57_845,8/7/2018,7/3/2024,GRI5,7,845,,POPTRE,-9999,-9999,0,-99,0,1,0,,,,,,,,,,,,,,,
GRI57_846,8/7/2018,7/3/2024,GRI5,7,846,,POPTRE,14,-7777,0,-99,0,1,1,,,,,,,,,,,,,,,
GRI57_847,8/7/2018,7/3/2024,GRI5,7,847,,POPTRE,-9999,-9999,0,-99,0,1,0,,,,,,,,,,,,,,,
GRI57_848,8/7/2018,7/3/2024,GRI5,7,848,,POPTRE,11.6,-7777,0,-99,0,1,1,,,,,,,,,,,,,,,
GRI57_849,8/7/2018,7/3/2024,GRI5,7,849,,POPTRE,-9999,-9999,0,-99,0,1,0,,,,,,,,,,,,,,,
GRI57_850,8/7/2018,7/3/2024,GRI5,7,850,,POPTRE,-9999,-9999,0,-99,0,1,0,,,,,,,,,,,,,,,
GRI57_851,8/7/2018,7/3/2024,GRI5,7,851,,POPTRE,-9999,-9999,0,-99,0,1,0,,,,,,,,,,,,,,,
GRI57_852,8/7/2018,7/3/2024,GRI5,7,852,,POPTRE,-9999,-9999,0,-99,0,1,0,,,,,,,,,,,,,,,
GRI57_853,8/7/2018,7/3/2024,GRI5,7,853,,POPTRE,12.4,12.4,1,-99,0,1,1,,,,,,,,,,,,,,,
GRI57_854,8/7/2018,7/3/2024,GRI5,7,854,,POPTRE,15.5,16.4,1,-99,0,1,1,,,,,,,,,,,,,,,
GRI57_855,8/7/2018,7/3/2024,GRI5,7,855,,POPTRE,-9999,-9999,0,-99,0,1,0,,,,,,,,,,,,,,,
GRI57_856,8/7/2018,7/3/2024,GRI5,7,856,,POPTRE,-9999,-7777,0,12,0,1,1,,,,,,,,,,,,,,,
GRI57_857,8/7/2018,7/3/2024,GRI5,7,857,,POPTRE,-9999,-7777,0,-99,0,1,1,,,,,,,,,,,,,,,
GRI57_858,8/7/2018,7/3/2024,GRI5,7,858,,POPTRE,-9999,-9999,0,-99,0,1,0,,,,,,,,,,,,,,,
GRI57_859,8/7/2018,7/3/2024,GRI5,7,859,,POPTRE,14.9,-7777,0,-99,0,1,1,,,,,,,,,,,,,,,
GRI57_860,8/7/2018,7/3/2024,GRI5,7,860,,POPTRE,20.2,20.2,1,-99,0,1,1,,,,,,,,,,,,,,,
GRI57_861,8/7/2018,7/3/2024,GRI5,7,861,,BETNEO,9.2,9.9,1,-99,0,1,1,,,,,,,,,,,,,,,
GRI57_862,8/7/2018,7/3/2024,GRI5,7,862,,POPTRE,-9999,-7777,0,5,0,1,1,,,,,,,,,,,,,,,
GRI57_863,8/7/2018,7/3/2024,GRI5,7,863,,POPTRE,-9999,-9999,0,-99,0,1,0,,,,,,,,,,,,,,,
GRI57_864,8/7/2018,7/3/2024,GRI5,7,864,,POPTRE,-9999,-7777,0,-99,0,1,1,,,,,,,,,,,,,,,
GRI57_865,8/7/2018,7/3/2024,GRI5,7,865,,POPTRE,-9999,-9999,0,-99,0,1,0,,,,,,,,,,,,,,,
GRI57_866,8/7/2018,7/3/2024,GRI5,7,866,,POPTRE,14.3,14.4,1,-99,0,1,1,in plot 8,,,,,,,,,,,,,,
GRI57_867,8/7/2018,7/3/2024,GRI5,7,867,,POPTRE,-9999,-8888,0,-99,0,1,1,,,,,,,,,,,,,,,
GRI57_868,8/7/2018,7/3/2024,GRI5,7,868,,POPTRE,15.7,16,1,-99,0,1,1,,,,,,,,,,,,,,,
GRI57_869,8/7/2018,7/3/2024,GRI5,7,869,,POPTRE,-9999,-9999,0,-99,0,1,0,,,,,,,,,,,,,,,
GRI57_870,8/7/2018,7/3/2024,GRI5,7,870,,POPTRE,23.1,-9999,0,-99,0,1,0,Removed tag,,,,,,,,,,,,,,
GRI57_872,8/7/2018,7/3/2024,GRI5,7,872,,POPTRE,-9999,-9999,0,-99,0,1,0,871 exists and is -9999,,,,,,,,,,,,,,
GRI57_873,8/7/2018,7/3/2024,GRI5,7,873,,POPTRE,20.3,21.3,1,-99,0,1,1,wayyyyy out in plot 8,,,,,,,,,,,,,,
GRI57_874,8/7/2018,7/3/2024,GRI5,7,874,,POPTRE,-9999,-9999,0,-99,0,1,0,In plot eight,,,,,,,,,,,,,,
GRI57_875,8/7/2018,7/3/2024,GRI5,7,875,,PICGLA,4,5,1,2,0,1,1,,,,,,,,,,,,,,,
GRI57_1721,8/7/2018,7/3/2024,GRI5,7,1721,,PICMAR,3.5,4.8,1,-99,0,1,1,,old notes-By tree 848. 2019 notes-,,,,,,,,,,,,,
GRI57_1722,8/7/2018,7/3/2024,GRI5,7,1722,,PICGLA,3.3,4.7,1,-99,0,1,1,,old notes-By middle of plot. 2019 notes-,,,,,,,,,,,,,
GRI57_2359,,7/3/2024,GRI5,7,2359,,PICGLA,,3.5,1,-99,0,1,1,,,,,,,,,,,,,,,
GRI57_2360,,7/3/2024,GRI5,7,2360,,PICGLA,,3,1,-99,0,1,1,,,,,,,,,,,,,,,
GRI57_2361,,7/3/2024,GRI5,7,2361,,PICGLA,,3.2,1,-99,0,1,1,,,,,,,,,,,,,,,
GRI57_2362,,7/3/2024,GRI5,7,2362,,PICGLA,,2.6,1,-99,0,1,1,,,,,,,,,,,,,,,
GRI57_2363,,7/3/2024,GRI5,7,2363,,PICGLA,,2.9,1,-99,0,1,1,,,,,,,,,,,,,,,
GRI57_2364,,7/3/2024,GRI5,7,2364,,PICGLA,,3.4,1,-99,0,1,1,,,,,,,,,,,,,,,
GRI57_2365,,7/3/2024,GRI5,7,2365,,PICGLA,,3.2,1,-99,0,1,1,,,,,,,,,,,,,,,
GRI57_2366,,7/3/2024,GRI5,7,2366,,PICGLA,,2.6,1,-99,0,1,1,,,,,,,,,,,,,,,
GRI58_876,8/7/2018,8/12/2024,GRI5,8,876,,POPTRE,20.3,21,1,-99,0,1,1,,,,,,,,,,,,,,,
GRI58_877,8/7/2018,8/12/2024,GRI5,8,877,,PICGLA,5.3,6.7,1,-99,0,1,1,,,,,,,,,,,,,,,
GRI58_878,8/7/2018,8/12/2024,GRI5,8,878,,POPTRE,17.4,18.1,1,-99,0,1,1,,,,,,,,,,,,,,,
GRI58_879,8/7/2018,8/12/2024,GRI5,8,879,,POPTRE,16,16.5,1,-99,0,1,1,,,,,,,,,,,,,,,
GRI58_880,8/7/2018,8/12/2024,GRI5,8,880,,POPTRE,-9999,-7777,0,-99,0,1,1,,,,,,,,,,,,,,,
GRI58_881,8/7/2018,8/12/2024,GRI5,8,881,,POPTRE,-9999,-7777,0,-99,0,1,1,,,,,,,,,,,,,,,
GRI58_882,8/7/2018,8/12/2024,GRI5,8,882,,POPTRE,-9999,-8888,0,-99,0,1,1,,,,,,,,,,,,,,,
GRI58_883,8/7/2018,8/12/2024,GRI5,8,883,,POPTRE,12,-7777,0,-99,0,1,1,,,,,,,,,,,,,,,
GRI58_884,8/7/2018,8/12/2024,GRI5,8,884,,POPTRE,-9999,-8888,0,-99,0,1,1,,,,,,,,,,,,,,,
GRI58_885,8/7/2018,8/12/2024,GRI5,8,885,,POPTRE,13.3,13.4,1,-99,0,1,1,,,,,,,,,,,,,,,
GRI58_886,8/7/2018,8/12/2024,GRI5,8,886,,POPTRE,-9999,-7777,0,-99,0,1,1,,,,,,,,,,,,,,,
GRI58_887,8/7/2018,8/12/2024,GRI5,8,887,,POPTRE,-9999,-8888,0,-99,0,1,1,,,,,,,,,,,,,,,
GRI58_888,8/7/2018,8/12/2024,GRI5,8,888,,POPTRE,21.1,21.3,1,-99,0,1,1,,,,,,,,,,,,,,,
GRI58_889,8/7/2018,8/12/2024,GRI5,8,889,,POPTRE,14.8,15,1,-99,0,1,1,,,,,,,,,,,,,,,
GRI58_890,8/7/2018,8/12/2024,GRI5,8,890,,POPTRE,-9999,-8888,0,-99,0,1,1,,,,,,,,,,,,,,,
GRI58_891,8/7/2018,8/12/2024,GRI5,8,891,,POPTRE,-9999,-7777,0,-99,0,1,1,,,,,,,,,,,,,,,
GRI58_1723,8/7/2018,8/12/2024,GRI5,8,1723,,PICGLA,4.4,6.2,1,-99,0,1,1,,old notes-By tree 826. 2019 notes-,,,,,,,,,,,,,
GRI58_2801,,8/12/2024,GRI5,8,2801,,PICMAR,,3,1,-99,0,1,1,,,,,,,,,,,,,,,
GRI58_2802,,8/12/2024,GRI5,8,2802,,PICMAR,,2.6,1,-99,0,1,1,,,,,,,,,,,,,,,
GRI58_2803,,8/12/2024,GRI5,8,2803,,PICMAR,,2.5,1,-99,0,1,1,,,,,,,,,,,,,,,
GRI58_2804,,8/12/2024,GRI5,8,2804,,PICMAR,,2.6,1,-99,0,1,1,Near plot 7,,,,,,,,,,,,,,
GRI58_2805,,8/12/2024,GRI5,8,2805,,PICMAR,,2.9,1,-99,0,1,1,,,,,,,,,,,,,,,
GRI58_2806,,8/12/2024,GRI5,8,2806,,PICGLA,,4.2,1,-99,0,1,1,,,,,,,,,,,,,,,
GRI58_2807,,8/12/2024,GRI5,8,2807,,PICMAR,,2.7,1,-99,0,1,1,,,,,,,,,,,,,,,
GRI58_2808,,8/12/2024,GRI5,8,2808,,PICGLA,,3.4,1,-99,0,1,1,,,,,,,,,,,,,,,
GRI59_825,8/7/2018,8/12/2024,GRI5,9,825,,POPTRE,-9999,-7777,0,-99,0,1,1,,,,,,,,,,,,,,,
GRI59_826,8/7/2018,8/12/2024,GRI5,9,826,,PICMAR,4.7,5.7,1,-99,0,1,1,,,,,,,,,,,,,,,
GRI59_892,8/7/2018,8/12/2024,GRI5,9,892,,POPTRE,18,18.4,1,-99,0,1,1,,,,,,,,,,,,,,,
GRI59_893,8/7/2018,8/12/2024,GRI5,9,893,,POPTRE,-9999,-9999,0,-99,0,1,0,,,,,,,,,,,,,,,
GRI59_894,8/7/2018,8/12/2024,GRI5,9,894,,POPTRE,-9999,-9999,0,-99,0,1,0,,,,,,,,,,,,,,,
GRI59_895,8/7/2018,8/12/2024,GRI5,9,895,,POPTRE,-9999,-8888,0,-99,0,1,1,,,,,,,,,,,,,,,
GRI59_896,8/7/2018,8/12/2024,GRI5,9,896,,POPTRE,-9999,-8888,0,-99,0,1,1,,,,,,,,,,,,,,,
GRI59_897,8/7/2018,8/12/2024,GRI5,9,897,,POPTRE,-9999,-7777,0,-99,0,1,1,,,,,,,,,,,,,,,
GRI59_898,8/7/2018,8/12/2024,GRI5,9,898,,BETNEO,10.1,11.1,1,-99,0,1,1,,,,,,,,,,,,,,,
GRI59_899,8/7/2018,8/12/2024,GRI5,9,899,,POPTRE,-9999,-8888,0,-99,0,1,1,,,,,,,,,,,,,,,
GRI59_900,8/7/2018,8/12/2024,GRI5,9,900,,POPTRE,-9999,-9999,0,-99,0,1,0,,,,,,,,,,,,,,,
GRI59_901,8/7/2018,8/12/2024,GRI5,9,901,,POPTRE,-9999,-9999,0,-99,0,1,0,,,,,,,,,,,,,,,
GRI59_902,8/7/2018,8/12/2024,GRI5,9,902,,POPTRE,14,14.3,1,-99,0,1,1,,,,,,,,,,,,,,,
GRI59_903,8/7/2018,8/12/2024,GRI5,9,903,,POPTRE,21,-9999,0,-99,0,1,0,,,,,,,,,,,,,,,
GRI59_904,8/7/2018,8/12/2024,GRI5,9,904,,PICGLA,3.2,4.4,1,2,0,1,1,,,,,,,,,,,,,,,
GRI59_905,8/7/2018,8/12/2024,GRI5,9,905,,POPTRE,-9999,-9999,0,-99,0,1,0,,,,,,,,,,,,,,,
GRI59_906,8/7/2018,8/12/2024,GRI5,9,906,,POPTRE,16.4,-9999,0,-99,0,1,0,,,,,,,,,,,,,,,
GRI59_907,8/7/2018,8/12/2024,GRI5,9,907,,POPTRE,13.1,13.5,1,-99,0,1,1,,,,,,,,,,,,,,,
GRI59_908,8/7/2018,8/12/2024,GRI5,9,908,,PICMAR,-9999,-9999,0,-99,0,1,0,POPTRE ,,,,,,,,,,,,,,
GRI59_909,8/7/2018,8/12/2024,GRI5,9,909,,PICMAR,11.9,12.5,1,-99,0,1,1,POPTRE ,,,,,,,,,,,,,,
GRI59_910,8/7/2018,8/12/2024,GRI5,9,910,,PICMAR,15.6,17,1,-99,0,1,1,,,,,,,,,,,,,,,
GRI59_911,8/7/2018,8/12/2024,GRI5,9,911,,PICMAR,17.1,18.1,1,-99,0,1,1,poptre,,,,,,,,,,,,,,
GRI59_912,8/7/2018,8/12/2024,GRI5,9,912,,PICMAR,16.3,-9999,0,-99,0,1,0,,,,,,,,,,,,,,,
GRI59_913,8/7/2018,8/12/2024,GRI5,9,913,,PICMAR,17,16.9,1,-99,0,1,1,poptre,,,,,,,,,,,,,,
GRI59_914,8/7/2018,8/12/2024,GRI5,9,914,,PICMAR,3.7,4.7,1,-99,0,1,1,,,,,,,,,,,,,,,
GRI59_2809,,8/12/2024,GRI5,9,2809,,PICMAR,,4.7,1,-99,0,1,1,,,,,,,,,,,,,,,
GRI59_2810,,8/12/2024,GRI5,9,2810,,PICMAR,,3.5,1,-99,0,1,1,,,,,,,,,,,,,,,
GRI59_2811,,8/12/2024,GRI5,9,2811,,PICMAR,,2.5,1,-99,0,1,1,,,,,,,,,,,,,,,
GRI59_2812,,8/12/2024,GRI5,9,2812,,PICMAR,,4,1,-99,0,1,1,,,,,,,,,,,,,,,
GRI59_2813,,8/12/2024,GRI5,9,2813,,PICMAR,,2.8,1,-99,0,1,1,,,,,,,,,,,,,,,
GRI59_2814,,8/12/2024,GRI5,9,2814,,PICMAR,,3,1,-99,0,1,1,,,,,,,,,,,,,,,
GRI59_2815,,8/12/2024,GRI5,9,2815,,PICMAR,,2.6,1,-99,0,1,1,,,,,,,,,,,,,,,
GRI59_2816,,8/12/2024,GRI5,9,2816,,PICMAR,,2.9,1,-99,0,1,1,,,,,,,,,,,,,,,
GRI59_2817,,8/12/2024,GRI5,9,2817,,PICMAR,,2.5,1,-99,0,1,1,,,,,,,,,,,,,,,
GRI59_2818,,8/12/2024,GRI5,9,2818,,PICMAR,,4.2,1,-99,0,1,1,,,,,,,,,,,,,,,
GRI59_2819,,8/12/2024,GRI5,9,2819,,PICMAR,,2.8,1,-99,0,1,1,,,,,,,,,,,,,,,
GRI59_2820,,8/12/2024,GRI5,9,2820,,PICMAR,,2.7,1,-99,0,1,1,,,,,,,,,,,,,,,
GRI59_2821,,8/12/2024,GRI5,9,2821,,PICGLA,,2.6,1,-99,0,1,1,,,,,,,,,,,,,,,
GRI59_2822,,8/12/2024,GRI5,9,2822,,PICGLA,,4.2,1,-99,0,1,1,,,,,,,,,,,,,,,
GRI59_2823,,8/12/2024,GRI5,9,2823,,PICGLA,,2.5,1,-99,0,1,1,,,,,,,,,,,,,,,
GRI511_915,8/7/2018,8/12/2024,GRI5,11,915,,POPTRE,-9999,-7777,0,-99,0,1,1,,,,,,,,,,,,,,,
GRI511_916,8/7/2018,8/12/2024,GRI5,11,916,,POPTRE,18.7,18.9,1,-99,0,1,1,,,,,,,,,,,,,,,
GRI511_917,8/7/2018,8/12/2024,GRI5,11,917,,POPTRE,-9999,-7777,0,-99,0,1,1,,,,,,,,,,,,,,,
GRI511_918,8/7/2018,8/12/2024,GRI5,11,918,,POPTRE,17.2,17.5,1,-99,0,1,1,,,,,,,,,,,,,,,
GRI511_919,8/7/2018,8/12/2024,GRI5,11,919,,POPTRE,-9999,-7777,0,-99,0,1,1,,,,,,,,,,,,,,,
GRI511_920,8/7/2018,8/12/2024,GRI5,11,920,,POPTRE,-9999,-7777,0,-99,0,1,1,,,,,,,,,,,,,,,
GRI511_921,8/7/2018,8/12/2024,GRI5,11,921,,POPTRE,22.4,22.5,1,-99,0,1,1,,,,,,,,,,,,,,,
GRI511_922,8/7/2018,8/12/2024,GRI5,11,922,,POPTRE,10.2,-7777,0,-99,0,1,1,,,,,,,,,,,,,,,
GRI511_923,8/7/2018,8/12/2024,GRI5,11,923,,POPTRE,16.8,17.2,1,-99,0,1,1,,,,,,,,,,,,,,,
GRI511_924,8/7/2018,8/12/2024,GRI5,11,924,,POPTRE,21.6,22.5,1,-99,0,1,1,,,,,,,,,,,,,,,
GRI511_925,8/7/2018,8/12/2024,GRI5,11,925,,POPTRE,16.7,-7777,0,-99,0,1,1,,,,,,,,,,,,,,,
GRI511_927,8/7/2018,8/12/2024,GRI5,11,927,,PICMAR,7.5,8.6,1,-99,0,1,1,,,,,,,,,,,,,,,
GRI511_928,8/7/2018,8/12/2024,GRI5,11,928,,POPTRE,10.8,-7777,0,-99,0,1,1,,,,,,,,,,,,,,,
GRI511_2825,,8/12/2024,GRI5,11,2825,,PICMAR ,,3.5,1,-99,0,1,1,,,,,,,,,,,,,,,
GRI511_2826,,8/12/2024,GRI5,11,2826,,PICMAR ,,2.6,1,-99,0,1,1,,,,,,,,,,,,,,,
GRI511_2827,,8/12/2024,GRI5,11,2827,,PICMAR ,,4,1,-99,0,1,1,,,,,,,,,,,,,,,
GRI511_2828,,8/12/2024,GRI5,11,2828,,PICMAR ,,3.3,1,-99,0,1,1,,,,,,,,,,,,,,,
GRI511_2829,,8/12/2024,GRI5,11,2829,,PICMAR ,,3,1,-99,0,1,1,,,,,,,,,,,,,,,
GRI511_2830,,8/12/2024,GRI5,11,2830,,PICMAR ,,2.9,1,-99,0,1,1,,,,,,,,,,,,,,,
GRI511_2831,,8/12/2024,GRI5,11,2831,,PICMAR ,,3.2,1,-99,1,1,1,,,,,,,,,,,,,,,
GRI511_2832,,8/12/2024,GRI5,11,2832,,PICGLA,,2.6,1,-99,0,1,1,,,,,,,,,,,,,,,
GRI511_2833,,8/12/2024,GRI5,11,2833,,PICMAR,,3.5,1,-99,0,1,1,,,,,,,,,,,,,,,
GRI511_2834,,8/12/2024,GRI5,11,2834,,PICGLA ,,3,1,-99,0,1,1,,,,,,,,,,,,,,,
GRI511_2835,,8/12/2024,GRI5,11,2835,,PICMAR ,,3,1,-99,0,1,1,,,,,,,,,,,,,,,
GRI511_2836,,8/12/2024,GRI5,11,2836,,PICMAR ,,2.9,1,-99,0,1,1,,,,,,,,,,,,,,,
GRI511_2837,,8/12/2024,GRI5,11,2837,,PICGLA ,,2.5,1,-99,0,1,1,,,,,,,,,,,,,,,
GRI512_929,8/7/2018,8/12/2024,GRI5,12,929,,POPTRE,11.6,-7777,0,-99,0,1,1,,,,,,,,,,,,,,,
GRI512_930,8/7/2018,8/12/2024,GRI5,12,930,,POPTRE,-9999,-8888,0,-99,0,1,1,,,,,,,,,,,,,,,
GRI512_931,8/7/2018,8/12/2024,GRI5,12,931,,POPTRE,10.3,10.5,1,-99,0,1,1,,,,,,,,,,,,,,,
GRI512_932,8/7/2018,8/12/2024,GRI5,12,932,,POPTRE,-9999,-7777,0,-99,0,1,1,,,,,,,,,,,,,,,
GRI512_933,8/7/2018,8/12/2024,GRI5,12,933,,POPTRE,-9999,-9999,0,-99,0,1,0,,,,,,,,,,,,,,,
GRI512_934,8/7/2018,8/12/2024,GRI5,12,934,,BETNEO,7,7.9,1,-99,0,1,1,,,,,,,,,,,,,,,
GRI512_935,8/7/2018,8/12/2024,GRI5,12,935,,POPTRE,-9999,-9999,0,-99,0,1,0,,,,,,,,,,,,,,,
GRI512_936,8/7/2018,8/12/2024,GRI5,12,936,,POPTRE,12.3,-7777,0,-99,0,1,1,,,,,,,,,,,,,,,
GRI512_937,8/7/2018,8/12/2024,GRI5,12,937,,POPTRE,21.8,22.2,1,-99,0,1,1,,,,,,,,,,,,,,,
GRI512_938,8/7/2018,8/12/2024,GRI5,12,938,,POPTRE,-9999,-8888,0,-99,0,1,1,,,,,,,,,,,,,,,
GRI512_939,8/7/2018,8/12/2024,GRI5,12,939,,POPTRE,16.2,16.6,1,-99,0,1,1,,,,,,,,,,,,,,,
GRI512_940,8/7/2018,8/12/2024,GRI5,12,940,,POPTRE,16.5,17.5,1,-99,0,1,1,,,,,,,,,,,,,,,
GRI512_941,8/7/2018,8/12/2024,GRI5,12,941,,POPTRE,10.5,-7777,0,-99,0,1,1,,,,,,,,,,,,,,,
GRI512_942,8/7/2018,8/12/2024,GRI5,12,942,,POPTRE,17.9,17.8,1,-99,0,1,1,,,,,,,,,,,,,,,
GRI512_943,8/7/2018,8/12/2024,GRI5,12,943,,POPTRE,-9999,-7777,0,-99,0,1,1,,,,,,,,,,,,,,,
GRI512_944,8/7/2018,8/12/2024,GRI5,12,944,,POPTRE,7.9,-9999,0,-99,0,1,0,number not found Next to 945,,,,,,,,,,,,,,
GRI512_945,8/7/2018,8/12/2024,GRI5,12,945,,POPTRE,16.6,17.7,1,-99,0,1,1,,,,,,,,,,,,,,,
GRI512_946,8/7/2018,8/12/2024,GRI5,12,946,,POPTRE,20.5,20.6,1,-99,0,1,1,,,,,,,,,,,,,,,
GRI512_947,8/7/2018,8/12/2024,GRI5,12,947,,POPTRE,-9999,-8888,0,-99,0,1,1,,,,,,,,,,,,,,,
GRI512_948,8/7/2018,8/12/2024,GRI5,12,948,,POPTRE,-9999,-8888,0,-99,0,1,1,,,,,,,,,,,,,,,
GRI512_949,8/7/2018,8/12/2024,GRI5,12,949,,POPTRE,9.4,9.9,1,-99,0,1,1,,,,,,,,,,,,,,,
GRI512_950,8/7/2018,8/12/2024,GRI5,12,950,,POPTRE,10.9,-7777,0,-99,0,1,1,,,,,,,,,,,,,,,
GRI512_1724,8/7/2018,8/12/2024,GRI5,12,1724,,PICMAR,3.3,4.4,1,-99,0,1,1,,old notes-By tree 950. 2019 notes-,,,,,,,,,,,,,
GRI512_2838,,8/12/2024,GRI5,12,2838,,PICMAR,,2.6,1,-99,0,1,1,,,,,,,,,,,,,,,
GRI512_2839,,8/12/2024,GRI5,12,2839,,PICMAR,,2.5,1,-99,0,1,1,,,,,,,,,,,,,,,
GRI512_2840,,8/12/2024,GRI5,12,2840,,PICGLA ,,2.6,1,-99,0,1,1,,,,,,,,,,,,,,,
GRI512_2841,,8/12/2024,GRI5,12,2841,,PICMAR,,3.2,1,-99,0,1,1,,,,,,,,,,,,,,,
GRI512_2842,,8/12/2024,GRI5,12,2842,,PICMAR,,2.5,1,-99,0,1,1,,,,,,,,,,,,,,,
GRI513_951,8/7/2018,8/12/2024,GRI5,13,951,,POPTRE,19.2,19.3,1,-99,0,1,1,,,,,,,,,,,,,,,
GRI513_952,8/7/2018,8/12/2024,GRI5,13,952,,POPTRE,-9999,-8888,0,-99,0,1,1,,,,,,,,,,,,,,,
GRI513_953,8/7/2018,8/12/2024,GRI5,13,953,,POPTRE,-9999,-9999,0,-99,0,1,0,,,,,,,,,,,,,,,
GRI513_954,8/7/2018,8/12/2024,GRI5,13,954,,BETNEO,17.7,19.5,1,-99,0,1,1,,,,,,,,,,,,,,,
GRI513_955,8/7/2018,8/12/2024,GRI5,13,955,,POPTRE,-9999,-9999,0,-99,0,1,0,,,,,,,,,,,,,,,
GRI513_956,8/7/2018,8/12/2024,GRI5,13,956,,POPTRE,16.1,16.2,1,-99,0,1,1,,,,,,,,,,,,,,,
GRI513_957,8/7/2018,8/12/2024,GRI5,13,957,,POPTRE,-9999,-7777,0,-99,0,1,1,,,,,,,,,,,,,,,
GRI513_958,8/7/2018,8/12/2024,GRI5,13,958,,POPTRE,-9999,-7777,0,-99,0,1,1,,,,,,,,,,,,,,,
GRI513_959,8/7/2018,8/12/2024,GRI5,13,959,,POPTRE,-9999,-9999,0,-99,0,1,0,,,,,,,,,,,,,,,
GRI513_960,8/7/2018,8/12/2024,GRI5,13,960,,POPTRE,-9999,-7777,0,-99,0,1,1,,,,,,,,,,,,,,,
GRI513_961,8/7/2018,8/12/2024,GRI5,13,961,,POPTRE,-9999,-8888,0,-99,0,1,1,,,,,,,,,,,,,,,
GRI513_962,8/7/2018,8/12/2024,GRI5,13,962,,POPTRE,-9999,-9999,0,-99,0,1,0,,,,,,,,,,,,,,,
GRI513_963,8/7/2018,8/12/2024,GRI5,13,963,,POPTRE,26.9,28.1,1,-99,0,1,1,,,,,,,,,,,,,,,
GRI513_964,8/7/2018,8/12/2024,GRI5,13,964,,PICGLA,3.8,5.2,1,-99,0,1,1,,,,,,,,,,,,,,,
GRI513_965,8/7/2018,8/12/2024,GRI5,13,965,,POPTRE,19.9,20.5,1,-99,0,1,1,,,,,,,,,,,,,,,
GRI513_966,8/7/2018,8/12/2024,GRI5,13,966,,POPTRE,-9999,-7777,0,-99,0,1,1,,,,,,,,,,,,,,,
GRI513_967,8/7/2018,8/12/2024,GRI5,13,967,,POPTRE,-9999,-7777,0,-99,0,1,1,,,,,,,,,,,,,,,
GRI513_968,8/7/2018,8/12/2024,GRI5,13,968,,POPTRE,-9999,-8888,0,-99,0,1,1,,,,,,,,,,,,,,,
GRI513_969,8/7/2018,8/12/2024,GRI5,13,969,,BETNEO,9.6,10.9,1,-99,0,1,1,,,,,,,,,,,,,,,
GRI513_970,8/7/2018,8/12/2024,GRI5,13,970,,PICGLA,5.4,7.7,1,-99,0,1,1,,,,,,,,,,,,,,,
GRI513_971,8/7/2018,8/12/2024,GRI5,13,971,,PICMAR,-9999,-9999,0,-99,0,1,0,,,,,,,,,,,,,,,
GRI513_972,8/7/2018,8/12/2024,GRI5,13,972,,PICMAR,15,15.4,1,-99,0,1,1,poptre,,,,,,,,,,,,,,
GRI513_973,8/7/2018,8/12/2024,GRI5,13,973,,PICMAR,10.1,-7777,0,-99,0,1,1,poptre,,,,,,,,,,,,,,
GRI513_2843,,8/12/2024,GRI5,13,2843,,PICMAR,,4.1,1,-99,0,1,1,,,,,,,,,,,,,,,
GRI513_2844,,8/12/2024,GRI5,13,2844,,PICMAR,,3.6,1,-99,0,1,1,,,,,,,,,,,,,,,
GRI514_974,8/7/2018,8/12/2024,GRI5,14,974,,PICMAR,4.4,5.7,1,-99,0,1,1,,,,,,,,,,,,,,,
GRI514_975,8/7/2018,8/12/2024,GRI5,14,975,,POPTRE,-9999,-7777,0,2,0,1,1,,,,,,,,,,,,,,,
GRI514_976,8/7/2018,8/12/2024,GRI5,14,976,,POPTRE,11.3,-7777,0,-99,0,1,1,,,,,,,,,,,,,,,
GRI514_977,8/7/2018,8/12/2024,GRI5,14,977,,POPTRE,17.7,18.1,1,-99,0,1,1,,,,,,,,,,,,,,,
GRI514_978,8/7/2018,8/12/2024,GRI5,14,978,,POPTRE,16.7,-7777,0,-99,0,1,1,,,,,,,,,,,,,,,
GRI514_979,8/7/2018,8/12/2024,GRI5,14,979,,POPTRE,11.5,11.6,1,-99,0,1,1,,,,,,,,,,,,,,,
GRI514_980,8/7/2018,8/12/2024,GRI5,14,980,,POPTRE,-9999,-7777,0,-99,0,1,1,,,,,,,,,,,,,,,
GRI514_981,8/7/2018,8/12/2024,GRI5,14,981,,POPTRE,11.8,12,1,-99,0,1,1,,,,,,,,,,,,,,,
GRI514_982,8/7/2018,8/12/2024,GRI5,14,982,,POPTRE,10.4,10.5,1,-99,0,1,1,,,,,,,,,,,,,,,
GRI514_983,8/7/2018,8/12/2024,GRI5,14,983,,POPTRE,16.8,-7777,0,-99,0,1,1,,,,,,,,,,,,,,,
GRI514_984,8/7/2018,8/12/2024,GRI5,14,984,,POPTRE,11,-7777,0,-99,0,1,1,,,,,,,,,,,,,,,
GRI514_985,8/7/2018,8/12/2024,GRI5,14,985,,POPTRE,22.2,22.9,1,-99,0,1,1,,,,,,,,,,,,,,,
GRI514_986,8/7/2018,8/12/2024,GRI5,14,986,,POPTRE,-9999,-9999,0,-99,0,1,0,,,,,,,,,,,,,,,
GRI514_987,8/7/2018,8/12/2024,GRI5,14,987,,POPTRE,-9999,-9999,0,-99,0,1,0,,,,,,,,,,,,,,,
GRI514_988,8/7/2018,8/12/2024,GRI5,14,988,,POPTRE,-9999,-7777,0,-99,0,1,1,,,,,,,,,,,,,,,
GRI514_989,8/7/2018,8/12/2024,GRI5,14,989,,PICGLA,6.2,9.2,1,-99,0,1,1,badly girdled,,,,,,,,,,,,,,
GRI514_990,,8/12/2024,GRI5,14,990,,POPTRE,,-7777,0,-99,0,1,1,Not in dataset on line btw plot 14 and 6,,,,,,,,,,,,,,
GRI514_991,8/7/2018,8/12/2024,GRI5,14,991,,POPTRE,-9999,-7777,0,4,0,1,1,,,,,,,,,,,,,,,
GRI514_992,8/7/2018,8/12/2024,GRI5,14,992,,POPTRE,13.6,-7777,0,-99,0,1,1,,,,,,,,,,,,,,,
GRI514_993,8/7/2018,8/12/2024,GRI5,14,993,,POPTRE,13.6,13.8,1,-99,0,1,1,,,,,,,,,,,,,,,
GRI514_994,8/7/2018,8/12/2024,GRI5,14,994,,POPTRE,25.8,27.1,1,-99,0,1,1,,,,,,,,,,,,,,,
GRI514_995,8/7/2018,8/12/2024,GRI5,14,995,,POPTRE,-9999,-9999,0,-99,0,1,0,,,,,,,,,,,,,,,
GRI514_996,8/7/2018,8/12/2024,GRI5,14,996,,POPTRE,-9999,-7777,0,-99,0,1,1,,,,,,,,,,,,,,,
GRI514_997,8/7/2018,8/12/2024,GRI5,14,997,,POPTRE,-9999,-7777,0,-99,0,1,1,,,,,,,,,,,,,,,
GRI514_998,8/7/2018,8/12/2024,GRI5,14,998,,POPTRE,22.6,23,1,-99,0,1,1,,,,,,,,,,,,,,,
GRI514_999,8/7/2018,8/12/2024,GRI5,14,999,,POPTRE,-9999,-7777,0,-99,0,1,1,,,,,,,,,,,,,,,
GRI514_1000,8/7/2018,8/12/2024,GRI5,14,1000,,POPTRE,-9999,-9999,0,-99,0,1,0,,,,,,,,,,,,,,,
GRI514_2845,,8/12/2024,GRI5,14,2845,,PICMAR,,2.6,1,-99,0,1,1,,,,,,,,,,,,,,,
GRI514_2846,,8/12/2024,GRI5,14,2846,,PICMAR,,2.5,1,-99,0,1,1,,,,,,,,,,,,,,,
GRI514_2847,,8/12/2024,GRI5,14,2847,,PICMAR,,3,1,-99,0,1,1,,,,,,,,,,,,,,,
GRI514_2848,,8/12/2024,GRI5,14,2848,,PICGLA,,2.8,1,-99,0,1,1,,,,,,,,,,,,,,,
GRI514_2849,,8/12/2024,GRI5,14,2849,,PICGLA,,2.9,1,-99,0,1,1,,,,,,,,,,,,,,,
GRI514_2850,,8/12/2024,GRI5,14,2850,,PICGLA,,2.8,1,-99,0,1,1,,,,,,,,,,,,,,,
GRI514_2851,,8/12/2024,GRI5,14,2851,,PICGLA,,3.5,1,-99,0,1,1,,,,,,,,,,,,,,,
GRI514_2852,,8/12/2024,GRI5,14,2852,,PICGLA,,4.7,1,-99,0,1,1,,,,,,,,,,,,,,,
GRI514_2853,,8/12/2024,GRI5,14,2853,,PICGLA,,2.8,1,-99,0,1,1,,,,,,,,,,,,,,,
GRI514_2854,,8/12/2024,GRI5,14,2854,,PICMAR ,,3.9,1,-99,0,1,1,,,,,,,,,,,,,,,
GRI514_2855,,8/12/2024,GRI5,14,2855,,PICMAR ,,2.9,1,-99,0,1,1,,,,,,,,,,,,,,,
GRI514_2856,,8/13/2024,GRI5,14,2856,,PICGLA,,2.6,1,-99,0,1,1,,,,,,,,,,,,,,,
GSI11_21,7/10/2018,6/25/2024,GSI1,1,21,,PICMAR,5.7,6,1,-99,0,1,1,,,,,,,,,,,,,,,
GSI11_22,7/10/2018,6/25/2024,GSI1,1,22,,PICMAR,6.7,7.4,1,-99,0,1,1,,,,,,,,,,,,,,,
GSI11_23,7/10/2018,6/25/2024,GSI1,1,23,,PICMAR,5.9,6.5,1,-99,0,1,1,,,,,,,,,,,,,,,
GSI11_24,7/10/2018,6/25/2024,GSI1,1,24,,PICMAR,7,7.6,1,-99,0,1,1,,,,,,,,,,,,,,,
GSI11_25,7/10/2018,6/25/2024,GSI1,1,25,,PICMAR,6.7,7.1,1,-99,0,1,1,,,,,,,,,,,,,,,
GSI11_26,7/10/2018,6/25/2024,GSI1,1,26,,PICMAR,6.6,7.3,1,-99,0,1,1,,,,,,,,,,,,,,,
GSI11_27,7/10/2018,6/25/2024,GSI1,1,27,,PICMAR,3.2,4.6,1,-99,0,1,1,,,,,,,,,,,,,,,
GSI11_28,7/10/2018,6/25/2024,GSI1,1,28,,PICMAR,-9999,-8888,0,-99,0,1,1,didn't find,,,,,,,,,,,,,,
GSI11_29,7/10/2018,6/25/2024,GSI1,1,29,,PICMAR,5.5,5.9,1,-99,0,1,1,,,,,,,,,,,,,,,
GSI11_30,7/10/2018,6/25/2024,GSI1,1,30,,PICMAR,6,6.7,1,-99,0,1,1,,,,,,,,,,,,,,,
GSI11_31,7/10/2018,6/25/2024,GSI1,1,31,,PICMAR,10.4,11.5,1,-99,0,1,1,,,,,,,,,,,,,,,
GSI11_32,7/10/2018,6/25/2024,GSI1,1,32,,PICMAR,3.6,4,1,-99,0,1,1,,,,,,,,,,,,,,,
GSI11_33,7/10/2018,6/25/2024,GSI1,1,33,,PICMAR,3.4,3.9,1,-99,0,1,1,,,,,,,,,,,,,,,
GSI11_34,7/10/2018,6/25/2024,GSI1,1,34,,PICMAR,3.6,4,1,-99,0,1,1,,,,,,,,,,,,,,,
GSI11_35,7/10/2018,6/25/2024,GSI1,1,35,,PICMAR,3,3.5,1,-99,0,1,1,,,,,,,,,,,,,,,
GSI11_36,7/10/2018,6/25/2024,GSI1,1,36,,PICMAR,2.9,3.3,1,-99,0,1,1,,,,,,,,,,,,,,,
GSI11_37,7/10/2018,6/25/2024,GSI1,1,37,,PICMAR,6.1,6.8,1,-99,0,1,1,,,,,,,,,,,,,,,
GSI11_38,7/10/2018,6/25/2024,GSI1,1,38,,PICGLA,3.2,3.3,1,-99,0,1,1,,,,,,,,,,,,,,,
GSI11_39,7/10/2018,6/25/2024,GSI1,1,39,,PICMAR,7.3,7.8,1,-99,0,1,1,,,,,,,,,,,,,,,
GSI11_40,7/10/2018,6/25/2024,GSI1,1,40,,PICGLA,4.6,5.4,1,-99,0,1,1,,,,,,,,,,,,,,,
GSI11_41,7/10/2018,6/25/2024,GSI1,1,41,,PICMAR,8.6,9.1,1,-99,0,1,1,,,,,,,,,,,,,,,
GSI11_42,7/10/2018,6/25/2024,GSI1,1,42,,PICMAR,3.7,4.1,1,-99,0,1,1,,,,,,,,,,,,,,,
GSI11_43,7/10/2018,6/25/2024,GSI1,1,43,,PICMAR,3.1,3.2,1,-99,0,1,1,,,,,,,,,,,,,,,
GSI11_44,7/10/2018,6/25/2024,GSI1,1,44,,PICMAR,6.7,7,1,-99,0,1,1,,,,,,,,,,,,,,,
GSI11_45,7/10/2018,6/25/2024,GSI1,1,45,,PICMAR,5.7,6.4,1,-99,0,1,1,,,,,,,,,,,,,,,
GSI11_46,7/10/2018,6/25/2024,GSI1,1,46,,PICGLA,4.3,4.8,1,-99,0,1,1,,,,,,,,,,,,,,,
GSI11_47,7/10/2018,6/25/2024,GSI1,1,47,,PICMAR,6.6,7.2,1,-99,0,1,1,,,,,,,,,,,,,,,
GSI11_48,7/10/2018,6/25/2024,GSI1,1,48,,PICMAR,4.2,4.5,1,-99,0,1,1,,,,,,,,,,,,,,,
GSI11_49,7/10/2018,6/25/2024,GSI1,1,49,,PICMAR,3.9,4.3,1,-99,0,1,1,,,,,,,,,,,,,,,
GSI11_50,7/10/2018,6/25/2024,GSI1,1,50,,PICMAR,3.8,4,1,-99,0,1,1,,,,,,,,,,,,,,,
GSI11_51,7/10/2018,6/25/2024,GSI1,1,51,,PICMAR,5.3,5.5,1,-99,0,1,1,,,,,,,,,,,,,,,
GSI11_52,7/10/2018,6/25/2024,GSI1,1,52,,PICMAR,4,4.3,1,-99,0,1,1,,,,,,,,,,,,,,,
GSI11_53,7/10/2018,6/25/2024,GSI1,1,53,,PICMAR,-9999,-8888,0,-99,0,1,1,didn't find,,,,,,,,,,,,,,
GSI11_54,7/10/2018,6/25/2024,GSI1,1,54,,PICMAR,3.5,4,1,-99,0,1,1,,,,,,,,,,,,,,,
GSI11_55,7/10/2018,6/25/2024,GSI1,1,55,,PICMAR,3.5,4,1,-99,0,1,1,,,,,,,,,,,,,,,
GSI11_56,7/10/2018,6/25/2024,GSI1,1,56,,PICMAR,3.4,3.7,1,-99,0,1,1,,,,,,,,,,,,,,,
GSI11_57,7/10/2018,6/25/2024,GSI1,1,57,,PICMAR,6.7,8.2,1,-99,0,1,1,,,,,,,,,,,,,,,
GSI11_58,7/10/2018,6/25/2024,GSI1,1,58,,PICGLA,7.3,8.4,1,-99,0,1,1,,,,,,,,,,,,,,,
GSI11_59,7/10/2018,6/25/2024,GSI1,1,59,,PICMAR,3.7,4,1,-99,0,1,1,,,,,,,,,,,,,,,
GSI11_60,7/10/2018,6/25/2024,GSI1,1,60,,PICMAR,-9999,-8888,0,-99,0,1,1,didn't find,,,,,,,,,,,,,,
GSI11_61,7/10/2018,6/25/2024,GSI1,1,61,,PICMAR,-9999,-8888,0,-99,0,1,1,didn't find,,,,,,,,,,,,,,
GSI11_62,7/10/2018,6/25/2024,GSI1,1,62,,PICMAR,7.2,7.7,1,-99,0,1,1,,,,,,,,,,,,,,,
GSI11_63,7/10/2018,6/25/2024,GSI1,1,63,,PICMAR,5.7,6.3,1,-99,0,1,1,,,,,,,,,,,,,,,
GSI11_64,7/10/2018,6/25/2024,GSI1,1,64,,PICMAR,4.2,5.2,1,-99,0,1,1,,,,,,,,,,,,,,,
GSI11_65,7/10/2018,6/25/2024,GSI1,1,65,,PICMAR,4.1,3.7,0,2,0,1,1,,,,,,,,,,,,,,,
GSI11_66,7/10/2018,6/25/2024,GSI1,1,66,,PICMAR,4,4.7,1,-99,0,1,1,,,,,,,,,,,,,,,
GSI11_67,7/10/2018,6/25/2024,GSI1,1,67,,PICMAR,5.8,6.5,1,-99,0,1,1,,,,,,,,,,,,,,,
GSI11_68,7/10/2018,6/25/2024,GSI1,1,68,,PICMAR,4.5,5.2,1,-99,0,1,1,,,,,,,,,,,,,,,
GSI11_69,7/10/2018,6/25/2024,GSI1,1,69,,PICMAR,5.7,6.4,1,-99,0,1,1,,,,,,,,,,,,,,,
GSI11_70,7/10/2018,6/25/2024,GSI1,1,70,,PICMAR,5.5,6.1,1,-99,0,1,1,,,,,,,,,,,,,,,
GSI11_71,7/10/2018,6/25/2024,GSI1,1,71,,PICMAR,7.8,8.1,1,-99,0,1,1,,,,,,,,,,,,,,,
GSI11_72,7/10/2018,6/25/2024,GSI1,1,72,,PICMAR,3.7,4.5,1,-99,1,1,1,,,,,,,,,,,,,,,
GSI11_73,7/10/2018,6/25/2024,GSI1,1,73,,PICMAR,-9999,-8888,0,-99,0,1,1,didn't find,,,,,,,,,,,,,,
GSI11_74,7/10/2018,6/25/2024,GSI1,1,74,,PICMAR,3.7,4,1,3,0,1,1,,,,,,,,,,,,,,,
GSI11_75,7/10/2018,6/25/2024,GSI1,1,75,,PICMAR,3.3,-7777,0,-99,0,1,1,,,,,,,,,,,,,,,
GSI11_76,7/10/2018,6/25/2024,GSI1,1,76,,PICMAR,4.4,4,0,-99,0,1,1,,,,,,,,,,,,,,,
GSI11_77,7/10/2018,6/25/2024,GSI1,1,77,,PICMAR,3.2,3.9,1,-99,0,1,1,,,,,,,,,,,,,,,
GSI11_78,7/10/2018,6/25/2024,GSI1,1,78,,PICMAR,4.6,5.3,1,-99,0,1,1,,,,,,,,,,,,,,,
GSI11_79,7/10/2018,6/25/2024,GSI1,1,79,,PICMAR,4,4.5,1,-99,0,1,1,,,,,,,,,,,,,,,
GSI11_80,7/10/2018,6/25/2024,GSI1,1,80,,PICMAR,-9999,-9999,0,-99,0,1,0,,,,,,,,,,,,,,,
GSI11_81,7/10/2018,6/25/2024,GSI1,1,81,,PICMAR,3.5,4.4,1,-99,0,1,1,,,,,,,,,,,,,,,
GSI11_82,7/10/2018,6/25/2024,GSI1,1,82,,PICGLA,6.7,7.8,1,-99,0,1,1,,,,,,,,,,,,,,,
GSI11_83,7/10/2018,6/25/2024,GSI1,1,83,,PICMAR,4.4,4.7,1,-99,0,1,1,,,,,,,,,,,,,,,
GSI11_84,7/10/2018,6/25/2024,GSI1,1,84,,PICGLA,7.5,8.2,1,-99,0,1,1,,,,,,,,,,,,,,,
GSI11_85,7/10/2018,6/25/2024,GSI1,1,85,,PICMAR,4.7,5,1,-99,0,1,1,,,,,,,,,,,,,,,
GSI11_86,7/10/2018,6/25/2024,GSI1,1,86,,PICMAR,3.3,3.6,1,-99,0,1,1,,,,,,,,,,,,,,,
GSI11_87,7/10/2018,6/25/2024,GSI1,1,87,,PICMAR,3.5,4.1,1,-99,0,1,1,,,,,,,,,,,,,,,
GSI11_88,7/10/2018,6/25/2024,GSI1,1,88,,PICMAR,4.6,5.4,1,-99,0,1,1,,,,,,,,,,,,,,,
GSI11_89,7/10/2018,6/25/2024,GSI1,1,89,,PICMAR,4.6,5,1,-99,0,1,1,,,,,,,,,,,,,,,
GSI11_90,7/10/2018,6/25/2024,GSI1,1,90,,PICMAR,4.6,5,1,-99,0,1,1,,,,,,,,,,,,,,,
GSI11_91,7/10/2018,6/25/2024,GSI1,1,91,,PICMAR,6.5,7.1,1,-99,0,1,1,,,,,,,,,,,,,,,
GSI11_92,7/10/2018,6/25/2024,GSI1,1,92,,PICMAR,5.6,5.8,1,-99,0,1,1,,,,,,,,,,,,,,,
GSI11_93,7/10/2018,6/25/2024,GSI1,1,93,,PICMAR,7.3,7.7,1,-99,0,1,1,,,,,,,,,,,,,,,
GSI11_94,7/10/2018,6/25/2024,GSI1,1,94,,PICMAR,3.3,3.8,1,-99,0,1,1,,,,,,,,,,,,,,,
GSI11_95,7/10/2018,6/25/2024,GSI1,1,95,,PICMAR,4.7,5.2,1,-99,0,1,1,,,,,,,,,,,,,,,
GSI11_96,7/10/2018,6/25/2024,GSI1,1,96,,PICMAR,6.1,6.9,1,-99,0,1,1,,,,,,,,,,,,,,,
GSI11_97,7/10/2018,6/25/2024,GSI1,1,97,,PICMAR,4.8,5.5,1,-99,0,1,1,,,,,,,,,,,,,,,
GSI11_98,7/10/2018,6/25/2024,GSI1,1,98,,PICMAR,4,4.3,1,4,0,1,1,,,,,,,,,,,,,,,
GSI11_99,7/10/2018,6/25/2024,GSI1,1,99,,PICMAR,6.9,7.5,1,-99,0,1,1,,,,,,,,,,,,,,,
GSI11_100,7/10/2018,6/25/2024,GSI1,1,100,,PICMAR,4.1,4.8,1,-99,0,1,1,,,,,,,,,,,,,,,
GSI11_293,7/10/2018,6/25/2024,GSI1,1,293,,PICGLA,2.7,2.8,1,-99,0,1,1,,old notes-By tree 21. 2019 notes-,,,,,,,,,,,,,
GSI11_294,7/10/2018,6/25/2024,GSI1,1,294,,PICMAR,2.5,3,1,-99,0,1,1,,old notes-By tree 100. 2019 notes-,,,,,,,,,,,,,
GSI11_295,7/10/2018,6/25/2024,GSI1,1,295,,PICMAR,3.2,3.4,1,-99,0,1,1,,old notes-By tree 100. 2019 notes-,,,,,,,,,,,,,
GSI11_296,7/10/2018,6/25/2024,GSI1,1,296,,PICMAR,3.1,3.2,1,-99,0,1,1,,old notes-By tree 96. 2019 notes-,,,,,,,,,,,,,
GSI11_297,7/10/2018,6/25/2024,GSI1,1,297,,PICMAR,2.8,3.3,1,-99,0,1,1,,old notes-By tree 90. 2019 notes-,,,,,,,,,,,,,
GSI11_298,7/10/2018,6/25/2024,GSI1,1,298,,PICMAR,2.7,2.8,1,2.5,1,1,1,,old notes-By tree 81. 2019 notes-,,,,,,,,,,,,,
GSI11_299,7/10/2018,6/25/2024,GSI1,1,299,,PICMAR,2.8,3.1,1,-99,0,1,1,,old notes-By tree 80. 2019 notes-,,,,,,,,,,,,,
GSI11_2001,,6/25/2024,GSI1,1,2001,,PICMAR,,2.6,1,-99,0,1,1,,,,,,,,,,,,,,,
GSI11_2002,,6/25/2024,GSI1,1,2002,,PICMAR,,2.5,1,-99,0,1,1,,,,,,,,,,,,,,,
GSI11_2003,,6/25/2024,GSI1,1,2003,,PICMAR,,2.6,1,-99,0,1,1,,,,,,,,,,,,,,,
GSI11_2004,,6/25/2024,GSI1,1,2004,,PICMAR,,2.8,1,-99,0,1,1,,,,,,,,,,,,,,,
GSI11_2005,,6/25/2024,GSI1,1,2005,,PICMAR,,2.5,1,-99,0,1,1,,,,,,,,,,,,,,,
GSI11_2006,,6/25/2024,GSI1,1,2006,,PICMAR,,2.8,1,-99,0,1,1,,,,,,,,,,,,,,,
GSI11_2007,,6/25/2024,GSI1,1,2007,,PICMAR,,3,1,-99,0,1,1,,,,,,,,,,,,,,,
GSI11_2008,,6/25/2024,GSI1,1,2008,,PICMAR,,2.6,1,-99,0,1,1,,,,,,,,,,,,,,,
GSI11_2011,,6/25/2024,GSI1,1,2011,,PICMAR,,2.6,1,-99,0,1,1,,,,,,,,,,,,,,,
GSI12_1,7/10/2018,6/25/2024,GSI1,2,1,,PICMAR,2.5,3,1,-99,0,1,1,,old notes-By tree 206. 2019 notes-,,,,,,,,,,,,,
GSI12_2,7/10/2018,6/25/2024,GSI1,2,2,,PICMAR,3,3.9,1,-99,0,1,1,,old notes-By tree 246. 2019 notes-,,,,,,,,,,,,,
GSI12_3,7/10/2018,6/25/2024,GSI1,2,3,,PICMAR,3.1,3.9,1,-99,0,1,1,,old notes-By tree 236. 2019 notes-,,,,,,,,,,,,,
GSI12_4,7/10/2018,6/25/2024,GSI1,2,4,,PICMAR,2.7,3,1,-99,0,1,1,,old notes-By tree 239. 2019 notes-,,,,,,,,,,,,,
GSI12_5,7/10/2018,6/25/2024,GSI1,2,5,,PICMAR,3.9,4.4,1,-99,0,1,1,,old notes-By tree 242. 2019 notes-,,,,,,,,,,,,,
GSI12_6,7/10/2018,6/25/2024,GSI1,2,6,,PICMAR,2.6,3.9,1,-99,0,1,1,,old notes-By tree 277. 2019 notes-,,,,,,,,,,,,,
GSI12_7,7/10/2018,6/25/2024,GSI1,2,7,,PICMAR,2.6,2.9,1,-99,0,1,1,,old notes-By tree 219. 2019 notes-,,,,,,,,,,,,,
GSI12_8,7/10/2018,6/25/2024,GSI1,2,8,,PICMAR,2.7,3.5,1,-99,1,1,1,,old notes-By tree 210. 2019 notes-,,,,,,,,,,,,,
GSI12_9,7/10/2018,6/25/2024,GSI1,2,9,,PICMAR,2.5,3.1,1,-99,0,1,1,,old notes-By tree 211. 2019 notes-,,,,,,,,,,,,,
GSI12_201,7/10/2018,6/25/2024,GSI1,2,201,,PICMAR,-9999,-8888,0,-99,0,1,1,didn't find,,,,,,,,,,,,,,
GSI12_202,7/10/2018,6/25/2024,GSI1,2,202,,PICMAR,6.6,7.3,1,-99,0,1,1,,,,,,,,,,,,,,,
GSI12_203,7/10/2018,6/25/2024,GSI1,2,203,,PICMAR,-9999,-8888,0,-99,0,1,1,didn't find,,standing dead in some sites is being tracked,,,,,,,,,,,,
GSI12_204,7/10/2018,6/25/2024,GSI1,2,204,,PICMAR,-9999,-8888,0,-99,0,1,1,didn't find,,,,,,,,,,,,,,
GSI12_205,7/10/2018,6/25/2024,GSI1,2,205,,PICMAR,4.1,4.8,1,-99,0,1,1,,,,,,,,,,,,,,,
GSI12_206,7/10/2018,6/25/2024,GSI1,2,206,,PICMAR,5.2,5.6,1,-99,0,1,1,,,,,,,,,,,,,,,
GSI12_207,7/10/2018,6/25/2024,GSI1,2,207,,PICMAR,3.8,4.3,1,-99,0,1,1,,,,,,,,,,,,,,,
GSI12_208,7/10/2018,6/25/2024,GSI1,2,208,,PICMAR,3.7,4.1,1,-99,0,1,1,,,,,,,,,,,,,,,
GSI12_209,7/10/2018,6/25/2024,GSI1,2,209,,PICMAR,4,4.6,1,-99,0,1,1,,,,,,,,,,,,,,,
GSI12_210,7/10/2018,6/25/2024,GSI1,2,210,,PICMAR,3.1,3.6,1,-99,0,1,1,,,,,,,,,,,,,,,
GSI12_211,7/10/2018,6/25/2024,GSI1,2,211,,PICMAR,3.4,4,1,-99,0,1,1,,,,,,,,,,,,,,,
GSI12_212,7/10/2018,6/25/2024,GSI1,2,212,,PICMAR,4,5.1,1,-99,0,1,1,,,,,,,,,,,,,,,
GSI12_213,7/10/2018,6/25/2024,GSI1,2,213,,PICMAR,5.6,6.2,1,-99,0,1,1,,,,,,,,,,,,,,,
GSI12_214,7/10/2018,6/25/2024,GSI1,2,214,,PICGLA,10.3,11.2,1,-99,0,1,1,,,,,,,,,,,,,,,
GSI12_215,7/10/2018,6/25/2024,GSI1,2,215,,PICMAR,8,8.4,1,-99,0,1,1,,,,,,,,,,,,,,,
GSI12_216,7/10/2018,6/25/2024,GSI1,2,216,,PICMAR,3.4,4.4,1,-99,0,1,1,,,,,,,,,,,,,,,
GSI12_217,7/10/2018,6/25/2024,GSI1,2,217,,PICMAR,-9999,-8888,0,-99,0,1,1,didn't find,,,,,,,,,,,,,,
GSI12_218,7/10/2018,6/25/2024,GSI1,2,218,,PICMAR,4,4.3,1,-99,1,1,1,,,,,,,,,,,,,,,
GSI12_219,7/10/2018,6/25/2024,GSI1,2,219,,PICMAR,3.6,4.1,1,-99,0,1,1,,,,,,,,,,,,,,,
GSI12_220,7/10/2018,6/25/2024,GSI1,2,220,,PICMAR,3.5,4,1,-99,0,1,1,,,,,,,,,,,,,,,
GSI12_221,7/10/2018,6/25/2024,GSI1,2,221,,PICMAR,7.2,8,1,-99,0,1,1,,,,,,,,,,,,,,,
GSI12_222,7/10/2018,6/25/2024,GSI1,2,222,,PICMAR,4,4.5,1,-99,0,1,1,,,,,,,,,,,,,,,
GSI12_223,7/10/2018,6/25/2024,GSI1,2,223,,PICMAR,4.2,-7777,1,-99,0,0,1,,,,,,,,,,,,,,,
GSI12_224,7/10/2018,6/25/2024,GSI1,2,224,,PICMAR,3.4,4,1,-99,0,1,1,,,,,,,,,,,,,,,
GSI12_225,7/10/2018,6/25/2024,GSI1,2,225,,PICMAR,-9999,-8888,0,-99,0,1,1,didn't find,,,,,,,,,,,,,,
GSI12_227,7/10/2018,6/25/2024,GSI1,2,227,,PICMAR,5,5.4,1,-99,0,1,1,,,,,,,,,,,,,,,
GSI12_228,7/10/2018,6/25/2024,GSI1,2,228,,PICMAR,-9999,-8888,0,-99,0,1,1,didn't find,,,,,,,,,,,,,,
GSI12_229,7/10/2018,6/25/2024,GSI1,2,229,,PICMAR,4.5,4.7,1,-99,0,1,1,,,,,,,,,,,,,,,
GSI12_230,7/10/2018,6/25/2024,GSI1,2,230,,PICGLA,4,4,1,-99,0,1,1,,,,,,,,,,,,,,,
GSI12_231,7/10/2018,6/25/2024,GSI1,2,231,,PICMAR,2.9,3.3,1,-99,0,1,1,,,,,,,,,,,,,,,
GSI12_232,7/10/2018,6/25/2024,GSI1,2,232,,PICMAR,5,5.5,1,-99,0,1,1,,,,,,,,,,,,,,,
GSI12_233,7/10/2018,6/25/2024,GSI1,2,233,,PICMAR,6.9,7.5,1,-99,0,1,1,,,,,,,,,,,,,,,
GSI12_234,7/10/2018,6/25/2024,GSI1,2,234,,PICMAR,6.7,7.5,1,-99,0,1,1,,,,,,,,,,,,,,,
GSI12_235,7/10/2018,6/25/2024,GSI1,2,235,,PICMAR,-9999,-8888,0,-99,0,1,1,didn't find,,,,,,,,,,,,,,
GSI12_236,7/10/2018,6/25/2024,GSI1,2,236,,PICMAR,3.6,4.2,1,-99,0,1,1,,,,,,,,,,,,,,,
GSI12_237,7/10/2018,6/25/2024,GSI1,2,237,,PICMAR,5.5,6.1,1,-99,0,1,1,,,,,,,,,,,,,,,
GSI12_238,7/10/2018,6/25/2024,GSI1,2,238,,PICMAR,3.3,3.7,1,-99,0,1,1,,,,,,,,,,,,,,,
GSI12_239,7/10/2018,6/25/2024,GSI1,2,239,,PICMAR,3.3,3.7,1,-99,0,1,1,,,,,,,,,,,,,,,
GSI12_240,7/10/2018,6/25/2024,GSI1,2,240,,PICMAR,4.2,5.9,1,-99,1,1,1,,,,,,,,,,,,,,,
GSI12_241,7/10/2018,6/25/2024,GSI1,2,241,,PICMAR,-9999,-8888,0,-99,0,1,1,didn't find,,,,,,,,,,,,,,
GSI12_242,7/10/2018,6/25/2024,GSI1,2,242,,PICMAR,3.7,4.6,1,-99,0,1,1,,,,,,,,,,,,,,,
GSI12_243,7/10/2018,6/25/2024,GSI1,2,243,,PICMAR,-9999,-8888,0,-99,0,1,1,didn't find,,,,,,,,,,,,,,
GSI12_244,7/10/2018,6/25/2024,GSI1,2,244,,PICMAR,-9999,-8888,0,-99,0,1,1,didn't find,,,,,,,,,,,,,,
GSI12_245,7/10/2018,6/25/2024,GSI1,2,245,,PICMAR,3.6,3.9,1,-99,0,1,1,,,,,,,,,,,,,,,
GSI12_246,7/10/2018,6/25/2024,GSI1,2,246,,PICMAR,5.7,6.4,1,-99,0,1,1,,,,,,,,,,,,,,,
GSI12_247,7/10/2018,6/25/2024,GSI1,2,247,,PICGLA,4.6,4.9,1,-99,0,1,1,,,,,,,,,,,,,,,
GSI12_248,7/10/2018,6/25/2024,GSI1,2,248,,PICMAR,5.7,6,1,-99,0,1,1,,,,,,,,,,,,,,,
GSI12_249,7/10/2018,6/25/2024,GSI1,2,249,,PICMAR,5,5.7,1,-99,0,1,1,,,,,,,,,,,,,,,
GSI12_250,7/10/2018,6/25/2024,GSI1,2,250,,PICMAR,4.6,4.8,1,-99,0,1,1,,,,,,,,,,,,,,,
GSI12_251,7/10/2018,6/25/2024,GSI1,2,251,,PICMAR,3.4,3.6,1,-99,0,1,1,,,,,,,,,,,,,,,
GSI12_252,7/10/2018,6/25/2024,GSI1,2,252,,PICMAR,4.8,5.3,1,-99,0,1,1,,,,,,,,,,,,,,,
GSI12_253,7/10/2018,6/25/2024,GSI1,2,253,,PICMAR,5,5.5,1,-99,0,1,1,,,,,,,,,,,,,,,
GSI12_254,7/10/2018,6/25/2024,GSI1,2,254,,PICMAR,3,3.4,1,-99,0,1,1,,,,,,,,,,,,,,,
GSI12_255,7/10/2018,6/25/2024,GSI1,2,255,,PICMAR,7,7.5,1,-99,0,1,1,,,,,,,,,,,,,,,
GSI12_256,7/10/2018,6/25/2024,GSI1,2,256,,PICMAR,6.5,7.3,1,-99,0,1,1,,,,,,,,,,,,,,,
GSI12_257,7/10/2018,6/25/2024,GSI1,2,257,,PICMAR,3.7,4,1,-99,0,1,1,,,,,,,,,,,,,,,
GSI12_258,7/10/2018,6/25/2024,GSI1,2,258,,PICMAR,4.2,4.4,1,-99,0,1,1,,,,,,,,,,,,,,,
GSI12_259,7/10/2018,6/25/2024,GSI1,2,259,,PICMAR,4.2,-7777,1,2,0,1,1,,,,,,,,,,,,,,,
GSI12_260,7/10/2018,6/25/2024,GSI1,2,260,,PICMAR,4.3,4.9,1,-99,0,1,1,,,,,,,,,,,,,,,
GSI12_261,7/10/2018,6/25/2024,GSI1,2,261,,PICMAR,-9999,-8888,0,-99,0,1,1,didn't find,,,,,,,,,,,,,,
GSI12_262,7/10/2018,6/25/2024,GSI1,2,262,,PICMAR,7.6,8.1,1,-99,0,1,1,,,,,,,,,,,,,,,
GSI12_263,7/10/2018,6/25/2024,GSI1,2,263,,PICMAR,3.5,3.3,1,-99,0,1,1,,,,,,,,,,,,,,,
GSI12_264,7/10/2018,6/25/2024,GSI1,2,264,,PICMAR,-9999,-8888,0,-99,0,1,1,didn't find,,,,,,,,,,,,,,
GSI12_265,7/10/2018,6/25/2024,GSI1,2,265,,PICMAR,4.3,4.6,1,-99,0,1,1,,,,,,,,,,,,,,,
GSI12_266,7/10/2018,6/25/2024,GSI1,2,266,,PICMAR,4.2,4.5,1,-99,0,1,1,,,,,,,,,,,,,,,
GSI12_267,7/10/2018,6/25/2024,GSI1,2,267,,PICMAR,3.8,4.3,1,-99,0,1,1,,,,,,,,,,,,,,,
GSI12_268,7/10/2018,6/25/2024,GSI1,2,268,,PICMAR,4.2,4.7,1,-99,0,1,1,,,,,,,,,,,,,,,
GSI12_269,7/10/2018,6/25/2024,GSI1,2,269,,PICMAR,5,5.4,1,-99,0,1,1,,,,,,,,,,,,,,,
GSI12_270,7/10/2018,6/25/2024,GSI1,2,270,,PICMAR,4.6,5.1,1,-99,0,1,1,,,,,,,,,,,,,,,
GSI12_271,7/10/2018,6/25/2024,GSI1,2,271,,PICMAR,-9999,-8888,0,-99,0,1,1,didn't find,,,,,,,,,,,,,,
GSI12_272,7/10/2018,6/25/2024,GSI1,2,272,,PICMAR,-9999,-8888,0,-99,0,1,1,didn't find,,,,,,,,,,,,,,
GSI12_273,7/10/2018,6/25/2024,GSI1,2,273,,PICGLA,7.8,8.7,1,-99,0,1,1,,,,,,,,,,,,,,,
GSI12_274,7/10/2018,6/25/2024,GSI1,2,274,,PICMAR,5.3,5.8,1,-99,0,1,1,,,,,,,,,,,,,,,
GSI12_275,7/10/2018,6/25/2024,GSI1,2,275,,PICMAR,-9999,-8888,0,-99,0,1,1,didn't find,,,,,,,,,,,,,,
GSI12_276,7/10/2018,6/25/2024,GSI1,2,276,,PICMAR,-9999,-8888,0,-99,0,1,1,didn't find,,,,,,,,,,,,,,
GSI12_277,7/10/2018,6/25/2024,GSI1,2,277,,PICMAR,6.2,6.8,1,-99,0,1,1,,,,,,,,,,,,,,,
GSI12_278,7/10/2018,6/25/2024,GSI1,2,278,,PICMAR,7,7.7,1,-99,0,1,1,,,,,,,,,,,,,,,
GSI12_279,7/10/2018,6/25/2024,GSI1,2,279,,PICMAR,6.5,7,1,-99,0,1,1,,,,,,,,,,,,,,,
GSI12_2009,,6/25/2024,GSI1,2,2009,,PICMAR,,3.1,1,-99,0,1,1,,,,,,,,,,,,,,,
GSI12_2010,,6/25/2024,GSI1,2,2010,,PICMAR,,2.9,1,-99,0,1,1,,,,,,,,,,,,,,,
GSI12_2012,,6/25/2024,GSI1,2,2012,,PICMAR,,2.5,1,-99,0,1,1,,,,,,,,,,,,,,,
GSI12_2013,,6/25/2024,GSI1,2,2013,,PICMAR,,2.7,1,-99,0,1,1,,,,,,,,,,,,,,,
GSI12_2014,,6/25/2024,GSI1,2,2014,,PICMAR,,2.5,1,-99,0,1,1,,,,,,,,,,,,,,,
GSI12_2015,,6/25/2024,GSI1,2,2015,,PICMAR,,2.9,1,-99,0,1,1,,,,,,,,,,,,,,,
GSI12_2016,,6/25/2024,GSI1,2,2016,,PICMAR,,2.7,1,-99,0,1,1,,,,,,,,,,,,,,,
GSI12_2017,,6/25/2024,GSI1,2,2017,,PICMAR,,2.5,1,-99,0,1,1,,,,,,,,,,,,,,,
GSI12_2018,,6/25/2024,GSI1,2,2018,,PICMAR,,2.6,1,-99,0,1,1,,,,,,,,,,,,,,,
GSI12_2019,,6/25/2024,GSI1,2,2019,,PICMAR,,2.8,1,-99,0,1,1,,,,,,,,,,,,,,,
GSI13_10,7/10/2018,6/25/2024,GSI1,3,10,,PICMAR,2.6,2.7,1,-99,0,1,1,,old notes-By tree 297. 2019 notes-,,,,,,,,,,,,,
GSI13_11,7/10/2018,6/25/2024,GSI1,3,11,,PICMAR,2.6,2.9,1,-99,0,1,1,,old notes-By tree 308. 2019 notes-,,,,,,,,,,,,,
GSI13_12,7/10/2018,6/25/2024,GSI1,3,12,,PICMAR,2.8,3.2,1,-99,0,1,1,,old notes-By tree 310. 2019 notes-,,,,,,,,,,,,,
GSI13_13,7/10/2018,6/25/2024,GSI1,3,13,,PICMAR,2.9,3.8,1,-99,1,1,1,,old notes-By tree 343. 2019 notes-,,,,,,,,,,,,,
GSI13_14,7/10/2018,6/25/2024,GSI1,3,14,,PICMAR,2.5,2.8,1,-99,0,1,1,probably actually in plot 7,old notes-By tree 306. 2019 notes-,,,,,,,,,,,,,
GSI13_15,7/10/2018,6/25/2024,GSI1,3,15,,PICMAR,3.4,3.8,1,-99,0,1,1,,old notes-By tree 306. 2019 notes-,,,,,,,,,,,,,
GSI13_16,7/10/2018,6/25/2024,GSI1,3,16,,PICMAR,2.7,3.1,1,-99,0,1,1,,old notes-By tree 329. 2019 notes-,,,,,,,,,,,,,
GSI13_17,7/10/2018,6/25/2024,GSI1,3,17,,PICMAR,2.5,2.8,1,-99,0,1,1,,old notes-By tree 350. 2019 notes-,,,,,,,,,,,,,
GSI13_21,7/10/2018,6/25/2024,GSI1,3,21,,PICMAR,2.8,3.1,1,-99,0,1,1,,old notes-By tree 336. 2019 notes-,,,,,,,,,,,,,
GSI13_273,7/10/2018,6/25/2024,GSI1,3,273,,PICGLA,6.6,7.2,1,-99,0,1,1,,,,,,,,,,,,,,,
GSI13_280,7/10/2018,6/25/2024,GSI1,3,280,,PICMAR,5.6,6,1,-99,0,1,1,,,,,,,,,,,,,,,
GSI13_281,7/10/2018,6/25/2024,GSI1,3,281,,PICMAR,4.2,4.9,1,-99,0,1,1,,,,,,,,,,,,,,,
GSI13_282,7/10/2018,6/25/2024,GSI1,3,282,,PICGLA,8.7,9.2,1,-99,0,1,1,,,,,,,,,,,,,,,
GSI13_283,7/10/2018,6/25/2024,GSI1,3,283,,PICMAR,4.6,5.4,1,-99,0,1,1,,,,,,,,,,,,,,,
GSI13_284,7/10/2018,6/25/2024,GSI1,3,284,,PICMAR,7.2,8.1,1,-99,0,1,1,,,,,,,,,,,,,,,
GSI13_285,7/10/2018,6/25/2024,GSI1,3,285,,PICMAR,4,4.8,1,-99,0,1,1,,,,,,,,,,,,,,,
GSI13_286,7/10/2018,6/25/2024,GSI1,3,286,,PICMAR,4.3,5.1,1,-99,0,1,1,,,,,,,,,,,,,,,
GSI13_287,7/10/2018,6/25/2024,GSI1,3,287,,PICMAR,-9999,-8888,0,-99,0,1,1,didn't find,,,,,,,,,,,,,,
GSI13_288,7/10/2018,6/25/2024,GSI1,3,288,,PICGLA,4.3,4.6,1,-99,0,1,1,,,,,,,,,,,,,,,
GSI13_289,7/10/2018,6/25/2024,GSI1,3,289,,PICMAR,4.6,5.5,1,-99,0,1,1,,,,,,,,,,,,,,,
GSI13_290,7/10/2018,6/25/2024,GSI1,3,290,,PICMAR,4.5,5,1,-99,0,1,1,,,,,,,,,,,,,,,
GSI13_291,7/10/2018,6/25/2024,GSI1,3,291,,PICMAR,6.3,7.1,1,-99,0,1,1,,,,,,,,,,,,,,,
GSI13_292,7/10/2018,6/25/2024,GSI1,3,292,,PICMAR,5.9,6.7,1,-99,0,1,1,,,,,,,,,,,,,,,
GSI13_293,7/10/2018,6/25/2024,GSI1,3,293,,PICMAR,-9999,-8888,0,-99,0,1,1,didn't find,,,,,,,,,,,,,,
GSI13_294,7/10/2018,6/25/2024,GSI1,3,294,,PICMAR,-9999,-8888,0,-99,0,1,1,didn't find,,,,,,,,,,,,,,
GSI13_295,7/10/2018,6/25/2024,GSI1,3,295,,PICMAR,-9999,-8888,0,-99,0,1,1,didn't find,,,,,,,,,,,,,,
GSI13_296,7/10/2018,6/25/2024,GSI1,3,296,,PICMAR,6,6.6,1,-99,0,1,1,,,,,,,,,,,,,,,
GSI13_297,7/10/2018,6/25/2024,GSI1,3,297,,PICMAR,3.4,4,1,-99,1,1,1,,,,,,,,,,,,,,,
GSI13_298,7/10/2018,6/25/2024,GSI1,3,298,,PICMAR,3.4,4.2,1,-99,0,1,1,,,,,,,,,,,,,,,
GSI13_299,7/10/2018,6/25/2024,GSI1,3,299,,PICGLA,10.7,11.3,1,-99,0,1,1,,,,,,,,,,,,,,,
GSI13_300,7/10/2018,6/25/2024,GSI1,3,300,,PICGLA,6.1,6.4,1,-99,0,1,1,,,,,,,,,,,,,,,
GSI13_301,7/10/2018,6/25/2024,GSI1,3,301,,PICMAR,3,3.4,1,-99,0,1,1,,,,,,,,,,,,,,,
GSI13_302,7/10/2018,6/25/2024,GSI1,3,302,,PICMAR,3.5,4.1,1,-99,0,1,1,,,,,,,,,,,,,,,
GSI13_303,7/10/2018,6/25/2024,GSI1,3,303,,PICMAR,3,3.4,1,-99,0,1,1,,,,,,,,,,,,,,,
GSI13_304,7/10/2018,6/25/2024,GSI1,3,304,,PICMAR,4,4.3,1,-99,0,1,1,,,,,,,,,,,,,,,
GSI13_305,7/10/2018,6/25/2024,GSI1,3,305,,PICMAR,4,4.4,1,-99,0,1,1,,,,,,,,,,,,,,,
GSI13_306,7/10/2018,6/25/2024,GSI1,3,306,,PICMAR,4.8,5.2,1,-99,0,1,1,,,,,,,,,,,,,,,
GSI13_307,7/10/2018,6/25/2024,GSI1,3,307,,PICMAR,4.3,4.6,1,-99,0,1,1,,,,,,,,,,,,,,,
GSI13_308,7/10/2018,6/25/2024,GSI1,3,308,,PICMAR,5.1,5.5,1,-99,0,1,1,,,,,,,,,,,,,,,
GSI13_309,7/10/2018,6/25/2024,GSI1,3,309,,PICGLA,5.3,5.6,1,-99,0,1,1,,,,,,,,,,,,,,,
GSI13_310,7/10/2018,6/25/2024,GSI1,3,310,,PICMAR,5,5.5,1,-99,0,1,1,,,,,,,,,,,,,,,
GSI13_311,7/10/2018,6/25/2024,GSI1,3,311,,PICGLA,6.6,7,1,-99,0,1,1,,,,,,,,,,,,,,,
GSI13_312,7/10/2018,6/25/2024,GSI1,3,312,,PICGLA,3.1,3.5,1,-99,0,1,1,,,,,,,,,,,,,,,
GSI13_313,7/10/2018,6/25/2024,GSI1,3,313,,PICMAR,6.6,7.4,1,-99,0,1,1,,,,,,,,,,,,,,,
GSI13_314,7/10/2018,6/25/2024,GSI1,3,314,,PICMAR,4.8,5.4,1,-99,0,1,1,,,,,,,,,,,,,,,
GSI13_315,7/10/2018,6/25/2024,GSI1,3,315,,PICMAR,4.2,4.7,1,-99,0,1,1,,,,,,,,,,,,,,,
GSI13_316,7/10/2018,6/25/2024,GSI1,3,316,,PICMAR,3.3,3.8,1,-99,0,1,1,,,,,,,,,,,,,,,
GSI13_317,7/10/2018,6/25/2024,GSI1,3,317,,PICGLA,4.4,4.8,1,-99,0,1,1,,,,,,,,,,,,,,,
GSI13_318,7/10/2018,6/25/2024,GSI1,3,318,,PICMAR,6.6,7.3,1,-99,0,1,1,,,,,,,,,,,,,,,
GSI13_319,7/10/2018,6/25/2024,GSI1,3,319,,PICMAR,7,7.3,1,-99,0,1,1,,,,,,,,,,,,,,,
GSI13_320,7/10/2018,6/25/2024,GSI1,3,320,,PICMAR,-9999,-8888,0,-99,0,1,1,didn't find,,,,,,,,,,,,,,
GSI13_321,7/10/2018,6/25/2024,GSI1,3,321,,PICMAR,4.2,-7777,1,1.5,0,1,1,,,,,,,,,,,,,,,
GSI13_322,7/10/2018,6/25/2024,GSI1,3,322,,PICMAR,5.6,5.9,1,-99,0,1,1,,,,,,,,,,,,,,,
GSI13_323,7/10/2018,6/25/2024,GSI1,3,323,,PICMAR,5.3,5.9,1,-99,0,1,1,,,,,,,,,,,,,,,
GSI13_324,7/10/2018,6/25/2024,GSI1,3,324,,PICMAR,5.7,6.1,1,-99,0,1,1,,,,,,,,,,,,,,,
GSI13_325,7/10/2018,6/25/2024,GSI1,3,325,,PICMAR,-9999,-8888,0,-99,0,1,1,didn't find,,,,,,,,,,,,,,
GSI13_326,7/10/2018,6/25/2024,GSI1,3,326,,PICMAR,4.2,4.8,1,-99,0,1,1,,,,,,,,,,,,,,,
GSI13_327,7/10/2018,6/25/2024,GSI1,3,327,,PICGLA,5.2,6,1,-99,0,1,1,,,,,,,,,,,,,,,
GSI13_328,7/10/2018,6/25/2024,GSI1,3,328,,PICMAR,5.5,6.4,1,-99,0,1,1,,,,,,,,,,,,,,,
GSI13_329,7/10/2018,6/25/2024,GSI1,3,329,,PICMAR,4.2,-7777,0,2,0,1,1,,,,,,,,,,,,,,,
GSI13_330,7/10/2018,6/25/2024,GSI1,3,330,,PICMAR,4.1,4.5,1,-99,0,1,1,,,,,,,,,,,,,,,
GSI13_331,7/10/2018,6/25/2024,GSI1,3,331,,PICMAR,4.5,4.8,1,-99,1,1,1,,,,,,,,,,,,,,,
GSI13_332,7/10/2018,6/25/2024,GSI1,3,332,,PICMAR,4.1,-7777,1,2,0,1,1,,,,,,,,,,,,,,,
GSI13_333,7/10/2018,6/25/2024,GSI1,3,333,,PICMAR,5.7,6.8,1,-99,0,1,1,,,,,,,,,,,,,,,
GSI13_334,7/10/2018,6/25/2024,GSI1,3,334,,PICMAR,6.3,7.8,1,-99,0,1,1,,,,,,,,,,,,,,,
GSI13_335,7/10/2018,6/25/2024,GSI1,3,335,,PICMAR,6.7,7.3,1,-99,0,1,1,,,,,,,,,,,,,,,
GSI13_336,7/10/2018,6/25/2024,GSI1,3,336,,PICMAR,6.7,7,1,-99,0,1,1,,,,,,,,,,,,,,,
GSI13_337,7/10/2018,6/25/2024,GSI1,3,337,,PICMAR,5.5,5.8,1,-99,0,1,1,,,,,,,,,,,,,,,
GSI13_338,7/10/2018,6/25/2024,GSI1,3,338,,PICMAR,3,3.4,1,-99,0,1,1,,,,,,,,,,,,,,,
GSI13_339,7/10/2018,6/25/2024,GSI1,3,339,,PICMAR,6.3,7,1,-99,0,1,1,,,,,,,,,,,,,,,
GSI13_340,7/10/2018,6/25/2024,GSI1,3,340,,PICMAR,7.2,8.2,1,-99,0,1,1,,,,,,,,,,,,,,,
GSI13_341,7/10/2018,6/25/2024,GSI1,3,341,,PICMAR,5.2,5.9,1,-99,0,1,1,,,,,,,,,,,,,,,
GSI13_342,7/10/2018,6/25/2024,GSI1,3,342,,PICMAR,6,6.8,1,-99,0,1,1,,,,,,,,,,,,,,,
GSI13_343,7/10/2018,6/25/2024,GSI1,3,343,,PICMAR,3,3.3,1,-99,0,1,1,,,,,,,,,,,,,,,
GSI13_344,7/10/2018,6/25/2024,GSI1,3,344,,PICMAR,4.6,5.5,1,-99,0,1,1,,,,,,,,,,,,,,,
GSI13_345,7/10/2018,6/25/2024,GSI1,3,345,,PICMAR,3.2,-7777,1,-99,1,1,1,,,,,,,,,,,,,,,
GSI13_346,7/10/2018,6/25/2024,GSI1,3,346,,PICMAR,-9999,-8888,0,-99,0,1,1,didn't find,,,,,,,,,,,,,,
GSI13_347,7/10/2018,6/25/2024,GSI1,3,347,,PICMAR,5,5.5,1,-99,0,1,1,,,,,,,,,,,,,,,
GSI13_348,7/10/2018,6/25/2024,GSI1,3,348,,PICMAR,5,5.7,1,-99,0,1,1,,,,,,,,,,,,,,,
GSI13_349,7/10/2018,6/25/2024,GSI1,3,349,,PICMAR,8.1,8.8,1,-99,0,1,1,,,,,,,,,,,,,,,
GSI13_350,7/10/2018,6/25/2024,GSI1,3,350,,PICMAR,4.3,4.5,1,-99,0,1,1,,,,,,,,,,,,,,,
GSI13_351,7/10/2018,6/25/2024,GSI1,3,351,,PICMAR,-9999,-8888,0,-99,0,1,1,didn't find,,,,,,,,,,,,,,
GSI13_352,7/10/2018,6/25/2024,GSI1,3,352,,PICMAR,6,6.3,1,-99,0,1,1,,,,,,,,,,,,,,,
GSI13_353,7/10/2018,6/25/2024,GSI1,3,353,,PICMAR,3.8,4.3,1,-99,0,1,1,,,,,,,,,,,,,,,
GSI13_354,7/10/2018,6/25/2024,GSI1,3,354,,PICGLA,6.2,6.3,1,-99,0,1,1,,,,,,,,,,,,,,,
GSI13_355,7/10/2018,6/25/2024,GSI1,3,355,,PICGLA,3.1,3.3,1,-99,0,1,1,,,,,,,,,,,,,,,
GSI13_356,7/10/2018,6/25/2024,GSI1,3,356,,PICMAR,4.8,5.2,1,-99,0,1,1,,,,,,,,,,,,,,,
GSI13_357,7/10/2018,6/25/2024,GSI1,3,357,,PICMAR,5.3,6.1,1,-99,0,1,1,,,,,,,,,,,,,,,
GSI13_358,7/10/2018,6/25/2024,GSI1,3,358,,PICMAR,-9999,-8888,0,-99,0,1,1,didn't find,,,,,,,,,,,,,,
GSI13_2020,,6/25/2024,GSI1,3,2020,,PICMAR,,2.9,1,-99,0,1,1,,,,,,,,,,,,,,,
GSI13_2021,,6/25/2024,GSI1,3,2021,,PICMAR,,2.5,1,-99,0,1,1,,,,,,,,,,,,,,,
GSI13_2022,,6/25/2024,GSI1,3,2022,,PICMAR,,2.8,1,-99,0,1,1,,,,,,,,,,,,,,,
GSI13_2023,,6/25/2024,GSI1,3,2023,,PICMAR,,3.7,1,-99,0,1,1,,,,,,,,,,,,,,,
GSI13_2024,,6/25/2024,GSI1,3,2024,,PICMAR,,3.1,1,-99,0,1,1,,,,,,,,,,,,,,,
GSI13_2025,,6/25/2024,GSI1,3,2025,,PICMAR,,3.8,1,-99,0,1,1,,,,,,,,,,,,,,,
GSI13_2026,,6/25/2024,GSI1,3,2026,,PICMAR,,3.1,1,-99,0,1,1,,,,,,,,,,,,,,,
GSI13_2027,,6/25/2024,GSI1,3,2027,,PICMAR,,2.5,1,-99,0,1,1,,,,,,,,,,,,,,,
GSI14_18,7/10/2018,6/25/2024,GSI1,4,18,,PICMAR,2.7,3.2,1,-99,0,1,1,,old notes-By tree 396. 2019 notes-,,,,,,,,,,,,,
GSI14_19,7/10/2018,6/25/2024,GSI1,4,19,,PICMAR,2.5,2.8,1,-99,0,1,1,,old notes-By tree 392. 2019 notes-,,,,,,,,,,,,,
GSI14_20,7/10/2018,6/25/2024,GSI1,4,20,,PICMAR,2.6,2.8,1,-99,0,1,1,,old notes-By tree 379. 2019 notes-,,,,,,,,,,,,,
GSI14_359,7/10/2018,6/25/2024,GSI1,4,359,,PICMAR,4.2,5.3,1,-99,0,1,1,,,,,,,,,,,,,,,
GSI14_360,7/10/2018,6/25/2024,GSI1,4,360,,PICMAR,4.6,5.1,1,-99,0,1,1,,,,,,,,,,,,,,,
GSI14_362,7/10/2018,6/25/2024,GSI1,4,362,,PICMAR,7,7.4,1,-99,0,1,1,,,,,,,,,,,,,,,
GSI14_363,7/10/2018,6/25/2024,GSI1,4,363,,PICMAR,7.6,8.4,1,-99,0,1,1,,,,,,,,,,,,,,,
GSI14_364,7/10/2018,6/25/2024,GSI1,4,364,,PICMAR,4.9,5.4,1,-99,0,1,1,,,,,,,,,,,,,,,
GSI14_365,7/10/2018,6/25/2024,GSI1,4,365,,PICMAR,5.2,6,1,-99,0,1,1,,,,,,,,,,,,,,,
GSI14_366,7/10/2018,6/25/2024,GSI1,4,366,,PICMAR,5.6,6.3,1,-99,0,1,1,,,,,,,,,,,,,,,
GSI14_367,7/10/2018,6/25/2024,GSI1,4,367,,PICMAR,4.6,5.1,1,-99,0,1,1,,,,,,,,,,,,,,,
GSI14_368,7/10/2018,6/25/2024,GSI1,4,368,,PICMAR,5.3,6.1,1,-99,0,1,1,,,,,,,,,,,,,,,
GSI14_369,7/10/2018,6/25/2024,GSI1,4,369,,PICMAR,3.3,3.8,1,-99,0,1,1,,,,,,,,,,,,,,,
GSI14_370,7/10/2018,6/25/2024,GSI1,4,370,,PICMAR,9,10.1,1,-99,0,1,1,,,,,,,,,,,,,,,
GSI14_371,7/10/2018,6/25/2024,GSI1,4,371,,PICMAR,-9999,-8888,0,-99,0,1,1,didn't find,,,,,,,,,,,,,,
GSI14_372,7/10/2018,6/25/2024,GSI1,4,372,,PICMAR,7.5,8.1,1,-99,0,1,1,,,,,,,,,,,,,,,
GSI14_373,7/10/2018,6/25/2024,GSI1,4,373,,PICMAR,3.9,4.5,1,-99,0,1,1,,,,,,,,,,,,,,,
GSI14_374,7/10/2018,6/25/2024,GSI1,4,374,,PICMAR,8.2,8.8,1,-99,0,1,1,,,,,,,,,,,,,,,
GSI14_375,7/10/2018,6/25/2024,GSI1,4,375,,PICMAR,5,5.9,1,-99,0,1,1,,,,,,,,,,,,,,,
GSI14_376,7/10/2018,6/25/2024,GSI1,4,376,,PICMAR,7,7.6,1,-99,0,1,1,,,,,,,,,,,,,,,
GSI14_377,7/10/2018,6/25/2024,GSI1,4,377,,PICMAR,-9999,-8888,0,-99,0,1,1,didn't find,,,,,,,,,,,,,,
GSI14_378,7/10/2018,6/25/2024,GSI1,4,378,,PICMAR,5.4,6.2,1,-99,0,1,1,,,,,,,,,,,,,,,
GSI14_379,7/10/2018,6/25/2024,GSI1,4,379,,PICMAR,6.4,6.9,1,-99,0,1,1,,,,,,,,,,,,,,,
GSI14_380,7/10/2018,6/25/2024,GSI1,4,380,,PICMAR,3.4,3.6,1,-99,0,1,1,,,,,,,,,,,,,,,
GSI14_381,7/10/2018,6/25/2024,GSI1,4,381,,PICMAR,8.4,9.3,1,-99,0,1,1,,,,,,,,,,,,,,,
GSI14_382,7/10/2018,6/25/2024,GSI1,4,382,,PICMAR,7.1,7.6,1,-99,0,1,1,,,,,,,,,,,,,,,
GSI14_383,7/10/2018,6/25/2024,GSI1,4,383,,PICGLA,10.5,11.4,1,-99,0,1,1,,,,,,,,,,,,,,,
GSI14_384,7/10/2018,6/25/2024,GSI1,4,384,,PICMAR,7.8,8.3,1,-99,0,1,1,,,,,,,,,,,,,,,
GSI14_385,7/10/2018,6/25/2024,GSI1,4,385,,PICMAR,8.5,8.9,1,-99,0,1,1,,,,,,,,,,,,,,,
GSI14_386,7/10/2018,6/25/2024,GSI1,4,386,,PICMAR,3.6,3.5,1,-99,0,1,1,,,,,,,,,,,,,,,
GSI14_387,7/10/2018,6/25/2024,GSI1,4,387,,PICMAR,8.6,9.2,1,-99,0,1,1,,,,,,,,,,,,,,,
GSI14_388,7/10/2018,6/25/2024,GSI1,4,388,,PICMAR,-9999,-8888,0,-99,0,1,1,didn't find,,,,,,,,,,,,,,
GSI14_389,7/10/2018,6/25/2024,GSI1,4,389,,PICMAR,-9999,-8888,0,-99,0,1,1,didn't find,,,,,,,,,,,,,,
GSI14_390,7/10/2018,6/25/2024,GSI1,4,390,,PICMAR,3.2,3.6,1,-99,0,1,1,,,,,,,,,,,,,,,
GSI14_391,7/10/2018,6/25/2024,GSI1,4,391,,PICGLA,5.4,5.8,1,-99,0,1,1,,,,,,,,,,,,,,,
GSI14_392,7/10/2018,6/25/2024,GSI1,4,392,,PICMAR,5,5.7,1,-99,0,1,1,,,,,,,,,,,,,,,
GSI14_393,7/10/2018,6/25/2024,GSI1,4,393,,PICMAR,4.6,-7777,0,-99,0,1,1,,,,,,,,,,,,,,,
GSI14_394,7/10/2018,6/25/2024,GSI1,4,394,,PICGLA,7.6,8.1,1,-99,0,1,1,,,,,,,,,,,,,,,
GSI14_395,7/10/2018,6/25/2024,GSI1,4,395,,PICGLA,13.4,13.8,1,-99,0,1,1,,,,,,,,,,,,,,,
GSI14_396,7/10/2018,6/25/2024,GSI1,4,396,,PICMAR,5.4,5.8,1,-99,0,1,1,,,,,,,,,,,,,,,
GSI14_397,7/10/2018,6/25/2024,GSI1,4,397,,PICMAR,3.2,-7777,0,-99,0,1,1,,,,,,,,,,,,,,,
GSI14_398,7/10/2018,6/25/2024,GSI1,4,398,,PICMAR,7.7,8.4,1,-99,0,1,1,,,,,,,,,,,,,,,
GSI14_399,7/10/2018,6/25/2024,GSI1,4,399,,PICMAR,4,-9999,0,-99,0,1,0,,,,,,,,,,,,,,,
GSI14_400,7/10/2018,6/25/2024,GSI1,4,400,,PICMAR,3.7,4,1,-99,0,1,1,,,,,,,,,,,,,,,
GSI14_401,7/10/2018,6/25/2024,GSI1,4,401,,PICMAR,3.1,-7777,0,-99,0,1,1,,,,,,,,,,,,,,,
GSI14_402,7/10/2018,6/25/2024,GSI1,4,402,,PICMAR,4.7,5.5,1,-99,0,1,1,,,,,,,,,,,,,,,
GSI14_403,7/10/2018,6/25/2024,GSI1,4,403,,PICGLA,4.5,-7777,0,-99,0,1,1,,,,,,,,,,,,,,,
GSI14_404,7/10/2018,6/25/2024,GSI1,4,404,,PICGLA,7.4,8.7,1,-99,0,1,1,,,,,,,,,,,,,,,
GSI14_405,7/10/2018,6/25/2024,GSI1,4,405,,PICMAR,3,3.3,1,-99,0,1,1,,,,,,,,,,,,,,,
GSI14_406,7/10/2018,6/25/2024,GSI1,4,406,,PICMAR,4.2,4.4,1,-99,0,1,1,,,,,,,,,,,,,,,
GSI14_407,7/10/2018,6/25/2024,GSI1,4,407,,PICMAR,6.5,7.1,1,-99,0,1,1,,,,,,,,,,,,,,,
GSI14_408,7/10/2018,6/25/2024,GSI1,4,408,,PICMAR,3.1,3.4,1,-99,0,1,1,,,,,,,,,,,,,,,
GSI14_409,7/10/2018,6/25/2024,GSI1,4,409,,PICMAR,4.9,5.4,1,-99,0,1,1,,,,,,,,,,,,,,,
GSI14_410,7/10/2018,6/25/2024,GSI1,4,410,,PICMAR,4.7,5.1,1,-99,0,1,1,,,,,,,,,,,,,,,
GSI14_411,7/10/2018,6/25/2024,GSI1,4,411,,PICMAR,5.3,5.8,1,-99,0,1,1,,,,,,,,,,,,,,,
GSI14_412,7/10/2018,6/25/2024,GSI1,4,412,,PICMAR,8.5,9.1,1,-99,0,1,1,,,,,,,,,,,,,,,
GSI14_2028,,6/25/2024,GSI1,4,2028,,PICMAR,,2.6,1,-99,0,1,1,,,,,,,,,,,,,,,
GSI14_2029,,6/25/2024,GSI1,4,2029,,PICMAR,,2.9,1,-99,0,1,1,,,,,,,,,,,,,,,
GSI14_2030,,6/25/2024,GSI1,4,2030,,PICMAR,,2.9,1,-99,0,1,1,,,,,,,,,,,,,,,
GSI14_2031,,6/25/2024,GSI1,4,2031,,PICMAR,,2.6,1,-99,0,1,1,,,,,,,,,,,,,,,
GSI16_22,7/10/2018,6/25/2024,GSI1,6,22,,PICMAR,2.7,2.8,1,-99,0,1,1,,old notes-By tree 414. 2019 notes-,,,,,,,,,,,,,
GSI16_23,7/10/2018,6/25/2024,GSI1,6,23,,PICMAR,2.6,2.9,1,-99,0,1,1,,old notes-By tree 474. 2019 notes-,,,,,,,,,,,,,
GSI16_24,7/10/2018,6/25/2024,GSI1,6,24,,PICMAR,2.7,-7777,0,-99,0,1,1,,old notes-By tree 474. 2019 notes-,,,,,,,,,,,,,
GSI16_25,7/10/2018,6/25/2024,GSI1,6,25,,PICMAR,2.8,3.1,1,-99,0,1,1,,old notes-By tree 469. 2019 notes-,,,,,,,,,,,,,
GSI16_26,7/10/2018,6/25/2024,GSI1,6,26,,PICMAR,2.6,3,1,-99,0,1,1,,old notes-By tree 460. 2019 notes-,,,,,,,,,,,,,
GSI16_27,7/10/2018,6/25/2024,GSI1,6,27,,PICMAR,2.5,2.5,1,-99,1,1,1,,old notes-By tree 455. 2019 notes-,,,,,,,,,,,,,
GSI16_28,7/10/2018,6/25/2024,GSI1,6,28,,PICMAR,2.8,3.1,1,-99,0,1,1,,old notes-By tree 445. 2019 notes-,,,,,,,,,,,,,
GSI16_29,7/10/2018,6/25/2024,GSI1,6,29,,PICMAR,2.6,2.6,1,-99,0,1,1,,old notes-By tree 445. 2019 notes-,,,,,,,,,,,,,
GSI16_30,7/10/2018,6/25/2024,GSI1,6,30,,PICMAR,2.5,3.2,1,-99,0,1,1,,old notes-By tree 441 Inside clump of hardwoods. 2019 notes-,,,,,,,,,,,,,
GSI16_413,7/10/2018,6/25/2024,GSI1,6,413,,PICMAR,6.5,6.9,1,-99,0,1,1,,,,,,,,,,,,,,,
GSI16_414,7/10/2018,6/25/2024,GSI1,6,414,,PICMAR,6.4,6.7,1,-99,0,1,1,,,,,,,,,,,,,,,
GSI16_415,7/10/2018,6/25/2024,GSI1,6,415,,PICMAR,6.6,6.9,1,-99,0,1,1,,,,,,,,,,,,,,,
GSI16_416,7/10/2018,6/25/2024,GSI1,6,416,,PICMAR,4.4,4.6,1,-99,0,1,1,,,,,,,,,,,,,,,
GSI16_417,7/10/2018,6/25/2024,GSI1,6,417,,PICMAR,3.9,4.4,1,-99,0,1,1,,,,,,,,,,,,,,,
GSI16_418,7/10/2018,6/25/2024,GSI1,6,418,,PICMAR,4.8,5.2,1,-99,0,1,1,,,,,,,,,,,,,,,
GSI16_419,7/10/2018,6/25/2024,GSI1,6,419,,PICMAR,3.2,-7777,0,1.75,0,1,1,,,,,,,,,,,,,,,
GSI16_420,7/10/2018,6/25/2024,GSI1,6,420,,PICMAR,3.8,3.5,1,-99,0,1,1,,,,,,,,,,,,,,,
GSI16_421,7/10/2018,6/25/2024,GSI1,6,421,,PICMAR,5.2,5.9,1,-99,0,1,1,,,,,,,,,,,,,,,
GSI16_422,7/10/2018,6/25/2024,GSI1,6,422,,PICMAR,2.9,3,1,-99,0,1,1,,,,,,,,,,,,,,,
GSI16_423,7/10/2018,6/25/2024,GSI1,6,423,,PICMAR,5.7,6.1,1,-99,0,1,1,,,,,,,,,,,,,,,
GSI16_424,7/10/2018,6/25/2024,GSI1,6,424,,PICMAR,4.5,5,1,-99,0,1,1,,,,,,,,,,,,,,,
GSI16_425,7/10/2018,6/25/2024,GSI1,6,425,,PICMAR,4.7,5,1,-99,0,1,1,,,,,,,,,,,,,,,
GSI16_426,7/10/2018,6/25/2024,GSI1,6,426,,PICMAR,6,6.6,1,-99,0,1,1,,,,,,,,,,,,,,,
GSI16_427,7/10/2018,6/25/2024,GSI1,6,427,,PICMAR,4.2,4.6,1,-99,0,1,1,,,,,,,,,,,,,,,
GSI16_428,7/10/2018,6/25/2024,GSI1,6,428,,PICMAR,4.8,5.6,1,-99,0,1,1,,,,,,,,,,,,,,,
GSI16_429,7/10/2018,6/25/2024,GSI1,6,429,,PICMAR,7.9,8.4,1,-99,0,1,1,,,,,,,,,,,,,,,
GSI16_430,7/10/2018,6/25/2024,GSI1,6,430,,PICMAR,8.8,9.6,1,-99,0,1,1,,,,,,,,,,,,,,,
GSI16_431,7/10/2018,6/25/2024,GSI1,6,431,,PICMAR,8.1,8.6,1,-99,0,1,1,,,,,,,,,,,,,,,
GSI16_432,7/10/2018,6/25/2024,GSI1,6,432,,PICMAR,10.3,11.8,1,-99,0,1,1,,,,,,,,,,,,,,,
GSI16_433,7/10/2018,6/25/2024,GSI1,6,433,,PICMAR,4.7,5.4,1,-99,0,1,1,,,,,,,,,,,,,,,
GSI16_434,7/10/2018,6/25/2024,GSI1,6,434,,PICMAR,4.1,5.1,1,-99,0,1,1,,,,,,,,,,,,,,,
GSI16_435,7/10/2018,6/25/2024,GSI1,6,435,,PICMAR,4.1,4,0,-99,0,1,1,,,,,,,,,,,,,,,
GSI16_436,7/10/2018,6/25/2024,GSI1,6,436,,PICMAR,5,5.7,1,-99,0,1,1,,,,,,,,,,,,,,,
GSI16_437,7/10/2018,6/25/2024,GSI1,6,437,,PICMAR,-9999,-8888,0,-99,0,1,1,didn't find,,,,,,,,,,,,,,
GSI16_438,7/10/2018,6/25/2024,GSI1,6,438,,PICMAR,4.6,5,1,-99,0,1,1,,,,,,,,,,,,,,,
GSI16_439,7/10/2018,6/25/2024,GSI1,6,439,,PICMAR,4.4,-7777,0,-99,0,1,1,,,,,,,,,,,,,,,
GSI16_440,7/10/2018,6/25/2024,GSI1,6,440,,PICMAR,4.3,5,1,-99,0,1,1,,,,,,,,,,,,,,,
GSI16_441,7/10/2018,6/25/2024,GSI1,6,441,,PICMAR,-9999,-8888,0,-99,0,1,1,didn't find,,,,,,,,,,,,,,
GSI16_442,7/10/2018,6/25/2024,GSI1,6,442,,PICMAR,8.4,8.9,1,-99,0,1,1,,,,,,,,,,,,,,,
GSI16_443,7/10/2018,6/25/2024,GSI1,6,443,,PICMAR,3.3,3.5,1,-99,0,1,1,,,,,,,,,,,,,,,
GSI16_444,7/10/2018,6/25/2024,GSI1,6,444,,PICMAR,3,3.1,1,-99,0,1,1,,,,,,,,,,,,,,,
GSI16_445,7/10/2018,6/25/2024,GSI1,6,445,,PICGLA,4.8,5,1,-99,0,1,1,,,,,,,,,,,,,,,
GSI16_446,7/10/2018,6/25/2024,GSI1,6,446,,PICMAR,4.5,4.7,1,-99,0,1,1,,,,,,,,,,,,,,,
GSI16_447,7/10/2018,6/25/2024,GSI1,6,447,,PICMAR,4.3,4.9,1,-99,0,1,1,,,,,,,,,,,,,,,
GSI16_448,7/10/2018,6/25/2024,GSI1,6,448,,PICMAR,4.4,4.7,1,-99,0,1,1,,,,,,,,,,,,,,,
GSI16_449,7/10/2018,6/25/2024,GSI1,6,449,,PICMAR,7.4,7.8,1,-99,0,1,1,,,,,,,,,,,,,,,
GSI16_450,7/10/2018,6/25/2024,GSI1,6,450,,PICMAR,2.8,3.1,1,-99,0,1,1,,,,,,,,,,,,,,,
GSI16_451,7/10/2018,6/25/2024,GSI1,6,451,,PICMAR,3.8,4.1,1,-99,0,1,1,,,,,,,,,,,,,,,
GSI16_452,7/10/2018,6/25/2024,GSI1,6,452,,PICMAR,4.6,5,1,-99,0,1,1,,,,,,,,,,,,,,,
GSI16_453,7/10/2018,6/25/2024,GSI1,6,453,,PICMAR,6.6,6.9,1,-99,0,1,1,,,,,,,,,,,,,,,
GSI16_454,7/10/2018,6/25/2024,GSI1,6,454,,PICMAR,5.8,6,1,-99,0,1,1,,,,,,,,,,,,,,,
GSI16_455,7/10/2018,6/25/2024,GSI1,6,455,,PICMAR,2.8,3.2,1,-99,0,1,1,,,,,,,,,,,,,,,
GSI16_456,7/10/2018,6/25/2024,GSI1,6,456,,PICGLA,10,10.8,1,-99,0,1,1,,,,,,,,,,,,,,,
GSI16_457,7/10/2018,6/25/2024,GSI1,6,457,,PICMAR,4.8,5.4,1,-99,0,1,1,,,,,,,,,,,,,,,
GSI16_458,7/10/2018,6/25/2024,GSI1,6,458,,PICMAR,5.2,5.3,1,-99,0,1,1,,,,,,,,,,,,,,,
GSI16_459,7/10/2018,6/25/2024,GSI1,6,459,,PICMAR,3.6,3.9,1,-99,0,1,1,,,,,,,,,,,,,,,
GSI16_460,7/10/2018,6/25/2024,GSI1,6,460,,PICMAR,4.5,4.8,1,-99,0,1,1,,,,,,,,,,,,,,,
GSI16_461,7/10/2018,6/25/2024,GSI1,6,461,,PICMAR,4.9,5.1,1,-99,0,1,1,,,,,,,,,,,,,,,
GSI16_462,7/10/2018,6/25/2024,GSI1,6,462,,PICMAR,13.2,13.4,1,-99,0,1,1,,,,,,,,,,,,,,,
GSI16_463,7/10/2018,6/25/2024,GSI1,6,463,,PICMAR,6.6,6.7,1,-99,0,1,1,,,,,,,,,,,,,,,
GSI16_464,7/10/2018,6/25/2024,GSI1,6,464,,PICMAR,5.6,6,1,-99,0,1,1,,,,,,,,,,,,,,,
GSI16_465,7/10/2018,6/25/2024,GSI1,6,465,,PICMAR,4.2,4.4,1,-99,0,1,1,,,,,,,,,,,,,,,
GSI16_466,7/10/2018,6/25/2024,GSI1,6,466,,PICMAR,3.6,3.9,1,-99,0,1,1,,,,,,,,,,,,,,,
GSI16_467,7/10/2018,6/25/2024,GSI1,6,467,,PICGLA,6.2,7.1,1,-99,0,1,1,,,,,,,,,,,,,,,
GSI16_468,7/10/2018,6/25/2024,GSI1,6,468,,PICMAR,3.8,4.1,1,-99,0,1,1,,,,,,,,,,,,,,,
GSI16_469,7/10/2018,6/25/2024,GSI1,6,469,,PICMAR,4.8,5.1,1,-99,0,1,1,,,,,,,,,,,,,,,
GSI16_470,7/10/2018,6/25/2024,GSI1,6,470,,PICMAR,3.7,3.8,1,-99,0,1,1,,,,,,,,,,,,,,,
GSI16_471,7/10/2018,6/25/2024,GSI1,6,471,,PICMAR,5.3,5.9,1,-99,0,1,1,,,,,,,,,,,,,,,
GSI16_472,7/10/2018,6/25/2024,GSI1,6,472,,PICMAR,-9999,-8888,0,-99,0,1,1,didn't find,,,,,,,,,,,,,,
GSI16_473,7/10/2018,6/25/2024,GSI1,6,473,,PICMAR,4,4.4,1,-99,0,1,1,,,,,,,,,,,,,,,
GSI16_474,7/10/2018,6/25/2024,GSI1,6,474,,PICMAR,3.5,3.4,1,-99,0,1,1,,,,,,,,,,,,,,,
GSI16_475,7/10/2018,6/25/2024,GSI1,6,475,,PICMAR,3.3,-7777,0,-99,0,1,1,,,,,,,,,,,,,,,
GSI16_476,7/10/2018,6/25/2024,GSI1,6,476,,PICMAR,4.8,4.9,1,-99,0,1,1,,,,,,,,,,,,,,,
GSI16_477,7/10/2018,6/25/2024,GSI1,6,477,,PICMAR,4.3,4.9,1,-99,0,1,1,,,,,,,,,,,,,,,
GSI16_478,7/10/2018,6/25/2024,GSI1,6,478,,PICMAR,4.4,4.4,1,-99,0,1,1,,,,,,,,,,,,,,,
GSI16_479,7/10/2018,6/25/2024,GSI1,6,479,,PICGLA,5.3,5.9,1,-99,1,1,1,,,,,,,,,,,,,,,
GSI16_480,7/10/2018,6/25/2024,GSI1,6,480,,PICMAR,4.5,4.6,1,-99,0,1,1,,,,,,,,,,,,,,,
GSI16_481,7/10/2018,6/25/2024,GSI1,6,481,,PICMAR,6.4,6.8,1,-99,0,1,1,,,,,,,,,,,,,,,
GSI16_482,7/10/2018,6/25/2024,GSI1,6,482,,PICMAR,4.1,4.5,1,-99,0,1,1,,,,,,,,,,,,,,,
GSI16_483,7/10/2018,6/25/2024,GSI1,6,483,,PICMAR,3,3.3,1,-99,0,1,1,,,,,,,,,,,,,,,
GSI16_484,7/10/2018,6/25/2024,GSI1,6,484,,PICMAR,2.8,3,1,-99,0,1,1,,,,,,,,,,,,,,,
GSI16_485,7/10/2018,6/25/2024,GSI1,6,485,,PICMAR,5.8,6.3,1,-99,0,1,1,,,,,,,,,,,,,,,
GSI16_486,7/10/2018,6/25/2024,GSI1,6,486,,PICGLA,3.4,3.7,1,-99,0,1,1,,,,,,,,,,,,,,,
GSI16_487,7/10/2018,6/25/2024,GSI1,6,487,,PICMAR,3.2,3.8,1,-99,0,1,1,,,,,,,,,,,,,,,
GSI16_488,7/10/2018,6/25/2024,GSI1,6,488,,PICMAR,5.4,5.7,1,-99,0,1,1,,,,,,,,,,,,,,,
GSI16_489,7/10/2018,6/25/2024,GSI1,6,489,,PICMAR,4.9,5.3,1,-99,0,1,1,,,,,,,,,,,,,,,
GSI16_490,7/10/2018,6/25/2024,GSI1,6,490,,PICMAR,5.8,6.2,1,-99,0,1,1,,,,,,,,,,,,,,,
GSI16_491,7/10/2018,6/25/2024,GSI1,6,491,,PICGLA,5.8,6.1,1,-99,0,1,1,,,,,,,,,,,,,,,
GSI16_492,7/10/2018,6/25/2024,GSI1,6,492,,PICMAR,7,7.8,1,-99,0,1,1,,,,,,,,,,,,,,,
GSI16_493,7/10/2018,6/25/2024,GSI1,6,493,,PICMAR,4.1,4,1,-99,0,1,1,,,,,,,,,,,,,,,
GSI17_31,7/10/2018,6/25/2024,GSI1,7,31,,PICMAR,2.7,3.2,1,-99,0,1,1,,old notes-By tree 523. 2019 notes-,,,,,,,,,,,,,
GSI17_32,7/10/2018,6/25/2024,GSI1,7,32,,PICMAR,2.8,3.3,1,-99,0,1,1,,old notes-By tree 524. 2019 notes-,,,,,,,,,,,,,
GSI17_494,7/10/2018,6/25/2024,GSI1,7,494,,PICMAR,6.5,7.3,1,-99,0,1,1,,,,,,,,,,,,,,,
GSI17_495,7/10/2018,6/25/2024,GSI1,7,495,,PICGLA,4.4,4.5,1,-99,0,1,1,,,,,,,,,,,,,,,
GSI17_496,7/10/2018,6/25/2024,GSI1,7,496,,PICMAR,5.9,6.4,1,-99,0,1,1,,,,,,,,,,,,,,,
GSI17_497,7/10/2018,6/25/2024,GSI1,7,497,,PICMAR,3.9,4.6,1,-99,0,1,1,,,,,,,,,,,,,,,
GSI17_498,7/10/2018,6/25/2024,GSI1,7,498,,PICMAR,7,7.4,1,-99,0,1,1,,,,,,,,,,,,,,,
GSI17_499,7/10/2018,6/25/2024,GSI1,7,499,,PICMAR,4.4,4.9,1,-99,0,1,1,,,,,,,,,,,,,,,
GSI17_500,7/10/2018,6/25/2024,GSI1,7,500,,PICMAR,5.7,6.2,1,-99,0,1,1,,,,,,,,,,,,,,,
GSI17_501,7/10/2018,6/25/2024,GSI1,7,501,,PICMAR,2.8,3,1,-99,0,1,1,,,,,,,,,,,,,,,
GSI17_502,,6/25/2024,GSI1,7,502,,PICMAR,,3.8,1,-99,0,1,1,UNSURE,,,,,,,,,,,,,,
GSI17_503,7/10/2018,6/25/2024,GSI1,7,503,,PICMAR,-7777,-7777,0,-99,0,1,1,,,,,,,,,,,,,,,
GSI17_504,7/10/2018,6/25/2024,GSI1,7,504,,PICMAR,2.8,2,1,-99,1,1,1,,,,,,,,,,,,,,,
GSI17_505,7/10/2018,6/25/2024,GSI1,7,505,,PICMAR,6.6,7.1,1,-99,0,1,1,,,,,,,,,,,,,,,
GSI17_506,7/10/2018,6/25/2024,GSI1,7,506,,PICMAR,4.3,4.8,1,-99,0,1,1,,,,,,,,,,,,,,,
GSI17_507,7/10/2018,6/25/2024,GSI1,7,507,,PICMAR,4.5,-9999,0,3,0,1,1,,,,,,,,,,,,,,,
GSI17_508,7/10/2018,6/25/2024,GSI1,7,508,,PICMAR,6,6.2,1,-99,0,1,1,,,,,,,,,,,,,,,
GSI17_509,7/10/2018,6/25/2024,GSI1,7,509,,PICMAR,6.4,6.5,1,-99,0,1,1,,,,,,,,,,,,,,,
GSI17_510,7/10/2018,6/25/2024,GSI1,7,510,,PICMAR,6.9,7.5,1,-99,0,1,1,,,,,,,,,,,,,,,
GSI17_511,7/10/2018,6/25/2024,GSI1,7,511,,PICMAR,2.7,3,1,-99,0,1,1,,,,,,,,,,,,,,,
GSI17_512,7/10/2018,6/25/2024,GSI1,7,512,,PICMAR,2.8,3.3,1,-99,0,1,1,,,,,,,,,,,,,,,
GSI17_513,7/10/2018,6/25/2024,GSI1,7,513,,PICGLA,6,6.8,1,-99,0,1,1,,,,,,,,,,,,,,,
GSI17_514,7/10/2018,6/25/2024,GSI1,7,514,,PICMAR,12.7,13.2,1,-99,0,1,1,,,,,,,,,,,,,,,
GSI17_515,7/10/2018,6/25/2024,GSI1,7,515,,PICMAR,-7777,-7777,0,-99,0,1,0,,,,,,,,,,,,,,,
GSI17_516,7/10/2018,6/25/2024,GSI1,7,516,,PICMAR,6.5,6.9,1,-99,0,1,1,,,,,,,,,,,,,,,
GSI17_517,7/10/2018,6/25/2024,GSI1,7,517,,PICMAR,5.7,6.1,1,-99,0,1,1,,,,,,,,,,,,,,,
GSI17_518,7/10/2018,6/25/2024,GSI1,7,518,,PICMAR,3.8,-7777,0,-99,0,1,1,,,,,,,,,,,,,,,
GSI17_519,7/10/2018,6/25/2024,GSI1,7,519,,PICMAR,4.1,4.6,1,-99,0,1,1,,,,,,,,,,,,,,,
GSI17_520,7/10/2018,6/25/2024,GSI1,7,520,,PICMAR,7.8,8.3,1,-99,0,1,1,,,,,,,,,,,,,,,
GSI17_521,7/10/2018,6/25/2024,GSI1,7,521,,PICGLA,7.1,8.2,1,-99,0,1,1,,,,,,,,,,,,,,,
GSI17_522,7/10/2018,6/25/2024,GSI1,7,522,,PICMAR,6.1,6.4,1,-99,0,1,1,,,,,,,,,,,,,,,
GSI17_523,7/10/2018,6/25/2024,GSI1,7,523,,PICMAR,5.7,6.2,1,-99,0,1,1,,,,,,,,,,,,,,,
GSI17_524,7/10/2018,6/25/2024,GSI1,7,524,,PICMAR,6.3,6.8,1,-99,0,1,1,,,,,,,,,,,,,,,
GSI17_525,7/10/2018,6/25/2024,GSI1,7,525,,PICMAR,4.9,5.4,1,-99,0,1,1,,,,,,,,,,,,,,,
GSI17_526,7/10/2018,6/25/2024,GSI1,7,526,,PICMAR,3.5,4.1,1,-99,0,1,1,,,,,,,,,,,,,,,
GSI17_527,7/10/2018,6/25/2024,GSI1,7,527,,PICMAR,5,5.2,1,-99,0,1,1,,,,,,,,,,,,,,,
GSI17_528,7/10/2018,6/25/2024,GSI1,7,528,,PICMAR,4.3,5,1,-99,0,1,1,,,,,,,,,,,,,,,
GSI17_529,7/10/2018,6/25/2024,GSI1,7,529,,PICMAR,4.8,5.4,1,-99,0,1,1,,,,,,,,,,,,,,,
GSI17_530,7/10/2018,6/25/2024,GSI1,7,530,,PICMAR,3.1,3.1,1,-99,0,1,1,,,,,,,,,,,,,,,
GSI17_531,7/10/2018,6/25/2024,GSI1,7,531,,PICMAR,3.4,3.7,1,-99,0,1,1,,,,,,,,,,,,,,,
GSI17_532,7/10/2018,6/25/2024,GSI1,7,532,,PICMAR,3.3,3.8,1,-99,0,1,1,,,,,,,,,,,,,,,
GSI17_533,7/10/2018,6/25/2024,GSI1,7,533,,PICMAR,6,6.9,1,-99,0,1,1,,,,,,,,,,,,,,,
GSI17_534,7/10/2018,6/25/2024,GSI1,7,534,,PICMAR,-7777,-7777,0,-99,0,1,1,,,,,,,,,,,,,,,
GSI17_535,7/10/2018,6/25/2024,GSI1,7,535,,PICGLA,7.5,8.2,1,-99,0,1,1,,,,,,,,,,,,,,,
GSI17_536,7/10/2018,6/25/2024,GSI1,7,536,,PICGLA,16.3,17.2,1,-99,0,1,1,,,,,,,,,,,,,,,
GSI17_537,7/10/2018,6/25/2024,GSI1,7,537,,PICMAR,-7777,-7777,0,-99,0,1,1,,,,,,,,,,,,,,,
GSI17_538,7/10/2018,6/25/2024,GSI1,7,538,,PICMAR,-7777,-7777,0,-99,0,1,1,,,,,,,,,,,,,,,
GSI17_539,7/10/2018,6/25/2024,GSI1,7,539,,PICMAR,3.5,4,1,-99,0,1,1,,,,,,,,,,,,,,,
GSI17_540,7/10/2018,6/25/2024,GSI1,7,540,,PICGLA,10.2,11.3,1,-99,0,1,1,,,,,,,,,,,,,,,
GSI17_541,7/10/2018,6/25/2024,GSI1,7,541,,PICMAR,3.8,4.1,1,-99,0,1,1,,,,,,,,,,,,,,,
GSI17_542,7/10/2018,6/25/2024,GSI1,7,542,,PICMAR,7.7,8.3,1,-99,0,1,1,,,,,,,,,,,,,,,
GSI17_543,7/10/2018,6/25/2024,GSI1,7,543,,PICMAR,4.9,-7777,0,1.5,0,1,1,,,,,,,,,,,,,,,
GSI17_544,7/10/2018,6/25/2024,GSI1,7,544,,PICMAR,-7777,-7777,0,-99,0,1,1,,,,,,,,,,,,,,,
GSI17_545,7/10/2018,6/25/2024,GSI1,7,545,,PICMAR,8,8.7,1,-99,0,1,1,,,,,,,,,,,,,,,
GSI17_546,7/10/2018,6/25/2024,GSI1,7,546,,PICMAR,6.5,6.8,1,-99,0,1,1,,,,,,,,,,,,,,,
GSI17_547,7/10/2018,6/25/2024,GSI1,7,547,,PICGLA,14.1,15,1,-99,0,1,1,,,,,,,,,,,,,,,
GSI17_548,7/10/2018,6/25/2024,GSI1,7,548,,PICMAR,5,5.2,1,-99,0,1,1,,,,,,,,,,,,,,,
GSI17_549,7/10/2018,6/25/2024,GSI1,7,549,,PICMAR,7.4,8.2,1,-99,0,1,1,,,,,,,,,,,,,,,
GSI17_550,7/10/2018,6/25/2024,GSI1,7,550,,PICMAR,3,3.4,1,-99,0,1,1,,,,,,,,,,,,,,,
GSI17_551,7/10/2018,6/25/2024,GSI1,7,551,,PICMAR,4.4,4.7,1,-99,0,1,1,,,,,,,,,,,,,,,
GSI17_552,7/10/2018,6/25/2024,GSI1,7,552,,PICMAR,4.5,5.1,1,-99,0,1,1,,,,,,,,,,,,,,,
GSI17_2033,,6/25/2024,GSI1,7,2033,, PICMAR,,2.6,1,-99,1,1,1,,,,,,,,,,,,,,,
GSI17_2034,,6/25/2024,GSI1,7,2034,, PICMAR,,2.7,1,-99,0,1,1,,,,,,,,,,,,,,,
GSI17_2035,,6/25/2024,GSI1,7,2035,, PICMAR,,2.6,1,-99,0,1,1,,,,,,,,,,,,,,,
GSI17_2036,,6/25/2024,GSI1,7,2036,, PICMAR,,3.5,1,-99,0,1,1,,,,,,,,,,,,,,,
GSI17_2037,,6/25/2024,GSI1,7,2037,, PICMAR,,2.9,1,-99,0,1,1,,,,,,,,,,,,,,,
GSI18_33,7/10/2018,6/25/2024,GSI1,8,33,,PICMAR,2.6,3,1,-99,0,1,1,,old notes-By tree 545. 2019 notes-,,,,,,,,,,,,,
GSI18_34,7/10/2018,6/25/2024,GSI1,8,34,,PICMAR,2.6,-8888,1,-99,0,1,1,,old notes-By tree 561. 2019 notes-,"missing in data set, may have pink paint or not",,,,,,,,,,,,
GSI18_35,7/10/2018,6/25/2024,GSI1,8,35,,PICMAR,2.6,3.1,1,-99,1,1,1,,old notes-By tree 571. 2019 notes-,,,,,,,,,,,,,
GSI18_36,7/10/2018,6/25/2024,GSI1,8,36,,PICMAR,2.9,3.1,1,-99,1,1,1,,old notes-By tree 571. 2019 notes-,,,,,,,,,,,,,
GSI18_37,7/10/2018,6/25/2024,GSI1,8,37,,PICMAR,2.6,2.9,1,-99,0,1,1,,old notes-By tree 580. 2019 notes-,,,,,,,,,,,,,
GSI18_38,7/10/2018,6/25/2024,GSI1,8,38,,PICMAR,2.7,3.1,1,-99,0,1,1,,old notes-By tree 580. 2019 notes-,,,,,,,,,,,,,
GSI18_39,7/10/2018,6/25/2024,GSI1,8,39,,PICMAR,2.7,2.9,1,-99,0,1,1,,old notes-By tree 628. 2019 notes-,,,,,,,,,,,,,
GSI18_40,7/10/2018,6/25/2024,GSI1,8,40,,PICMAR,2.6,3,1,-99,0,1,1,,old notes-By tree 626. 2019 notes-,,,,,,,,,,,,,
GSI18_553,7/10/2018,6/25/2024,GSI1,8,553,,PICMAR,3.3,3.7,1,-99,0,1,1,,,,,,,,,,,,,,,
GSI18_554,7/10/2018,6/25/2024,GSI1,8,554,,PICMAR,7,8,1,-99,0,1,1,,,,,,,,,,,,,,,
GSI18_555,7/10/2018,6/25/2024,GSI1,8,555,,PICMAR,6.6,7.5,1,-99,0,1,1,,,,,,,,,,,,,,,
GSI18_556,7/10/2018,6/25/2024,GSI1,8,556,,PICMAR,-7777,-7777,0,-99,0,1,1,,,,,,,,,,,,,,,
GSI18_557,7/10/2018,6/25/2024,GSI1,8,557,,PICMAR,-7777,-7777,0,4,0,1,1,,,,,,,,,,,,,,,
GSI18_558,7/10/2018,6/25/2024,GSI1,8,558,,PICMAR,4.8,5.3,1,-99,0,1,1,,,,,,,,,,,,,,,
GSI18_559,7/10/2018,6/25/2024,GSI1,8,559,,PICMAR,3.1,3.5,1,-99,0,1,1,,,,,,,,,,,,,,,
GSI18_560,7/10/2018,6/25/2024,GSI1,8,560,,PICMAR,3.4,3.9,1,-99,0,1,1,,,,,,,,,,,,,,,
GSI18_561,7/10/2018,6/25/2024,GSI1,8,561,,PICGLA,6.2,6.5,1,-99,0,1,1,,,,,,,,,,,,,,,
GSI18_562,7/10/2018,6/25/2024,GSI1,8,562,,PICMAR,4.6,5.2,1,-99,0,1,1,,,,,,,,,,,,,,,
GSI18_563,7/10/2018,6/25/2024,GSI1,8,563,,PICMAR,4.7,5.2,1,-99,0,1,1,,,,,,,,,,,,,,,
GSI18_564,7/10/2018,6/25/2024,GSI1,8,564,,PICMAR,-7777,-7777,0,-99,0,1,1,,,,,,,,,,,,,,,
GSI18_565,7/10/2018,6/25/2024,GSI1,8,565,,PICMAR,3.2,3.5,1,-99,0,1,1,,,,,,,,,,,,,,,
GSI18_566,7/10/2018,6/25/2024,GSI1,8,566,,PICMAR,4.3,5,1,-99,0,1,1,,,,,,,,,,,,,,,
GSI18_567,7/10/2018,6/25/2024,GSI1,8,567,,PICMAR,2.8,2.7,1,-99,0,1,1,,,,,,,,,,,,,,,
GSI18_568,7/10/2018,6/25/2024,GSI1,8,568,,PICMAR,6,6.6,1,-99,0,1,1,,,,,,,,,,,,,,,
GSI18_569,7/10/2018,6/25/2024,GSI1,8,569,,PICMAR,4.5,5,1,-99,0,1,1,,,,,,,,,,,,,,,
GSI18_570,7/10/2018,6/25/2024,GSI1,8,570,,PICMAR,2.9,3.5,1,-99,0,1,1,,,,,,,,,,,,,,,
GSI18_571,7/10/2018,6/25/2024,GSI1,8,571,,PICGLA,4.8,5.5,1,-99,0,1,1,,,,,,,,,,,,,,,
GSI18_572,7/10/2018,6/25/2024,GSI1,8,572,,PICMAR,4.6,5.2,1,-99,0,1,1,,,,,,,,,,,,,,,
GSI18_573,7/10/2018,6/25/2024,GSI1,8,573,,PICMAR,-7777,-7777,0,-99,0,1,1,,,,,,,,,,,,,,,
GSI18_574,7/10/2018,6/25/2024,GSI1,8,574,,PICMAR,-7777,-7777,0,-99,0,1,1,,,,,,,,,,,,,,,
GSI18_575,7/10/2018,6/25/2024,GSI1,8,575,,PICMAR,3.5,4,1,-99,0,1,1,,,,,,,,,,,,,,,
GSI18_576,7/10/2018,6/25/2024,GSI1,8,576,,PICMAR,5,5.2,1,-99,0,1,1,,,,,,,,,,,,,,,
GSI18_577,7/10/2018,6/25/2024,GSI1,8,577,,PICMAR,4.3,4.6,1,-99,0,1,1,,,,,,,,,,,,,,,
GSI18_578,7/10/2018,6/25/2024,GSI1,8,578,,PICMAR,4.6,5,1,-99,0,1,1,,,,,,,,,,,,,,,
GSI18_579,7/10/2018,6/25/2024,GSI1,8,579,,PICMAR,4.9,5.3,1,-99,0,1,1,,,,,,,,,,,,,,,
GSI18_580,7/10/2018,6/25/2024,GSI1,8,580,,PICMAR,7.4,7.5,1,-99,0,1,1,,,,,,,,,,,,,,,
GSI18_581,7/10/2018,6/25/2024,GSI1,8,581,,PICMAR,6.8,7,1,-99,0,1,1,,,,,,,,,,,,,,,
GSI18_582,7/10/2018,6/25/2024,GSI1,8,582,,PICGLA,3.6,4,1,-99,0,1,1,,,,,,,,,,,,,,,
GSI18_583,7/10/2018,6/25/2024,GSI1,8,583,,PICMAR,3,3.4,1,-99,0,1,1,,,,,,,,,,,,,,,
GSI18_584,7/10/2018,6/25/2024,GSI1,8,584,,PICMAR,4.1,4.3,1,-99,0,1,1,,,,,,,,,,,,,,,
GSI18_585,7/10/2018,6/25/2024,GSI1,8,585,,PICMAR,2.8,3.1,1,-99,0,1,1,,,,,,,,,,,,,,,
GSI18_586,7/10/2018,6/25/2024,GSI1,8,586,,PICMAR,2.8,3.4,1,-99,0,1,1,,,,,,,,,,,,,,,
GSI18_587,7/10/2018,6/25/2024,GSI1,8,587,,PICMAR,3.5,3.9,1,-99,0,1,1,,,,,,,,,,,,,,,
GSI18_588,7/10/2018,6/25/2024,GSI1,8,588,,PICMAR,6.1,6.6,1,-99,0,1,1,,,,,,,,,,,,,,,
GSI18_589,7/10/2018,6/25/2024,GSI1,8,589,,PICGLA,3.3,3.6,1,-99,0,1,1,,,,,,,,,,,,,,,
GSI18_590,7/10/2018,6/25/2024,GSI1,8,590,,PICMAR,6.8,7.3,1,-99,0,1,1,,,,,,,,,,,,,,,
GSI18_591,7/10/2018,6/25/2024,GSI1,8,591,,PICMAR,4.3,4.4,1,-99,0,1,1,,,,,,,,,,,,,,,
GSI18_592,7/10/2018,6/25/2024,GSI1,8,592,,PICMAR,3.5,4,1,-99,0,1,1,,,,,,,,,,,,,,,
GSI18_593,7/10/2018,6/25/2024,GSI1,8,593,,PICMAR,2.9,3.3,1,-99,0,1,1,,,,,,,,,,,,,,,
GSI18_594,7/10/2018,6/25/2024,GSI1,8,594,,PICMAR,4.8,5.4,1,-99,0,1,1,,,,,,,,,,,,,,,
GSI18_595,7/10/2018,6/25/2024,GSI1,8,595,,PICMAR,4.1,4.6,1,-99,0,1,1,,,,,,,,,,,,,,,
GSI18_596,7/10/2018,6/25/2024,GSI1,8,596,,PICMAR,2.9,-9999,0,-99,0,1,1,,,,,,,,,,,,,,,
GSI18_597,7/10/2018,6/25/2024,GSI1,8,597,,PICMAR,-7777,-7777,0,-99,0,1,1,,,,,,,,,,,,,,,
GSI18_598,7/10/2018,6/25/2024,GSI1,8,598,,PICMAR,4.2,4.5,1,-99,0,1,1,,,,,,,,,,,,,,,
GSI18_599,7/10/2018,6/25/2024,GSI1,8,599,,PICMAR,3.1,-7777,0,-99,0,1,1,,,,,,,,,,,,,,,
GSI18_600,7/10/2018,6/25/2024,GSI1,8,600,,PICMAR,-7777,-7777,0,-99,0,1,1,,,,,,,,,,,,,,,
GSI18_601,7/10/2018,6/25/2024,GSI1,8,601,,PICMAR,6.4,7.4,1,-99,0,1,1,,,,,,,,,,,,,,,
GSI18_602,7/10/2018,6/25/2024,GSI1,8,602,,PICMAR,5.5,6,1,-99,0,1,1,,,,,,,,,,,,,,,
GSI18_603,7/10/2018,6/25/2024,GSI1,8,603,,LARLAR,10.4,12.4,1,-99,0,1,1,,,,,,,,,,,,,,,
GSI18_604,7/10/2018,6/25/2024,GSI1,8,604,,PICMAR,4.4,4.4,1,-99,0,1,1,,,,,,,,,,,,,,,
GSI18_605,7/10/2018,6/25/2024,GSI1,8,605,,PICGLA,9.1,10.3,1,-99,0,1,1,,,,,,,,,,,,,,,
GSI18_606,7/10/2018,6/25/2024,GSI1,8,606,,PICMAR,5.3,5.7,1,-99,0,1,1,,,,,,,,,,,,,,,
GSI18_607,7/10/2018,6/25/2024,GSI1,8,607,,PICGLA,2.8,3.2,1,-99,0,1,1,,,,,,,,,,,,,,,
GSI18_608,7/10/2018,6/25/2024,GSI1,8,608,,PICGLA,-7777,-7777,0,-99,0,1,1,,,,,,,,,,,,,,,
GSI18_609,7/10/2018,6/25/2024,GSI1,8,609,,PICMAR,7.2,8,1,-99,0,1,1,,,,,,,,,,,,,,,
GSI18_610,7/10/2018,6/25/2024,GSI1,8,610,,PICMAR,5.9,6.4,1,-99,0,1,1,,,,,,,,,,,,,,,
GSI18_611,7/10/2018,6/25/2024,GSI1,8,611,,PICMAR,3.8,4.2,1,-99,1,1,1,,,,,,,,,,,,,,,
GSI18_612,7/10/2018,6/25/2024,GSI1,8,612,,PICMAR,3.5,4.3,1,-99,0,1,1,,,,,,,,,,,,,,,
GSI18_613,7/10/2018,6/25/2024,GSI1,8,613,,PICMAR,4.1,5,1,-99,0,1,1,,,,,,,,,,,,,,,
GSI18_614,7/10/2018,6/25/2024,GSI1,8,614,,PICMAR,-7777,-7777,0,-99,0,1,1,,,,,,,,,,,,,,,
GSI18_615,7/10/2018,6/25/2024,GSI1,8,615,,PICMAR,4.7,5.3,1,-99,0,1,1,,,,,,,,,,,,,,,
GSI18_616,7/10/2018,6/25/2024,GSI1,8,616,,PICMAR,3,3.1,1,-99,0,1,1,,,,,,,,,,,,,,,
GSI18_617,7/10/2018,6/25/2024,GSI1,8,617,,PICGLA,4.4,4.7,1,-99,0,1,1,,,,,,,,,,,,,,,
GSI18_618,7/10/2018,6/25/2024,GSI1,8,618,,PICGLA,4.3,4.6,1,-99,0,1,1,,,,,,,,,,,,,,,
GSI18_619,7/10/2018,6/25/2024,GSI1,8,619,,PICMAR,3.7,4.4,1,-99,0,1,1,,,,,,,,,,,,,,,
GSI18_620,7/10/2018,6/25/2024,GSI1,8,620,,PICMAR,3.1,3.6,1,-99,0,1,1,,,,,,,,,,,,,,,
GSI18_621,7/10/2018,6/25/2024,GSI1,8,621,,PICMAR,4,4.7,1,-99,0,1,1,,,,,,,,,,,,,,,
GSI18_622,7/10/2018,6/25/2024,GSI1,8,622,,PICMAR,4.8,4.5,1,-99,0,1,1,,,,,,,,,,,,,,,
GSI18_623,7/10/2018,6/25/2024,GSI1,8,623,,PICMAR,-7777,-7777,0,-99,0,1,1,,,,,,,,,,,,,,,
GSI18_624,7/10/2018,6/25/2024,GSI1,8,624,,PICGLA,8.3,8.9,1,-99,0,1,1,,,,,,,,,,,,,,,
GSI18_625,7/10/2018,6/25/2024,GSI1,8,625,,PICMAR,4.3,4.5,1,-99,0,1,1,,,,,,,,,,,,,,,
GSI18_626,7/10/2018,6/25/2024,GSI1,8,626,,PICMAR,4.5,5,1,-99,0,1,1,,,,,,,,,,,,,,,
GSI18_627,7/10/2018,6/25/2024,GSI1,8,627,,PICMAR,5.8,6.3,1,-99,0,1,1,,,,,,,,,,,,,,,
GSI18_628,7/10/2018,6/25/2024,GSI1,8,628,,PICMAR,2.8,3.4,1,-99,0,1,1,,,,,,,,,,,,,,,
GSI18_629,7/10/2018,6/25/2024,GSI1,8,629,,PICMAR,4.5,4.8,1,-99,0,1,1,,,,,,,,,,,,,,,
GSI18_630,7/10/2018,6/25/2024,GSI1,8,630,,PICMAR,2.6,-8888,1,-99,0,1,1,missing,,,,,,,,,,,,,,
GSI18_631,7/10/2018,6/25/2024,GSI1,8,631,,PICMAR,-7777,-7777,0,-99,0,1,1,,,,,,,,,,,,,,,
GSI18_2038,,6/25/2024,GSI1,8,2038,,PICMAR,,2.8,1,-99,0,1,1,,,,,,,,,,,,,,,
GSI18_2039,,6/25/2024,GSI1,8,2039,,PICMAR,,3.2,1,-99,0,1,1,,,,,,,,,,,,,,,
GSI18_2040,,6/25/2024,GSI1,8,2040,,PICMAR,,2.7,1,-99,0,1,1,,,,,,,,,,,,,,,
GSI18_2041,,6/25/2024,GSI1,8,2041,,PICMAR,,2.7,1,-99,0,1,1,,,,,,,,,,,,,,,
GSI18_2042,,6/25/2024,GSI1,8,2042,,PICMAR,,2.7,1,-99,0,1,1,,,,,,,,,,,,,,,
GSI18_2043,,6/25/2024,GSI1,8,2043,,PICMAR,,2.7,1,-99,0,1,1,,,,,,,,,,,,,,,
GSI18_2044,,6/25/2024,GSI1,8,2044,,PICMAR,,2.8,1,-99,0,1,1,,,,,,,,,,,,,,,
GSI18_2045,,6/25/2024,GSI1,8,2045,,PICMAR,,2.5,1,-99,0,1,1,,,,,,,,,,,,,,,
GSI18_2046,,6/25/2024,GSI1,8,2046,,PICMAR,,3.8,1,-99,0,1,1,,,,,,,,,,,,,,,
GSI18_2047,,6/25/2024,GSI1,8,2047,,PICMAR,,2.9,1,-99,0,1,1,,,,,,,,,,,,,,,
GSI18_2048,,6/25/2024,GSI1,8,2048,,PICMAR,,2.7,1,-99,1,1,1,,,,,,,,,,,,,,,
GSI19_41,7/10/2018,6/25/2024,GSI1,9,41,,PICMAR,2.7,3.4,1,-99,0,1,1,,old notes-By tree 683. 2019 notes-,,,,,,,,,,,,,
GSI19_42,7/10/2018,6/25/2024,GSI1,9,42,,PICMAR,2.7,3.1,1,-99,0,1,1,,old notes-By tree 685. 2019 notes-,,,,,,,,,,,,,
GSI19_43,7/10/2018,6/25/2024,GSI1,9,43,,PICMAR,2.8,3.4,1,-99,0,1,1,,old notes-By tree 685. 2019 notes-,,,,,,,,,,,,,
GSI19_44,7/10/2018,6/25/2024,GSI1,9,44,,PICMAR,3.1,3.5,1,-99,0,1,1,,old notes-By tree 640. 2019 notes-,,,,,,,,,,,,,
GSI19_45,7/10/2018,6/25/2024,GSI1,9,45,,PICMAR,2.8,3.3,1,-99,0,1,1,,old notes-By tree 677. 2019 notes-,,,,,,,,,,,,,
GSI19_46,7/10/2018,6/25/2024,GSI1,9,46,,PICMAR,2.7,3,1,-99,0,1,1,,old notes-By tree 657. 2019 notes-,,,,,,,,,,,,,
GSI19_47,7/10/2018,6/25/2024,GSI1,9,47,,PICMAR,2.9,3.1,1,-99,0,1,1,,old notes-By tree 674. 2019 notes-,,,,,,,,,,,,,
GSI19_48,7/10/2018,6/25/2024,GSI1,9,48,,PICMAR,2.6,2.9,1,-99,0,1,1,,old notes-By tree 716. 2019 notes-,,,,,,,,,,,,,
GSI19_49,7/10/2018,6/25/2024,GSI1,9,49,,PICMAR,2.5,2.7,1,-99,0,1,1,,old notes-By tree 717. 2019 notes-,,,,,,,,,,,,,
GSI19_50,7/10/2018,6/25/2024,GSI1,9,50,,PICMAR,2.5,3,1,-99,0,1,1,,old notes-By tree 717. 2019 notes-,,,,,,,,,,,,,
GSI19_51,7/10/2018,6/25/2024,GSI1,9,51,,PICMAR,2.7,3.1,1,-99,0,1,1,,old notes-By tree 718. 2019 notes-,,,,,,,,,,,,,
GSI19_632,7/10/2018,6/25/2024,GSI1,9,632,,PICMAR,5.1,5.3,1,-99,0,1,1,,,,,,,,,,,,,,,
GSI19_633,7/10/2018,6/25/2024,GSI1,9,633,,PICGLA,3.3,3.6,1,-99,0,1,1,,,,,,,,,,,,,,,
GSI19_634,7/10/2018,6/25/2024,GSI1,9,634,,PICMAR,3.3,3.9,1,-99,0,1,1,,,,,,,,,,,,,,,
GSI19_635,7/10/2018,6/25/2024,GSI1,9,635,,PICGLA,6,6.7,1,-99,0,1,1,,,,,,,,,,,,,,,
GSI19_636,7/10/2018,6/25/2024,GSI1,9,636,,PICMAR,3.5,-9999,1,-99,0,1,1,,,,,,,,,,,,,,,
GSI19_637,7/10/2018,6/25/2024,GSI1,9,637,,PICGLA,6.3,6.5,1,-99,0,1,1,,,,,,,,,,,,,,,
GSI19_638,7/10/2018,6/25/2024,GSI1,9,638,,PICGLA,4.5,4.8,1,-99,0,1,1,,,,,,,,,,,,,,,
GSI19_640,7/10/2018,6/25/2024,GSI1,9,640,,PICMAR,5.4,5.9,1,-99,0,1,1,,,,,,,,,,,,,,,
GSI19_641,7/10/2018,6/25/2024,GSI1,9,641,,PICMAR,3.9,4.8,1,-99,0,1,1,,,,,,,,,,,,,,,
GSI19_642,7/10/2018,6/25/2024,GSI1,9,642,,PICMAR,3.7,-9999,1,-99,0,1,1,,,,,,,,,,,,,,,
GSI19_643,7/10/2018,6/25/2024,GSI1,9,643,,PICMAR,4.1,4.5,1,-99,0,1,1,,,,,,,,,,,,,,,
GSI19_644,7/10/2018,6/25/2024,GSI1,9,644,,PICMAR,2.9,3.2,1,-99,0,1,1,,,,,,,,,,,,,,,
GSI19_645,7/10/2018,6/25/2024,GSI1,9,645,,PICMAR,3.9,4.2,1,-99,0,1,1,,,,,,,,,,,,,,,
GSI19_646,7/10/2018,6/25/2024,GSI1,9,646,,PICMAR,3.4,3.6,1,-99,0,1,1,,,,,,,,,,,,,,,
GSI19_647,7/10/2018,6/25/2024,GSI1,9,647,,PICMAR,3.4,3.8,1,-99,0,1,1,,,,,,,,,,,,,,,
GSI19_649,7/10/2018,6/25/2024,GSI1,9,649,,PICMAR,4.5,4.9,1,-99,0,1,1,,,,,,,,,,,,,,,
GSI19_650,7/10/2018,6/25/2024,GSI1,9,650,,PICMAR,6.3,7,1,-99,0,1,1,,,,,,,,,,,,,,,
GSI19_651,7/10/2018,6/25/2024,GSI1,9,651,,PICGLA,4.5,5,1,-99,0,1,1,,,,,,,,,,,,,,,
GSI19_652,7/10/2018,6/25/2024,GSI1,9,652,,PICMAR,-7777,-9999,0,-99,0,1,1,,,,,,,,,,,,,,,
GSI19_653,7/10/2018,6/25/2024,GSI1,9,653,,PICMAR,3.6,3.9,1,-99,0,1,1,,,,,,,,,,,,,,,
GSI19_654,7/10/2018,6/25/2024,GSI1,9,654,,PICMAR,3.3,4.1,1,-99,0,1,1,,,,,,,,,,,,,,,
GSI19_655,7/10/2018,6/25/2024,GSI1,9,655,,PICMAR,-7777,-9999,0,-99,0,1,1,,,,,,,,,,,,,,,
GSI19_656,7/10/2018,6/25/2024,GSI1,9,656,,PICMAR,6,6.2,1,-99,0,1,1,,,,,,,,,,,,,,,
GSI19_657,7/10/2018,6/25/2024,GSI1,9,657,,PICMAR,5,5.5,1,-99,0,1,1,,,,,,,,,,,,,,,
GSI19_658,7/10/2018,6/25/2024,GSI1,9,658,,PICMAR,9.4,9.7,1,-99,0,1,1,,,,,,,,,,,,,,,
GSI19_659,7/10/2018,6/25/2024,GSI1,9,659,,PICMAR,6.7,7.1,1,-99,0,1,1,,,,,,,,,,,,,,,
GSI19_660,7/10/2018,6/25/2024,GSI1,9,660,,PICMAR,3.3,3.6,1,-99,0,1,1,,,,,,,,,,,,,,,
GSI19_661,7/10/2018,6/25/2024,GSI1,9,661,,PICGLA,9.8,10.5,1,-99,0,1,1,,,,,,,,,,,,,,,
GSI19_662,7/10/2018,6/25/2024,GSI1,9,662,,PICMAR,-7777,-9999,0,-99,0,1,1,,,,,,,,,,,,,,,
GSI19_663,7/10/2018,6/25/2024,GSI1,9,663,,PICMAR,4,4.6,1,-99,0,1,1,,,,,,,,,,,,,,,
GSI19_664,7/10/2018,6/25/2024,GSI1,9,664,,PICGLA,4.6,5.1,1,-99,0,1,1,,,,,,,,,,,,,,,
GSI19_665,7/10/2018,6/25/2024,GSI1,9,665,,PICMAR,4,3.9,1,-99,0,1,1,,,,,,,,,,,,,,,
GSI19_666,7/10/2018,6/25/2024,GSI1,9,666,,PICMAR,5,5.6,1,-99,0,1,1,,,,,,,,,,,,,,,
GSI19_667,7/10/2018,6/25/2024,GSI1,9,667,,PICMAR,-7777,-9999,0,-99,0,1,1,,,,,,,,,,,,,,,
GSI19_668,7/10/2018,6/25/2024,GSI1,9,668,,PICMAR,4.9,5.3,1,-99,0,1,1,,,,,,,,,,,,,,,
GSI19_670,7/10/2018,6/25/2024,GSI1,9,670,,PICMAR,3.3,3.7,1,-99,0,1,1,,,,,,,,,,,,,,,
GSI19_671,7/10/2018,6/25/2024,GSI1,9,671,,PICMAR,3.8,4.2,1,-99,0,1,1,,,,,,,,,,,,,,,
GSI19_672,7/10/2018,6/25/2024,GSI1,9,672,,PICMAR,-7777,-9999,0,-99,0,1,1,,,,,,,,,,,,,,,
GSI19_673,7/10/2018,6/25/2024,GSI1,9,673,,PICMAR,4,4.3,1,-99,0,1,1,,,,,,,,,,,,,,,
GSI19_674,7/10/2018,6/25/2024,GSI1,9,674,,PICGLA,8.4,9.6,1,-99,0,1,1,,,,,,,,,,,,,,,
GSI19_675,7/10/2018,6/25/2024,GSI1,9,675,,PICGLA,10.6,11.2,1,-99,0,1,1,,,,,,,,,,,,,,,
GSI19_676,7/10/2018,6/25/2024,GSI1,9,676,,PICGLA,4.8,5.1,1,-99,0,1,1,,,,,,,,,,,,,,,
GSI19_677,7/10/2018,6/25/2024,GSI1,9,677,,PICMAR,4.6,5.1,1,-99,0,1,1,,,,,,,,,,,,,,,
GSI19_678,7/10/2018,6/25/2024,GSI1,9,678,,PICMAR,3,-9999,1,-99,0,1,1,,,,,,,,,,,,,,,
GSI19_679,7/10/2018,6/25/2024,GSI1,9,679,,PICGLA,4.2,4.9,1,-99,0,1,1,,,,,,,,,,,,,,,
GSI19_680,7/10/2018,6/25/2024,GSI1,9,680,,PICGLA,4,-9999,1,-99,0,1,1,,,,,,,,,,,,,,,
GSI19_681,7/10/2018,6/25/2024,GSI1,9,681,,PICMAR,3,3.6,1,-99,0,1,1,,,,,,,,,,,,,,,
GSI19_682,7/10/2018,6/25/2024,GSI1,9,682,,PICMAR,3.3,3.2,1,-99,0,1,1,,,,,,,,,,,,,,,
GSI19_684,7/10/2018,6/25/2024,GSI1,9,684,,PICMAR,3.9,4.2,1,-99,0,1,1,,,,,,,,,,,,,,,
GSI19_685,7/10/2018,6/25/2024,GSI1,9,685,,PICMAR,3.2,3.5,1,-99,0,1,1,,,,,,,,,,,,,,,
GSI19_686,7/10/2018,6/25/2024,GSI1,9,686,,PICMAR,5.1,5.7,1,-99,0,1,1,,,,,,,,,,,,,,,
GSI19_687,7/10/2018,6/25/2024,GSI1,9,687,,PICMAR,4.1,4.6,1,-99,0,1,1,,,,,,,,,,,,,,,
GSI19_688,7/10/2018,6/25/2024,GSI1,9,688,,PICMAR,3,3.3,1,-99,0,1,1,,,,,,,,,,,,,,,
GSI19_689,7/10/2018,6/25/2024,GSI1,9,689,,PICMAR,4.4,4.9,1,-99,0,1,1,,,,,,,,,,,,,,,
GSI19_690,7/10/2018,6/25/2024,GSI1,9,690,,PICMAR,5.5,6.1,1,-99,0,1,1,,,,,,,,,,,,,,,
GSI19_691,7/10/2018,6/25/2024,GSI1,9,691,,PICMAR,5.8,6.2,1,-99,0,1,1,,,,,,,,,,,,,,,
GSI19_692,7/10/2018,6/25/2024,GSI1,9,692,,PICMAR,4.9,5.3,1,-99,0,1,1,,,,,,,,,,,,,,,
GSI19_693,7/10/2018,6/25/2024,GSI1,9,693,,PICMAR,5.8,7.2,1,-99,0,1,1,,,,,,,,,,,,,,,
GSI19_694,7/10/2018,6/25/2024,GSI1,9,694,,PICMAR,-7777,-9999,0,-99,0,1,1,,,,,,,,,,,,,,,
GSI19_695,7/10/2018,6/25/2024,GSI1,9,695,,PICMAR,-7777,-9999,0,-99,0,1,1,,,,,,,,,,,,,,,
GSI19_696,7/10/2018,6/25/2024,GSI1,9,696,,PICMAR,3.2,3.6,1,-99,0,1,1,,,,,,,,,,,,,,,
GSI19_697,7/10/2018,6/25/2024,GSI1,9,697,,PICMAR,3.8,4.2,1,-99,0,1,1,,,,,,,,,,,,,,,
GSI19_698,7/10/2018,6/25/2024,GSI1,9,698,,PICGLA,7.6,8.5,1,-99,0,1,1,,,,,,,,,,,,,,,
GSI19_699,7/10/2018,6/25/2024,GSI1,9,699,,PICMAR,5.3,5.5,1,-99,0,1,1,,,,,,,,,,,,,,,
GSI19_700,7/10/2018,6/25/2024,GSI1,9,700,,PICMAR,3.2,3.3,1,-99,0,1,1,,,,,,,,,,,,,,,
GSI19_701,7/10/2018,6/25/2024,GSI1,9,701,,PICGLA,3.7,4.3,1,-99,0,1,1,,,,,,,,,,,,,,,
GSI19_702,7/10/2018,6/25/2024,GSI1,9,702,,PICMAR,3.3,3.4,1,-99,0,1,1,,,,,,,,,,,,,,,
GSI19_703,7/10/2018,6/25/2024,GSI1,9,703,,PICMAR,4.6,4.8,1,-99,0,1,1,,,,,,,,,,,,,,,
GSI19_704,7/10/2018,6/25/2024,GSI1,9,704,,PICMAR,4.3,4.5,1,-99,0,1,1,,,,,,,,,,,,,,,
GSI19_705,7/10/2018,6/25/2024,GSI1,9,705,,PICMAR,5.8,6.3,1,-99,0,1,1,,,,,,,,,,,,,,,
GSI19_706,7/10/2018,6/25/2024,GSI1,9,706,,PICMAR,3,3,1,-99,0,1,1,,,,,,,,,,,,,,,
GSI19_707,7/10/2018,6/25/2024,GSI1,9,707,,PICMAR,3.7,4.1,1,-99,0,1,1,,,,,,,,,,,,,,,
GSI19_708,7/10/2018,6/25/2024,GSI1,9,708,,PICMAR,4.2,4.4,1,-99,0,1,1,,,,,,,,,,,,,,,
GSI19_709,7/10/2018,6/25/2024,GSI1,9,709,,PICMAR,-7777,-9999,0,-99,0,1,1,,,,,,,,,,,,,,,
GSI19_710,7/10/2018,6/25/2024,GSI1,9,710,,PICMAR,5.5,5.9,1,-99,0,1,1,,,,,,,,,,,,,,,
GSI19_711,7/10/2018,6/25/2024,GSI1,9,711,,PICMAR,3.6,4,1,-99,0,1,1,,,,,,,,,,,,,,,
GSI19_712,7/10/2018,6/25/2024,GSI1,9,712,,PICMAR,3.1,3.5,1,-99,0,1,1,,,,,,,,,,,,,,,
GSI19_713,7/10/2018,6/25/2024,GSI1,9,713,,PICGLA,4.9,4.9,1,-99,0,1,1,,,,,,,,,,,,,,,
GSI19_714,7/10/2018,6/25/2024,GSI1,9,714,,PICMAR,-7777,-9999,0,-99,0,1,1,,,,,,,,,,,,,,,
GSI19_715,7/10/2018,6/25/2024,GSI1,9,715,,PICMAR,3.6,-9999,1,-99,0,1,1,,,,,,,,,,,,,,,
GSI19_716,7/10/2018,6/25/2024,GSI1,9,716,,PICMAR,4.5,4.6,1,-99,0,1,1,,,,,,,,,,,,,,,
GSI19_717,7/10/2018,6/25/2024,GSI1,9,717,,PICMAR,4,4.6,1,-99,0,1,1,,,,,,,,,,,,,,,
GSI19_718,7/10/2018,6/25/2024,GSI1,9,718,,PICMAR,2.9,3.3,1,-99,0,1,1,,,,,,,,,,,,,,,
GSI19_719,7/10/2018,6/25/2024,GSI1,9,719,,PICMAR,3.2,-9999,1,-99,0,1,1,,,,,,,,,,,,,,,
GSI19_720,7/10/2018,6/25/2024,GSI1,9,720,,PICMAR,3.6,4.2,1,-99,0,1,1,,,,,,,,,,,,,,,
GSI19_721,7/10/2018,6/25/2024,GSI1,9,721,,PICMAR,3.7,4.3,1,-99,0,1,1,,,,,,,,,,,,,,,
GSI19_722,7/10/2018,6/25/2024,GSI1,9,722,,PICMAR,4.2,4.1,1,-99,0,1,1,,,,,,,,,,,,,,,
GSI19_2049,,6/25/2024,GSI1,9,2049,,PICMAR,,2.7,1,-99,0,1,1,,,,,,,,,,,,,,,
GSI19_2050,,6/25/2024,GSI1,9,2050,,PICMAR,,2.7,1,-99,0,1,1,,,,,,,,,,,,,,,
GSI19_2051,,6/25/2024,GSI1,9,2051,,PICMAR,,2.6,1,-99,0,1,1,,,,,,,,,,,,,,,
GSI19_2052,,6/25/2024,GSI1,9,2052,,PICMAR,,2.7,1,-99,0,1,1,,,,,,,,,,,,,,,
GSI19_2053,,6/25/2024,GSI1,9,2053,,PICMAR,,2.9,1,-99,0,1,1,,,,,,,,,,,,,,,
GSI19_2054,,6/25/2024,GSI1,9,2054,,PICMAR,,2.9,1,-99,0,1,1,,,,,,,,,,,,,,,
GSI19_2055,,6/25/2024,GSI1,9,2055,,PICMAR,,3.2,1,-99,0,1,1,,,,,,,,,,,,,,,
GSI19_2056,,6/25/2024,GSI1,9,2056,,PICMAR,,3,1,-99,0,1,1,,,,,,,,,,,,,,,
GSI19_2057,,6/25/2024,GSI1,9,2057,,PICMAR,,3.2,1,-99,0,1,1,,,,,,,,,,,,,,,
GSI19_2058,,6/25/2024,GSI1,9,2058,,PICMAR,,3.8,1,-99,0,1,1,,,,,,,,,,,,,,,
GSI19_2059,,6/25/2024,GSI1,9,2059,,PICMAR,,2.8,1,-99,0,1,1,,,,,,,,,,,,,,,
GSI19_2060,,6/25/2024,GSI1,9,2060,,PICMAR,,2.9,1,-99,0,1,1,,,,,,,,,,,,,,,
GSI19_2061,,6/25/2024,GSI1,9,2061,,PICMAR,,3.1,1,-99,0,1,1,,,,,,,,,,,,,,,
GSI111_52,7/10/2018,6/26/2024,GSI1,11,52,,PICMAR,2.5,3,1,-99,0,1,1,,old notes-By tree 752. 2019 notes-,,,,,,,,,,,,,
GSI111_53,7/10/2018,6/26/2024,GSI1,11,53,,PICMAR,3,3.7,1,-99,0,1,1,,old notes-By tree 752. 2019 notes-,,,,,,,,,,,,,
GSI111_54,7/10/2018,6/26/2024,GSI1,11,54,,PICMAR,2.8,3.7,1,-99,0,1,1,,old notes-By tree 754. 2019 notes-,,,,,,,,,,,,,
GSI111_55,7/10/2018,6/26/2024,GSI1,11,55,,PICMAR,3,3.6,1,-99,0,1,1,,old notes-By tree 741. 2019 notes-,,,,,,,,,,,,,
GSI111_56,7/10/2018,6/26/2024,GSI1,11,56,,PICMAR,2.9,3.5,1,-99,0,1,1,,old notes-By tree 750. 2019 notes-,,,,,,,,,,,,,
GSI111_57,7/10/2018,6/26/2024,GSI1,11,57,,PICMAR,2.6,3.2,1,-99,0,1,1,,old notes-By tree 739. 2019 notes-,,,,,,,,,,,,,
GSI111_58,7/10/2018,6/26/2024,GSI1,11,58,,PICMAR,2.7,3.2,1,-99,0,1,1,,old notes-By tree 747. 2019 notes-,,,,,,,,,,,,,
GSI111_59,7/10/2018,6/26/2024,GSI1,11,59,,PICMAR,2.5,2.7,1,1.5,0,1,1,,old notes-By tree 732. 2019 notes-,,,,,,,,,,,,,
GSI111_60,7/10/2018,6/26/2024,GSI1,11,60,,PICMAR,2.5,2.4,1,-99,1,1,1,,old notes-By tree 732. 2019 notes-,,,,,,,,,,,,,
GSI111_74,7/10/2018,6/26/2024,GSI1,11,74,,PICMAR,-7777,-7777,0,-99,0,1,1,,,,,,,,,,,,,,,
GSI111_723,7/10/2018,6/26/2024,GSI1,11,723,,PICMAR,-7777,-7777,0,-99,0,1,1,,,,,,,,,,,,,,,
GSI111_724,7/10/2018,6/26/2024,GSI1,11,724,,PICMAR,-7777,-7777,0,-99,0,1,1,,,,,,,,,,,,,,,
GSI111_725,7/10/2018,6/26/2024,GSI1,11,725,,PICMAR,-7777,-7777,0,-99,0,1,1,,,,,,,,,,,,,,,
GSI111_726,7/10/2018,6/26/2024,GSI1,11,726,,PICMAR,8,8.9,1,-99,0,1,1,,,,,,,,,,,,,,,
GSI111_727,7/10/2018,6/26/2024,GSI1,11,727,,PICMAR,8.1,8.9,1,-99,0,1,1,,,,,,,,,,,,,,,
GSI111_728,7/10/2018,6/26/2024,GSI1,11,728,,PICGLA,4.5,5.2,1,-99,0,1,1,,,,,,,,,,,,,,,
GSI111_729,7/10/2018,6/26/2024,GSI1,11,729,,PICMAR,3,3.2,1,-99,1,1,1,,,,,,,,,,,,,,,
GSI111_730,7/10/2018,6/26/2024,GSI1,11,730,,PICMAR,3.5,4.7,1,-99,0,1,1,,,,,,,,,,,,,,,
GSI111_731,7/10/2018,6/26/2024,GSI1,11,731,,PICMAR,3.8,4.2,1,-99,1,1,1,,,,,,,,,,,,,,,
GSI111_732,7/10/2018,6/26/2024,GSI1,11,732,,PICMAR,5.9,6.4,1,-99,0,1,1,,,,,,,,,,,,,,,
GSI111_733,7/10/2018,6/26/2024,GSI1,11,733,,PICMAR,4.4,4.9,1,-99,0,1,1,,,,,,,,,,,,,,,
GSI111_734,7/10/2018,6/26/2024,GSI1,11,734,,PICMAR,-7777,-9999,0,-99,0,1,1,,,,,,,,,,,,,,,
GSI111_735,7/10/2018,6/26/2024,GSI1,11,735,,PICMAR,3.6,4.1,1,-99,0,1,1,,,,,,,,,,,,,,,
GSI111_736,7/10/2018,6/26/2024,GSI1,11,736,,PICMAR,6.4,7.1,1,-99,0,1,1,,,,,,,,,,,,,,,
GSI111_737,7/10/2018,6/26/2024,GSI1,11,737,,PICMAR,5.2,6.5,1,-99,0,1,1,,,,,,,,,,,,,,,
GSI111_738,7/10/2018,6/26/2024,GSI1,11,738,,PICMAR,3.6,4.4,1,-99,0,1,1,,,,,,,,,,,,,,,
GSI111_739,7/10/2018,6/26/2024,GSI1,11,739,,PICGLA,5.9,6.4,1,-99,0,1,1,,,,,,,,,,,,,,,
GSI111_740,7/10/2018,6/26/2024,GSI1,11,740,,PICMAR,4.5,5,1,-99,0,1,1,,,,,,,,,,,,,,,
GSI111_741,7/10/2018,6/26/2024,GSI1,11,741,,PICMAR,6.7,7,1,-99,0,1,1,,,,,,,,,,,,,,,
GSI111_742,7/10/2018,6/26/2024,GSI1,11,742,,PICMAR,5,5.6,1,-99,0,1,1,,,,,,,,,,,,,,,
GSI111_743,7/10/2018,6/26/2024,GSI1,11,743,,PICMAR,4.4,4.6,1,-99,0,1,1,,,,,,,,,,,,,,,
GSI111_744,7/10/2018,6/26/2024,GSI1,11,744,,PICMAR,3.5,3.8,1,-99,0,1,1,,,,,,,,,,,,,,,
GSI111_745,7/10/2018,6/26/2024,GSI1,11,745,,PICMAR,3.8,4.2,1,-99,0,1,1,,,,,,,,,,,,,,,
GSI111_746,7/10/2018,6/26/2024,GSI1,11,746,,PICMAR,3.2,3.3,1,-99,0,1,1,,,,,,,,,,,,,,,
GSI111_747,7/10/2018,6/26/2024,GSI1,11,747,,PICMAR,5.2,6,1,-99,0,1,1,,,,,,,,,,,,,,,
GSI111_748,7/10/2018,6/26/2024,GSI1,11,748,,PICMAR,-7777,-7777,0,-99,0,1,1,,,,,,,,,,,,,,,
GSI111_749,7/10/2018,6/26/2024,GSI1,11,749,,PICMAR,5.5,6.3,1,-99,0,1,1,,,,,,,,,,,,,,,
GSI111_750,7/10/2018,6/26/2024,GSI1,11,750,,PICGLA,5.2,5.9,1,-99,0,1,1,,,,,,,,,,,,,,,
GSI111_751,7/10/2018,6/26/2024,GSI1,11,751,,PICMAR,4.1,4.5,1,-99,0,1,1,,,,,,,,,,,,,,,
GSI111_752,7/10/2018,6/26/2024,GSI1,11,752,,PICMAR,5.5,6.1,1,-99,0,1,1,,,,,,,,,,,,,,,
GSI111_753,7/10/2018,6/26/2024,GSI1,11,753,,PICGLA,-7777,-9999,0,-99,0,1,1,,,,,,,,,,,,,,,
GSI111_754,7/10/2018,6/26/2024,GSI1,11,754,,PICMAR,4.7,5.3,1,-99,0,1,1,,,,,,,,,,,,,,,
GSI111_755,7/10/2018,6/26/2024,GSI1,11,755,,PICMAR,3.3,4,1,-99,0,1,1,,,,,,,,,,,,,,,
GSI111_756,7/10/2018,6/26/2024,GSI1,11,756,,PICGLA,5.7,6.5,1,-99,0,1,1,,,,,,,,,,,,,,,
GSI111_757,7/10/2018,6/26/2024,GSI1,11,757,,PICMAR,5.9,6.5,1,-99,0,1,1,,,,,,,,,,,,,,,
GSI111_758,7/10/2018,6/26/2024,GSI1,11,758,,PICMAR,7.5,8.1,1,-99,0,1,1,,,,,,,,,,,,,,,
GSI111_759,7/10/2018,6/26/2024,GSI1,11,759,,PICMAR,4.8,-7777,1,3,0,1,1,,,,,,,,,,,,,,,
GSI111_760,7/10/2018,6/26/2024,GSI1,11,760,,PICMAR,7,7.7,1,-99,0,1,1,,,,,,,,,,,,,,,
GSI111_761,7/10/2018,6/26/2024,GSI1,11,761,,PICMAR,5.7,6.4,1,-99,0,1,1,,,,,,,,,,,,,,,
GSI111_762,7/10/2018,6/26/2024,GSI1,11,762,,PICMAR,-7777,-7777,0,-99,0,1,1,,,,,,,,,,,,,,,
GSI111_763,7/10/2018,6/26/2024,GSI1,11,763,,PICMAR,5.7,6.8,1,-99,0,1,1,,,,,,,,,,,,,,,
GSI111_764,7/10/2018,6/26/2024,GSI1,11,764,,PICMAR,4,4.7,1,-99,0,1,1,,,,,,,,,,,,,,,
GSI111_765,7/10/2018,6/26/2024,GSI1,11,765,,PICMAR,3.9,4.6,1,-99,0,1,1,,,,,,,,,,,,,,,
GSI111_2062,,6/26/2024,GSI1,11,2062,,PICMAR,,2.7,1,-99,0,1,1,,,,,,,,,,,,,,,
GSI111_2063,,6/26/2024,GSI1,11,2063,,PICMAR,,3,1,-99,0,1,1,,,,,,,,,,,,,,,
GSI111_2064,,6/26/2024,GSI1,11,2064,,PICMAR,,3,1,-99,0,1,1,,,,,,,,,,,,,,,
GSI112_61,7/10/2018,6/26/2024,GSI1,12,61,,PICMAR,2.6,3.1,1,-99,0,1,1,Plot is narrow,old notes-By tree 732. 2019 notes-,,,,,,,,,,,,,
GSI112_62,7/10/2018,6/26/2024,GSI1,12,62,,PICMAR,2.6,3.2,1,-99,0,1,1,,old notes-By tree 766. 2019 notes-,,,,,,,,,,,,,
GSI112_63,7/10/2018,6/26/2024,GSI1,12,63,,PICMAR,3,3.3,1,-99,0,1,1,,old notes-By tree 802. 2019 notes-,,,,,,,,,,,,,
GSI112_64,7/10/2018,6/26/2024,GSI1,12,64,,PICMAR,2.7,3,1,-99,0,1,1,,old notes-By tree 781. 2019 notes-,,,,,,,,,,,,,
GSI112_766,7/10/2018,6/26/2024,GSI1,12,766,,PICMAR,3.1,3.6,1,-99,0,1,1,,,,,,,,,,,,,,,
GSI112_767,7/10/2018,6/26/2024,GSI1,12,767,,PICMAR,3.4,4.4,1,-99,0,1,1,,,,,,,,,,,,,,,
GSI112_768,7/10/2018,6/26/2024,GSI1,12,768,,PICMAR,7.5,8.2,1,-99,0,1,1,,,,,,,,,,,,,,,
GSI112_769,7/10/2018,6/26/2024,GSI1,12,769,,PICGLA,12,13.6,1,-99,0,1,1,,,,,,,,,,,,,,,
GSI112_770,7/10/2018,6/26/2024,GSI1,12,770,,PICMAR,6.2,6.9,1,-99,0,1,1,,,,,,,,,,,,,,,
GSI112_771,7/10/2018,6/26/2024,GSI1,12,771,,PICGLA,-7777,-7777,0,-99,0,1,1,,,,,,,,,,,,,,,
GSI112_772,7/10/2018,6/26/2024,GSI1,12,772,,PICMAR,4,4.4,1,-99,0,1,1,,,,,,,,,,,,,,,
GSI112_773,7/10/2018,6/26/2024,GSI1,12,773,,PICGLA,12.3,13.9,1,-99,0,1,1,,,,,,,,,,,,,,,
GSI112_774,7/10/2018,6/26/2024,GSI1,12,774,,PICGLA,3.3,3.8,1,-99,0,1,1,,,,,,,,,,,,,,,
GSI112_775,7/10/2018,6/26/2024,GSI1,12,775,,PICGLA,7.9,8.4,1,-99,0,1,1,,,,,,,,,,,,,,,
GSI112_776,7/10/2018,6/26/2024,GSI1,12,776,,PICMAR,-7777,-9999,0,-99,0,1,1,,,,,,,,,,,,,,,
GSI112_777,7/10/2018,6/26/2024,GSI1,12,777,,PICMAR,-7777,-7777,0,-99,0,1,1,,,,,,,,,,,,,,,
GSI112_778,7/10/2018,6/26/2024,GSI1,12,778,,PICMAR,4.9,5.5,1,-99,0,1,1,,,,,,,,,,,,,,,
GSI112_779,7/10/2018,6/26/2024,GSI1,12,779,,PICMAR,5.8,5.6,1,-99,0,1,1,,,,,,,,,,,,,,,
GSI112_780,7/10/2018,6/26/2024,GSI1,12,780,,PICMAR,-7777,-7777,0,-99,0,1,1,,,,,,,,,,,,,,,
GSI112_781,7/10/2018,6/26/2024,GSI1,12,781,,PICMAR,4.1,4.9,1,-99,0,1,1,,,,,,,,,,,,,,,
GSI112_782,7/10/2018,6/26/2024,GSI1,12,782,,PICGLA,3.4,4.3,1,-99,0,1,1,,,,,,,,,,,,,,,
GSI112_783,7/10/2018,6/26/2024,GSI1,12,783,,PICMAR,3.9,4.3,1,-99,0,1,1,,,,,,,,,,,,,,,
GSI112_784,7/10/2018,6/26/2024,GSI1,12,784,,PICMAR,3.7,4.1,1,-99,0,1,1,,,,,,,,,,,,,,,
GSI112_785,7/10/2018,6/26/2024,GSI1,12,785,,PICMAR,4.8,5,1,-99,0,1,1,,,,,,,,,,,,,,,
GSI112_786,7/10/2018,6/26/2024,GSI1,12,786,,PICMAR,-7777,-7777,0,-99,0,1,1,,,,,,,,,,,,,,,
GSI112_787,7/10/2018,6/26/2024,GSI1,12,787,,PICMAR,-7777,-7777,0,-99,0,1,1,,,,,,,,,,,,,,,
GSI112_788,7/10/2018,6/26/2024,GSI1,12,788,,PICMAR,3,3.3,1,-99,0,1,1,,,,,,,,,,,,,,,
GSI112_789,7/10/2018,6/26/2024,GSI1,12,789,,PICMAR,4.4,4.8,1,-99,0,1,1,,,,,,,,,,,,,,,
GSI112_790,7/10/2018,6/26/2024,GSI1,12,790,,PICMAR,4,4.5,1,-99,0,1,1,,,,,,,,,,,,,,,
GSI112_791,7/10/2018,6/26/2024,GSI1,12,791,,PICGLA,7,7.8,1,-99,0,1,1,,,,,,,,,,,,,,,
GSI112_792,7/10/2018,6/26/2024,GSI1,12,792,,PICMAR,4.5,5.2,1,-99,0,1,1,,,,,,,,,,,,,,,
GSI112_793,7/10/2018,6/26/2024,GSI1,12,793,,PICMAR,6.3,-7777,0,1.5,0,1,1,,,,,,,,,,,,,,,
GSI112_794,7/10/2018,6/26/2024,GSI1,12,794,,PICMAR,3.8,4.1,1,-99,0,1,1,,,,,,,,,,,,,,,
GSI112_795,7/10/2018,6/26/2024,GSI1,12,795,,PICMAR,4.3,4.5,1,-99,0,1,1,,,,,,,,,,,,,,,
GSI112_796,7/10/2018,6/26/2024,GSI1,12,796,,PICMAR,3.9,4.2,1,-99,0,1,1,,,,,,,,,,,,,,,
GSI112_797,7/10/2018,6/26/2024,GSI1,12,797,,PICMAR,4.7,5,1,-99,0,1,1,,,,,,,,,,,,,,,
GSI112_798,7/10/2018,6/26/2024,GSI1,12,798,,PICMAR,3.5,4.4,1,-99,0,1,1,,,,,,,,,,,,,,,
GSI112_799,7/10/2018,6/26/2024,GSI1,12,799,,PICMAR,3,3.4,1,-99,0,1,1,,,,,,,,,,,,,,,
GSI112_800,7/10/2018,6/26/2024,GSI1,12,800,,PICMAR,-7777,-7777,0,-99,0,1,1,,,,,,,,,,,,,,,
GSI112_801,7/10/2018,6/26/2024,GSI1,12,801,,PICMAR,3.7,4.2,1,-99,0,1,1,,,,,,,,,,,,,,,
GSI112_802,7/10/2018,6/26/2024,GSI1,12,802,,PICMAR,4.3,4.8,1,-99,0,1,1,,,,,,,,,,,,,,,
GSI112_803,7/10/2018,6/26/2024,GSI1,12,803,,PICMAR,-7777,-9999,0,-99,0,1,1,,,,,,,,,,,,,,,
GSI112_2065,,6/26/2024,GSI1,12,2065,,PICMAR,,2.7,1,-99,0,1,1,,,,,,,,,,,,,,,
GSI112_2066,,6/26/2024,GSI1,12,2066,,PICMAR,,3,1,-99,0,1,1,,,,,,,,,,,,,,,
GSI113_65,7/10/2018,6/26/2024,GSI1,13,65,,PICMAR,2.5,2.8,1,-99,0,1,1,,old notes-By tree 806. 2019 notes-,,,,,,,,,,,,,
GSI113_66,7/10/2018,6/26/2024,GSI1,13,66,,PICMAR,2.6,2.7,1,-99,0,1,1,,old notes-By tree 850. 2019 notes-,,,,,,,,,,,,,
GSI113_67,7/10/2018,6/26/2024,GSI1,13,67,,PICMAR,2.6,3.3,1,-99,0,1,1,,old notes-By tree 854. 2019 notes-,,,,,,,,,,,,,
GSI113_68,7/10/2018,6/26/2024,GSI1,13,68,,PICMAR,2.5,3,1,-99,0,1,1,,old notes-By tree 854. 2019 notes-,,,,,,,,,,,,,
GSI113_69,7/10/2018,6/26/2024,GSI1,13,69,,PICMAR,2.5,3,1,-99,0,1,1,,old notes-By tree 824. 2019 notes-,,,,,,,,,,,,,
GSI113_70,7/10/2018,6/26/2024,GSI1,13,70,,PICMAR,2.7,3.1,1,-99,0,1,1,,old notes-By tree 829. 2019 notes-,,,,,,,,,,,,,
GSI113_648,7/10/2018,6/26/2024,GSI1,13,648,,PICMAR,4.7,5.4,1,-99,0,1,1,,,,,,,,,,,,,,,
GSI113_804,7/10/2018,6/26/2024,GSI1,13,804,,PICMAR,4.6,4.7,1,-99,0,1,1,,,,,,,,,,,,,,,
GSI113_805,7/10/2018,6/26/2024,GSI1,13,805,,PICGLA,5.2,6.2,1,-99,0,1,1,,,,,,,,,,,,,,,
GSI113_806,7/10/2018,6/26/2024,GSI1,13,806,,PICMAR,3,3.2,1,-99,0,1,1,,,,,,,,,,,,,,,
GSI113_807,7/10/2018,6/26/2024,GSI1,13,807,,PICMAR,2.9,3.1,1,-99,0,1,1,,,,,,,,,,,,,,,
GSI113_808,7/10/2018,6/26/2024,GSI1,13,808,,PICMAR,4,4.4,1,-99,0,1,1,,,,,,,,,,,,,,,
GSI113_809,7/10/2018,6/26/2024,GSI1,13,809,,PICMAR,3.8,4.3,1,-99,0,1,1,,,,,,,,,,,,,,,
GSI113_810,7/10/2018,6/26/2024,GSI1,13,810,,PICMAR,3.3,3.9,1,-99,0,1,1,,,,,,,,,,,,,,,
GSI113_811,7/10/2018,6/26/2024,GSI1,13,811,,PICMAR,10,10.7,1,-99,0,1,1,,,,,,,,,,,,,,,
GSI113_812,7/10/2018,6/26/2024,GSI1,13,812,,PICMAR,2.9,3.6,1,-99,1,1,1,,,,,,,,,,,,,,,
GSI113_813,7/10/2018,6/26/2024,GSI1,13,813,,PICGLA,10.1,11.7,1,-99,0,1,1,,,,,,,,,,,,,,,
GSI113_814,7/10/2018,6/26/2024,GSI1,13,814,,PICMAR,3,3.4,1,-99,0,1,1,,,,,,,,,,,,,,,
GSI113_815,7/10/2018,6/26/2024,GSI1,13,815,,PICMAR,-7777,-9999,0,-99,0,1,1,,,,,,,,,,,,,,,
GSI113_816,7/10/2018,6/26/2024,GSI1,13,816,,PICMAR,3,3.6,1,-99,0,1,1,,,,,,,,,,,,,,,
GSI113_817,7/10/2018,6/26/2024,GSI1,13,817,,PICMAR,3.5,4,1,-99,0,1,1,,,,,,,,,,,,,,,
GSI113_818,7/10/2018,6/26/2024,GSI1,13,818,,PICMAR,3.9,4.5,1,-99,0,1,1,,,,,,,,,,,,,,,
GSI113_819,7/10/2018,6/26/2024,GSI1,13,819,,PICMAR,5.3,5.8,1,-99,0,1,1,,,,,,,,,,,,,,,
GSI113_820,7/10/2018,6/26/2024,GSI1,13,820,,PICMAR,3.8,4.3,1,-99,0,1,1,,,,,,,,,,,,,,,
GSI113_821,7/10/2018,6/26/2024,GSI1,13,821,,PICMAR,3.4,-7777,1,2.5,0,1,1,,,,,,,,,,,,,,,
GSI113_822,7/10/2018,6/26/2024,GSI1,13,822,,PICMAR,3,3.5,1,-99,0,1,1,,,,,,,,,,,,,,,
GSI113_823,7/10/2018,6/26/2024,GSI1,13,823,,PICMAR,4.1,5.2,1,-99,0,1,1,,,,,,,,,,,,,,,
GSI113_824,7/10/2018,6/26/2024,GSI1,13,824,,PICMAR,5.6,6.1,1,-99,0,1,1,,,,,,,,,,,,,,,
GSI113_825,7/10/2018,6/26/2024,GSI1,13,825,,PICMAR,3.9,4.6,1,-99,0,1,1,,,,,,,,,,,,,,,
GSI113_826,7/10/2018,6/26/2024,GSI1,13,826,,PICMAR,3.2,3.4,1,-99,0,1,1,,,,,,,,,,,,,,,
GSI113_827,7/10/2018,6/26/2024,GSI1,13,827,,PICMAR,3.9,4.5,1,-99,0,1,1,,,,,,,,,,,,,,,
GSI113_828,7/10/2018,6/26/2024,GSI1,13,828,,PICMAR,2.7,-7777,1,-99,0,1,1,,,,,,,,,,,,,,,
GSI113_829,7/10/2018,6/26/2024,GSI1,13,829,,PICMAR,2.8,3.2,1,-99,0,1,1,,,,,,,,,,,,,,,
GSI113_830,7/10/2018,6/26/2024,GSI1,13,830,,PICMAR,4.9,5.2,1,-99,0,1,1,,,,,,,,,,,,,,,
GSI113_831,7/10/2018,6/26/2024,GSI1,13,831,,PICMAR,3.7,4,1,-99,0,1,1,,,,,,,,,,,,,,,
GSI113_832,7/10/2018,6/26/2024,GSI1,13,832,,PICMAR,3.4,3.3,1,-99,0,1,1,,,,,,,,,,,,,,,
GSI113_833,7/10/2018,6/26/2024,GSI1,13,833,,PICMAR,3.7,4,1,-99,0,1,1,,,,,,,,,,,,,,,
GSI113_834,7/10/2018,6/26/2024,GSI1,13,834,,PICMAR,3.1,3.5,1,-99,0,1,1,,,,,,,,,,,,,,,
GSI113_835,7/10/2018,6/26/2024,GSI1,13,835,,PICMAR,3.5,4,1,-99,0,1,1,,,,,,,,,,,,,,,
GSI113_836,7/10/2018,6/26/2024,GSI1,13,836,,PICMAR,5,5.3,1,-99,0,1,1,,,,,,,,,,,,,,,
GSI113_837,7/10/2018,6/26/2024,GSI1,13,837,,PICMAR,3.8,-7777,1,3,0,1,1,,,,,,,,,,,,,,,
GSI113_838,7/10/2018,6/26/2024,GSI1,13,838,,PICMAR,3.9,4.1,1,-99,0,1,1,,,,,,,,,,,,,,,
GSI113_839,7/10/2018,6/26/2024,GSI1,13,839,,PICMAR,4,4.3,1,-99,0,1,1,,,,,,,,,,,,,,,
GSI113_840,7/10/2018,6/26/2024,GSI1,13,840,,PICMAR,3.3,3.9,1,-99,0,1,1,,,,,,,,,,,,,,,
GSI113_841,7/10/2018,6/26/2024,GSI1,13,841,,PICMAR,3.1,4,1,-99,0,1,1,,,,,,,,,,,,,,,
GSI113_842,7/10/2018,6/26/2024,GSI1,13,842,,PICMAR,3,3.2,1,-99,0,1,1,,,,,,,,,,,,,,,
GSI113_843,7/10/2018,6/26/2024,GSI1,13,843,,PICMAR,5.2,5.5,1,-99,0,1,1,,,,,,,,,,,,,,,
GSI113_844,7/10/2018,6/26/2024,GSI1,13,844,,PICGLA,7.2,8.1,1,-99,0,1,1,,,,,,,,,,,,,,,
GSI113_845,7/10/2018,6/26/2024,GSI1,13,845,,PICMAR,3,3.5,1,-99,0,1,1,,,,,,,,,,,,,,,
GSI113_846,7/10/2018,6/26/2024,GSI1,13,846,,PICMAR,3.2,3.6,1,-99,0,1,1,,,,,,,,,,,,,,,
GSI113_847,7/10/2018,6/26/2024,GSI1,13,847,,PICGLA,3,3.5,1,-99,0,1,1,,,,,,,,,,,,,,,
GSI113_848,7/10/2018,6/26/2024,GSI1,13,848,,PICGLA,3.9,4.4,1,-99,0,1,1,,,,,,,,,,,,,,,
GSI113_849,7/10/2018,6/26/2024,GSI1,13,849,,PICMAR,3.5,4.1,1,-99,0,1,1,,,,,,,,,,,,,,,
GSI113_850,7/10/2018,6/26/2024,GSI1,13,850,,PICMAR,5,5.3,1,-99,0,1,1,,,,,,,,,,,,,,,
GSI113_851,7/10/2018,6/26/2024,GSI1,13,851,,PICMAR,3.7,3.9,1,-99,0,1,1,,,,,,,,,,,,,,,
GSI113_852,7/10/2018,6/26/2024,GSI1,13,852,,PICMAR,5.3,5.6,1,-99,0,1,1,,,,,,,,,,,,,,,
GSI113_853,7/10/2018,6/26/2024,GSI1,13,853,,PICMAR,5.6,6.3,1,-99,0,1,1,,,,,,,,,,,,,,,
GSI113_854,7/10/2018,6/26/2024,GSI1,13,854,,PICMAR,3.7,4.7,1,-99,0,1,1,,,,,,,,,,,,,,,
GSI113_2067,,6/26/2024,GSI1,13,2067,,PICMAR,,2.7,1,-99,0,1,1,,,,,,,,,,,,,,,
GSI113_2068,,6/26/2024,GSI1,13,2068,,PICMAR,,2.6,1,-99,0,1,1,,,,,,,,,,,,,,,
GSI113_2069,,6/26/2024,GSI1,13,2069,,PICMAR,,2.8,1,-99,0,1,1,,,,,,,,,,,,,,,
GSI113_2070,,6/26/2024,GSI1,13,2070,,PICMAR,,2.7,1,-99,0,1,1,,,,,,,,,,,,,,,
GSI113_2071,,6/26/2024,GSI1,13,2071,,PICMAR,,3.4,1,-99,0,1,1,,,,,,,,,,,,,,,
GSI113_2072,,6/26/2024,GSI1,13,2072,,PICMAR,,2.7,1,-99,0,1,1,,,,,,,,,,,,,,,
GSI113_2073,,6/26/2024,GSI1,13,2073,,PICMAR,,2.7,1,-99,0,1,1,,,,,,,,,,,,,,,
GSI113_2074,,6/26/2024,GSI1,13,2074,,PICMAR,,2.6,1,-99,0,1,1,,,,,,,,,,,,,,,
GSI113_2075,,6/26/2024,GSI1,13,2075,,PICMAR,,3,1,-99,0,1,1,,,,,,,,,,,,,,,
GSI113_2076,,6/26/2024,GSI1,13,2076,,PICMAR,,3.1,1,-99,0,1,1,,,,,,,,,,,,,,,
GSI113_2077,,6/26/2024,GSI1,13,2077,,PICMAR,,2.7,1,-99,0,1,1,,,,,,,,,,,,,,,
GSI114_71,7/10/2018,6/26/2024,GSI1,14,71,,PICMAR,2.6,2.9,1,-99,0,1,1,,old notes-By tree 859. 2019 notes-,,,,,,,,,,,,,
GSI114_72,7/10/2018,6/26/2024,GSI1,14,72,,PICMAR,2.6,-7777,1,-99,1,1,1,,old notes-By tree 859. 2019 notes-,,,,,,,,,,,,,
GSI114_73,7/10/2018,6/26/2024,GSI1,14,73,,PICMAR,2.7,-7777,1,-99,0,1,1,,old notes-By tree 857. 2019 notes-,,,,,,,,,,,,,
GSI114_74,7/10/2018,6/26/2024,GSI1,14,74,,PICMAR,2.6,-7777,1,-99,0,1,1,,old notes-By tree 889. 2019 notes-,,,,,,,,,,,,,
GSI114_75,7/10/2018,6/26/2024,GSI1,14,75,,PICMAR,2.7,2.9,1,-99,0,1,1,,old notes-By tree 871. 2019 notes-,,,,,,,,,,,,,
GSI114_76,7/10/2018,6/26/2024,GSI1,14,76,,PICMAR,2.7,3.1,1,-99,0,1,1,,old notes-By tree 877. 2019 notes-,,,,,,,,,,,,,
GSI114_77,7/10/2018,6/26/2024,GSI1,14,77,,PICMAR,2.6,3,1,-99,0,1,1,,old notes-By tree 876. 2019 notes-,,,,,,,,,,,,,
GSI114_78,7/10/2018,6/26/2024,GSI1,14,78,,PICMAR,2.5,2.6,1,-99,0,1,1,,old notes-By tree 878. 2019 notes-,,,,,,,,,,,,,
GSI114_79,7/10/2018,6/26/2024,GSI1,14,79,,PICMAR,2.6,-7777,0,-99,1,1,1,,old notes-By tree 880. 2019 notes-,,,,,,,,,,,,,
GSI114_80,7/10/2018,6/26/2024,GSI1,14,80,,PICMAR,2.7,3.3,1,-99,0,1,1,,old notes-By tree 880. 2019 notes-,,,,,,,,,,,,,
GSI114_81,7/10/2018,6/26/2024,GSI1,14,81,,PICMAR,2.8,3,1,-99,0,1,1,,old notes-By tree 906. 2019 notes-,,,,,,,,,,,,,
GSI114_82,7/10/2018,6/26/2024,GSI1,14,82,,PICMAR,2.7,3.4,1,-99,0,1,1,,old notes-By tree 891. 2019 notes-,,,,,,,,,,,,,
GSI114_83,7/10/2018,6/26/2024,GSI1,14,83,,PICMAR,2.8,3.3,1,-99,0,1,1,,old notes-By tree 894. 2019 notes-,,,,,,,,,,,,,
GSI114_855,7/10/2018,6/26/2024,GSI1,14,855,,PICMAR,3.5,5.6,1,-99,0,1,1,855 & 856 swapped last time,old notes-. 2019 notes-856,,,,,,,,,,,,,
GSI114_856,7/10/2018,6/26/2024,GSI1,14,856,,PICMAR,5.5,3.7,1,-99,0,1,1,,old notes-. 2019 notes-855,,,,,,,,,,,,,
GSI114_857,7/10/2018,6/26/2024,GSI1,14,857,,PICMAR,-7777,-7777,0,-99,0,1,1,,,,,,,,,,,,,,,
GSI114_858,7/10/2018,6/26/2024,GSI1,14,858,,PICMAR,7,6.7,1,-99,0,1,1,,,,,,,,,,,,,,,
GSI114_859,7/10/2018,6/26/2024,GSI1,14,859,,PICMAR,3.1,3.1,1,-99,1,1,1,,,,,,,,,,,,,,,
GSI114_860,7/10/2018,6/26/2024,GSI1,14,860,,PICMAR,5.1,5.1,1,-99,0,1,1,,,,,,,,,,,,,,,
GSI114_861,7/10/2018,6/26/2024,GSI1,14,861,,PICMAR,4.3,4.5,1,-99,0,1,1,,,,,,,,,,,,,,,
GSI114_862,7/10/2018,6/26/2024,GSI1,14,862,,PICMAR,5.5,5.7,1,-99,0,1,1,,,,,,,,,,,,,,,
GSI114_863,7/10/2018,6/26/2024,GSI1,14,863,,PICMAR,3.5,3.6,1,-99,0,1,1,,,,,,,,,,,,,,,
GSI114_864,7/10/2018,6/26/2024,GSI1,14,864,,PICMAR,5.2,5.4,1,-99,0,1,1,,,,,,,,,,,,,,,
GSI114_865,7/10/2018,6/26/2024,GSI1,14,865,,PICMAR,3.1,3.4,1,-99,0,1,1,,,,,,,,,,,,,,,
GSI114_866,7/10/2018,6/26/2024,GSI1,14,866,,PICGLA,3.3,4.4,1,-99,0,1,1,,,,,,,,,,,,,,,
GSI114_867,7/10/2018,6/26/2024,GSI1,14,867,,PICMAR,-7777,-9999,0,-99,0,1,1,,,,,,,,,,,,,,,
GSI114_868,7/10/2018,6/26/2024,GSI1,14,868,,PICMAR,4,4.2,1,-99,0,1,1,,,,,,,,,,,,,,,
GSI114_869,7/10/2018,6/26/2024,GSI1,14,869,,PICMAR,5.4,5.8,1,-99,0,1,1,,,,,,,,,,,,,,,
GSI114_870,7/10/2018,6/26/2024,GSI1,14,870,,PICMAR,3.6,-7777,0,-99,0,1,1,,,,,,,,,,,,,,,
GSI114_871,7/10/2018,6/26/2024,GSI1,14,871,,PICMAR,3.1,3.4,1,-99,0,1,1,,,,,,,,,,,,,,,
GSI114_872,7/10/2018,6/26/2024,GSI1,14,872,,PICMAR,3.3,3.5,1,-99,0,1,1,,,,,,,,,,,,,,,
GSI114_873,7/10/2018,6/26/2024,GSI1,14,873,,PICMAR,3.6,4.1,1,-99,0,1,1,,,,,,,,,,,,,,,
GSI114_874,7/10/2018,6/26/2024,GSI1,14,874,,PICMAR,3.4,-7777,0,-99,0,1,1,,,,,,,,,,,,,,,
GSI114_875,7/10/2018,6/26/2024,GSI1,14,875,,PICGLA,3.2,3.8,1,-99,0,1,1,,,,,,,,,,,,,,,
GSI114_876,7/10/2018,6/26/2024,GSI1,14,876,,PICMAR,2.8,3,1,-99,0,1,1,,,,,,,,,,,,,,,
GSI114_877,7/10/2018,6/26/2024,GSI1,14,877,,PICMAR,3.4,3.7,1,-99,0,1,1,,,,,,,,,,,,,,,
GSI114_878,7/10/2018,6/26/2024,GSI1,14,878,,PICMAR,3.5,3.8,1,-99,0,1,1,,,,,,,,,,,,,,,
GSI114_879,7/10/2018,6/26/2024,GSI1,14,879,,PICMAR,3.6,3.9,1,-99,0,1,1,,,,,,,,,,,,,,,
GSI114_880,7/10/2018,6/26/2024,GSI1,14,880,,PICMAR,4,4.2,1,-99,0,1,1,,,,,,,,,,,,,,,
GSI114_881,7/10/2018,6/26/2024,GSI1,14,881,,PICMAR,3.5,3.9,1,-99,0,1,1,,,,,,,,,,,,,,,
GSI114_882,7/10/2018,6/26/2024,GSI1,14,882,,PICMAR,3.5,3.8,1,-99,0,1,1,,,,,,,,,,,,,,,
GSI114_883,7/10/2018,6/26/2024,GSI1,14,883,,PICMAR,3,3.2,1,-99,0,1,1,,,,,,,,,,,,,,,
GSI114_884,7/10/2018,6/26/2024,GSI1,14,884,,PICMAR,3.5,3.9,1,-99,0,1,1,,,,,,,,,,,,,,,
GSI114_885,7/10/2018,6/26/2024,GSI1,14,885,,PICMAR,3.3,3.7,1,-99,0,1,1,,,,,,,,,,,,,,,
GSI114_886,7/10/2018,6/26/2024,GSI1,14,886,,PICMAR,2.8,3.3,1,-99,0,1,1,,,,,,,,,,,,,,,
GSI114_887,7/10/2018,6/26/2024,GSI1,14,887,,PICMAR,3.5,3.9,1,-99,0,1,1,,,,,,,,,,,,,,,
GSI114_888,7/10/2018,6/26/2024,GSI1,14,888,,PICMAR,3.1,3.7,1,-99,0,1,1,,,,,,,,,,,,,,,
GSI114_889,7/10/2018,6/26/2024,GSI1,14,889,,PICMAR,3.4,4.8,1,-99,0,1,1,,,,,,,,,,,,,,,
GSI114_890,7/10/2018,6/26/2024,GSI1,14,890,,PICMAR,4.2,4.5,1,-99,0,1,1,,,,,,,,,,,,,,,
GSI114_891,7/10/2018,6/26/2024,GSI1,14,891,,PICMAR,3.6,3.9,1,-99,0,1,1,,,,,,,,,,,,,,,
GSI114_892,7/10/2018,6/26/2024,GSI1,14,892,,PICMAR,2.9,3.5,1,-99,0,1,1,,,,,,,,,,,,,,,
GSI114_893,7/10/2018,6/26/2024,GSI1,14,893,,PICMAR,3.2,3.6,1,-99,0,1,1,,,,,,,,,,,,,,,
GSI114_894,7/10/2018,6/26/2024,GSI1,14,894,,PICMAR,3.8,4.4,1,-99,0,1,1,,,,,,,,,,,,,,,
GSI114_895,7/10/2018,6/26/2024,GSI1,14,895,,PICMAR,4,4.5,1,-99,0,1,1,,,,,,,,,,,,,,,
GSI114_896,7/10/2018,6/26/2024,GSI1,14,896,,PICMAR,3,3.2,1,-99,0,1,1,,,,,,,,,,,,,,,
GSI114_897,7/10/2018,6/26/2024,GSI1,14,897,,PICMAR,4,4.7,1,-99,0,1,1,,,,,,,,,,,,,,,
GSI114_898,7/10/2018,6/26/2024,GSI1,14,898,,PICMAR,3,-7777,0,-99,1,1,1,,,,,,,,,,,,,,,
GSI114_899,7/10/2018,6/26/2024,GSI1,14,899,,PICMAR,3.6,4.2,1,-99,0,1,1,,,,,,,,,,,,,,,
GSI114_900,7/10/2018,6/26/2024,GSI1,14,900,,PICMAR,4.1,4.8,1,-99,0,1,1,,,,,,,,,,,,,,,
GSI114_901,7/10/2018,6/26/2024,GSI1,14,901,,PICMAR,3.3,3.7,1,-99,0,1,1,,,,,,,,,,,,,,,
GSI114_902,7/10/2018,6/26/2024,GSI1,14,902,,PICGLA,3.5,4.5,1,-99,0,1,1,,,,,,,,,,,,,,,
GSI114_903,7/10/2018,6/26/2024,GSI1,14,903,,PICMAR,3.4,3.9,1,-99,0,1,1,,,,,,,,,,,,,,,
GSI114_904,7/10/2018,6/26/2024,GSI1,14,904,,PICMAR,-7777,-7777,0,-99,0,1,1,,,,,,,,,,,,,,,
GSI114_905,7/10/2018,6/26/2024,GSI1,14,905,,PICMAR,-7777,-9999,0,-99,0,1,1,,,,,,,,,,,,,,,
GSI114_906,7/10/2018,6/26/2024,GSI1,14,906,,PICMAR,5.6,6.2,1,-99,0,1,1,,,,,,,,,,,,,,,
GSI114_907,7/10/2018,6/26/2024,GSI1,14,907,,PICMAR,3.8,4.1,1,-99,0,1,1,,,,,,,,,,,,,,,
GSI114_908,7/10/2018,6/26/2024,GSI1,14,908,,PICMAR,3.1,3.8,1,-99,0,1,1,,,,,,,,,,,,,,,
GSI114_909,7/10/2018,6/26/2024,GSI1,14,909,,PICMAR,3,3.8,1,-99,0,1,1,,,,,,,,,,,,,,,
GSI114_910,7/10/2018,6/26/2024,GSI1,14,910,,PICMAR,4.2,4.8,1,-99,0,1,1,,,,,,,,,,,,,,,
GSI114_911,7/10/2018,6/26/2024,GSI1,14,911,,PICMAR,3,3.4,1,-99,0,1,1,,,,,,,,,,,,,,,
GSI114_912,7/10/2018,6/26/2024,GSI1,14,912,,PICMAR,3.3,3.9,1,-99,0,1,1,,,,,,,,,,,,,,,
GSI114_913,7/10/2018,6/26/2024,GSI1,14,913,,PICGLA,3.5,4,1,-99,0,1,1,,,,,,,,,,,,,,,
GSI114_914,7/10/2018,6/26/2024,GSI1,14,914,,PICMAR,4.1,4.6,1,-99,0,1,1,,,,,,,,,,,,,,,
GSI114_915,7/10/2018,6/26/2024,GSI1,14,915,,PICMAR,3,3.5,1,-99,0,1,1,,,,,,,,,,,,,,,
GSI114_916,7/10/2018,6/26/2024,GSI1,14,916,,PICMAR,3.2,4,1,-99,0,1,1,,,,,,,,,,,,,,,
GSI114_917,7/10/2018,6/26/2024,GSI1,14,917,,PICMAR,7,7.8,1,-99,0,1,1,,,,,,,,,,,,,,,
GSI114_918,7/10/2018,6/26/2024,GSI1,14,918,,PICMAR,4.6,5.1,1,-99,0,1,1,,,,,,,,,,,,,,,
GSI114_919,7/10/2018,6/26/2024,GSI1,14,919,,PICGLA,3,3.6,1,-99,0,1,1,,,,,,,,,,,,,,,
GSI114_920,7/10/2018,6/26/2024,GSI1,14,920,,PICGLA,2.8,3.5,1,-99,0,1,1,,,,,,,,,,,,,,,
GSI114_921,7/10/2018,6/26/2024,GSI1,14,921,,PICMAR,3.1,3.6,1,-99,0,1,1,,,,,,,,,,,,,,,
GSI114_2078,,6/26/2024,GSI1,14,2078,,PICMAR,,2.6,1,-99,0,1,1,,,,,,,,,,,,,,,
GSI114_2079,,6/26/2024,GSI1,14,2079,,PICMAR,,2.6,1,-99,0,1,1,,,,,,,,,,,,,,,
GSI114_2080,,6/26/2024,GSI1,14,2080,,PICMAR,,2.6,1,-99,0,1,1,,,,,,,,,,,,,,,
GSI114_2081,,6/26/2024,GSI1,14,2081,,PICMAR,,2.9,1,-99,0,1,1,,,,,,,,,,,,,,,
GSI114_2082,,6/26/2024,GSI1,14,2082,,PICMAR,,3.1,1,-99,0,1,1,,,,,,,,,,,,,,,
GSI114_2083,,6/26/2024,GSI1,14,2083,,PICMAR,,2.5,1,-99,0,1,1,,,,,,,,,,,,,,,
GSI114_2084,,6/26/2024,GSI1,14,2084,,PICMAR,,2.9,1,-99,0,1,1,,,,,,,,,,,,,,,
GSI114_2085,,6/26/2024,GSI1,14,2085,,PICMAR,,2.9,1,-99,0,1,1,,,,,,,,,,,,,,,
GSI114_2086,,6/26/2024,GSI1,14,2086,,PICMAR,,2.6,1,-99,0,1,1,,,,,,,,,,,,,,,
GSI114_2087,,6/26/2024,GSI1,14,2087,,PICMAR,,2.5,1,-99,0,1,1,,,,,,,,,,,,,,,
GSI114_2088,,6/26/2024,GSI1,14,2088,,PICMAR,,3.1,1,-99,0,1,1,,,,,,,,,,,,,,,
GSI114_2089,,6/26/2024,GSI1,14,2089,,PICMAR,,2.7,1,-99,0,1,1,,,,,,,,,,,,,,,
GSI114_2090,,6/26/2024,GSI1,14,2090,,PICMAR,,2.6,1,-99,0,1,1,,,,,,,,,,,,,,,
GSI114_2091,,6/26/2024,GSI1,14,2091,,PICMAR,,2.7,1,-99,0,1,1,,,,,,,,,,,,,,,
GSI114_2092,,6/26/2024,GSI1,14,2092,,PICMAR,,2.5,1,-99,0,1,1,,,,,,,,,,,,,,,
GSI114_2093,,6/26/2024,GSI1,14,2093,,PICMAR,,3,1,-99,0,1,1,,,,,,,,,,,,,,,
GSI114_2094,,6/26/2024,GSI1,14,2094,,PICMAR,,2.9,1,-99,0,1,1,,,,,,,,,,,,,,,
NRM21_121,9/1/2013,6/26/2024,NRM2,1,121,,PICMAR,2.7,3.6,1,-99,0,-9999,1,,,,,,,,,,,,,,,
NRM21_122,9/1/2013,6/26/2024,NRM2,1,122,,PICMAR,3.2,4,1,-99,0,-9999,1,,,,,,,,,,,,,,,
NRM21_123,9/1/2013,6/26/2024,NRM2,1,123,,PICMAR,5,5.5,1,-99,0,-9999,1,,,,,,,,,,,,,,,
NRM21_124,9/1/2013,6/26/2024,NRM2,1,124,,PICMAR,2.7,3.3,1,-99,0,-9999,1,,,,,,,,,,,,,,,
NRM21_125,9/1/2013,6/26/2024,NRM2,1,125,,PICMAR,2.2,2.9,1,-99,0,-9999,1,,,,,,,,,,,,,,,
NRM21_126,9/1/2013,6/26/2024,NRM2,1,126,,PICMAR,2.6,3.2,1,-99,0,-9999,1,,,,,,,,,,,,,,,
NRM21_127,9/1/2013,6/26/2024,NRM2,1,127,,PICMAR,2.3,2.8,1,-99,0,-9999,1,,,,,,,,,,,,,,,
NRM21_128,9/1/2013,6/26/2024,NRM2,1,128,,PICMAR,3.7,4,1,-99,0,-9999,1,,,,,,,,,,,,,,,
NRM21_129,9/1/2013,6/26/2024,NRM2,1,129,,PICMAR,2.5,3.7,1,-99,0,-9999,1,,,,,,,,,,,,,,,
NRM21_130,9/1/2013,6/26/2024,NRM2,1,130,,PICMAR,4.6,5.5,1,-99,0,-9999,1,,,,,,,,,,,,,,,
NRM21_131,9/1/2013,6/26/2024,NRM2,1,131,,PICMAR,3.2,3.8,1,-99,0,-9999,1,,,,,,,,,,,,,,,
NRM21_132,9/1/2013,6/26/2024,NRM2,1,132,,PICMAR,3.7,4.3,1,-99,0,-9999,1,,,,,,,,,,,,,,,
NRM21_133,9/1/2013,6/26/2024,NRM2,1,133,,PICMAR,2.8,3.6,1,-99,0,-9999,1,,,,,,,,,,,,,,,
NRM21_134,9/1/2013,6/26/2024,NRM2,1,134,,PICMAR,3.5,4.1,1,-99,0,-9999,1,,,,,,,,,,,,,,,
NRM21_135,9/1/2013,6/26/2024,NRM2,1,135,,PICMAR,3.6,4.7,1,-99,0,-9999,1,,,,,,,,,,,,,,,
NRM21_136,9/1/2013,6/26/2024,NRM2,1,136,,PICMAR,3.7,4.3,1,-99,0,-9999,1,,,,,,,,,,,,,,,
NRM21_137,9/1/2013,6/26/2024,NRM2,1,137,,PICMAR,3.4,3.7,1,-99,0,-9999,1,,,,,,,,,,,,,,,
NRM21_138,9/1/2013,6/26/2024,NRM2,1,138,,PICMAR,2.2,3,1,-99,0,-9999,1,,,,,,,,,,,,,,,
NRM21_139,9/1/2013,6/26/2024,NRM2,1,139,,PICMAR,4.4,5.3,1,-99,0,-9999,1,,,,,,,,,,,,,,,
NRM21_140,9/1/2013,6/26/2024,NRM2,1,140,,PICMAR,4.3,5.1,1,-99,0,-9999,1,,,,,,,,,,,,,,,
NRM21_141,9/1/2013,6/26/2024,NRM2,1,141,,PICMAR,3.4,4.4,1,-99,0,-9999,1,,,,,,,,,,,,,,,
NRM21_142,9/1/2013,6/26/2024,NRM2,1,142,,PICMAR,2.4,2.9,1,-99,0,-9999,1,,,,,,,,,,,,,,,
NRM21_143,9/1/2013,6/26/2024,NRM2,1,143,,PICMAR,2.8,3.8,1,-99,0,-9999,1,,,,,,,,,,,,,,,
NRM21_144,9/1/2013,6/26/2024,NRM2,1,144,,PICMAR,5.5,6.3,1,-99,0,-9999,1,,Next to tree 128,,,,,,,,,,,,,
NRM21_145,9/1/2013,6/26/2024,NRM2,1,145,,PICMAR,3.7,4.7,1,-99,0,-9999,1,,,,,,,,,,,,,,,
NRM21_146,9/1/2013,6/26/2024,NRM2,1,146,,PICMAR,4.6,5.1,1,-99,0,-9999,1,,,,,,,,,,,,,,,
NRM21_147,9/1/2013,6/26/2024,NRM2,1,147,,PICMAR,4.2,4.6,1,-99,0,-9999,1,,,,,,,,,,,,,,,
NRM21_201,9/1/2013,6/26/2024,NRM2,1,201,,PICMAR,2.7,3.8,1,-99,0,-9999,1,,,,,,,,,,,,,,,
NRM21_202,9/1/2013,6/26/2024,NRM2,1,202,,PICMAR,4.6,5.5,1,-99,0,-9999,1,,,,,,,,,,,,,,,
NRM21_203,9/1/2013,6/26/2024,NRM2,1,203,,PICMAR,3.2,4,1,-99,1,-9999,1,,,,,,,,,,,,,,,
NRM21_204,9/1/2013,6/26/2024,NRM2,1,204,,PICMAR,3.6,4.3,1,-99,0,-9999,1,,,,,,,,,,,,,,,
NRM21_205,9/1/2013,6/26/2024,NRM2,1,205,,PICMAR,5,5.5,1,-99,0,-9999,1,,,,,,,,,,,,,,,
NRM21_206,9/1/2013,6/26/2024,NRM2,1,206,,PICMAR,2.6,3.1,1,-99,0,-9999,1,,,,,,,,,,,,,,,
NRM21_207,9/1/2013,6/26/2024,NRM2,1,207,,LARLAR,12.9,-7777,0,-99,0,-9999,1,,,,,,,,,,,,,,,
NRM21_208,9/1/2013,6/26/2024,NRM2,1,208,,PICMAR,4.9,5.7,1,-99,0,-9999,1,,,,,,,,,,,,,,,
NRM21_209,9/1/2013,6/26/2024,NRM2,1,209,,PICMAR,2.8,3.8,1,-99,0,-9999,1,,,,,,,,,,,,,,,
NRM21_210,9/1/2013,6/26/2024,NRM2,1,210,,PICMAR,3.2,3.9,1,-99,0,-9999,1,,,,,,,,,,,,,,,
NRM21_211,9/1/2013,6/26/2024,NRM2,1,211,,PICMAR,3,3.7,1,-99,0,-9999,1,,,,,,,,,,,,,,,
NRM21_212,9/1/2013,6/26/2024,NRM2,1,212,,PICMAR,3.8,5,1,-99,0,-9999,1,,,,,,,,,,,,,,,
NRM21_213,9/1/2013,6/26/2024,NRM2,1,213,,PICMAR,3.9,4.4,1,-99,0,-9999,1,,,,,,,,,,,,,,,
NRM21_214,9/1/2013,6/26/2024,NRM2,1,214,,PICMAR,6,6.4,1,-99,0,-9999,1,,,,,,,,,,,,,,,
NRM21_215,9/1/2013,6/26/2024,NRM2,1,215,,PICMAR,2.6,3.3,1,-99,0,-9999,1,,,,,,,,,,,,,,,
NRM21_216,9/1/2013,6/26/2024,NRM2,1,216,,PICMAR,2.6,3.4,1,-99,0,-9999,1,,,,,,,,,,,,,,,
NRM21_217,9/1/2013,6/26/2024,NRM2,1,217,,PICMAR,5.7,7.1,1,-99,0,-9999,1,,,,,,,,,,,,,,,
NRM21_218,9/1/2013,6/26/2024,NRM2,1,218,,PICMAR,3.4,4.3,1,-99,0,-9999,1,,,,,,,,,,,,,,,
NRM21_219,9/1/2013,6/26/2024,NRM2,1,219,,PICMAR,4.5,5.4,1,-99,0,-9999,1,,,,,,,,,,,,,,,
NRM21_220,9/1/2013,6/26/2024,NRM2,1,220,,PICMAR,2.8,3.6,1,-99,0,-9999,1,,,,,,,,,,,,,,,
NRM21_221,9/1/2013,6/26/2024,NRM2,1,221,,PICMAR,3.4,4.2,1,-99,0,-9999,1,,,,,,,,,,,,,,,
NRM21_222,9/1/2013,6/26/2024,NRM2,1,222,,PICMAR,2.6,3.3,1,-99,0,-9999,1,,,,,,,,,,,,,,,
NRM21_2095,,6/26/2024,NRM2,1,2095,,PICMAR,,2.7,1,-99,0,-9999,1,,,,,,,,,,,,,,,
NRM21_2096,,6/26/2024,NRM2,1,2096,,PICMAR,,2.6,1,-99,0,-9999,1,,,,,,,,,,,,,,,
NRM21_2097,,6/26/2024,NRM2,1,2097,,PICMAR,,2.9,1,-99,0,-9999,1,,,,,,,,,,,,,,,
NRM21_2098,,6/26/2024,NRM2,1,2098,,PICMAR,,2.9,1,-99,0,-9999,1,,,,,,,,,,,,,,,
NRM21_2099,,6/26/2024,NRM2,1,2099,,PICMAR,,3.1,1,-99,0,-9999,1,,,,,,,,,,,,,,,
NRM21_2100,,6/26/2024,NRM2,1,2100,,PICMAR,,2.9,1,-99,0,-9999,1,,,,,,,,,,,,,,,
NRM21_2101,,6/26/2024,NRM2,1,2101,,PICMAR,,3,1,-99,0,-9999,1,,,,,,,,,,,,,,,
NRM22_223,9/1/2013,6/26/2024,NRM2,2,223,,PICMAR,2.5,3,1,-99,0,-9999,1,"here &down is actually in plot 2, the previous data has them in plot 1 ",,,,,,,,,,,,,,
NRM22_224,9/1/2013,6/26/2024,NRM2,2,224,,PICMAR,9.1,9.8,1,-99,0,-9999,1,,,,,,,,,,,,,,,
NRM22_225,9/1/2013,6/26/2024,NRM2,2,225,,PICMAR,5,6,1,-99,0,-9999,1,,,,,,,,,,,,,,,
NRM22_226,9/1/2013,6/26/2024,NRM2,2,226,,PICMAR,3.5,4.4,1,-99,0,-9999,1,,,,,,,,,,,,,,,
NRM22_227,9/1/2013,6/26/2024,NRM2,2,227,,PICMAR,3.6,4.4,1,-99,0,-9999,1,,,,,,,,,,,,,,,
NRM22_228,9/1/2013,6/26/2024,NRM2,2,228,,PICMAR,3.6,4.2,1,-99,0,-9999,1,,,,,,,,,,,,,,,
NRM22_229,9/1/2013,6/26/2024,NRM2,2,229,,PICMAR,6,6.7,1,-99,0,-9999,1,,,,,,,,,,,,,,,
NRM22_230,9/1/2013,6/26/2024,NRM2,2,230,,PICMAR,3.6,3.6,1,-99,0,-9999,1,,,,,,,,,,,,,,,
NRM22_231,9/1/2013,6/26/2024,NRM2,2,231,,PICMAR,6.7,6.8,1,-99,0,-9999,1,,,,,,,,,,,,,,,
NRM22_232,9/1/2013,6/26/2024,NRM2,2,232,,PICMAR,4.4,4.4,1,-99,0,-9999,1,,,,,,,,,,,,,,,
NRM22_233,9/1/2013,6/26/2024,NRM2,2,233,,PICMAR,2.9,3.3,1,-99,0,-9999,1,,,,,,,,,,,,,,,
NRM22_234,9/1/2013,6/26/2024,NRM2,2,234,,PICMAR,4.1,4.4,1,-99,0,-9999,1,,,,,,,,,,,,,,,
NRM22_235,9/1/2013,6/26/2024,NRM2,2,235,,PICMAR,2.8,3,1,-99,0,-9999,1,,,,,,,,,,,,,,,
NRM22_236,9/1/2013,6/26/2024,NRM2,2,236,,PICMAR,6.1,6.4,1,-99,0,-9999,1,,,,,,,,,,,,,,,
NRM22_237,9/1/2013,6/26/2024,NRM2,2,237,,PICMAR,2.6,2.9,1,-99,0,-9999,1,,,,,,,,,,,,,,,
NRM22_238,9/1/2013,6/26/2024,NRM2,2,238,,PICMAR,2.5,3,1,-99,0,-9999,1,,,,,,,,,,,,,,,
NRM22_239,9/1/2013,6/26/2024,NRM2,2,239,,PICMAR,3.7,3.9,1,-99,0,-9999,1,,,,,,,,,,,,,,,
NRM22_240,9/1/2013,6/26/2024,NRM2,2,240,,PICMAR,3.2,3.6,1,-99,0,-9999,1,,,,,,,,,,,,,,,
NRM22_241,9/1/2013,6/26/2024,NRM2,2,241,,PICMAR,3.3,3.5,1,-99,0,-9999,1,,,,,,,,,,,,,,,
NRM22_242,9/1/2013,6/26/2024,NRM2,2,242,,PICMAR,4.4,4.8,1,-99,0,-9999,1,,,,,,,,,,,,,,,
NRM22_243,9/1/2013,6/26/2024,NRM2,2,243,,PICMAR,3.2,3.7,1,-99,0,-9999,1,,,,,,,,,,,,,,,
NRM22_244,9/1/2013,6/26/2024,NRM2,2,244,,PICMAR,4.9,4.9,1,3.5,0,-9999,1,,,,,,,,,,,,,,,
NRM22_245,9/1/2013,6/26/2024,NRM2,2,245,,PICMAR,6.4,7.1,1,-99,0,-9999,1,,,,,,,,,,,,,,,
NRM22_246,9/1/2013,6/26/2024,NRM2,2,246,,PICMAR,3.6,4.2,1,-99,0,-9999,1,,,,,,,,,,,,,,,
NRM22_247,9/1/2013,6/26/2024,NRM2,2,247,,PICMAR,2.8,3.1,1,-99,0,-9999,1,,,,,,,,,,,,,,,
NRM22_248,9/1/2013,6/26/2024,NRM2,2,248,,PICMAR,3,3.2,1,-99,0,-9999,1,,,,,,,,,,,,,,,
NRM22_249,9/1/2013,6/26/2024,NRM2,2,249,,PICMAR,6.7,7.3,1,-99,0,-9999,1,,,,,,,,,,,,,,,
NRM22_250,9/1/2013,6/26/2024,NRM2,2,250,,PICMAR,3.2,3.9,1,-99,0,-9999,1,,,,,,,,,,,,,,,
NRM22_251,9/1/2013,6/26/2024,NRM2,2,251,,PICMAR,3.3,4.4,1,-99,0,-9999,1,,,,,,,,,,,,,,,
NRM22_252,9/1/2013,6/26/2024,NRM2,2,252,,PICGLA,2.7,3,1,-99,0,-9999,1,,,,,,,,,,,,,,,
NRM22_253,9/1/2013,6/26/2024,NRM2,2,253,,PICMAR,2.4,2.8,1,-99,0,-9999,1,,,,,,,,,,,,,,,
NRM22_254,9/1/2013,6/26/2024,NRM2,2,254,,PICMAR,3.8,4.4,1,-99,0,-9999,1,,,,,,,,,,,,,,,
NRM22_255,9/1/2013,6/26/2024,NRM2,2,255,,PICMAR,4.6,4.9,1,-99,0,-9999,1,,,,,,,,,,,,,,,
NRM22_256,9/1/2013,6/26/2024,NRM2,2,256,,PICMAR,6.2,6.9,1,-99,0,-9999,1,,,,,,,,,,,,,,,
NRM22_257,9/1/2013,6/26/2024,NRM2,2,257,,PICMAR,2.9,3.6,1,-99,0,-9999,1,,,,,,,,,,,,,,,
NRM22_258,9/1/2013,6/26/2024,NRM2,2,258,,PICMAR,4.1,5,1,-99,0,-9999,1,,,,,,,,,,,,,,,
NRM22_259,9/1/2013,6/26/2024,NRM2,2,259,,PICMAR,6.5,7.1,1,-99,0,-9999,1,,,,,,,,,,,,,,,
NRM22_260,9/1/2013,6/26/2024,NRM2,2,260,,PICMAR,4,4.8,1,-99,0,-9999,1,,,,,,,,,,,,,,,
NRM22_261,9/1/2013,6/26/2024,NRM2,2,261,,PICMAR,3,3.8,1,-99,0,-9999,1,,,,,,,,,,,,,,,
NRM22_262,9/1/2013,6/26/2024,NRM2,2,262,,PICMAR,4.8,5.8,1,-99,0,-9999,1,,,,,,,,,,,,,,,
NRM22_2102,,6/26/2024,NRM2,2,2102,,PICMAR,,2.8,1,-99,0,-9999,1,,,,,,,,,,,,,,,
NRM22_2103,,6/26/2024,NRM2,2,2103,,PICMAR,,2.7,1,-99,0,-9999,1,,,,,,,,,,,,,,,
NRM22_2104,,6/26/2024,NRM2,2,2104,,PICMAR,,2.5,1,-99,0,-9999,1,,,,,,,,,,,,,,,
NRM22_2105,,6/26/2024,NRM2,2,2105,,PICMAR,,2.7,1,-99,0,-9999,1,,,,,,,,,,,,,,,
NRM22_2106,,6/26/2024,NRM2,2,2106,,PICMAR,,2.5,1,-99,0,-9999,1,,,,,,,,,,,,,,,
NRM23_263,9/1/2013,6/26/2024,NRM2,3,263,,PICMAR,2.5,3.2,1,-99,0,-9999,1,,,,,,,,,,,,,,,
NRM23_264,9/1/2013,6/26/2024,NRM2,3,264,,PICMAR,2.7,3.4,1,-99,0,-9999,1,,,,,,,,,,,,,,,
NRM23_265,9/1/2013,6/26/2024,NRM2,3,265,,PICMAR,5.8,6.6,1,-99,0,-9999,1,,,,,,,,,,,,,,,
NRM23_266,9/1/2013,6/26/2024,NRM2,3,266,,PICMAR,5,5.5,1,-99,0,-9999,1,,,,,,,,,,,,,,,
NRM23_267,9/1/2013,6/26/2024,NRM2,3,267,,LARLAR,12.9,-7777,0,6,0,-9999,1,,,,,,,,,,,,,,,
NRM23_268,9/1/2013,6/26/2024,NRM2,3,268,,LARLAR,10.2,-7777,0,-99,1,-9999,1,,,,,,,,,,,,,,,
NRM23_269,9/1/2013,6/26/2024,NRM2,3,269,,PICMAR,4.3,5.2,1,-99,0,-9999,1,,,,,,,,,,,,,,,
NRM23_270,9/1/2013,6/26/2024,NRM2,3,270,,PICMAR,4.8,5.7,1,-99,0,-9999,1,,,,,,,,,,,,,,,
NRM23_271,9/1/2013,6/26/2024,NRM2,3,271,,PICMAR,3.9,4.6,1,-99,0,-9999,1,,,,,,,,,,,,,,,
NRM23_272,9/1/2013,6/26/2024,NRM2,3,272,,PICMAR,3.7,4.7,1,-99,0,-9999,1,,,,,,,,,,,,,,,
NRM23_273,9/1/2013,6/26/2024,NRM2,3,273,,PICMAR,3.9,4.6,1,-99,0,-9999,1,,,,,,,,,,,,,,,
NRM23_274,9/1/2013,6/26/2024,NRM2,3,274,,PICMAR,5.6,5.9,1,-99,0,-9999,1,,,,,,,,,,,,,,,
NRM23_275,9/1/2013,6/26/2024,NRM2,3,275,,PICMAR,2.6,-7777,0,-99,0,-9999,1,,,,,,,,,,,,,,,
NRM23_276,9/1/2013,6/26/2024,NRM2,3,276,,PICMAR,3.6,4,1,-99,0,-9999,1,,,,,,,,,,,,,,,
NRM23_277,9/1/2013,6/26/2024,NRM2,3,277,,PICMAR,5,5.4,1,-99,0,-9999,1,,,,,,,,,,,,,,,
NRM23_278,9/1/2013,6/26/2024,NRM2,3,278,,PICMAR,3.2,3.7,1,-99,0,-9999,1,,,,,,,,,,,,,,,
NRM23_279,9/1/2013,6/26/2024,NRM2,3,279,,PICMAR,2.8,3,1,1.5,0,-9999,1,,,,,,,,,,,,,,,
NRM23_280,9/1/2013,6/26/2024,NRM2,3,280,,PICMAR,3.2,3.7,1,-99,0,-9999,1,,,,,,,,,,,,,,,
NRM23_281,9/1/2013,6/26/2024,NRM2,3,281,,PICMAR,2.6,3.5,1,-99,0,-9999,1,,,,,,,,,,,,,,,
NRM23_282,9/1/2013,6/26/2024,NRM2,3,282,,PICMAR,4.4,5,1,-99,0,-9999,1,,,,,,,,,,,,,,,
NRM23_283,9/1/2013,6/26/2024,NRM2,3,283,,PICMAR,6,6.5,1,-99,0,-9999,1,,,,,,,,,,,,,,,
NRM23_284,9/1/2013,6/26/2024,NRM2,3,284,,PICMAR,3.4,4.4,1,-99,0,-9999,1,,,,,,,,,,,,,,,
NRM23_285,9/1/2013,6/26/2024,NRM2,3,285,,PICMAR,3.5,3.9,1,-99,0,-9999,1,,,,,,,,,,,,,,,
NRM23_286,9/1/2013,6/26/2024,NRM2,3,286,,PICMAR,3.7,-7777,0,-99,0,-9999,1,,,,,,,,,,,,,,,
NRM23_287,9/1/2013,6/26/2024,NRM2,3,287,,PICMAR,4.7,5.5,1,-99,0,-9999,1,,,,,,,,,,,,,,,
NRM23_288,9/1/2013,6/26/2024,NRM2,3,288,,PICMAR,4.3,5,1,-99,0,-9999,1,,,,,,,,,,,,,,,
NRM23_289,9/1/2013,6/26/2024,NRM2,3,289,,PICMAR,3.2,3.9,1,-99,0,-9999,1,,,,,,,,,,,,,,,
NRM23_290,9/1/2013,6/26/2024,NRM2,3,290,,PICMAR,2.4,3,1,-99,0,-9999,1,,,,,,,,,,,,,,,
NRM23_291,9/1/2013,6/26/2024,NRM2,3,291,,PICMAR,2.8,-7777,0,-99,0,-9999,1,,,,,,,,,,,,,,,
NRM23_292,9/1/2013,6/26/2024,NRM2,3,292,,PICMAR,5.8,7,1,-99,0,-9999,1,,Dbh taken taken at 1.43m due to scar,,,,,,,,,,,,,
NRM23_293,9/1/2013,6/26/2024,NRM2,3,293,,PICMAR,3.4,-7777,0,-99,0,-9999,1,,,,,,,,,,,,,,,
NRM23_294,9/1/2013,6/26/2024,NRM2,3,294,,PICMAR,3.1,4,1,-99,0,-9999,1,,,,,,,,,,,,,,,
NRM23_295,9/1/2013,6/26/2024,NRM2,3,295,,PICMAR,3,-7777,0,3,0,-9999,1,,,,,,,,,,,,,,,
NRM23_296,9/1/2013,6/26/2024,NRM2,3,296,,PICMAR,2.5,3.2,1,-99,0,-9999,1,,,,,,,,,,,,,,,
NRM23_297,9/1/2013,6/26/2024,NRM2,3,297,,PICMAR,2.6,3.1,1,-99,0,-9999,1,,,,,,,,,,,,,,,
NRM23_298,9/1/2013,6/26/2024,NRM2,3,298,,PICMAR,6.1,6.8,1,-99,0,-9999,1,,,,,,,,,,,,,,,
NRM23_299,9/1/2013,6/26/2024,NRM2,3,299,,PICMAR,4.9,5.4,1,-99,0,-9999,1,,,,,,,,,,,,,,,
NRM23_300,9/1/2013,6/26/2024,NRM2,3,300,,PICMAR,2.9,3.2,1,-99,0,-9999,1,,,,,,,,,,,,,,,
NRM23_301,9/1/2013,6/26/2024,NRM2,3,301,,PICMAR,4.5,4.6,1,-99,0,-9999,1,,,,,,,,,,,,,,,
NRM23_302,9/1/2013,6/26/2024,NRM2,3,302,,PICMAR,4.3,4.6,1,-99,0,-9999,1,,,,,,,,,,,,,,,
NRM23_304,9/1/2013,6/26/2024,NRM2,3,304,,PICMAR,4,4.7,1,-99,0,-9999,1,,,,,,,,,,,,,,,
NRM23_305,9/1/2013,6/26/2024,NRM2,3,305,,PICMAR,2.7,4.3,1,-99,0,-9999,1,,,,,,,,,,,,,,,
NRM23_306,9/1/2013,6/26/2024,NRM2,3,306,,PICMAR,3,3.8,1,-99,0,-9999,1,,,,,,,,,,,,,,,
NRM23_307,9/1/2013,6/26/2024,NRM2,3,307,,PICMAR,2.6,2.9,1,-99,0,-9999,1,,,,,,,,,,,,,,,
NRM23_308,9/1/2013,6/26/2024,NRM2,3,308,,PICMAR,2.7,3.4,1,-99,0,-9999,1,,,,,,,,,,,,,,,
NRM23_309,9/1/2013,6/26/2024,NRM2,3,309,,PICMAR,4.9,5.8,1,-99,0,-9999,1,,,,,,,,,,,,,,,
NRM23_310,9/1/2013,6/26/2024,NRM2,3,310,,PICMAR,4.1,4.7,1,-99,0,-9999,1,,,,,,,,,,,,,,,
NRM23_311,9/1/2013,6/26/2024,NRM2,3,311,,PICMAR,3.4,3.9,1,-99,0,-9999,1,,,,,,,,,,,,,,,
NRM23_312,9/1/2013,6/26/2024,NRM2,3,312,,PICMAR,3.2,3.8,1,-99,0,-9999,1,,,,,,,,,,,,,,,
NRM23_313,9/1/2013,6/26/2024,NRM2,3,313,,PICMAR,3,3.9,1,-99,0,-9999,1,,,,,,,,,,,,,,,
NRM23_314,9/1/2013,6/26/2024,NRM2,3,314,,PICMAR,2.5,3.5,1,-99,1,-9999,1,no tag,,,,,,,,,,,,,,
NRM23_315,9/1/2013,6/26/2024,NRM2,3,315,,PICMAR,4.3,5,1,-99,0,-9999,1,,,,,,,,,,,,,,,
NRM23_2107,,6/26/2024,NRM2,3,2107,,PICMAR,,2.7,1,-99,0,-9999,1,,,,,,,,,,,,,,,
NRM23_2108,,6/26/2024,NRM2,3,2108,,PICMAR,,3.1,1,-99,0,-9999,1,,,,,,,,,,,,,,,
NRM23_2109,,6/26/2024,NRM2,3,2109,,PICMAR,,2.3,1,-99,0,-9999,1,,,,,,,,,,,,,,,
NRM23_2110,,6/26/2024,NRM2,3,2110,,PICMAR,,2.8,1,-99,0,-9999,1,,,,,,,,,,,,,,,
NRM24_316,9/1/2013,6/26/2024,NRM2,4,316,,PICMAR,5.4,3.2,1,-99,0,-9999,1,,,,,,,,,,,,,,,
NRM24_317,9/1/2013,6/26/2024,NRM2,4,317,,PICMAR,3,3.7,1,-99,0,-9999,1,,,,,,,,,,,,,,,
NRM24_318,9/1/2013,6/26/2024,NRM2,4,318,,PICMAR,2.7,3.6,1,-99,0,-9999,1,,,,,,,,,,,,,,,
NRM24_319,9/1/2013,6/26/2024,NRM2,4,319,,PICMAR,3.4,-7777,0,2,0,-9999,1,,,,,,,,,,,,,,,
NRM24_320,9/1/2013,6/26/2024,NRM2,4,320,,PICMAR,4.4,5.3,1,-99,0,-9999,1,,,,,,,,,,,,,,,
NRM24_321,9/1/2013,6/26/2024,NRM2,4,321,,PICMAR,3,3.5,1,-99,0,-9999,1,,,,,,,,,,,,,,,
NRM24_322,9/1/2013,6/26/2024,NRM2,4,322,,PICMAR,4.1,4.4,1,-99,0,-9999,1,,,,,,,,,,,,,,,
NRM24_323,9/1/2013,6/26/2024,NRM2,4,323,,PICMAR,5.5,5.3,1,-99,0,-9999,1,,,,,,,,,,,,,,,
NRM24_324,9/1/2013,6/26/2024,NRM2,4,324,,PICMAR,4.4,4.7,1,-99,0,-9999,1,,,,,,,,,,,,,,,
NRM24_325,9/1/2013,6/26/2024,NRM2,4,325,,PICMAR,2.4,3.5,1,-99,0,-9999,1,,,,,,,,,,,,,,,
NRM24_326,9/1/2013,6/26/2024,NRM2,4,326,,PICMAR,3.1,4,1,-99,0,-9999,1,,,,,,,,,,,,,,,
NRM24_327,9/1/2013,6/26/2024,NRM2,4,327,,PICMAR,2.7,3.6,1,-99,0,-9999,1,,,,,,,,,,,,,,,
NRM24_328,9/1/2013,6/26/2024,NRM2,4,328,,PICMAR,7.1,7.4,1,-99,0,-9999,1,,,,,,,,,,,,,,,
NRM24_329,9/1/2013,6/26/2024,NRM2,4,329,,PICMAR,3.3,3.7,1,-99,0,-9999,1,,,,,,,,,,,,,,,
NRM24_330,9/1/2013,6/26/2024,NRM2,4,330,,PICMAR,3.6,3.8,1,-99,0,-9999,1,,,,,,,,,,,,,,,
NRM24_331,9/1/2013,6/26/2024,NRM2,4,331,,PICMAR,4,4.6,1,-99,0,-9999,1,,,,,,,,,,,,,,,
NRM24_332,9/1/2013,6/26/2024,NRM2,4,332,,PICMAR,2.3,2.9,1,-99,0,-9999,1,,,,,,,,,,,,,,,
NRM24_333,9/1/2013,6/26/2024,NRM2,4,333,,PICMAR,3.1,3.8,1,-99,0,-9999,1,,,,,,,,,,,,,,,
NRM24_334,9/1/2013,6/26/2024,NRM2,4,334,,PICMAR,2.7,3.5,1,-99,0,-9999,1,,,,,,,,,,,,,,,
NRM24_335,9/1/2013,6/26/2024,NRM2,4,335,,PICMAR,3.5,4.4,1,-99,0,-9999,1,,,,,,,,,,,,,,,
NRM24_336,9/1/2013,6/26/2024,NRM2,4,336,,PICMAR,4.1,4.4,1,-99,0,-9999,1,tree without tag near here,,,,,,,,,,,,,,
NRM24_337,9/1/2013,6/26/2024,NRM2,4,337,,PICMAR,3.2,4.1,1,-99,0,-9999,1,,,,,,,,,,,,,,,
NRM24_338,9/1/2013,6/26/2024,NRM2,4,338,,PICMAR,3.5,4,1,-99,0,-9999,1,,,,,,,,,,,,,,,
NRM24_339,9/1/2013,6/26/2024,NRM2,4,339,,PICMAR,3.2,4.1,1,-99,0,-9999,1,,,,,,,,,,,,,,,
NRM24_340,9/1/2013,6/26/2024,NRM2,4,340,,PICMAR,6.5,6.9,1,-99,0,-9999,1,,,,,,,,,,,,,,,
NRM24_341,9/1/2013,6/26/2024,NRM2,4,341,,PICMAR,2.9,3.5,1,-99,0,-9999,1,,,,,,,,,,,,,,,
NRM24_342,9/1/2013,6/26/2024,NRM2,4,342,,PICMAR,3.1,4,1,-99,0,-9999,1,,,,,,,,,,,,,,,
NRM24_343,9/1/2013,6/26/2024,NRM2,4,343,,PICMAR,2.5,3.1,1,-99,0,-9999,1,,,,,,,,,,,,,,,
NRM24_344,9/1/2013,6/26/2024,NRM2,4,344,,PICMAR,3.8,5,1,-99,0,-9999,1,,,,,,,,,,,,,,,
NRM24_345,9/1/2013,6/26/2024,NRM2,4,345,,PICMAR,2.4,3.4,1,-99,0,-9999,1,,,,,,,,,,,,,,,
NRM24_346,9/1/2013,6/26/2024,NRM2,4,346,,PICMAR,6.9,7.7,1,-99,0,-9999,1,,,,,,,,,,,,,,,
NRM24_347,9/1/2013,6/26/2024,NRM2,4,347,,PICMAR,6.2,7.5,1,-99,0,-9999,1,,,,,,,,,,,,,,,
NRM24_348,9/1/2013,6/26/2024,NRM2,4,348,,PICMAR,3.5,4.6,1,-99,0,-9999,1,,,,,,,,,,,,,,,
NRM24_349,9/1/2013,6/26/2024,NRM2,4,349,,PICMAR,4.3,6,1,-99,0,-9999,1,,Dbh taken at 1.47m due to branch.,,,,,,,,,,,,,
NRM24_350,9/1/2013,6/26/2024,NRM2,4,350,,PICMAR,2.7,-7777,0,2,0,-9999,1,,,,,,,,,,,,,,,
NRM24_351,9/1/2013,6/26/2024,NRM2,4,351,,PICMAR,2.3,2.9,1,-99,0,-9999,1,,,,,,,,,,,,,,,
NRM24_352,9/1/2013,6/26/2024,NRM2,4,352,,PICMAR,2.9,3.4,1,-99,0,-9999,1,,,,,,,,,,,,,,,
NRM24_353,9/1/2013,6/26/2024,NRM2,4,353,,PICMAR,4.7,5.2,1,-99,0,-9999,1,,,,,,,,,,,,,,,
NRM24_354,9/1/2013,6/26/2024,NRM2,4,354,,PICMAR,3.1,3.7,1,-99,0,-9999,1,,,,,,,,,,,,,,,
NRM24_355,9/1/2013,6/26/2024,NRM2,4,355,,PICMAR,2.4,3.6,1,-99,0,-9999,1,,,,,,,,,,,,,,,
NRM24_356,9/1/2013,6/26/2024,NRM2,4,356,,PICMAR,2.7,3.5,1,-99,0,-9999,1,,,,,,,,,,,,,,,
NRM24_357,9/1/2013,6/26/2024,NRM2,4,357,,PICMAR,2.7,3.7,1,-99,0,-9999,1,,,,,,,,,,,,,,,
NRM24_358,9/1/2013,6/26/2024,NRM2,4,358,,PICMAR,3.6,5,1,-99,0,-9999,1,,,,,,,,,,,,,,,
NRM24_359,9/1/2013,6/26/2024,NRM2,4,359,,PICMAR,2.7,3.8,1,-99,0,-9999,1,,,,,,,,,,,,,,,
NRM24_360,9/1/2013,6/26/2024,NRM2,4,360,,PICMAR,3.9,-9999,0,-99,0,-9999,0,,,,,,,,,,,,,,,
NRM24_2111,,6/26/2024,NRM2,4,2111,,PICMAR,,2.6,1,-99,0,-9999,1,,,,,,,,,,,,,,,
NRM24_2112,,6/26/2024,NRM2,4,2112,,PICMAR,,3.1,1,-99,0,-9999,1,,,,,,,,,,,,,,,
NRM24_2113,,6/26/2024,NRM2,4,2113,,PICMAR,,3.4,1,-99,0,-9999,1,,,,,,,,,,,,,,,
NRM24_2114,,6/26/2024,NRM2,4,2114,,PICMAR,,2.7,1,-99,0,-9999,1,,,,,,,,,,,,,,,
NRM24_2115,,6/26/2024,NRM2,4,2115,,LARLAR,,3.2,1,-99,0,-9999,1,,,,,,,,,,,,,,,
NRM24_2116,,6/26/2024,NRM2,4,2116,,PICMAR,,3.4,1,-99,0,-9999,1,,,,,,,,,,,,,,,
NRM24_2117,,6/26/2024,NRM2,4,2117,,PICMAR,,3,1,-99,0,-9999,1,,,,,,,,,,,,,,,
NRM24_2118,,6/26/2024,NRM2,4,2118,,PICMAR,,4.1,1,-99,0,-9999,1,had blue spray paint on it but no tag,,,,,,,,,,,,,,
NRM26_361,9/1/2013,6/26/2024,NRM2,6,361,,PICMAR,5.5,6.8,1,-99,0,-9999,1,,,,,,,,,,,,,,,
NRM26_362,9/1/2013,6/26/2024,NRM2,6,362,,PICMAR,4.5,5.2,1,-99,0,-9999,1,,,,,,,,,,,,,,,
NRM26_363,9/1/2013,6/26/2024,NRM2,6,363,,PICMAR,3.2,3.7,1,-99,0,-9999,1,,,,,,,,,,,,,,,
NRM26_364,9/1/2013,6/26/2024,NRM2,6,364,,PICMAR,3.7,4.7,1,-99,0,-9999,1,,,,,,,,,,,,,,,
NRM26_365,9/1/2013,6/26/2024,NRM2,6,365,,PICMAR,4.8,5.6,1,-99,0,-9999,1,,,,,,,,,,,,,,,
NRM26_366,9/1/2013,6/26/2024,NRM2,6,366,,PICMAR,3.2,3.9,1,-99,0,-9999,1,,,,,,,,,,,,,,,
NRM26_367,9/1/2013,6/26/2024,NRM2,6,367,,PICMAR,4.9,5.8,1,-99,0,-9999,1,,,,,,,,,,,,,,,
NRM26_368,9/1/2013,6/26/2024,NRM2,6,368,,PICMAR,4.8,5.3,1,-99,0,-9999,1,,,,,,,,,,,,,,,
NRM26_369,9/1/2013,6/26/2024,NRM2,6,369,,PICMAR,6,6.8,1,-99,0,-9999,1,,,,,,,,,,,,,,,
NRM26_370,9/1/2013,6/26/2024,NRM2,6,370,,PICMAR,2.4,2.5,1,-99,0,-9999,1,,,,,,,,,,,,,,,
NRM26_371,9/1/2013,6/26/2024,NRM2,6,371,,PICMAR,3.5,4.5,1,-99,0,-9999,1,,,,,,,,,,,,,,,
NRM26_372,9/1/2013,6/26/2024,NRM2,6,372,,PICMAR,2.8,3.9,1,-99,0,-9999,1,,,,,,,,,,,,,,,
NRM26_373,9/1/2013,6/26/2024,NRM2,6,373,,PICMAR,5.9,6.7,1,-99,0,-9999,1,,,,,,,,,,,,,,,
NRM26_374,9/1/2013,6/26/2024,NRM2,6,374,,PICMAR,3.2,4,1,-99,0,-9999,1,,,,,,,,,,,,,,,
NRM26_375,9/1/2013,6/26/2024,NRM2,6,375,,PICMAR,4.3,6,1,-99,0,-9999,1,,,,,,,,,,,,,,,
NRM26_376,9/1/2013,6/26/2024,NRM2,6,376,,LARLAR,9.6,-7777,0,-99,0,-9999,1,,,,,,,,,,,,,,,
NRM26_377,9/1/2013,6/26/2024,NRM2,6,377,,PICMAR,3.5,4.6,1,-99,0,-9999,1,,,,,,,,,,,,,,,
NRM26_378,9/1/2013,6/26/2024,NRM2,6,378,,PICMAR,2.9,4.1,1,-99,0,-9999,1,,,,,,,,,,,,,,,
NRM26_379,9/1/2013,6/26/2024,NRM2,6,379,,PICMAR,3.9,4.5,1,-99,0,-9999,1,,,,,,,,,,,,,,,
NRM26_380,9/1/2013,6/26/2024,NRM2,6,380,,PICMAR,2.3,3.3,1,-99,1,-9999,1,,,,,,,,,,,,,,,
NRM26_381,9/1/2013,6/26/2024,NRM2,6,381,,PICMAR,4.1,5.7,1,-99,0,-9999,1,,,,,,,,,,,,,,,
NRM26_382,9/1/2013,6/26/2024,NRM2,6,382,,PICMAR,2.4,2.8,1,-99,0,-9999,1,,,,,,,,,,,,,,,
NRM26_383,9/1/2013,6/26/2024,NRM2,6,383,,PICMAR,3.2,4.1,1,-99,0,-9999,1,,,,,,,,,,,,,,,
NRM26_384,9/1/2013,6/26/2024,NRM2,6,384,,PICMAR,6.5,7.9,1,-99,0,-9999,1,,,,,,,,,,,,,,,
NRM26_385,9/1/2013,6/26/2024,NRM2,6,385,,PICMAR,3.4,4.4,1,-99,0,-9999,1,,,,,,,,,,,,,,,
NRM26_386,9/1/2013,6/26/2024,NRM2,6,386,,PICMAR,2.7,3.2,1,-99,0,-9999,1,,,,,,,,,,,,,,,
NRM26_387,9/1/2013,6/26/2024,NRM2,6,387,,PICMAR,2.3,2.9,1,-99,0,-9999,1,,,,,,,,,,,,,,,
NRM26_388,9/1/2013,6/26/2024,NRM2,6,388,,PICMAR,2.5,2.9,1,-99,0,-9999,1,,,,,,,,,,,,,,,
NRM26_389,9/1/2013,6/26/2024,NRM2,6,389,,PICMAR,3.2,4.3,1,-99,0,-9999,1,,,,,,,,,,,,,,,
NRM26_390,9/1/2013,6/26/2024,NRM2,6,390,,PICMAR,2.4,3,1,-99,0,-9999,1,,,,,,,,,,,,,,,
NRM26_391,9/1/2013,6/26/2024,NRM2,6,391,,PICMAR,4.9,5.3,1,-99,0,-9999,1,,,,,,,,,,,,,,,
NRM26_392,9/1/2013,6/26/2024,NRM2,6,392,,PICMAR,2.8,3.3,1,-99,0,-9999,1,,,,,,,,,,,,,,,
NRM26_393,9/1/2013,6/26/2024,NRM2,6,393,,PICMAR,5.3,5.8,1,-99,0,-9999,1,,,,,,,,,,,,,,,
NRM26_394,9/1/2013,6/26/2024,NRM2,6,394,,PICMAR,6.3,6.7,1,-99,0,-9999,1,,,,,,,,,,,,,,,
NRM26_395,9/1/2013,6/26/2024,NRM2,6,395,,PICMAR,5.3,6.3,1,-99,0,-9999,1,,,,,,,,,,,,,,,
NRM26_396,9/1/2013,6/26/2024,NRM2,6,396,,PICMAR,4.6,5.5,1,-99,0,-9999,1,,,,,,,,,,,,,,,
NRM26_397,9/1/2013,6/26/2024,NRM2,6,397,,PICMAR,3.3,4.5,1,-99,0,-9999,1,,,,,,,,,,,,,,,
NRM26_398,9/1/2013,6/26/2024,NRM2,6,398,,PICMAR,3.1,4,1,-99,0,-9999,1,,,,,,,,,,,,,,,
NRM26_399,9/1/2013,6/26/2024,NRM2,6,399,,PICMAR,3,3.7,1,-99,0,-9999,1,,,,,,,,,,,,,,,
NRM26_400,9/1/2013,6/26/2024,NRM2,6,400,,PICMAR,3,3.5,1,-99,0,-9999,1,,,,,,,,,,,,,,,
NRM26_401,9/1/2013,6/26/2024,NRM2,6,401,,PICMAR,3.9,4.4,1,-99,0,-9999,1,,,,,,,,,,,,,,,
NRM26_402,9/1/2013,6/26/2024,NRM2,6,402,,PICMAR,3.5,3.6,1,-99,0,-9999,1,,,,,,,,,,,,,,,
NRM26_403,9/1/2013,6/26/2024,NRM2,6,403,,PICMAR,2.9,3.4,1,-99,0,-9999,1,,,,,,,,,,,,,,,
NRM26_404,9/1/2013,6/26/2024,NRM2,6,404,,PICMAR,5.4,5.9,1,-99,0,-9999,1,,,,,,,,,,,,,,,
NRM26_405,9/1/2013,6/26/2024,NRM2,6,405,,PICMAR,3,3.7,1,-99,0,-9999,1,,,,,,,,,,,,,,,
NRM26_406,9/1/2013,6/26/2024,NRM2,6,406,,PICMAR,2.9,3.9,1,-99,0,-9999,1,,,,,,,,,,,,,,,
NRM26_407,9/1/2013,6/26/2024,NRM2,6,407,,PICMAR,3.8,4.7,1,-99,0,-9999,1,,,,,,,,,,,,,,,
NRM26_408,9/1/2013,6/26/2024,NRM2,6,408,,PICMAR,4.1,4.5,1,-99,0,-9999,1,,,,,,,,,,,,,,,
NRM26_409,9/1/2013,6/26/2024,NRM2,6,409,,PICMAR,2.8,3.3,1,-99,0,-9999,1,,,,,,,,,,,,,,,
NRM26_410,9/1/2013,6/26/2024,NRM2,6,410,,PICMAR,3.5,3.7,1,-99,0,-9999,1,,,,,,,,,,,,,,,
NRM26_411,9/1/2013,6/26/2024,NRM2,6,411,,PICMAR,3.1,3.7,1,-99,0,-9999,1,,,,,,,,,,,,,,,
NRM26_412,9/1/2013,6/26/2024,NRM2,6,412,,PICMAR,3,3.6,1,-99,0,-9999,1,,,,,,,,,,,,,,,
NRM26_413,9/1/2013,6/26/2024,NRM2,6,413,,PICMAR,3.5,4.1,1,-99,0,-9999,1,,,,,,,,,,,,,,,
NRM26_414,9/1/2013,6/26/2024,NRM2,6,414,,PICMAR,3.3,4.1,1,-99,0,-9999,1,,,,,,,,,,,,,,,
NRM26_415,9/1/2013,6/26/2024,NRM2,6,415,,PICMAR,2.4,2.8,1,-99,0,-9999,1,,,,,,,,,,,,,,,
NRM26_416,9/1/2013,6/26/2024,NRM2,6,416,,PICMAR,5.2,5.6,1,-99,0,-9999,1,,,,,,,,,,,,,,,
NRM26_417,9/1/2013,6/26/2024,NRM2,6,417,,PICMAR,3.8,3.3,1,-99,0,-9999,1,,,,,,,,,,,,,,,
NRM26_418,9/1/2013,6/26/2024,NRM2,6,418,,PICMAR,3.5,4.2,1,-99,0,-9999,1,,,,,,,,,,,,,,,
NRM26_419,9/1/2013,6/26/2024,NRM2,6,419,,PICMAR,4,-7777,0,2,0,-9999,1,,,,,,,,,,,,,,,
NRM26_420,9/1/2013,6/26/2024,NRM2,6,420,,PICMAR,3.5,4.4,1,-99,0,-9999,1,,,,,,,,,,,,,,,
NRM26_421,9/1/2013,6/26/2024,NRM2,6,421,,PICMAR,5.1,6.3,1,-99,0,-9999,1,,,,,,,,,,,,,,,
NRM26_422,9/1/2013,6/26/2024,NRM2,6,422,,PICMAR,2.9,3.1,1,-99,0,-9999,1,,,,,,,,,,,,,,,
NRM26_423,9/1/2013,6/26/2024,NRM2,6,423,,PICMAR,6.5,7,1,-99,0,-9999,1,,,,,,,,,,,,,,,
NRM26_424,9/1/2013,6/26/2024,NRM2,6,424,,PICMAR,3.6,4.3,1,-99,0,-9999,1,,,,,,,,,,,,,,,
NRM26_425,9/1/2013,6/26/2024,NRM2,6,425,,PICMAR,3.5,4.1,1,-99,0,-9999,1,,,,,,,,,,,,,,,
NRM26_426,9/1/2013,6/26/2024,NRM2,6,426,,PICMAR,4.7,4.9,1,-99,0,-9999,1,,,,,,,,,,,,,,,
NRM26_427,9/1/2013,6/26/2024,NRM2,6,427,,PICMAR,3.3,3.7,1,-99,0,-9999,1,,,,,,,,,,,,,,,
NRM26_428,9/1/2013,6/26/2024,NRM2,6,428,,PICMAR,2.6,3,1,-99,0,-9999,1,,,,,,,,,,,,,,,
NRM26_429,9/1/2013,6/26/2024,NRM2,6,429,,PICMAR,5.3,5.4,1,-99,0,-9999,1,,,,,,,,,,,,,,,
NRM26_430,9/1/2013,6/26/2024,NRM2,6,430,,PICMAR,4.2,4.5,1,-99,0,-9999,1,,,,,,,,,,,,,,,
NRM26_431,9/1/2013,6/26/2024,NRM2,6,431,,PICMAR,4.7,5.6,1,-99,0,-9999,1,,,,,,,,,,,,,,,
NRM26_432,9/1/2013,6/26/2024,NRM2,6,432,,PICMAR,5.7,6.4,1,-99,0,-9999,1,,,,,,,,,,,,,,,
NRM26_433,9/1/2013,6/26/2024,NRM2,6,433,,PICMAR,2.5,2.9,1,-99,0,-9999,1,,,,,,,,,,,,,,,
NRM26_434,9/1/2013,6/26/2024,NRM2,6,434,,PICMAR,5.6,5.9,1,-99,0,-9999,1,,,,,,,,,,,,,,,
NRM26_435,9/1/2013,6/26/2024,NRM2,6,435,,PICMAR,3.3,3.4,1,-99,0,-9999,1,,,,,,,,,,,,,,,
NRM26_436,9/1/2013,6/26/2024,NRM2,6,436,,PICMAR,2.2,2.9,1,-99,0,-9999,1,,,,,,,,,,,,,,,
NRM26_437,9/1/2013,6/26/2024,NRM2,6,437,,PICMAR,2.9,3.2,1,-99,0,-9999,1,,,,,,,,,,,,,,,
NRM26_438,9/1/2013,6/26/2024,NRM2,6,438,,PICMAR,4.3,4.6,1,-99,0,-9999,1,,,,,,,,,,,,,,,
NRM26_439,9/1/2013,6/26/2024,NRM2,6,439,,PICMAR,2.3,2.8,1,-99,0,-9999,1,,,,,,,,,,,,,,,
NRM26_440,9/1/2013,6/26/2024,NRM2,6,440,,PICMAR,3.5,3.5,1,-99,0,-9999,1,,,,,,,,,,,,,,,
NRM26_441,9/1/2013,6/26/2024,NRM2,6,441,,PICMAR,4.4,-7777,0,-99,0,-9999,1,"dead with paint, no tag though",,,,,,,,,,,,,,
NRM26_442,9/1/2013,6/26/2024,NRM2,6,442,,PICMAR,5.7,5.7,1,-99,0,-9999,1,,,,,,,,,,,,,,,
NRM26_443,9/1/2013,6/26/2024,NRM2,6,443,,PICMAR,5.2,5.2,1,-99,0,-9999,1,,,,,,,,,,,,,,,
NRM26_444,9/1/2013,6/26/2024,NRM2,6,444,,PICMAR,3.6,3.9,1,-99,0,-9999,1,,,,,,,,,,,,,,,
NRM26_2119,,6/26/2024,NRM2,6,2119,,LARLAR,,3.7,1,-99,0,-9999,1,,,,,,,,,,,,,,,
NRM26_2120,,6/26/2024,NRM2,6,2120,,PICMAR,,2.8,1,-99,0,-9999,1,,,,,,,,,,,,,,,
NRM26_2121,,6/26/2024,NRM2,6,2121,,PICMAR,,3.1,1,-99,0,-9999,1,,,,,,,,,,,,,,,
NRM26_2122,,6/26/2024,NRM2,6,2122,,PICMAR,,3.1,1,-99,0,-9999,1,,,,,,,,,,,,,,,
NRM27_445,9/1/2013,6/26/2024,NRM2,7,445,,PICMAR,5.6,7,1,-99,0,-9999,1,,,,,,,,,,,,,,,
NRM27_446,9/1/2013,6/26/2024,NRM2,7,446,,PICMAR,2.8,4,1,-99,0,-9999,1,,,,,,,,,,,,,,,
NRM27_447,9/1/2013,6/26/2024,NRM2,7,447,,PICMAR,3.1,4,1,-99,0,-9999,1,,,,,,,,,,,,,,,
NRM27_448,9/1/2013,6/26/2024,NRM2,7,448,,PICMAR,3,3.5,1,-99,0,-9999,1,,,,,,,,,,,,,,,
NRM27_449,9/1/2013,6/26/2024,NRM2,7,449,,PICMAR,3.5,4,1,-99,0,-9999,1,,,,,,,,,,,,,,,
NRM27_450,9/1/2013,6/26/2024,NRM2,7,450,,PICMAR,4.6,5.6,1,-99,0,-9999,1,,,,,,,,,,,,,,,
NRM27_451,9/1/2013,6/26/2024,NRM2,7,451,,PICMAR,3.8,4.6,1,-99,0,-9999,1,,species not recorded,,,,,,,,,,,,,
NRM27_452,9/1/2013,6/26/2024,NRM2,7,452,,PICMAR,3.4,4.4,1,-99,0,-9999,1,,,,,,,,,,,,,,,
NRM27_453,9/1/2013,6/26/2024,NRM2,7,453,,PICMAR,3.1,4.1,1,-99,0,-9999,1,,,,,,,,,,,,,,,
NRM27_454,9/1/2013,6/26/2024,NRM2,7,454,,PICMAR,3,3.5,1,-99,0,-9999,1,,,,,,,,,,,,,,,
NRM27_455,9/1/2013,6/26/2024,NRM2,7,455,,PICMAR,4.3,4.9,1,-99,0,-9999,1,,,,,,,,,,,,,,,
NRM27_456,9/1/2013,6/26/2024,NRM2,7,456,,PICMAR,2.3,2.9,1,-99,0,-9999,1,,,,,,,,,,,,,,,
NRM27_457,9/1/2013,6/26/2024,NRM2,7,457,,PICMAR,2.5,3.1,1,-99,0,-9999,1,,,,,,,,,,,,,,,
NRM27_458,9/1/2013,6/26/2024,NRM2,7,458,,PICMAR,3.7,4.4,1,-99,0,-9999,1,,,,,,,,,,,,,,,
NRM27_459,9/1/2013,6/26/2024,NRM2,7,459,,PICMAR,2.8,3,1,-99,0,-9999,1,,,,,,,,,,,,,,,
NRM27_460,9/1/2013,6/26/2024,NRM2,7,460,,PICMAR,3.2,3.8,1,-99,0,-9999,1,,,,,,,,,,,,,,,
NRM27_461,9/1/2013,6/26/2024,NRM2,7,461,,PICMAR,2.9,3.7,1,-99,0,-9999,1,,,,,,,,,,,,,,,
NRM27_462,9/1/2013,6/26/2024,NRM2,7,462,,PICMAR,3.1,3.7,1,-99,0,-9999,1,,,,,,,,,,,,,,,
NRM27_463,9/1/2013,6/26/2024,NRM2,7,463,,PICMAR,3.2,4.2,1,-99,0,-9999,1,,,,,,,,,,,,,,,
NRM27_464,9/1/2013,6/26/2024,NRM2,7,464,,PICMAR,3.9,5.2,1,-99,0,-9999,1,,,,,,,,,,,,,,,
NRM27_465,9/1/2013,6/26/2024,NRM2,7,465,,PICMAR,2.7,3.4,1,-99,0,-9999,1,,,,,,,,,,,,,,,
NRM27_466,9/1/2013,6/26/2024,NRM2,7,466,,PICMAR,2.8,3.7,1,-99,0,-9999,1,,,,,,,,,,,,,,,
NRM27_467,9/1/2013,6/26/2024,NRM2,7,467,,PICMAR,4,5,1,-99,0,-9999,1,,,,,,,,,,,,,,,
NRM27_468,9/1/2013,6/26/2024,NRM2,7,468,,PICMAR,4.1,4.5,1,-99,0,-9999,1,,,,,,,,,,,,,,,
NRM27_469,9/1/2013,6/26/2024,NRM2,7,469,,PICMAR,3.7,4.5,1,-99,0,-9999,1,,,,,,,,,,,,,,,
NRM27_470,9/1/2013,6/26/2024,NRM2,7,470,,PICMAR,3.8,4.4,1,-99,0,-9999,1,,,,,,,,,,,,,,,
NRM27_471,9/1/2013,6/26/2024,NRM2,7,471,,PICMAR,4.3,5.5,1,-99,0,-9999,1,,,,,,,,,,,,,,,
NRM27_472,9/1/2013,6/26/2024,NRM2,7,472,,PICMAR,3.1,4,1,-99,0,-9999,1,,,,,,,,,,,,,,,
NRM27_473,9/1/2013,6/26/2024,NRM2,7,473,,PICMAR,2.9,3.3,1,-99,0,-9999,1,,,,,,,,,,,,,,,
NRM27_474,9/1/2013,6/26/2024,NRM2,7,474,,PICMAR,2.6,3.3,1,-99,0,-9999,1,,,,,,,,,,,,,,,
NRM27_475,9/1/2013,6/26/2024,NRM2,7,475,,PICMAR,2.9,4.2,1,-99,0,-9999,1,,,,,,,,,,,,,,,
NRM27_476,9/1/2013,6/26/2024,NRM2,7,476,,PICMAR,2.7,3.7,1,-99,0,-9999,1,,,,,,,,,,,,,,,
NRM27_477,9/1/2013,6/26/2024,NRM2,7,477,,PICMAR,5.3,5.9,1,-99,0,-9999,1,,,,,,,,,,,,,,,
NRM27_478,9/1/2013,6/26/2024,NRM2,7,478,,PICMAR,3.7,4.1,1,-99,0,-9999,1,,,,,,,,,,,,,,,
NRM27_479,9/1/2013,6/26/2024,NRM2,7,479,,PICMAR,6.5,6.8,1,-99,0,-9999,1,,,,,,,,,,,,,,,
NRM27_480,9/1/2013,6/26/2024,NRM2,7,480,,PICMAR,6.1,6.9,1,-99,0,-9999,1,,,,,,,,,,,,,,,
NRM27_481,9/1/2013,6/26/2024,NRM2,7,481,,PICMAR,2.7,3.2,1,-99,0,-9999,1,,,,,,,,,,,,,,,
NRM27_482,9/1/2013,6/26/2024,NRM2,7,482,,PICMAR,4.5,5.2,1,-99,0,-9999,1,,,,,,,,,,,,,,,
NRM27_483,9/1/2013,6/26/2024,NRM2,7,483,,PICMAR,2.8,3.2,1,-99,0,-9999,1,,,,,,,,,,,,,,,
NRM27_484,9/1/2013,6/26/2024,NRM2,7,484,,PICMAR,5,5.6,1,-99,0,-9999,1,,,,,,,,,,,,,,,
NRM27_485,9/1/2013,6/26/2024,NRM2,7,485,,PICMAR,4.2,4.4,1,-99,0,-9999,1,,,,,,,,,,,,,,,
NRM27_486,9/1/2013,6/26/2024,NRM2,7,486,,PICMAR,2.3,2.9,1,-99,0,-9999,1,,,,,,,,,,,,,,,
NRM27_487,9/1/2013,6/26/2024,NRM2,7,487,,PICMAR,3.9,4.1,1,-99,0,-9999,1,,,,,,,,,,,,,,,
NRM27_488,9/1/2013,6/26/2024,NRM2,7,488,,PICMAR,4.5,4.6,1,-99,0,-9999,1,,,,,,,,,,,,,,,
NRM27_489,9/1/2013,6/26/2024,NRM2,7,489,,PICMAR,2.7,2.9,1,-99,0,-9999,1,,,,,,,,,,,,,,,
NRM27_490,9/1/2013,6/26/2024,NRM2,7,490,,PICMAR,2.8,2.7,1,-99,0,-9999,1,,,,,,,,,,,,,,,
NRM27_491,9/1/2013,6/26/2024,NRM2,7,491,,PICMAR,3,3.7,1,-99,0,-9999,1,,,,,,,,,,,,,,,
NRM27_492,9/1/2013,6/26/2024,NRM2,7,492,,PICMAR,4.1,4.2,1,-99,0,-9999,1,,,,,,,,,,,,,,,
NRM27_493,9/1/2013,6/26/2024,NRM2,7,493,,PICMAR,2.7,3,1,-99,0,-9999,1,,,,,,,,,,,,,,,
NRM27_494,9/1/2013,6/26/2024,NRM2,7,494,,PICMAR,2.4,2.6,1,-99,0,-9999,1,,,,,,,,,,,,,,,
NRM27_495,9/1/2013,6/26/2024,NRM2,7,495,,PICMAR,2.5,2.9,1,-99,0,-9999,1,,,,,,,,,,,,,,,
NRM27_496,9/1/2013,6/26/2024,NRM2,7,496,,PICMAR,3.5,4.1,1,-99,0,-9999,1,,,,,,,,,,,,,,,
NRM27_497,9/1/2013,6/26/2024,NRM2,7,497,,PICMAR,3,3.3,1,-99,0,-9999,1,,,,,,,,,,,,,,,
NRM27_498,9/1/2013,6/26/2024,NRM2,7,498,,PICMAR,3,3.7,1,-99,0,-9999,1,,,,,,,,,,,,,,,
NRM27_499,9/1/2013,6/26/2024,NRM2,7,499,,PICMAR,4.2,4.9,1,-99,0,-9999,1,,,,,,,,,,,,,,,
NRM27_500,9/1/2013,6/26/2024,NRM2,7,500,,PICMAR,3.2,4.2,1,-99,0,-9999,1,,,,,,,,,,,,,,,
NRM27_501,9/1/2013,6/26/2024,NRM2,7,501,,PICMAR,4.3,4.7,1,-99,0,-9999,1,,,,,,,,,,,,,,,
NRM27_502,9/1/2013,6/26/2024,NRM2,7,502,,PICMAR,4,4.9,1,-99,0,-9999,1,,,,,,,,,,,,,,,
NRM27_503,9/1/2013,6/26/2024,NRM2,7,503,,PICMAR,2.5,3.1,1,-99,0,-9999,1,,,,,,,,,,,,,,,
NRM27_504,9/1/2013,6/26/2024,NRM2,7,504,,PICMAR,4.3,4.9,1,-99,0,-9999,1,,,,,,,,,,,,,,,
NRM27_505,9/1/2013,6/26/2024,NRM2,7,505,,PICMAR,2.6,3.3,1,-99,0,-9999,1,,,,,,,,,,,,,,,
NRM27_506,9/1/2013,6/26/2024,NRM2,7,506,,PICMAR,4.2,5,1,-99,0,-9999,1,,,,,,,,,,,,,,,
NRM27_507,9/1/2013,6/26/2024,NRM2,7,507,,PICMAR,2.5,3.1,1,-99,0,-9999,1,,,,,,,,,,,,,,,
NRM27_508,9/1/2013,6/26/2024,NRM2,7,508,,LARLAR,6.3,-7777,0,-99,0,-9999,1,,,,,,,,,,,,,,,
NRM27_509,9/1/2013,6/26/2024,NRM2,7,509,,PICMAR,6.9,7.9,1,-99,0,-9999,1,,,,,,,,,,,,,,,
NRM27_510,9/1/2013,6/26/2024,NRM2,7,510,,PICMAR,4.7,5.4,1,-99,0,-9999,1,,,,,,,,,,,,,,,
NRM27_511,9/1/2013,6/26/2024,NRM2,7,511,,PICMAR,2.8,3.4,1,-99,0,-9999,1,,,,,,,,,,,,,,,
NRM27_512,9/1/2013,6/26/2024,NRM2,7,512,,PICMAR,3.5,4.1,1,-99,0,-9999,1,,,,,,,,,,,,,,,
NRM27_513,9/1/2013,6/26/2024,NRM2,7,513,,PICMAR,4.4,-7777,0,-99,0,-9999,1,,,,,,,,,,,,,,,
NRM27_514,9/1/2013,6/26/2024,NRM2,7,514,,PICMAR,4.6,5.4,1,-99,0,-9999,1,,,,,,,,,,,,,,,
NRM27_515,9/1/2013,6/26/2024,NRM2,7,515,,PICMAR,4.4,4.9,1,-99,0,-9999,1,,,,,,,,,,,,,,,
NRM27_516,9/1/2013,6/26/2024,NRM2,7,516,,PICMAR,4.3,4.8,1,-99,0,-9999,1,,,,,,,,,,,,,,,
NRM27_517,9/1/2013,6/26/2024,NRM2,7,517,,PICMAR,4.5,5,1,-99,0,-9999,1,,,,,,,,,,,,,,,
NRM27_518,9/1/2013,6/26/2024,NRM2,7,518,,PICMAR,4.2,4.6,1,-99,0,-9999,1,,,,,,,,,,,,,,,
NRM27_519,9/1/2013,6/26/2024,NRM2,7,519,,PICMAR,3,3.5,1,-99,0,-9999,1,,,,,,,,,,,,,,,
NRM27_520,9/1/2013,6/26/2024,NRM2,7,520,,PICMAR,3,3.6,1,-99,0,-9999,1,,,,,,,,,,,,,,,
NRM27_521,9/1/2013,6/26/2024,NRM2,7,521,,PICMAR,3.9,4.5,1,-99,0,-9999,1,,,,,,,,,,,,,,,
NRM27_522,9/1/2013,6/26/2024,NRM2,7,522,,PICMAR,3.9,4.3,1,-99,0,-9999,1,,,,,,,,,,,,,,,
NRM27_523,9/1/2013,6/26/2024,NRM2,7,523,,PICMAR,7.4,8,1,-99,0,-9999,1,,,,,,,,,,,,,,,
NRM27_524,9/1/2013,6/26/2024,NRM2,7,524,,PICMAR,3.2,3.8,1,-99,0,-9999,1,,,,,,,,,,,,,,,
NRM27_525,9/1/2013,6/26/2024,NRM2,7,525,,PICMAR,4.5,5.4,1,-99,0,-9999,1,,,,,,,,,,,,,,,
NRM27_526,9/1/2013,6/26/2024,NRM2,7,526,,PICMAR,4.9,5.5,1,-99,0,-9999,1,,,,,,,,,,,,,,,
NRM27_527,9/1/2013,6/26/2024,NRM2,7,527,,PICMAR,5.6,6.1,1,-99,0,-9999,1,,,,,,,,,,,,,,,
NRM27_528,9/1/2013,6/26/2024,NRM2,7,528,,PICMAR,4.7,5.2,1,-99,0,-9999,1,,,,,,,,,,,,,,,
NRM27_529,9/1/2013,6/26/2024,NRM2,7,529,,PICMAR,5.5,5.7,1,-99,0,-9999,1,,,,,,,,,,,,,,,
NRM27_530,9/1/2013,6/26/2024,NRM2,7,530,,LARLAR,6.6,-7777,0,-99,0,-9999,1,,,,,,,,,,,,,,,
NRM27_531,9/1/2013,6/26/2024,NRM2,7,531,,PICMAR,2.7,3.1,1,-99,0,-9999,1,,,,,,,,,,,,,,,
NRM27_532,9/1/2013,6/26/2024,NRM2,7,532,,LARLAR,12.5,-7777,0,-99,0,-9999,1,,,,,,,,,,,,,,,
NRM27_2123,,6/26/2024,NRM2,7,2123,,PICMAR,,2.6,1,-99,0,-9999,1,,,,,,,,,,,,,,,
NRM27_2124,,6/26/2024,NRM2,7,2124,,PICMAR,,2.9,1,-99,0,-9999,1,,,,,,,,,,,,,,,
NRM27_2125,,6/26/2024,NRM2,7,2125,,PICMAR,,3.4,1,-99,0,-9999,1,,,,,,,,,,,,,,,
NRM27_2126,,6/26/2024,NRM2,7,2126,,PICMAR,,2.7,1,-99,0,-9999,1,,,,,,,,,,,,,,,
NRM27_2127,,6/26/2024,NRM2,7,2127,,PICMAR,,2.5,1,-99,0,-9999,1,,,,,,,,,,,,,,,
NRM27_2128,,6/26/2024,NRM2,7,2128,,PICMAR,,2.6,1,-99,0,-9999,1,,,,,,,,,,,,,,,
NRM27_2129,,6/26/2024,NRM2,7,2129,,PICMAR,,2.9,1,-99,0,-9999,1,,,,,,,,,,,,,,,
NRM27_2130,,6/26/2024,NRM2,7,2130,,PICMAR,,2.5,1,-99,0,-9999,1,,,,,,,,,,,,,,,
NRM27_2131,,6/26/2024,NRM2,7,2131,,PICMAR,,3.1,1,-99,0,-9999,1,,,,,,,,,,,,,,,
NRM27_2132,,6/26/2024,NRM2,7,2132,,PICMAR,,2.6,1,-99,0,-9999,1,,,,,,,,,,,,,,,
NRM27_2133,,6/26/2024,NRM2,7,2133,,PICMAR,,2.5,1,-99,0,-9999,1,,,,,,,,,,,,,,,
NRM28_533,9/1/2013,7/18/2024,NRM2,8,533,,PICMAR,5,5.3,1,-99,0,-9999,1,,,,,,,,,,,,,,,
NRM28_534,9/1/2013,7/18/2024,NRM2,8,534,,PICMAR,2.9,3.7,1,-99,0,-9999,1,,,,,,,,,,,,,,,
NRM28_535,9/1/2013,7/18/2024,NRM2,8,535,,PICMAR,5.1,5.4,1,-99,0,-9999,1,,,,,,,,,,,,,,,
NRM28_536,9/1/2013,7/18/2024,NRM2,8,536,,PICMAR,2.9,3.8,1,-99,0,-9999,1,,,,,,,,,,,,,,,
NRM28_537,9/1/2013,7/18/2024,NRM2,8,537,,PICMAR,2.4,2.8,1,-99,0,-9999,1,,,,,,,,,,,,,,,
NRM28_538,9/1/2013,7/18/2024,NRM2,8,538,,PICMAR,2.8,3.2,1,-99,0,-9999,1,,,,,,,,,,,,,,,
NRM28_539,9/1/2013,7/18/2024,NRM2,8,539,,PICMAR,3.3,3.5,1,-99,0,-9999,1,,,,,,,,,,,,,,,
NRM28_540,9/1/2013,7/18/2024,NRM2,8,540,,PICMAR,2.9,3.2,1,-99,0,-9999,1,,,,,,,,,,,,,,,
NRM28_541,9/1/2013,7/18/2024,NRM2,8,541,,PICMAR,2.7,3.1,1,-99,0,-9999,1,,,,,,,,,,,,,,,
NRM28_542,9/1/2013,7/18/2024,NRM2,8,542,,PICMAR,2.8,3.1,1,-99,0,-9999,1,,,,,,,,,,,,,,,
NRM28_543,9/1/2013,7/18/2024,NRM2,8,543,,PICMAR,3.6,4.2,1,-99,0,-9999,1,,,,,,,,,,,,,,,
NRM28_544,9/1/2013,7/18/2024,NRM2,8,544,,PICMAR,2.2,2.7,1,-99,0,-9999,1,,,,,,,,,,,,,,,
NRM28_545,9/1/2013,7/18/2024,NRM2,8,545,,PICMAR,3.4,3,1,-99,0,-9999,1,,,,,,,,,,,,,,,
NRM28_546,9/1/2013,7/18/2024,NRM2,8,546,,PICMAR,2.6,3,1,-99,0,-9999,1,,,,,,,,,,,,,,,
NRM28_547,9/1/2013,7/18/2024,NRM2,8,547,,PICMAR,6.4,7.4,1,-99,0,-9999,1,,,,,,,,,,,,,,,
NRM28_548,9/1/2013,7/18/2024,NRM2,8,548,,PICMAR,5.6,6,1,-99,0,-9999,1,,,,,,,,,,,,,,,
NRM28_549,9/1/2013,7/18/2024,NRM2,8,549,,PICMAR,2.7,3.1,1,-99,0,-9999,1,,,,,,,,,,,,,,,
NRM28_550,9/1/2013,7/18/2024,NRM2,8,550,,PICMAR,5.5,6,1,-99,0,-9999,1,,,,,,,,,,,,,,,
NRM28_551,9/1/2013,7/18/2024,NRM2,8,551,,PICMAR,3.5,3.8,1,-99,0,-9999,1,,,,,,,,,,,,,,,
NRM28_552,9/1/2013,7/18/2024,NRM2,8,552,,PICMAR,2.7,3.2,1,-99,0,-9999,1,,,,,,,,,,,,,,,
NRM28_553,9/1/2013,7/18/2024,NRM2,8,553,,PICMAR,3.4,3.9,1,-99,0,-9999,1,,,,,,,,,,,,,,,
NRM28_554,9/1/2013,7/18/2024,NRM2,8,554,,PICMAR,2.4,2.8,1,-99,0,-9999,1,,,,,,,,,,,,,,,
NRM28_555,9/1/2013,7/18/2024,NRM2,8,555,,PICMAR,4.4,5,1,-99,0,-9999,1,,,,,,,,,,,,,,,
NRM28_556,9/1/2013,7/18/2024,NRM2,8,556,,PICMAR,2.7,3.2,1,-99,0,-9999,1,,,,,,,,,,,,,,,
NRM28_557,9/1/2013,7/18/2024,NRM2,8,557,,PICMAR,5.8,6.4,1,-99,0,-9999,1,,,,,,,,,,,,,,,
NRM28_558,9/1/2013,7/18/2024,NRM2,8,558,,PICMAR,2.8,3.1,1,-99,0,-9999,1,,,,,,,,,,,,,,,
NRM28_559,9/1/2013,7/18/2024,NRM2,8,559,,PICMAR,2.5,-7777,0,-99,0,-9999,1,,,,,,,,,,,,,,,
NRM28_560,9/1/2013,7/18/2024,NRM2,8,560,,PICMAR,3.6,3.9,1,-99,0,-9999,1,,,,,,,,,,,,,,,
NRM28_561,9/1/2013,7/18/2024,NRM2,8,561,,PICMAR,2.7,3.2,1,-99,0,-9999,1,,,,,,,,,,,,,,,
NRM28_562,9/1/2013,7/18/2024,NRM2,8,562,,PICMAR,4,4.8,1,-99,0,-9999,1,,,,,,,,,,,,,,,
NRM28_563,9/1/2013,7/18/2024,NRM2,8,563,,PICMAR,2.4,3.3,1,-99,0,-9999,1,,,,,,,,,,,,,,,
NRM28_564,9/1/2013,7/18/2024,NRM2,8,564,,PICMAR,3.3,3.6,1,-99,0,-9999,1,,,,,,,,,,,,,,,
NRM28_565,9/1/2013,7/18/2024,NRM2,8,565,,PICMAR,3.5,3.8,1,-99,0,-9999,1,,,,,,,,,,,,,,,
NRM28_566,9/1/2013,7/18/2024,NRM2,8,566,,PICMAR,3.1,3.7,1,-99,0,-9999,1,,,,,,,,,,,,,,,
NRM28_567,9/1/2013,7/18/2024,NRM2,8,567,,PICMAR,3.1,3.7,1,-99,0,-9999,1,,,,,,,,,,,,,,,
NRM28_568,9/1/2013,7/18/2024,NRM2,8,568,,PICMAR,4.4,4.9,1,-99,0,-9999,1,,,,,,,,,,,,,,,
NRM28_569,9/1/2013,7/18/2024,NRM2,8,569,,PICMAR,3,3.4,1,-99,0,-9999,1,,,,,,,,,,,,,,,
NRM28_570,9/1/2013,7/18/2024,NRM2,8,570,,PICMAR,2.7,3.1,1,-99,0,-9999,1,,,,,,,,,,,,,,,
NRM28_571,9/1/2013,7/18/2024,NRM2,8,571,,PICMAR,2.8,3.1,1,-99,0,-9999,1,,,,,,,,,,,,,,,
NRM28_572,9/1/2013,7/18/2024,NRM2,8,572,,PICMAR,2.8,3.6,1,-99,0,-9999,1,,,,,,,,,,,,,,,
NRM28_573,9/1/2013,7/18/2024,NRM2,8,573,,PICMAR,4.8,5.3,1,-99,0,-9999,1,,,,,,,,,,,,,,,
NRM28_574,9/1/2013,7/18/2024,NRM2,8,574,,PICMAR,2.5,2.7,1,-99,0,-9999,1,,,,,,,,,,,,,,,
NRM28_575,9/1/2013,7/18/2024,NRM2,8,575,,PICMAR,4.3,4.7,1,-99,0,-9999,1,,,,,,,,,,,,,,,
NRM28_576,9/1/2013,7/18/2024,NRM2,8,576,,PICMAR,2.6,3.3,1,-99,0,-9999,1,,,,,,,,,,,,,,,
NRM28_577,9/1/2013,7/18/2024,NRM2,8,577,,PICMAR,2.8,3.3,1,-99,0,-9999,1,,,,,,,,,,,,,,,
NRM28_578,9/1/2013,7/18/2024,NRM2,8,578,,PICMAR,4.5,4.5,1,-99,0,-9999,1,,,,,,,,,,,,,,,
NRM28_579,9/1/2013,7/18/2024,NRM2,8,579,,PICMAR,3.3,3.8,1,-99,0,-9999,1,,,,,,,,,,,,,,,
NRM28_580,9/1/2013,7/18/2024,NRM2,8,580,,PICMAR,3.9,4.3,1,-99,0,-9999,1,,,,,,,,,,,,,,,
NRM28_581,9/1/2013,7/18/2024,NRM2,8,581,,PICMAR,2.5,3.6,1,-99,0,-9999,1,,,,,,,,,,,,,,,
NRM28_582,9/1/2013,7/18/2024,NRM2,8,582,,PICMAR,2.9,3.2,1,-99,0,-9999,1,,,,,,,,,,,,,,,
NRM28_583,9/1/2013,7/18/2024,NRM2,8,583,,PICMAR,2.9,3.5,1,-99,0,-9999,1,,,,,,,,,,,,,,,
NRM28_584,9/1/2013,7/18/2024,NRM2,8,584,,LARLAR,10.3,-7777,0,-99,0,-9999,1,"had to re measure 8-14, so these plots are painted blue on top of the pink",,,,,,,,,,,,,,
NRM28_585,9/1/2013,7/18/2024,NRM2,8,585,,PICMAR,2.4,3.2,1,-99,0,-9999,1,,,,,,,,,,,,,,,
NRM28_586,9/1/2013,7/18/2024,NRM2,8,586,,PICMAR,2.6,3.3,1,-99,0,-9999,1,,,,,,,,,,,,,,,
NRM28_587,9/1/2013,7/18/2024,NRM2,8,587,,PICMAR,2.5,3,1,-99,0,-9999,1,,,,,,,,,,,,,,,
NRM28_588,9/1/2013,7/18/2024,NRM2,8,588,,PICMAR,3.2,3.8,1,-99,1,-9999,1,,,,,,,,,,,,,,,
NRM28_589,9/1/2013,7/18/2024,NRM2,8,589,,PICMAR,3.9,3.8,1,-99,0,-9999,1,,,,,,,,,,,,,,,
NRM28_590,9/1/2013,7/18/2024,NRM2,8,590,,PICMAR,4.7,5.1,1,-99,0,-9999,1,,,,,,,,,,,,,,,
NRM28_591,9/1/2013,7/18/2024,NRM2,8,591,,PICMAR,5.5,5.7,1,-99,0,-9999,1,,,,,,,,,,,,,,,
NRM28_592,9/1/2013,7/18/2024,NRM2,8,592,,PICMAR,2.5,2.7,1,-99,0,-9999,1,,,,,,,,,,,,,,,
NRM28_593,9/1/2013,7/18/2024,NRM2,8,593,,PICMAR,3.8,3.9,1,-99,0,-9999,1,,,,,,,,,,,,,,,
NRM28_594,9/1/2013,7/18/2024,NRM2,8,594,,PICMAR,2.8,2.8,1,-99,0,-9999,1,,,,,,,,,,,,,,,
NRM28_595,9/1/2013,7/18/2024,NRM2,8,595,,PICMAR,3.6,3.7,1,-99,0,-9999,1,,,,,,,,,,,,,,,
NRM28_596,9/1/2013,7/18/2024,NRM2,8,596,,PICMAR,2.7,3.3,1,-99,0,-9999,1,,,,,,,,,,,,,,,
NRM28_597,9/1/2013,7/18/2024,NRM2,8,597,,PICMAR,2.8,3.5,1,-99,0,-9999,1,,,,,,,,,,,,,,,
NRM28_598,9/1/2013,7/18/2024,NRM2,8,598,,PICMAR,4.9,5.2,1,-99,0,-9999,1,,,,,,,,,,,,,,,
NRM28_599,9/1/2013,7/18/2024,NRM2,8,599,,PICMAR,2.7,3.4,1,-99,0,-9999,1,,,,,,,,,,,,,,,
NRM28_600,9/1/2013,7/18/2024,NRM2,8,600,,PICMAR,3.9,4.6,1,-99,0,-9999,1,,,,,,,,,,,,,,,
NRM28_601,9/1/2013,7/18/2024,NRM2,8,601,,PICMAR,2.5,2.8,1,-99,0,-9999,1,,,,,,,,,,,,,,,
NRM28_602,9/1/2013,7/18/2024,NRM2,8,602,,PICMAR,2.5,3.4,1,-99,0,-9999,1,,,,,,,,,,,,,,,
NRM28_603,9/1/2013,7/18/2024,NRM2,8,603,,PICMAR,4.3,5,1,-99,0,-9999,1,,,,,,,,,,,,,,,
NRM28_604,9/1/2013,7/18/2024,NRM2,8,604,,PICMAR,2.8,3.8,1,-99,0,-9999,1,,,,,,,,,,,,,,,
NRM28_605,9/1/2013,7/18/2024,NRM2,8,605,,PICMAR,3.3,3.6,1,-99,0,-9999,1,,,,,,,,,,,,,,,
NRM28_606,9/1/2013,7/18/2024,NRM2,8,606,,PICMAR,4.5,5.3,1,-99,0,-9999,1,,,,,,,,,,,,,,,
NRM28_607,9/1/2013,7/18/2024,NRM2,8,607,,PICMAR,6.4,6.5,1,-99,0,-9999,1,,,,,,,,,,,,,,,
NRM28_2134,,7/18/2024,NRM2,8,2134,,PICMAR,,2.9,1,-99,0,-9999,1,,,,,,,,,,,,,,,
NRM28_2135,,7/18/2024,NRM2,8,2135,,PICMAR,,3.1,1,-99,0,-9999,1,,,,,,,,,,,,,,,
NRM28_2136,,7/18/2024,NRM2,8,2136,,PICMAR,,3,1,-99,0,-9999,1,,,,,,,,,,,,,,,
NRM28_2137,,7/18/2024,NRM2,8,2137,,PICMAR,,4,1,-99,0,-9999,1,,,,,,,,,,,,,,,
NRM28_2138,,7/18/2024,NRM2,8,2138,,PICMAR,,2.8,1,-99,0,-9999,1,,,,,,,,,,,,,,,
NRM28_2139,,7/18/2024,NRM2,8,2139,,PICMAR,,2.8,1,-99,0,-9999,1,,,,,,,,,,,,,,,
NRM28_2140,,7/18/2024,NRM2,8,2140,,PICMAR,,3,1,-99,0,-9999,1,,,,,,,,,,,,,,,
NRM28_2141,,7/18/2024,NRM2,8,2141,,PICMAR,,3.1,1,-99,0,-9999,1,,,,,,,,,,,,,,,
NRM29_608,9/1/2013,7/18/2024,NRM2,9,608,,PICMAR,3.9,4.6,1,-99,0,-9999,1,,,,,,,,,,,,,,,
NRM29_609,9/1/2013,7/18/2024,NRM2,9,609,,PICMAR,4.9,5.4,1,-99,0,-9999,1,,,,,,,,,,,,,,,
NRM29_610,9/1/2013,7/18/2024,NRM2,9,610,,PICMAR,4,4.6,1,-99,0,-9999,1,,,,,,,,,,,,,,,
NRM29_611,9/1/2013,7/18/2024,NRM2,9,611,,PICMAR,2.5,3.1,1,-99,0,-9999,1,,,,,,,,,,,,,,,
NRM29_612,9/1/2013,7/18/2024,NRM2,9,612,,PICMAR,2.5,3.1,1,-99,0,-9999,1,,,,,,,,,,,,,,,
NRM29_613,9/1/2013,7/18/2024,NRM2,9,613,,PICMAR,3.5,4.2,1,-99,0,-9999,1,,,,,,,,,,,,,,,
NRM29_614,9/1/2013,7/18/2024,NRM2,9,614,,PICMAR,2.7,3.3,1,-99,0,-9999,1,,,,,,,,,,,,,,,
NRM29_615,9/1/2013,7/18/2024,NRM2,9,615,,PICMAR,3.1,3.6,1,-99,0,-9999,1,,,,,,,,,,,,,,,
NRM29_616,9/1/2013,7/18/2024,NRM2,9,616,,PICMAR,3.3,3.5,1,-99,0,-9999,1,,,,,,,,,,,,,,,
NRM29_617,9/1/2013,7/18/2024,NRM2,9,617,,PICMAR,3.3,4,1,-99,0,-9999,1,,,,,,,,,,,,,,,
NRM29_618,9/1/2013,7/18/2024,NRM2,9,618,,PICMAR,3.9,4.2,1,-99,0,-9999,1,,,,,,,,,,,,,,,
NRM29_619,9/1/2013,7/18/2024,NRM2,9,619,,PICMAR,3.1,3.4,1,-99,0,-9999,1,,,,,,,,,,,,,,,
NRM29_620,9/1/2013,7/18/2024,NRM2,9,620,,PICMAR,2.5,3,1,-99,0,-9999,1,,,,,,,,,,,,,,,
NRM29_621,9/1/2013,7/18/2024,NRM2,9,621,,PICMAR,4.3,4.6,1,-99,0,-9999,1,,,,,,,,,,,,,,,
NRM29_622,9/1/2013,7/18/2024,NRM2,9,622,,PICMAR,2.8,3.3,1,-99,0,-9999,1,,,,,,,,,,,,,,,
NRM29_623,9/1/2013,7/18/2024,NRM2,9,623,,PICMAR,3.5,4,1,-99,0,-9999,1,,,,,,,,,,,,,,,
NRM29_624,9/1/2013,7/18/2024,NRM2,9,624,,PICMAR,2.5,-9999,0,-99,0,-9999,0,,,,,,,,,,,,,,,
NRM29_625,9/1/2013,7/18/2024,NRM2,9,625,,PICMAR,3.3,3.7,1,-99,0,-9999,1,,,,,,,,,,,,,,,
NRM29_626,9/1/2013,7/18/2024,NRM2,9,626,,PICMAR,2.9,3.4,1,-99,0,-9999,1,,,,,,,,,,,,,,,
NRM29_627,9/1/2013,7/18/2024,NRM2,9,627,,PICMAR,3.3,3.7,1,-99,0,-9999,1,,,,,,,,,,,,,,,
NRM29_628,9/1/2013,7/18/2024,NRM2,9,628,,PICMAR,4.3,4.9,1,-99,0,-9999,1,,,,,,,,,,,,,,,
NRM29_629,9/1/2013,7/18/2024,NRM2,9,629,,PICMAR,2.8,3.4,1,-99,0,-9999,1,,,,,,,,,,,,,,,
NRM29_630,9/1/2013,7/18/2024,NRM2,9,630,,PICMAR,2.5,3.4,1,-99,0,-9999,1,,,,,,,,,,,,,,,
NRM29_631,9/1/2013,7/18/2024,NRM2,9,631,,PICMAR,3.4,3.9,1,-99,0,-9999,1,,,,,,,,,,,,,,,
NRM29_632,9/1/2013,7/18/2024,NRM2,9,632,,PICMAR,4,4.9,1,-99,0,-9999,1,,,,,,,,,,,,,,,
NRM29_633,9/1/2013,7/18/2024,NRM2,9,633,,PICMAR,3.5,4,1,-99,0,-9999,1,,,,,,,,,,,,,,,
NRM29_634,9/1/2013,7/18/2024,NRM2,9,634,,PICMAR,2.6,3.5,1,-99,0,-9999,1,,,,,,,,,,,,,,,
NRM29_635,9/1/2013,7/18/2024,NRM2,9,635,,PICMAR,5.1,5.6,1,-99,0,-9999,1,,,,,,,,,,,,,,,
NRM29_636,9/1/2013,7/18/2024,NRM2,9,636,,PICMAR,3.4,4,1,-99,0,-9999,1,,,,,,,,,,,,,,,
NRM29_637,9/1/2013,7/18/2024,NRM2,9,637,,PICMAR,3.6,4.2,1,-99,0,-9999,1,,,,,,,,,,,,,,,
NRM29_638,9/1/2013,7/18/2024,NRM2,9,638,,PICMAR,2.8,3.2,1,-99,0,-9999,1,,,,,,,,,,,,,,,
NRM29_639,9/1/2013,7/18/2024,NRM2,9,639,,PICMAR,3.9,4.6,1,-99,0,-9999,1,,,,,,,,,,,,,,,
NRM29_640,9/1/2013,7/18/2024,NRM2,9,640,,PICMAR,3.3,3.9,1,-99,0,-9999,1,,,,,,,,,,,,,,,
NRM29_641,9/1/2013,7/18/2024,NRM2,9,641,,PICMAR,2.9,3.4,1,-99,0,-9999,1,,,,,,,,,,,,,,,
NRM29_642,9/1/2013,7/18/2024,NRM2,9,642,,PICMAR,3.7,4.1,1,-99,0,-9999,1,,,,,,,,,,,,,,,
NRM29_643,9/1/2013,7/18/2024,NRM2,9,643,,PICMAR,2.7,-7777,0,-99,0,-9999,1,,,,,,,,,,,,,,,
NRM29_644,9/1/2013,7/18/2024,NRM2,9,644,,PICMAR,6.2,6.8,1,-99,0,-9999,1,,,,,,,,,,,,,,,
NRM29_645,9/1/2013,7/18/2024,NRM2,9,645,,PICMAR,3.9,4.2,1,2,0,-9999,1,,,,,,,,,,,,,,,
NRM29_646,9/1/2013,7/18/2024,NRM2,9,646,,PICMAR,2.4,3,1,-99,0,-9999,1,,,,,,,,,,,,,,,
NRM29_647,9/1/2013,7/18/2024,NRM2,9,647,,PICMAR,7.2,7.3,1,-99,0,-9999,1,,,,,,,,,,,,,,,
NRM29_648,9/1/2013,7/18/2024,NRM2,9,648,,PICMAR,4.8,5.3,1,-99,0,-9999,1,,,,,,,,,,,,,,,
NRM29_649,9/1/2013,7/18/2024,NRM2,9,649,,PICMAR,4.2,4.8,1,-99,0,-9999,1,,,,,,,,,,,,,,,
NRM29_650,9/1/2013,7/18/2024,NRM2,9,650,,PICMAR,2.7,3.5,1,-99,0,-9999,1,,,,,,,,,,,,,,,
NRM29_651,9/1/2013,7/18/2024,NRM2,9,651,,PICMAR,2.8,3.2,1,-99,0,-9999,1,,,,,,,,,,,,,,,
NRM29_652,9/1/2013,7/18/2024,NRM2,9,652,,PICMAR,2.4,2.7,1,-99,0,-9999,1,,,,,,,,,,,,,,,
NRM29_653,9/1/2013,7/18/2024,NRM2,9,653,,PICMAR,2.6,3,1,-99,0,-9999,1,,,,,,,,,,,,,,,
NRM29_654,9/1/2013,7/18/2024,NRM2,9,654,,PICMAR,3.3,3.7,1,-99,0,-9999,1,,Next to tree number 618,,,,,,,,,,,,,
NRM29_655,9/1/2013,7/18/2024,NRM2,9,655,,PICMAR,2.9,3,1,-99,0,-9999,1,,,,,,,,,,,,,,,
NRM29_656,9/1/2013,7/18/2024,NRM2,9,656,,PICMAR,4.6,4.8,1,-99,0,-9999,1,,,,,,,,,,,,,,,
NRM29_657,9/1/2013,7/18/2024,NRM2,9,657,,PICMAR,3.9,4.5,1,-99,0,-9999,1,,,,,,,,,,,,,,,
NRM29_658,9/1/2013,7/18/2024,NRM2,9,658,,PICMAR,5.5,6,1,-99,0,-9999,1,,,,,,,,,,,,,,,
NRM29_659,9/1/2013,7/18/2024,NRM2,9,659,,PICMAR,3.4,4,1,-99,0,-9999,1,,,,,,,,,,,,,,,
NRM29_660,9/1/2013,7/18/2024,NRM2,9,660,,PICMAR,2.8,3.8,1,-99,0,-9999,1,,,,,,,,,,,,,,,
NRM29_661,9/1/2013,7/18/2024,NRM2,9,661,,PICMAR,3.8,5.2,1,-99,1,-9999,1,,,,,,,,,,,,,,,
NRM29_662,9/1/2013,7/18/2024,NRM2,9,662,,PICMAR,2.5,3.1,1,-99,0,-9999,1,,,,,,,,,,,,,,,
NRM29_663,9/1/2013,7/18/2024,NRM2,9,663,,PICMAR,2.7,3,1,-99,0,-9999,1,,,,,,,,,,,,,,,
NRM29_664,9/1/2013,7/18/2024,NRM2,9,664,,PICMAR,4.3,4.4,1,-99,0,-9999,1,,,,,,,,,,,,,,,
NRM29_665,9/1/2013,7/18/2024,NRM2,9,665,,PICMAR,2.6,2.7,1,-99,0,-9999,1,,,,,,,,,,,,,,,
NRM29_666,9/1/2013,7/18/2024,NRM2,9,666,,PICMAR,2.9,3.3,1,-99,0,-9999,1,,,,,,,,,,,,,,,
NRM29_667,9/1/2013,7/18/2024,NRM2,9,667,,PICMAR,5,5.1,1,-99,0,-9999,1,,,,,,,,,,,,,,,
NRM29_668,9/1/2013,7/18/2024,NRM2,9,668,,PICMAR,2.6,2.9,1,-99,0,-9999,1,,,,,,,,,,,,,,,
NRM29_699,9/1/2013,7/18/2024,NRM2,9,699,669,PICMAR,3.2,3.4,1,-99,0,-9999,1,actually 669,Next to trees 655 and 556.,,,,,,,,,,,,,
NRM29_2142,,7/18/2024,NRM2,9,2142,,PICMAR,,2.5,1,-99,0,-9999,1,,,,,,,,,,,,,,,
NRM29_2143,,7/18/2024,NRM2,9,2143,,PICMAR,,2.5,1,-99,0,-9999,1,,,,,,,,,,,,,,,
NRM29_2144,,7/18/2024,NRM2,9,2144,,PICMAR,,2.3,1,-99,0,-9999,1,,,,,,,,,,,,,,,
NRM29_2145,,7/18/2024,NRM2,9,2145,,PICMAR,,2.5,1,-99,0,-9999,1,,,,,,,,,,,,,,,
NRM29_2146,,7/18/2024,NRM2,9,2146,,PICMAR,,2.6,1,-99,0,-9999,1,,,,,,,,,,,,,,,
NRM29_2147,,7/18/2024,NRM2,9,2147,,PICMAR,,2.6,1,-99,0,-9999,1,,,,,,,,,,,,,,,
NRM29_2148,,7/18/2024,NRM2,9,2148,,PICMAR,,2.5,1,-99,0,-9999,1,,,,,,,,,,,,,,,
NRM29_2149,,7/18/2024,NRM2,9,2149,,LARLAR,,2.8,1,-99,0,-9999,1,,,,,,,,,,,,,,,
NRM29_2150,,7/18/2024,NRM2,9,2150,,PICMAR,,2.4,1,-99,0,-9999,1,,,,,,,,,,,,,,,
NRM29_2151,,7/18/2024,NRM2,9,2151,,PICMAR,,2.7,1,-99,0,-9999,1,,,,,,,,,,,,,,,
NRM29_2152,,7/18/2024,NRM2,9,2152,,PICMAR,,2.9,1,-99,0,-9999,1,,,,,,,,,,,,,,,
NRM29_2153,,7/18/2024,NRM2,9,2153,,PICMAR,,2.5,1,-99,0,-9999,1,,,,,,,,,,,,,,,
NRM29_2154,,7/18/2024,NRM2,9,2154,,PICMAR,,2.5,1,-99,0,-9999,1,,,,,,,,,,,,,,,
NRM211_670,9/1/2013,7/18/2024,NRM2,11,670,,PICMAR,3.3,3.7,1,-99,0,-9999,1,,,,,,,,,,,,,,,
NRM211_671,9/1/2013,7/18/2024,NRM2,11,671,,PICMAR,2.7,2.6,1,-99,1,-9999,1,,,,,,,,,,,,,,,
NRM211_672,9/1/2013,7/18/2024,NRM2,11,672,,PICMAR,2.3,2.5,1,-99,0,-9999,1,,,,,,,,,,,,,,,
NRM211_673,9/1/2013,7/18/2024,NRM2,11,673,,PICMAR,2.7,2.6,1,-99,0,-9999,1,,,,,,,,,,,,,,,
NRM211_674,9/1/2013,7/18/2024,NRM2,11,674,,PICMAR,5,5.6,1,-99,0,-9999,1,,,,,,,,,,,,,,,
NRM211_675,9/1/2013,7/18/2024,NRM2,11,675,,PICMAR,4.9,5.2,1,3,0,-9999,1,,,,,,,,,,,,,,,
NRM211_676,9/1/2013,7/18/2024,NRM2,11,676,,PICMAR,4.8,5.4,1,-99,0,-9999,1,,,,,,,,,,,,,,,
NRM211_677,9/1/2013,7/18/2024,NRM2,11,677,,PICMAR,2.6,2.9,1,-99,0,-9999,1,,,,,,,,,,,,,,,
NRM211_678,9/1/2013,7/18/2024,NRM2,11,678,,PICMAR,2.4,2.9,1,-99,0,-9999,1,,,,,,,,,,,,,,,
NRM211_679,9/1/2013,7/18/2024,NRM2,11,679,,PICMAR,5,5.6,1,-99,0,-9999,1,,,,,,,,,,,,,,,
NRM211_680,9/1/2013,7/18/2024,NRM2,11,680,,PICMAR,2.8,3.6,1,-99,0,-9999,1,,,,,,,,,,,,,,,
NRM211_681,9/1/2013,7/18/2024,NRM2,11,681,,PICMAR,2.3,3,1,-99,0,-9999,1,,,,,,,,,,,,,,,
NRM211_682,9/1/2013,7/18/2024,NRM2,11,682,,PICMAR,3,3.8,1,-99,0,-9999,1,,,,,,,,,,,,,,,
NRM211_683,9/1/2013,7/18/2024,NRM2,11,683,,PICMAR,4.7,5.4,1,-99,0,-9999,1,,,,,,,,,,,,,,,
NRM211_684,9/1/2013,7/18/2024,NRM2,11,684,,PICMAR,3,3.7,1,-99,0,-9999,1,,,,,,,,,,,,,,,
NRM211_685,9/1/2013,7/18/2024,NRM2,11,685,,PICMAR,4.4,-9999,0,-99,0,-9999,0,,,,,,,,,,,,,,,
NRM211_686,9/1/2013,7/18/2024,NRM2,11,686,,PICMAR,2.4,3.1,1,-99,0,-9999,1,,,,,,,,,,,,,,,
NRM211_687,9/1/2013,7/18/2024,NRM2,11,687,,PICMAR,3.2,3.9,1,-99,0,-9999,1,,,,,,,,,,,,,,,
NRM211_688,9/1/2013,7/18/2024,NRM2,11,688,,PICMAR,5.5,6.2,1,-99,0,-9999,1,,,,,,,,,,,,,,,
NRM211_689,9/1/2013,7/18/2024,NRM2,11,689,,PICMAR,5.2,5.5,1,-99,0,-9999,1,,,,,,,,,,,,,,,
NRM211_690,9/1/2013,7/18/2024,NRM2,11,690,,PICMAR,2.8,3.3,1,-99,0,-9999,1,,,,,,,,,,,,,,,
NRM211_691,9/1/2013,7/18/2024,NRM2,11,691,,PICMAR,4.2,4.4,1,-99,0,-9999,1,,,,,,,,,,,,,,,
NRM211_692,9/1/2013,7/18/2024,NRM2,11,692,,PICMAR,4.9,5.2,1,-99,0,-9999,1,,,,,,,,,,,,,,,
NRM211_693,9/1/2013,7/18/2024,NRM2,11,693,,PICMAR,5.5,5.9,1,-99,0,-9999,1,,,,,,,,,,,,,,,
NRM211_694,9/1/2013,7/18/2024,NRM2,11,694,,PICMAR,4.2,4.8,1,-99,0,-9999,1,,,,,,,,,,,,,,,
NRM211_695,9/1/2013,7/18/2024,NRM2,11,695,,PICMAR,3.4,3.8,1,-99,0,-9999,1,,,,,,,,,,,,,,,
NRM211_696,9/1/2013,7/18/2024,NRM2,11,696,,PICMAR,4.5,5.1,1,-99,0,-9999,1,,,,,,,,,,,,,,,
NRM211_697,9/1/2013,7/18/2024,NRM2,11,697,,PICMAR,3.4,3.8,1,-99,0,-9999,1,,,,,,,,,,,,,,,
NRM211_698,9/1/2013,7/18/2024,NRM2,11,698,,PICMAR,3.8,4.4,1,-99,0,-9999,1,,,,,,,,,,,,,,,
NRM211_699,9/1/2013,7/18/2024,NRM2,11,699,,PICMAR,3.5,3.9,1,-99,0,-9999,1,,,,,,,,,,,,,,,
NRM211_700,9/1/2013,7/18/2024,NRM2,11,700,,PICMAR,2.5,2.7,1,-99,0,-9999,1,,,,,,,,,,,,,,,
NRM211_701,9/1/2013,7/18/2024,NRM2,11,701,,PICMAR,3.3,3.3,1,-99,0,-9999,1,,,,,,,,,,,,,,,
NRM211_702,9/1/2013,7/18/2024,NRM2,11,702,,PICMAR,3.5,4.1,1,-99,0,-9999,1,,,,,,,,,,,,,,,
NRM211_703,9/1/2013,7/18/2024,NRM2,11,703,,PICMAR,2.9,3.2,1,-99,0,-9999,1,,,,,,,,,,,,,,,
NRM211_704,9/1/2013,7/18/2024,NRM2,11,704,,PICMAR,3,3.5,1,-99,0,-9999,1,,,,,,,,,,,,,,,
NRM211_705,9/1/2013,7/18/2024,NRM2,11,705,,PICMAR,4,5,1,-99,0,-9999,1,,,,,,,,,,,,,,,
NRM211_706,9/1/2013,7/18/2024,NRM2,11,706,,PICMAR,4.1,4.7,1,-99,0,-9999,1,,,,,,,,,,,,,,,
NRM211_707,9/1/2013,7/18/2024,NRM2,11,707,,PICMAR,4.8,4.2,1,-99,0,-9999,1,,,,,,,,,,,,,,,
NRM211_708,9/1/2013,7/18/2024,NRM2,11,708,,PICMAR,3.9,4.3,1,-99,0,-9999,1,,,,,,,,,,,,,,,
NRM211_709,9/1/2013,7/18/2024,NRM2,11,709,,LARLAR,8,-7777,0,-99,0,-9999,1,,,,,,,,,,,,,,,
NRM211_710,9/1/2013,7/18/2024,NRM2,11,710,,PICMAR,3.3,3.4,1,-99,1,-9999,1,,,,,,,,,,,,,,,
NRM211_711,9/1/2013,7/18/2024,NRM2,11,711,,PICMAR,4.1,4.5,1,-99,0,-9999,1,,,,,,,,,,,,,,,
NRM211_714,9/1/2013,7/18/2024,NRM2,11,714,,PICMAR,3.5,3.4,1,-99,0,-9999,1,,,,,,,,,,,,,,,
NRM211_715,9/1/2013,7/18/2024,NRM2,11,715,,PICMAR,2.3,3,1,-99,0,-9999,1,,,,,,,,,,,,,,,
NRM211_716,9/1/2013,7/18/2024,NRM2,11,716,,PICMAR,2.7,3.3,1,-99,0,-9999,1,,,,,,,,,,,,,,,
NRM211_717,9/1/2013,7/18/2024,NRM2,11,717,,PICMAR,4.7,-7777,0,-99,0,-9999,1,,,,,,,,,,,,,,,
NRM211_718,9/1/2013,7/18/2024,NRM2,11,718,,PICMAR,3.5,3.6,1,3.5,0,-9999,1,,,,,,,,,,,,,,,
NRM211_719,9/1/2013,7/18/2024,NRM2,11,719,,PICMAR,3.1,3.9,1,-99,0,-9999,1,,,,,,,,,,,,,,,
NRM211_720,9/1/2013,7/18/2024,NRM2,11,720,,PICMAR,3.2,-9999,0,-99,0,-9999,0,,,,,,,,,,,,,,,
NRM211_2155,,7/18/2024,NRM2,11,2155,,PICMAR,,2.1,1,-99,0,-9999,1,,,,,,,,,,,,,,,
NRM211_2156,,7/18/2024,NRM2,11,2156,,PICMAR,,2.6,1,-99,0,-9999,1,,,,,,,,,,,,,,,
NRM211_2157,,7/18/2024,NRM2,11,2157,,PICMAR,,2.7,1,-99,0,-9999,1,,,,,,,,,,,,,,,
NRM211_2158,,7/18/2024,NRM2,11,2158,,PICMAR,,3.1,1,-99,0,-9999,1,,,,,,,,,,,,,,,
NRM211_2159,,7/18/2024,NRM2,11,2159,,PICMAR,,2.6,1,-99,0,-9999,1,,,,,,,,,,,,,,,
NRM211_2160,,7/18/2024,NRM2,11,2160,,PICMAR,,2.5,1,-99,0,-9999,1,,,,,,,,,,,,,,,
NRM212_721,9/1/2013,7/18/2024,NRM2,12,721,,PICMAR,2.8,3.1,1,-99,0,-9999,1,,,,,,,,,,,,,,,
NRM212_722,9/1/2013,7/18/2024,NRM2,12,722,,PICMAR,3,3.3,1,-99,0,-9999,1,,,,,,,,,,,,,,,
NRM212_723,9/1/2013,7/18/2024,NRM2,12,723,,PICMAR,2.5,3,1,-99,0,-9999,1,,,,,,,,,,,,,,,
NRM212_724,9/1/2013,7/18/2024,NRM2,12,724,,PICMAR,3.2,3.9,1,-99,0,-9999,1,,,,,,,,,,,,,,,
NRM212_725,9/1/2013,7/18/2024,NRM2,12,725,,PICMAR,5.9,6,1,-99,0,-9999,1,,,,,,,,,,,,,,,
NRM212_726,9/1/2013,7/18/2024,NRM2,12,726,,PICMAR,4.6,5,1,-99,0,-9999,1,,,,,,,,,,,,,,,
NRM212_727,9/1/2013,7/18/2024,NRM2,12,727,,PICMAR,3.4,4.2,1,-99,0,-9999,1,,,,,,,,,,,,,,,
NRM212_728,9/1/2013,7/18/2024,NRM2,12,728,,PICMAR,5,5.7,1,-99,0,-9999,1,,,,,,,,,,,,,,,
NRM212_729,9/1/2013,7/18/2024,NRM2,12,729,,PICMAR,6.9,6.4,1,-99,0,-9999,1,,,,,,,,,,,,,,,
NRM212_730,9/1/2013,7/18/2024,NRM2,12,730,,PICMAR,4.1,4.4,1,-99,0,-9999,1,,,,,,,,,,,,,,,
NRM212_731,9/1/2013,7/18/2024,NRM2,12,731,,PICMAR,3.7,3.8,1,-99,0,-9999,1,,,,,,,,,,,,,,,
NRM212_732,9/1/2013,7/18/2024,NRM2,12,732,,PICMAR,4.9,5.4,1,-99,0,-9999,1,,,,,,,,,,,,,,,
NRM212_733,9/1/2013,7/18/2024,NRM2,12,733,,PICMAR,3.7,4.2,1,-99,0,-9999,1,,,,,,,,,,,,,,,
NRM212_734,9/1/2013,7/18/2024,NRM2,12,734,,PICMAR,7.7,8.1,1,-99,0,-9999,1,,,,,,,,,,,,,,,
NRM212_735,9/1/2013,7/18/2024,NRM2,12,735,,PICMAR,2.6,2.7,1,-99,0,-9999,1,,,,,,,,,,,,,,,
NRM212_736,9/1/2013,7/18/2024,NRM2,12,736,,PICMAR,3.4,4.1,1,-99,0,-9999,1,,,,,,,,,,,,,,,
NRM212_737,9/1/2013,7/18/2024,NRM2,12,737,,PICMAR,5.1,5.6,1,-99,0,-9999,1,,,,,,,,,,,,,,,
NRM212_738,9/1/2013,7/18/2024,NRM2,12,738,,PICMAR,2.5,2.8,1,-99,0,-9999,1,,,,,,,,,,,,,,,
NRM212_739,9/1/2013,7/18/2024,NRM2,12,739,,PICMAR,3.4,3.1,1,3.5,0,-9999,1,,,,,,,,,,,,,,,
NRM212_740,9/1/2013,7/18/2024,NRM2,12,740,,PICMAR,6,6.4,1,-99,0,-9999,1,,,,,,,,,,,,,,,
NRM212_741,9/1/2013,7/18/2024,NRM2,12,741,,PICMAR,3.8,3.9,1,-99,0,-9999,1,,,,,,,,,,,,,,,
NRM212_742,9/1/2013,7/18/2024,NRM2,12,742,,PICMAR,3.9,4.6,1,-99,0,-9999,1,,,,,,,,,,,,,,,
NRM212_743,9/1/2013,7/18/2024,NRM2,12,743,,PICMAR,2.9,3.3,1,-99,0,-9999,1,,,,,,,,,,,,,,,
NRM212_744,9/1/2013,7/18/2024,NRM2,12,744,,PICMAR,2.7,3.3,1,-99,0,-9999,1,,,,,,,,,,,,,,,
NRM212_745,9/1/2013,7/18/2024,NRM2,12,745,,PICMAR,3.7,4.7,1,-99,0,-9999,1,,,,,,,,,,,,,,,
NRM212_746,9/1/2013,7/18/2024,NRM2,12,746,,PICMAR,3.9,4.2,1,-99,0,-9999,1,,,,,,,,,,,,,,,
NRM212_747,9/1/2013,7/18/2024,NRM2,12,747,,PICMAR,3.1,3.8,1,-99,0,-9999,1,,,,,,,,,,,,,,,
NRM212_748,9/1/2013,7/18/2024,NRM2,12,748,,PICMAR,5.6,6,1,-99,0,-9999,1,,,,,,,,,,,,,,,
NRM212_749,9/1/2013,7/18/2024,NRM2,12,749,,PICMAR,4.1,4.6,1,-99,1,-9999,1,,,,,,,,,,,,,,,
NRM212_750,9/1/2013,7/18/2024,NRM2,12,750,,PICMAR,3.6,3.7,1,-99,0,-9999,1,,,,,,,,,,,,,,,
NRM212_751,9/1/2013,7/18/2024,NRM2,12,751,,PICMAR,2.9,3.3,1,-99,0,-9999,1,,,,,,,,,,,,,,,
NRM212_752,9/1/2013,7/18/2024,NRM2,12,752,,PICMAR,3.3,4,1,-99,0,-9999,1,,,,,,,,,,,,,,,
NRM212_753,9/1/2013,7/18/2024,NRM2,12,753,,PICMAR,3.3,3.6,1,-99,0,-9999,1,,,,,,,,,,,,,,,
NRM212_754,9/1/2013,7/18/2024,NRM2,12,754,,PICMAR,6.1,6.9,1,-99,0,-9999,1,,,,,,,,,,,,,,,
NRM212_755,9/1/2013,7/18/2024,NRM2,12,755,,PICMAR,3.9,5,1,-99,0,-9999,1,,,,,,,,,,,,,,,
NRM212_756,9/1/2013,7/18/2024,NRM2,12,756,,PICMAR,2.7,3.5,1,-99,0,-9999,1,,,,,,,,,,,,,,,
NRM212_757,9/1/2013,7/18/2024,NRM2,12,757,,PICMAR,2.4,2.8,1,-99,0,-9999,1,,,,,,,,,,,,,,,
NRM212_758,9/1/2013,7/18/2024,NRM2,12,758,,PICMAR,3.3,3.7,1,-99,0,-9999,1,,,,,,,,,,,,,,,
NRM212_759,9/1/2013,7/18/2024,NRM2,12,759,,PICMAR,2.4,3,1,-99,0,-9999,1,,,,,,,,,,,,,,,
NRM212_760,9/1/2013,7/18/2024,NRM2,12,760,,PICMAR,4.9,5.2,1,-99,0,-9999,1,,,,,,,,,,,,,,,
NRM212_761,9/1/2013,7/18/2024,NRM2,12,761,,PICMAR,3.5,-7777,0,1.5,0,-9999,1,,,,,,,,,,,,,,,
NRM212_762,9/1/2013,7/18/2024,NRM2,12,762,,PICMAR,2.6,3.3,1,-99,0,-9999,1,,,,,,,,,,,,,,,
NRM212_763,9/1/2013,7/18/2024,NRM2,12,763,,PICMAR,4,4.6,1,-99,0,-9999,1,,,,,,,,,,,,,,,
NRM212_764,9/1/2013,7/18/2024,NRM2,12,764,,PICMAR,3.6,4.3,1,-99,0,-9999,1,,,,,,,,,,,,,,,
NRM212_765,9/1/2013,7/18/2024,NRM2,12,765,,PICMAR,5,5.3,1,-99,0,-9999,1,,,,,,,,,,,,,,,
NRM212_766,9/1/2013,7/18/2024,NRM2,12,766,,LARLAR,9.3,-7777,0,-99,0,-9999,1,,,,,,,,,,,,,,,
NRM212_767,9/1/2013,7/18/2024,NRM2,12,767,,PICMAR,2.6,3.3,1,-99,0,-9999,1,,,,,,,,,,,,,,,
NRM212_768,9/1/2013,7/18/2024,NRM2,12,768,,PICMAR,3.5,4.2,1,-99,0,-9999,1,,,,,,,,,,,,,,,
NRM212_2161,,7/18/2024,NRM2,12,2161,,PICMAR,,2.4,1,-99,0,-9999,1,,,,,,,,,,,,,,,
NRM212_2162,,7/18/2024,NRM2,12,2162,,PICMAR,,3.2,1,-99,0,-9999,1,,,,,,,,,,,,,,,
NRM212_2163,,7/18/2024,NRM2,12,2163,,PICMAR,,2.9,1,-99,0,-9999,1,,,,,,,,,,,,,,,
NRM212_2164,,7/18/2024,NRM2,12,2164,,PICMAR,,3,1,-99,0,-9999,1,,,,,,,,,,,,,,,
NRM212_2165,,7/18/2024,NRM2,12,2165,,PICMAR,,2.8,1,-99,0,-9999,1,,,,,,,,,,,,,,,
NRM212_2166,,7/18/2024,NRM2,12,2166,,PICMAR,,2.7,1,-99,0,-9999,1,,,,,,,,,,,,,,,
NRM213_769,9/1/2013,7/18/2024,NRM2,13,769,,PICMAR,6.1,6.8,1,-99,0,-9999,1,,,,,,,,,,,,,,,
NRM213_770,9/1/2013,7/18/2024,NRM2,13,770,,PICMAR,4.7,5.3,1,-99,0,-9999,1,,,,,,,,,,,,,,,
NRM213_771,9/1/2013,7/18/2024,NRM2,13,771,,PICMAR,3.8,4.1,1,-99,0,-9999,1,,,,,,,,,,,,,,,
NRM213_772,9/1/2013,7/18/2024,NRM2,13,772,,PICMAR,3,3.6,1,-99,0,-9999,1,,,,,,,,,,,,,,,
NRM213_773,9/1/2013,7/18/2024,NRM2,13,773,,PICMAR,5.8,6.7,1,-99,0,-9999,1,,,,,,,,,,,,,,,
NRM213_774,9/1/2013,7/18/2024,NRM2,13,774,,PICMAR,9.3,9.8,1,-99,0,-9999,1,,,,,,,,,,,,,,,
NRM213_775,9/1/2013,7/18/2024,NRM2,13,775,,PICMAR,7.9,8.5,1,-99,0,-9999,1,,,,,,,,,,,,,,,
NRM213_776,9/1/2013,7/18/2024,NRM2,13,776,,PICMAR,3.2,3.5,1,-99,0,-9999,1,,,,,,,,,,,,,,,
NRM213_777,9/1/2013,7/18/2024,NRM2,13,777,,PICMAR,2.7,3.4,1,-99,0,-9999,1,,,,,,,,,,,,,,,
NRM213_778,9/1/2013,7/18/2024,NRM2,13,778,,LARLAR,11.5,-7777,0,-99,0,-9999,1,,,,,,,,,,,,,,,
NRM213_779,9/1/2013,7/18/2024,NRM2,13,779,,PICMAR,3.5,4,1,-99,0,-9999,1,,,,,,,,,,,,,,,
NRM213_780,9/1/2013,7/18/2024,NRM2,13,780,,PICMAR,3.4,4,1,-99,0,-9999,1,,,,,,,,,,,,,,,
NRM213_781,9/1/2013,7/18/2024,NRM2,13,781,,PICMAR,2.8,3.3,1,-99,0,-9999,1,,,,,,,,,,,,,,,
NRM213_782,9/1/2013,7/18/2024,NRM2,13,782,,PICMAR,2.7,-9999,0,-99,0,-9999,0,,,,,,,,,,,,,,,
NRM213_783,9/1/2013,7/18/2024,NRM2,13,783,,PICMAR,4.8,5.4,1,-99,0,-9999,1,,,,,,,,,,,,,,,
NRM213_784,9/1/2013,7/18/2024,NRM2,13,784,,PICMAR,5.8,6.4,1,-99,0,-9999,1,,,,,,,,,,,,,,,
NRM213_785,9/1/2013,7/18/2024,NRM2,13,785,,PICMAR,3.7,4,1,-99,0,-9999,1,,,,,,,,,,,,,,,
NRM213_786,9/1/2013,7/18/2024,NRM2,13,786,,PICMAR,3.9,3.9,1,-99,0,-9999,1,,,,,,,,,,,,,,,
NRM213_787,9/1/2013,7/18/2024,NRM2,13,787,,PICMAR,3.5,3.6,1,-99,0,-9999,1,,,,,,,,,,,,,,,
NRM213_788,9/1/2013,7/18/2024,NRM2,13,788,,PICMAR,8.2,8.5,1,-99,0,-9999,1,,,,,,,,,,,,,,,
NRM213_789,9/1/2013,7/18/2024,NRM2,13,789,,PICMAR,3.1,3.2,1,-99,0,-9999,1,,,,,,,,,,,,,,,
NRM213_790,9/1/2013,7/18/2024,NRM2,13,790,,PICMAR,3.3,3.8,1,-99,0,-9999,1,,,,,,,,,,,,,,,
NRM213_791,9/1/2013,7/18/2024,NRM2,13,791,,PICMAR,4.5,5,1,-99,0,-9999,1,,,,,,,,,,,,,,,
NRM213_792,9/1/2013,7/18/2024,NRM2,13,792,,PICMAR,4,4.3,1,-99,0,-9999,1,,,,,,,,,,,,,,,
NRM213_793,9/1/2013,7/18/2024,NRM2,13,793,,PICMAR,3.5,3.8,1,-99,0,-9999,1,,,,,,,,,,,,,,,
NRM213_794,9/1/2013,7/18/2024,NRM2,13,794,,PICMAR,2.8,3.4,1,-99,0,-9999,1,,,,,,,,,,,,,,,
NRM213_795,9/1/2013,7/18/2024,NRM2,13,795,,PICMAR,2.5,3,1,-99,0,-9999,1,,,,,,,,,,,,,,,
NRM213_796,9/1/2013,7/18/2024,NRM2,13,796,,PICMAR,5.3,6,1,-99,0,-9999,1,,,,,,,,,,,,,,,
NRM213_797,9/1/2013,7/18/2024,NRM2,13,797,,PICMAR,4.5,4.8,1,-99,0,-9999,1,,,,,,,,,,,,,,,
NRM213_798,9/1/2013,7/18/2024,NRM2,13,798,,PICMAR,3.4,3.9,1,-99,0,-9999,1,,,,,,,,,,,,,,,
NRM213_799,9/1/2013,7/18/2024,NRM2,13,799,,PICMAR,3,3.5,1,-99,0,-9999,1,,,,,,,,,,,,,,,
NRM213_800,9/1/2013,7/18/2024,NRM2,13,800,,PICMAR,2.3,2.4,1,2,0,-9999,1,,,,,,,,,,,,,,,
NRM213_801,9/1/2013,7/18/2024,NRM2,13,801,,PICMAR,6.4,7,1,-99,0,-9999,1,,,,,,,,,,,,,,,
NRM213_802,9/1/2013,7/18/2024,NRM2,13,802,,PICMAR,2.3,2.7,1,-99,0,-9999,1,,,,,,,,,,,,,,,
NRM213_803,9/1/2013,7/18/2024,NRM2,13,803,,PICMAR,2.8,3.3,1,-99,0,-9999,1,,,,,,,,,,,,,,,
NRM213_804,9/1/2013,7/18/2024,NRM2,13,804,,PICMAR,6.5,7.4,1,-99,0,-9999,1,,,,,,,,,,,,,,,
NRM213_805,9/1/2013,7/18/2024,NRM2,13,805,,PICMAR,5,5.2,1,-99,0,-9999,1,,,,,,,,,,,,,,,
NRM213_806,9/1/2013,7/18/2024,NRM2,13,806,,PICMAR,6.2,6.3,1,-99,0,-9999,1,,,,,,,,,,,,,,,
NRM213_807,9/1/2013,7/18/2024,NRM2,13,807,,PICMAR,6.3,6.5,1,-99,0,-9999,1,,,,,,,,,,,,,,,
NRM213_808,9/1/2013,7/18/2024,NRM2,13,808,,PICMAR,3.4,3.9,1,-99,0,-9999,1,,,,,,,,,,,,,,,
NRM213_809,9/1/2013,7/18/2024,NRM2,13,809,,LARLAR,7.4,-7777,0,-99,0,-9999,1,,,,,,,,,,,,,,,
NRM213_810,9/1/2013,7/18/2024,NRM2,13,810,,PICMAR,4.1,5,1,-99,0,-9999,1,,,,,,,,,,,,,,,
NRM213_811,9/1/2013,7/18/2024,NRM2,13,811,,PICMAR,3.9,4,1,-99,0,-9999,1,,,,,,,,,,,,,,,
NRM213_812,9/1/2013,7/18/2024,NRM2,13,812,,PICMAR,6.5,6.9,1,-99,0,-9999,1,,,,,,,,,,,,,,,
NRM213_813,9/1/2013,7/18/2024,NRM2,13,813,,PICMAR,3.2,4,1,-99,0,-9999,1,,,,,,,,,,,,,,,
NRM213_814,9/1/2013,7/18/2024,NRM2,13,814,,PICMAR,3.3,3.9,1,-99,0,-9999,1,,,,,,,,,,,,,,,
NRM213_815,9/1/2013,7/18/2024,NRM2,13,815,,PICMAR,2.5,3,1,-99,0,-9999,1,,,,,,,,,,,,,,,
NRM213_816,9/1/2013,7/18/2024,NRM2,13,816,,PICMAR,3.8,4.4,1,-99,0,-9999,1,,,,,,,,,,,,,,,
NRM213_2167,,7/18/2024,NRM2,13,2167,,PICMAR,,2.7,1,-99,0,-9999,1,,,,,,,,,,,,,,,
NRM213_2168,,7/18/2024,NRM2,13,2168,,PICMAR,,2.8,1,-99,0,-9999,1,,,,,,,,,,,,,,,
NRM213_2169,,7/18/2024,NRM2,13,2169,,PICMAR,,3,1,-99,0,-9999,1,,,,,,,,,,,,,,,
NRM213_2170,,7/18/2024,NRM2,13,2170,,PICMAR,,2.6,1,-99,0,-9999,1,,,,,,,,,,,,,,,
NRM214_817,9/1/2013,7/18/2024,NRM2,14,817,,PICMAR,2.4,3,1,-99,0,-9999,1,,,,,,,,,,,,,,,
NRM214_818,9/1/2013,7/18/2024,NRM2,14,818,,PICMAR,3.7,4,1,-99,0,-9999,1,,,,,,,,,,,,,,,
NRM214_819,9/1/2013,7/18/2024,NRM2,14,819,,PICMAR,4.2,4.8,1,-99,0,-9999,1,,,,,,,,,,,,,,,
NRM214_820,9/1/2013,7/18/2024,NRM2,14,820,,PICMAR,3.1,3.7,1,-99,0,-9999,1,,,,,,,,,,,,,,,
NRM214_821,9/1/2013,7/18/2024,NRM2,14,821,,PICMAR,3.2,4,1,-99,0,-9999,1,,,,,,,,,,,,,,,
NRM214_822,9/1/2013,7/18/2024,NRM2,14,822,,PICMAR,5.3,5.9,1,-99,0,-9999,1,,,,,,,,,,,,,,,
NRM214_823,9/1/2013,7/18/2024,NRM2,14,823,,PICMAR,5.7,6,1,-99,0,-9999,1,,,,,,,,,,,,,,,
NRM214_824,9/1/2013,7/18/2024,NRM2,14,824,,PICMAR,2.8,3.6,1,-99,0,-9999,1,,,,,,,,,,,,,,,
NRM214_825,9/1/2013,7/18/2024,NRM2,14,825,,PICMAR,3.1,3.3,1,-99,0,-9999,1,,,,,,,,,,,,,,,
NRM214_826,9/1/2013,7/18/2024,NRM2,14,826,,PICMAR,2.7,3.5,1,-99,0,-9999,1,,,,,,,,,,,,,,,
NRM214_827,9/1/2013,7/18/2024,NRM2,14,827,,LARLAR,11.5,-7777,0,-99,0,-9999,1,,,,,,,,,,,,,,,
NRM214_828,9/1/2013,7/18/2024,NRM2,14,828,,PICMAR,4.4,5.4,1,-99,0,-9999,1,,,,,,,,,,,,,,,
NRM214_829,9/1/2013,7/18/2024,NRM2,14,829,,PICMAR,3,3.5,1,-99,0,-9999,1,,,,,,,,,,,,,,,
NRM214_830,9/1/2013,7/18/2024,NRM2,14,830,,PICMAR,2.5,3.2,1,-99,0,-9999,1,,,,,,,,,,,,,,,
NRM214_831,9/1/2013,7/18/2024,NRM2,14,831,,PICMAR,3.7,4.4,1,-99,0,-9999,1,,,,,,,,,,,,,,,
NRM214_832,9/1/2013,7/18/2024,NRM2,14,832,,PICMAR,2.5,-7777,0,-99,0,-9999,1,,,,,,,,,,,,,,,
NRM214_833,9/1/2013,7/18/2024,NRM2,14,833,,PICMAR,3.3,3.9,1,-99,0,-9999,1,,,,,,,,,,,,,,,
NRM214_834,9/1/2013,7/18/2024,NRM2,14,834,,PICMAR,4,4.3,1,-99,0,-9999,1,,,,,,,,,,,,,,,
NRM214_835,9/1/2013,7/18/2024,NRM2,14,835,,PICMAR,3.6,4.5,1,-99,0,-9999,1,,,,,,,,,,,,,,,
NRM214_836,9/1/2013,7/18/2024,NRM2,14,836,,PICMAR,2.5,3.5,1,-99,0,-9999,1,,,,,,,,,,,,,,,
NRM214_837,9/1/2013,7/18/2024,NRM2,14,837,,PICMAR,3.2,3.9,1,-99,0,-9999,1,,,,,,,,,,,,,,,
NRM214_838,9/1/2013,7/18/2024,NRM2,14,838,,LARLAR,4.3,-9999,0,-99,0,-9999,0,,,,,,,,,,,,,,,
NRM214_839,9/1/2013,7/18/2024,NRM2,14,839,,PICMAR,2.8,3.4,1,-99,0,-9999,1,,,,,,,,,,,,,,,
NRM214_840,9/1/2013,7/18/2024,NRM2,14,840,,PICMAR,3.2,4.1,1,-99,0,-9999,1,,,,,,,,,,,,,,,
NRM214_841,9/1/2013,7/18/2024,NRM2,14,841,,PICMAR,2.8,3.5,1,-99,0,-9999,1,,,,,,,,,,,,,,,
NRM214_842,9/1/2013,7/18/2024,NRM2,14,842,,LARLAR,5.3,-7777,0,3,0,-9999,1,,,,,,,,,,,,,,,
NRM214_843,9/1/2013,7/18/2024,NRM2,14,843,,PICMAR,3.4,4.1,1,-99,0,-9999,1,,,,,,,,,,,,,,,
NRM214_844,9/1/2013,7/18/2024,NRM2,14,844,,PICMAR,2.6,3.2,1,-99,0,-9999,1,,,,,,,,,,,,,,,
NRM214_2171,,7/18/2024,NRM2,14,2171,,PICMAR,,2.7,1,-99,0,-9999,1,,,,,,,,,,,,,,,
NRM214_2172,,7/18/2024,NRM2,14,2172,,PICMAR,,2.9,1,-99,0,-9999,1,,,,,,,,,,,,,,,
NRM214_2173,,7/18/2024,NRM2,14,2173,,PICMAR,,2.7,1,-99,0,-9999,1,,,,,,,,,,,,,,,
NRM214_2174,,7/18/2024,NRM2,14,2174,,PICMAR,,3.1,1,-99,0,-9999,1,,,,,,,,,,,,,,,
WDI51_21,6/7/2018,8/6/2024,WDI5,1,21,,PICMAR,-9999,-7777,0,10,0,1,1,,,,,,,,,,,,,,,
WDI51_22,6/7/2018,8/6/2024,WDI5,1,22,,BETNEO,4.8,4.4,1,-99,0,1,1,,,,,,,,,,,,,,,
WDI51_23,6/7/2018,8/6/2024,WDI5,1,23,,PICGLA,5.6,7.5,1,-99,0,1,1,,,,,,,,,,,,,,,
WDI51_24,6/7/2018,8/6/2024,WDI5,1,24,,BETNEO,4.1,5,1,-99,0,1,1,,,,,,,,,,,,,,,
WDI51_25,6/7/2018,8/6/2024,WDI5,1,25,,BETNEO,2.9,-7777,0,-99,0,1,1,Attached to 2239,,,,,,,,,,,,,,
WDI51_26,6/7/2018,8/6/2024,WDI5,1,26,,PICMAR,-9999,-8888,0,-99,0,1,1,,,,,,,,,,,,,,,
WDI51_27,6/7/2018,8/6/2024,WDI5,1,27,,PICGLA,5.2,6.9,1,-99,0,1,1,,,,,,,,,,,,,,,
WDI51_28,6/7/2018,8/6/2024,WDI5,1,28,,POPTRE,13.4,14.8,1,-99,0,1,1,,,,,,,,,,,,,,,
WDI51_29,6/7/2018,8/6/2024,WDI5,1,29,,PICGLA,5.2,6.6,1,-99,0,1,1,,,,,,,,,,,,,,,
WDI51_30,6/7/2018,8/6/2024,WDI5,1,30,,PICMAR,4.6,6.6,1,-99,0,1,1,,,,,,,,,,,,,,,
WDI51_31,6/7/2018,8/6/2024,WDI5,1,31,,POPTRE,-9999,-8888,0,-99,0,1,1,,,,,,,,,,,,,,,
WDI51_32,6/7/2018,8/6/2024,WDI5,1,32,,BETNEO,2.9,3.2,1,-99,0,1,1,,,,,,,,,,,,,,,
WDI51_33,6/7/2018,8/6/2024,WDI5,1,33,,BETNEO,3.1,4.4,1,-99,0,1,1,,,,,,,,,,,,,,,
WDI51_34,6/7/2018,8/6/2024,WDI5,1,34,,PICMAR,6.9,8.9,1,-99,0,1,1,,,,,,,,,,,,,,,
WDI51_35,6/7/2018,8/6/2024,WDI5,1,35,,PICMAR,4,5,1,-99,0,1,1,,,,,,,,,,,,,,,
WDI51_36,6/7/2018,8/6/2024,WDI5,1,36,,BETNEO,13.1,14.9,1,-99,0,1,1,,,,,,,,,,,,,,,
WDI51_37,6/7/2018,8/6/2024,WDI5,1,37,,BETNEO,3.5,3.6,1,-99,0,1,1,,,,,,,,,,,,,,,
WDI51_1159,,8/6/2024,WDI5,1,1159,,PICMAR,,5.4,1,-99,0,1,1,,not included in database,,,,,,,,,,,,,
WDI51_1160,6/7/2018,8/6/2024,WDI5,1,1160,,PICMAR,3.4,5,1,-99,0,1,1,,,,,,,,,,,,,,,
WDI51_1161,6/7/2018,8/6/2024,WDI5,1,1161,,PICMAR,3.7,5.6,1,-99,0,1,1,,,,,,,,,,,,,,,
WDI51_1162,6/7/2018,8/6/2024,WDI5,1,1162,,PICMAR,3.1,4.4,1,-99,0,1,1,,,,,,,,,,,,,,,
WDI51_1163,6/7/2018,8/6/2024,WDI5,1,1163,,BETNEO,2.8,3.2,1,-99,0,1,1,,,,,,,,,,,,,,,
WDI51_1164,6/7/2018,8/6/2024,WDI5,1,1164,,PICMAR,3.1,4,1,-99,0,1,1,,,,,,,,,,,,,,,
WDI51_1165,6/7/2018,8/6/2024,WDI5,1,1165,,PICMAR,3.3,5,1,-99,0,1,1,,,,,,,,,,,,,,,
WDI51_1166,6/7/2018,8/6/2024,WDI5,1,1166,,PICMAR,3.7,5.8,1,-99,0,1,1,,,,,,,,,,,,,,,
WDI51_1167,6/7/2018,8/6/2024,WDI5,1,1167,,PICMAR,3.5,5.6,1,-99,0,1,1,,,,,,,,,,,,,,,
WDI51_1168,6/7/2018,8/6/2024,WDI5,1,1168,,PICMAR,4.1,6.1,1,-99,0,1,1,,,,,,,,,,,,,,,
WDI51_1169,6/7/2018,8/6/2024,WDI5,1,1169,,PICMAR,3.9,5.7,1,-99,0,1,1,in plot 2,,,,,,,,,,,,,,
WDI51_1170,6/7/2018,8/6/2024,WDI5,1,1170,,PICMAR,3.3,5.7,1,-99,0,1,1,in plot 2,,,,,,,,,,,,,,
WDI51_2232,,8/6/2024,WDI5,1,2232,,BETNEO,,2.7,1,-99,0,1,1,,,,,,,,,,,,,,,
WDI51_2233,,8/6/2024,WDI5,1,2233,,BETNEO,,2.6,1,-99,0,1,1,,,,,,,,,,,,,,,
WDI51_2234,,8/6/2024,WDI5,1,2234,,BETNEO,,3.6,1,-99,0,1,1,,,,,,,,,,,,,,,
WDI51_2235,,8/6/2024,WDI5,1,2235,,PICMAR,,3.4,1,-99,0,1,1,,,,,,,,,,,,,,,
WDI51_2236,,8/6/2024,WDI5,1,2236,,PICMAR,,2.9,1,-99,0,1,1,,,,,,,,,,,,,,,
WDI51_2237,,8/6/2024,WDI5,1,2237,,PICMAR,,2.6,1,-99,0,1,1,,,,,,,,,,,,,,,
WDI51_2238,,8/6/2024,WDI5,1,2238,,PICMAR,,3.2,1,-99,0,1,1,,,,,,,,,,,,,,,
WDI51_2239,,8/6/2024,WDI5,1,2239,,BETNEO,,3.5,1,-99,0,1,1,,,,,,,,,,,,,,,
WDI51_2240,,8/6/2024,WDI5,1,2240,,PICMAR,,3.6,1,-99,0,1,1,,,,,,,,,,,,,,,
WDI51_2241,,8/6/2024,WDI5,1,2241,,PICMAR,,2.5,1,-99,0,1,1,,,,,,,,,,,,,,,
WDI51_2242,,8/6/2024,WDI5,1,2242,,PICMAR,,3.2,1,-99,0,1,1,,,,,,,,,,,,,,,
WDI51_2243,,8/6/2024,WDI5,1,2243,,PICMAR,,3.8,1,-99,0,1,1,,,,,,,,,,,,,,,
WDI51_2244,,8/6/2024,WDI5,1,2244,,PICMAR,,2.7,1,-99,0,1,1,,,,,,,,,,,,,,,
WDI51_2245,,8/6/2024,WDI5,1,2245,,PICMAR,,4,1,-99,0,1,1,,,,,,,,,,,,,,,
WDI51_2246,,8/6/2024,WDI5,1,2246,,PICMAR,,3.5,1,-99,0,1,1,,,,,,,,,,,,,,,
WDI51_2247,,8/6/2024,WDI5,1,2247,,PICMAR,,3,1,-99,0,1,1,,,,,,,,,,,,,,,
WDI51_2248,,8/6/2024,WDI5,1,2248,,PICMAR,,3.2,1,-99,0,1,1,,,,,,,,,,,,,,,
WDI51_2249,,8/6/2024,WDI5,1,2249,,PICMAR,,3.3,1,-99,0,1,1,,,,,,,,,,,,,,,
WDI51_2250,,8/6/2024,WDI5,1,2250,,PICMAR,,2.7,1,-99,0,1,1,,,,,,,,,,,,,,,
WDI51_2251,,8/6/2024,WDI5,1,2251,,PICMAR,,3,1,-99,0,1,1,,,,,,,,,,,,,,,
WDI51_2252,,8/6/2024,WDI5,1,2252,,BETNEO,,2.6,1,-99,0,1,1,,,,,,,,,,,,,,,
WDI51_2253,,8/6/2024,WDI5,1,2253,,PICMAR,,2.9,1,-99,0,1,1,,,,,,,,,,,,,,,
WDI51_2254,,8/6/2024,WDI5,1,2254,,PICMAR,,4,1,-99,0,1,1,,,,,,,,,,,,,,,
WDI51_2255,,8/6/2024,WDI5,1,2255,,PICMAR,,4.9,1,-99,0,1,1,,,,,,,,,,,,,,,
WDI51_2256,,8/6/2024,WDI5,1,2256,,PICMAR,,4.2,1,-99,0,1,1,,,,,,,,,,,,,,,
WDI51_2257,,8/6/2024,WDI5,1,2257,,PICMAR,,4,1,-99,0,1,1,,,,,,,,,,,,,,,
WDI51_2258,,8/6/2024,WDI5,1,2258,,PICMAR,,3.1,1,-99,0,1,1,,,,,,,,,,,,,,,
WDI52_38,6/7/2018,8/6/2024,WDI5,2,38,,PICGLA,4.1,5.5,1,-99,0,1,1,,,,,,,,,,,,,,,
WDI52_39,6/7/2018,8/6/2024,WDI5,2,39,,PICMAR,5.4,6.4,1,-99,0,1,1,,,,,,,,,,,,,,,
WDI52_40,6/7/2018,8/6/2024,WDI5,2,40,,PICMAR,5.7,8.7,1,-99,0,1,1,,,,,,,,,,,,,,,
WDI52_41,6/7/2018,8/6/2024,WDI5,2,41,,PICMAR,4.8,7.3,1,-99,0,1,1,,,,,,,,,,,,,,,
WDI52_42,6/7/2018,8/6/2024,WDI5,2,42,,PICMAR,-9999,-8888,0,-99,0,1,1,,,,,,,,,,,,,,,
WDI52_43,6/7/2018,8/6/2024,WDI5,2,43,,BETNEO,3.8,4,1,-99,0,1,1,,,,,,,,,,,,,,,
WDI52_44,6/7/2018,8/6/2024,WDI5,2,44,,BETNEO,6.4,7.5,1,-99,0,1,1,,,,,,,,,,,,,,,
WDI52_45,6/7/2018,8/6/2024,WDI5,2,45,,BETNEO,7.8,9.1,1,-99,0,1,1,,,,,,,,,,,,,,,
WDI52_46,6/7/2018,8/6/2024,WDI5,2,46,,PICGLA,8.6,9.9,1,-99,0,1,1,,,,,,,,,,,,,,,
WDI52_47,6/7/2018,8/6/2024,WDI5,2,47,,PICMAR,-9999,-7777,0,-99,0,1,1,,,,,,,,,,,,,,,
WDI52_48,6/7/2018,8/6/2024,WDI5,2,48,,PICGLA,5.5,7.4,1,-99,0,1,1,BADLY girdled,,,,,,,,,,,,,,
WDI52_49,6/7/2018,8/6/2024,WDI5,2,49,,PICMAR,5.8,7.7,1,-99,0,1,1,,,,,,,,,,,,,,,
WDI52_50,6/7/2018,8/6/2024,WDI5,2,50,,PICMAR,5.1,5.9,1,-99,0,1,1,,,,,,,,,,,,,,,
WDI52_51,6/7/2018,8/6/2024,WDI5,2,51,,BETNEO,12.5,13.8,1,-99,0,1,1,,,,,,,,,,,,,,,
WDI52_52,6/7/2018,8/6/2024,WDI5,2,52,,PICMAR,4.6,6.8,1,-99,0,1,1,,,,,,,,,,,,,,,
WDI52_53,6/7/2018,8/6/2024,WDI5,2,53,,PICMAR,-9999,-7777,0,-99,0,1,1,,,,,,,,,,,,,,,
WDI52_54,6/7/2018,8/6/2024,WDI5,2,54,,PICMAR,-9999,-8888,0,-99,0,1,1,,,,,,,,,,,,,,,
WDI52_55,6/7/2018,8/6/2024,WDI5,2,55,,BETNEO,4.4,5,1,-99,0,1,1,,,,,,,,,,,,,,,
WDI52_1171,6/7/2018,8/6/2024,WDI5,2,1171,,PICMAR,4.8,7,1,-99,0,1,1,,old notes-Old tag 41. 2019 notes-,,,,,,,,,,,,,
WDI52_1172,6/7/2018,8/6/2024,WDI5,2,1172,,PICMAR,3.7,5.5,1,-99,0,1,1,,,,,,,,,,,,,,,
WDI52_1173,6/7/2018,8/6/2024,WDI5,2,1173,,PICMAR,2.9,5.1,1,-99,0,1,1,,,,,,,,,,,,,,,
WDI52_1174,6/7/2018,8/6/2024,WDI5,2,1174,,PICMAR,3.3,5.2,1,-99,0,1,1,,,,,,,,,,,,,,,
WDI52_1175,6/7/2018,8/6/2024,WDI5,2,1175,,PICMAR,3.6,6.1,1,-99,0,1,1,,,,,,,,,,,,,,,
WDI52_2259,,8/6/2024,WDI5,2,2259,,PICMAR,,3.9,1,-99,0,1,1,,,,,,,,,,,,,,,
WDI52_2260,,8/6/2024,WDI5,2,2260,,PICMAR,,3.6,1,-99,0,1,1,,,,,,,,,,,,,,,
WDI52_2261,,8/6/2024,WDI5,2,2261,,PICMAR,,3,1,-99,0,1,1,,,,,,,,,,,,,,,
WDI52_2262,,8/6/2024,WDI5,2,2262,,PICMAR,,4.3,1,-99,0,1,1,,,,,,,,,,,,,,,
WDI52_2263,,8/6/2024,WDI5,2,2263,,PICMAR,,2.6,1,-99,0,1,1,,,,,,,,,,,,,,,
WDI52_2264,,8/6/2024,WDI5,2,2264,,PICMAR,,3.4,1,-99,0,1,1,,,,,,,,,,,,,,,
WDI52_2265,,8/6/2024,WDI5,2,2265,,PICMAR,,4,1,-99,0,1,1,,,,,,,,,,,,,,,
WDI52_2266,,8/6/2024,WDI5,2,2266,,PICMAR,,2.7,1,-99,0,1,1,,,,,,,,,,,,,,,
WDI52_2267,,8/6/2024,WDI5,2,2267,,PICMAR,,5,1,-99,0,1,1,,,,,,,,,,,,,,,
WDI52_2268,,8/6/2024,WDI5,2,2268,,PICMAR,,5.7,1,-99,0,1,1,,,,,,,,,,,,,,,
WDI52_2269,,8/6/2024,WDI5,2,2269,,PICMAR,,2.5,1,-99,0,1,1,,,,,,,,,,,,,,,
WDI52_2270,,8/6/2024,WDI5,2,2270,,PICMAR,,4.1,1,-99,0,1,1,,,,,,,,,,,,,,,
WDI52_2271,,8/6/2024,WDI5,2,2271,,PICMAR,,2.5,1,-99,0,1,1,,,,,,,,,,,,,,,
WDI52_2272,,8/6/2024,WDI5,2,2272,,PICMAR,,3.1,1,-99,0,1,1,,,,,,,,,,,,,,,
WDI53_56,6/7/2018,8/7/2024,WDI5,3,56,,POPTRE,-9999,-7777,0,-99,0,1,1,,,,,,,,,,,,,,,
WDI53_57,6/7/2018,8/7/2024,WDI5,3,57,,BETNEO,13.5,14.6,1,-99,0,1,1,,,,,,,,,,,,,,,
WDI53_58,6/7/2018,8/7/2024,WDI5,3,58,,BETNEO,6.8,7.9,1,-99,0,1,1,,,,,,,,,,,,,,,
WDI53_59,6/7/2018,8/7/2024,WDI5,3,59,,PICMAR,5.8,8.1,1,-99,0,1,1,,,,,,,,,,,,,,,
WDI53_60,6/7/2018,8/7/2024,WDI5,3,60,,POPTRE,16.1,17.2,1,-99,0,1,1,,,,,,,,,,,,,,,
WDI53_61,6/7/2018,8/7/2024,WDI5,3,61,,POPTRE,-9999,-9999,0,-99,0,1,0,,,,,,,,,,,,,,,
WDI53_62,6/7/2018,8/7/2024,WDI5,3,62,,POPTRE,12.2,13.1,1,-99,0,1,1,,,,,,,,,,,,,,,
WDI53_63,6/7/2018,8/7/2024,WDI5,3,63,,POPTRE,9.3,9.6,1,-99,0,1,1,,,,,,,,,,,,,,,
WDI53_64,6/7/2018,8/7/2024,WDI5,3,64,,POPTRE,10.5,11.4,1,-99,0,1,1,,,,,,,,,,,,,,,
WDI53_65,6/7/2018,8/7/2024,WDI5,3,65,,POPTRE,9.7,11.2,1,-99,0,1,1,,,,,,,,,,,,,,,
WDI53_66,6/7/2018,8/7/2024,WDI5,3,66,,POPTRE,-9999,-9999,0,-99,0,1,1,,,,,,,,,,,,,,,
WDI53_67,6/7/2018,8/7/2024,WDI5,3,67,,POPTRE,6.7,7.1,1,-99,0,1,1,,,,,,,,,,,,,,,
WDI53_68,6/7/2018,8/7/2024,WDI5,3,68,,PICMAR,5.5,6.4,1,-99,0,1,1,,,,,,,,,,,,,,,
WDI53_69,6/7/2018,8/7/2024,WDI5,3,69,,PICGLA,5.2,6.7,1,-99,0,1,1,,,,,,,,,,,,,,,
WDI53_70,6/7/2018,8/7/2024,WDI5,3,70,,PICMAR,-9999,-8888,0,-99,0,1,1,,,,,,,,,,,,,,,
WDI53_71,6/7/2018,8/7/2024,WDI5,3,71,,PICMAR,-9999,-9999,0,-99,0,1,0,,,,,,,,,,,,,,,
WDI53_72,6/7/2018,8/7/2024,WDI5,3,72,,POPTRE,13.6,14.6,1,-99,0,1,1,,,,,,,,,,,,,,,
WDI53_73,6/7/2018,8/7/2024,WDI5,3,73,,POPTRE,-9999,-8888,0,-99,0,1,1,,,,,,,,,,,,,,,
WDI53_74,6/7/2018,8/7/2024,WDI5,3,74,,BETNEO,7.9,9,1,-99,0,1,1,,,,,,,,,,,,,,,
WDI53_75,6/7/2018,8/7/2024,WDI5,3,75,,BETNEO,9.9,10.5,1,-99,0,1,1,,,,,,,,,,,,,,,
WDI53_76,6/7/2018,8/7/2024,WDI5,3,76,,BETNEO,-9999,-8888,0,-99,0,1,1,,,,,,,,,,,,,,,
WDI53_77,6/7/2018,8/7/2024,WDI5,3,77,,BETNEO,12.5,13.5,1,-99,0,1,1,,,,,,,,,,,,,,,
WDI53_78,6/7/2018,8/7/2024,WDI5,3,78,,PICMAR,-9999,-8888,0,-99,0,1,1,,,,,,,,,,,,,,,
WDI53_79,6/7/2018,8/7/2024,WDI5,3,79,,PICGLA,4.6,6.3,1,-99,0,1,1,,,,,,,,,,,,,,,
WDI53_80,6/7/2018,8/7/2024,WDI5,3,80,,POPTRE,-7777,3.8,0,-99,0,1,1,,,,,,,,,,,,,,,
WDI53_81,6/7/2018,8/7/2024,WDI5,3,81,,POPTRE,-9999,-7777,0,-99,0,1,1,,,,,,,,,,,,,,,
WDI53_82,6/7/2018,8/7/2024,WDI5,3,82,,PICMAR,-9999,-8888,0,-99,0,1,1,,,,,,,,,,,,,,,
WDI53_1176,6/7/2018,8/7/2024,WDI5,3,1176,,PICMAR,4,5.8,1,-99,0,1,1,,old notes-Next to tree 56. 2019 notes-,,,,,,,,,,,,,
WDI53_1177,6/7/2018,8/7/2024,WDI5,3,1177,,PICMAR,2.9,4.7,1,-99,0,1,1,,old notes-Next to tree 56. 2019 notes-,,,,,,,,,,,,,
WDI53_1178,6/7/2018,8/7/2024,WDI5,3,1178,,PICMAR,2.7,4.3,1,-99,0,1,1,,old notes-Near tree 56. 2019 notes-,,,,,,,,,,,,,
WDI53_1179,6/7/2018,8/7/2024,WDI5,3,1179,,PICMAR,3.7,5.8,1,-99,0,1,1,,old notes-Near tree 81. 2019 notes-,,,,,,,,,,,,,
WDI53_1180,6/7/2018,8/7/2024,WDI5,3,1180,,PICMAR,3.2,4.5,1,-99,0,1,1,,old notes-Near tree 79. 2019 notes-,,,,,,,,,,,,,
WDI53_1181,6/7/2018,8/7/2024,WDI5,3,1181,,PICMAR,4.1,6.2,1,-99,0,1,1,,old notes-Near tree 74. 2019 notes-,,,,,,,,,,,,,
WDI53_2273,,8/7/2024,WDI5,3,2273,,PICMAR,,4.3,1,-99,0,1,1,,,,,,,,,,,,,,,
WDI53_2274,,8/7/2024,WDI5,3,2274,,PICMAR,,3.4,1,-99,0,1,1,,,,,,,,,,,,,,,
WDI53_2275,,8/7/2024,WDI5,3,2275,,PICMAR,,4,1,-99,0,1,1,,,,,,,,,,,,,,,
WDI53_2277,,8/7/2024,WDI5,3,2277,,PICMAR,,4.4,1,-99,0,1,1,,,,,,,,,,,,,,,
WDI53_2278,,8/7/2024,WDI5,3,2278,,PICMAR,,3.5,1,-99,0,1,1,,,,,,,,,,,,,,,
WDI53_2279,,8/7/2024,WDI5,3,2279,,PICMAR,,3.1,1,-99,0,1,1,,,,,,,,,,,,,,,
WDI53_2280,,8/7/2024,WDI5,3,2280,,PICMAR,,3.3,1,-99,0,1,1,,,,,,,,,,,,,,,
WDI53_2281,,8/7/2024,WDI5,3,2281,,PICMAR,,4.7,1,-99,0,1,1,,,,,,,,,,,,,,,
WDI53_2282,,8/7/2024,WDI5,3,2282,,PICMAR,,3.4,1,-99,0,1,1,,,,,,,,,,,,,,,
WDI53_2283,,8/7/2024,WDI5,3,2283,,PICMAR,,3.1,1,-99,0,1,1,,,,,,,,,,,,,,,
WDI53_2284,,8/7/2024,WDI5,3,2284,,PICMAR,,3.3,1,-99,0,1,1,,,,,,,,,,,,,,,
WDI53_2285,,8/7/2024,WDI5,3,2285,,PICMAR,,3.6,1,-99,0,1,1,,,,,,,,,,,,,,,
WDI53_2286,,8/7/2024,WDI5,3,2286,,PICMAR,,3.2,1,-99,0,1,1,,,,,,,,,,,,,,,
WDI53_2287,,8/7/2024,WDI5,3,2287,,PICMAR,,4,1,-99,0,1,1,,,,,,,,,,,,,,,
WDI53_2288,,8/7/2024,WDI5,3,2288,,PICMAR,,4.3,1,-99,0,1,1,,,,,,,,,,,,,,,
WDI53_2289,,8/7/2024,WDI5,3,2289,,PICMAR,,3.8,1,-99,0,1,1,,,,,,,,,,,,,,,
WDI53_2290,,8/7/2024,WDI5,3,2290,,PICMAR,,5,1,-99,0,1,1,,,,,,,,,,,,,,,
WDI53_2291,,8/7/2024,WDI5,3,2291,,PICMAR,,2.9,1,-99,0,1,1,,,,,,,,,,,,,,,
WDI53_2292,,8/7/2024,WDI5,3,2292,,PICMAR,,6.2,1,-99,0,1,1,,,,,,,,,,,,,,,
WDI53_2293,,8/7/2024,WDI5,3,2293,,PICMAR,,2.5,1,-99,0,1,1,,,,,,,,,,,,,,,
WDI54_83,6/7/2018,8/7/2024,WDI5,4,83,,POPTRE,10.5,11.2,1,-99,0,1,1,,,,,,,,,,,,,,,
WDI54_84,6/7/2018,8/7/2024,WDI5,4,84,,POPTRE,13.1,14.7,1,-99,0,1,1,,,,,,,,,,,,,,,
WDI54_85,6/7/2018,8/7/2024,WDI5,4,85,,POPTRE,-9999,-9999,0,-99,0,1,0,,,,,,,,,,,,,,,
WDI54_86,6/7/2018,8/7/2024,WDI5,4,86,,POPTRE,13.6,14.9,1,-99,0,1,1,,,,,,,,,,,,,,,
WDI54_87,6/7/2018,8/7/2024,WDI5,4,87,,POPTRE,8.4,8.6,1,-99,0,1,1,,,,,,,,,,,,,,,
WDI54_88,6/7/2018,8/7/2024,WDI5,4,88,,POPTRE,5.8,5.7,1,-99,0,1,1,,,,,,,,,,,,,,,
WDI54_89,6/7/2018,8/7/2024,WDI5,4,89,,POPTRE,6.5,7.4,1,-99,0,1,1,,,,,,,,,,,,,,,
WDI54_90,6/7/2018,8/7/2024,WDI5,4,90,,POPTRE,7,7.4,1,-99,0,1,1,,,,,,,,,,,,,,,
WDI54_91,6/7/2018,8/7/2024,WDI5,4,91,,POPTRE,11.9,13.5,1,-99,0,1,1,,,,,,,,,,,,,,,
WDI54_92,6/7/2018,8/7/2024,WDI5,4,92,,POPTRE,-9999,-8888,0,-99,0,1,1,,,,,,,,,,,,,,,
WDI54_93,6/7/2018,8/7/2024,WDI5,4,93,,POPTRE,9.5,10.1,1,-99,0,1,1,,,,,,,,,,,,,,,
WDI54_94,6/7/2018,8/7/2024,WDI5,4,94,,POPTRE,10.6,11,1,-99,0,1,1,,,,,,,,,,,,,,,
WDI54_95,6/7/2018,8/7/2024,WDI5,4,95,,POPTRE,11.2,12.3,1,-99,0,1,1,,,,,,,,,,,,,,,
WDI54_96,6/7/2018,8/7/2024,WDI5,4,96,,POPTRE,10.8,11.3,1,-99,0,1,1,,,,,,,,,,,,,,,
WDI54_97,6/7/2018,8/7/2024,WDI5,4,97,,PICMAR,-9999,-8888,0,-99,0,1,1,,,,,,,,,,,,,,,
WDI54_98,6/7/2018,8/7/2024,WDI5,4,98,,PICMAR,5.6,7.4,1,-99,0,1,1,badly girdled,,,,,,,,,,,,,,
WDI54_99,6/7/2018,8/7/2024,WDI5,4,99,,PICMAR,7.2,8.7,1,-99,0,1,1,,,,,,,,,,,,,,,
WDI54_100,6/7/2018,8/7/2024,WDI5,4,100,,PICMAR,-9999,-8888,0,-99,0,1,1,,,,,,,,,,,,,,,
WDI54_1182,6/7/2018,8/7/2024,WDI5,4,1182,,PICMAR,3.9,5.8,1,-99,0,1,1,,old notes-By tree 59. 2019 notes-,,,,,,,,,,,,,
WDI54_1183,6/7/2018,8/7/2024,WDI5,4,1183,,PICMAR,3.7,5.2,1,-99,0,1,1,,old notes-Near tree 94. 2019 notes-,,,,,,,,,,,,,
WDI54_1184,6/7/2018,8/7/2024,WDI5,4,1184,,PICMAR,3.7,5.8,1,-99,0,1,1,,old notes-Near tree 99. 2019 notes-,,,,,,,,,,,,,
WDI54_1185,6/7/2018,8/7/2024,WDI5,4,1185,,PICMAR,3.6,5.6,1,-99,0,1,1,,old notes-Near tree 83. 2019 notes-,,,,,,,,,,,,,
WDI54_1186,6/7/2018,8/7/2024,WDI5,4,1186,,PICMAR,2.8,5.5,1,-99,0,1,1,,old notes-Near tree 83. 2019 notes-,,,,,,,,,,,,,
WDI54_1187,6/7/2018,8/7/2024,WDI5,4,1187,,PICMAR,3.3,4.9,1,-99,0,1,1,,old notes-Near tree 83. 2019 notes-,,,,,,,,,,,,,
WDI54_1188,6/7/2018,8/7/2024,WDI5,4,1188,,PICMAR,2.8,5,1,-99,0,1,1,,old notes-Near tree 99. 2019 notes-,,,,,,,,,,,,,
WDI54_1189,6/7/2018,8/7/2024,WDI5,4,1189,,PICMAR,2.9,3.9,1,-99,0,1,1,,old notes-Near tree 94. 2019 notes-,,,,,,,,,,,,,
WDI54_2276,,8/7/2024,WDI5,4,2276,,PICMAR,,4.7,1,-99,0,1,1,,,,,,,,,,,,,,,
WDI54_2294,,8/7/2024,WDI5,4,2294,,PICMAR,,4.9,1,-99,0,1,1,,,,,,,,,,,,,,,
WDI54_2295,,8/7/2024,WDI5,4,2295,,PICMAR,,3.5,1,-99,0,1,1,,,,,,,,,,,,,,,
WDI54_2296,,8/7/2024,WDI5,4,2296,,PICMAR,,3.9,1,-99,0,1,1,,,,,,,,,,,,,,,
WDI54_2297,,8/7/2024,WDI5,4,2297,,PICMAR,,3.2,1,-99,0,1,1,,,,,,,,,,,,,,,
WDI54_2298,,8/7/2024,WDI5,4,2298,,PICMAR,,3.4,1,-99,0,1,1,,,,,,,,,,,,,,,
WDI54_2299,,8/7/2024,WDI5,4,2299,,PICMAR,,2.9,1,-99,0,1,1,,,,,,,,,,,,,,,
WDI54_2300,,8/7/2024,WDI5,4,2300,,PICMAR,,2.9,1,-99,0,1,1,,,,,,,,,,,,,,,
WDI54_2301,,8/7/2024,WDI5,4,2301,,PICMAR,,3,1,-99,0,1,1,,,,,,,,,,,,,,,
WDI54_2302,,8/7/2024,WDI5,4,2302,,PICMAR,,4.1,1,-99,0,1,1,,,,,,,,,,,,,,,
WDI54_2303,,8/7/2024,WDI5,4,2303,,PICMAR,,5.2,1,-99,0,1,1,,,,,,,,,,,,,,,
WDI54_2304,,8/7/2024,WDI5,4,2304,,PICMAR,,2.6,1,-99,0,1,1,,,,,,,,,,,,,,,
WDI54_2305,,8/7/2024,WDI5,4,2305,,PICMAR,,3.5,1,-99,0,1,1,,,,,,,,,,,,,,,
WDI54_2306,,8/7/2024,WDI5,4,2306,,PICMAR,,2.6,1,-99,0,1,1,,,,,,,,,,,,,,,
WDI54_2307,,8/7/2024,WDI5,4,2307,,PICMAR,,2.8,1,-99,0,1,1,,,,,,,,,,,,,,,
WDI54_2308,,8/7/2024,WDI5,4,2308,,PICMAR,,3.9,1,-99,0,1,1,,,,,,,,,,,,,,,
WDI54_2309,,8/7/2024,WDI5,4,2309,,PICMAR,,4.1,1,-99,0,1,1,,,,,,,,,,,,,,,
WDI54_2310,,8/7/2024,WDI5,4,2310,,PICMAR,,4.5,1,-99,0,1,1,,,,,,,,,,,,,,,
WDI56_101,6/7/2018,8/7/2024,WDI5,6,101,,PICMAR,-9999,-9999,0,-99,0,1,1,,,,,,,,,,,,,,,
WDI56_102,6/7/2018,8/7/2024,WDI5,6,102,,PICMAR,-9999,-9999,0,-99,0,1,1,,,,,,,,,,,,,,,
WDI56_103,6/7/2018,8/7/2024,WDI5,6,103,,POPTRE,16.1,17.6,1,-99,0,1,1,,,,,,,,,,,,,,,
WDI56_104,6/7/2018,8/7/2024,WDI5,6,104,,POPTRE,10.6,11.4,1,-99,0,1,1,Canker,,,,,,,,,,,,,,
WDI56_105,6/7/2018,8/7/2024,WDI5,6,105,,POPTRE,-9999,-9999,0,-99,0,1,1,,,,,,,,,,,,,,,
WDI56_106,6/7/2018,8/7/2024,WDI5,6,106,,PICMAR,4.7,6.5,1,-99,0,1,1,,,,,,,,,,,,,,,
WDI56_107,6/7/2018,8/7/2024,WDI5,6,107,,POPTRE,11.6,12.3,1,-99,0,1,1,,,,,,,,,,,,,,,
WDI56_108,6/7/2018,8/7/2024,WDI5,6,108,,POPTRE,12.8,14,1,-99,0,1,1,,,,,,,,,,,,,,,
WDI56_109,6/7/2018,8/7/2024,WDI5,6,109,,POPTRE,-9999,-7777,0,-99,0,1,1,,,,,,,,,,,,,,,
WDI56_110,6/7/2018,8/7/2024,WDI5,6,110,,POPTRE,12.8,13.6,1,-99,0,1,1,,,,,,,,,,,,,,,
WDI56_111,6/7/2018,8/7/2024,WDI5,6,111,,PICMAR,4.3,6.5,1,-99,0,1,1,,,,,,,,,,,,,,,
WDI56_112,6/7/2018,8/7/2024,WDI5,6,112,,POPTRE,11.9,12.7,1,-99,0,1,1,,,,,,,,,,,,,,,
WDI56_113,6/7/2018,8/7/2024,WDI5,6,113,,POPTRE,10.3,11,1,-99,0,1,1,,,,,,,,,,,,,,,
WDI56_114,6/7/2018,8/7/2024,WDI5,6,114,,PICMAR,-9999,-9999,0,-99,0,1,0,,,,,,,,,,,,,,,
WDI56_115,6/7/2018,8/7/2024,WDI5,6,115,,POPTRE,8.1,8.5,1,-99,0,1,1,,,,,,,,,,,,,,,
WDI56_116,6/7/2018,8/7/2024,WDI5,6,116,,POPTRE,10.6,11.3,1,-99,0,1,1,,,,,,,,,,,,,,,
WDI56_117,6/7/2018,8/7/2024,WDI5,6,117,,POPTRE,-9999,-9999,0,-99,0,1,1,,,,,,,,,,,,,,,
WDI56_118,6/7/2018,8/7/2024,WDI5,6,118,,POPTRE,7.3,7.6,1,-99,0,1,1,,,,,,,,,,,,,,,
WDI56_119,6/7/2018,8/7/2024,WDI5,6,119,,POPTRE,-9999,-7777,0,-99,0,1,1,,,,,,,,,,,,,,,
WDI56_120,6/7/2018,8/7/2024,WDI5,6,120,,POPTRE,-9999,-9999,0,-99,0,1,0,,,,,,,,,,,,,,,
WDI56_121,6/7/2018,8/7/2024,WDI5,6,121,,POPTRE,9.8,10.9,1,-99,0,1,1,,,,,,,,,,,,,,,
WDI56_122,6/7/2018,8/7/2024,WDI5,6,122,,POPTRE,14.8,15.9,1,-99,0,1,1,,,,,,,,,,,,,,,
WDI56_123,6/7/2018,8/7/2024,WDI5,6,123,,PICMAR,-9999,-9999,0,-99,0,1,1,,,,,,,,,,,,,,,
WDI56_124,6/7/2018,8/7/2024,WDI5,6,124,,POPTRE,12.6,13.6,1,-99,0,1,1,,,,,,,,,,,,,,,
WDI56_125,6/7/2018,8/7/2024,WDI5,6,125,,POPTRE,7,-7777,0,-99,0,1,1,,,,,,,,,,,,,,,
WDI56_126,6/7/2018,8/7/2024,WDI5,6,126,,POPTRE,11.4,12,1,-99,0,1,1,,,,,,,,,,,,,,,
WDI56_127,6/7/2018,8/7/2024,WDI5,6,127,,POPTRE,8.5,9.1,1,-99,0,1,1,,,,,,,,,,,,,,,
WDI56_128,6/7/2018,8/7/2024,WDI5,6,128,,POPTRE,14.2,15.3,1,-99,0,1,1,,,,,,,,,,,,,,,
WDI56_129,6/7/2018,8/7/2024,WDI5,6,129,,POPTRE,7.1,7.8,1,-99,0,1,1,,,,,,,,,,,,,,,
WDI56_130,6/7/2018,8/7/2024,WDI5,6,130,,POPTRE,-9999,-9999,0,-99,0,1,1,,,,,,,,,,,,,,,
WDI56_131,6/7/2018,8/7/2024,WDI5,6,131,,POPTRE,9.2,9.6,1,-99,0,1,1,,,,,,,,,,,,,,,
WDI56_132,6/7/2018,8/7/2024,WDI5,6,132,,POPTRE,-9999,-7777,0,-99,0,1,1,,,,,,,,,,,,,,,
WDI56_133,6/7/2018,8/7/2024,WDI5,6,133,,POPTRE,8.4,8.4,1,-99,0,1,1,,,,,,,,,,,,,,,
WDI56_134,6/7/2018,8/7/2024,WDI5,6,134,,POPTRE,12.6,13.7,1,-99,0,1,1,,,,,,,,,,,,,,,
WDI56_135,6/7/2018,8/7/2024,WDI5,6,135,,POPTRE,12.9,14.1,1,-99,0,1,1,,,,,,,,,,,,,,,
WDI56_136,6/7/2018,8/7/2024,WDI5,6,136,,POPTRE,13.1,14.3,1,-99,0,1,1,,,,,,,,,,,,,,,
WDI56_137,6/7/2018,8/7/2024,WDI5,6,137,,POPTRE,13.6,14.6,1,-99,0,1,1,,,,,,,,,,,,,,,
WDI56_138,6/7/2018,8/7/2024,WDI5,6,138,,POPTRE,6.1,-7777,0,-99,0,1,1,,,,,,,,,,,,,,,
WDI56_139,6/7/2018,8/7/2024,WDI5,6,139,,POPTRE,11.9,12.6,1,-99,0,1,1,,,,,,,,,,,,,,,
WDI56_140,6/7/2018,8/7/2024,WDI5,6,140,,POPTRE,14.8,15.8,1,-99,0,1,1,,,,,,,,,,,,,,,
WDI56_141,6/7/2018,8/7/2024,WDI5,6,141,,POPTRE,-9999,-8888,0,-99,0,1,1,,,,,,,,,,,,,,,
WDI56_142,6/7/2018,8/7/2024,WDI5,6,142,,POPTRE,17.4,18.8,1,-99,0,1,1,,,,,,,,,,,,,,,
WDI56_143,6/7/2018,8/7/2024,WDI5,6,143,,PICMAR,5.2,7.1,1,-99,0,1,1,,,,,,,,,,,,,,,
WDI56_144,6/7/2018,8/7/2024,WDI5,6,144,,PICMAR,4.9,6.3,1,-99,0,1,1,,,,,,,,,,,,,,,
WDI56_145,6/7/2018,8/7/2024,WDI5,6,145,,BETNEO,8.8,9.7,1,-99,0,1,1,,,,,,,,,,,,,,,
WDI56_146,6/7/2018,8/7/2024,WDI5,6,146,,BETNEO,4.1,4,1,-99,0,1,1,,,,,,,,,,,,,,,
WDI56_1190,6/7/2018,8/7/2024,WDI5,6,1190,,PICMAR,2.7,4.5,1,-99,0,1,1,,old notes-Near tree 122. 2019 notes-,,,,,,,,,,,,,
WDI56_1191,6/7/2018,8/7/2024,WDI5,6,1191,,PICMAR,2.6,4.7,1,-99,0,1,1,,old notes-Near tree 122. 2019 notes-,,,,,,,,,,,,,
WDI56_1192,6/7/2018,8/7/2024,WDI5,6,1192,,PICMAR,2.7,4,1,-99,0,1,1,,old notes-Near tree 121. 2019 notes-,,,,,,,,,,,,,
WDI56_1193,6/7/2018,8/7/2024,WDI5,6,1193,,PICMAR,2.9,4.8,1,-99,0,1,1,,old notes-Near tree 143. 2019 notes-,,,,,,,,,,,,,
WDI56_1194,6/7/2018,8/7/2024,WDI5,6,1194,,PICMAR,2.7,4.8,1,-99,0,1,1,in plot 4,old notes-Near tree 108. 2019 notes-,,,,,,,,,,,,,
WDI56_1195,6/7/2018,8/7/2024,WDI5,6,1195,,PICMAR,2.9,4.5,1,-99,0,1,1,,old notes-Near tree 112. 2019 notes-,,,,,,,,,,,,,
WDI56_1196,6/7/2018,8/7/2024,WDI5,6,1196,,PICMAR,3,4.5,1,-99,0,1,1,,old notes-Near tree 112. 2019 notes-,,,,,,,,,,,,,
WDI56_1197,6/7/2018,8/7/2024,WDI5,6,1197,,PICMAR,2.8,4.2,1,-99,0,1,1,,old notes-Near tree 121. 2019 notes-,,,,,,,,,,,,,
WDI56_1198,6/7/2018,8/7/2024,WDI5,6,1198,,PICMAR,2.8,4,1,-99,0,1,1,,old notes-Near tree 121. 2019 notes-,,,,,,,,,,,,,
WDI56_2311,,8/7/2024,WDI5,6,2311,,PICMAR,,3.3,1,-99,0,1,1,,,,,,,,,,,,,,,
WDI56_2312,,8/7/2024,WDI5,6,2312,,PICMAR,,3,1,-99,0,1,1,,,,,,,,,,,,,,,
WDI56_2313,,8/7/2024,WDI5,6,2313,,PICMAR,,3.2,1,-99,0,1,1,,,,,,,,,,,,,,,
WDI56_2314,,8/7/2024,WDI5,6,2314,,PICMAR,,3.2,1,-99,0,1,1,,,,,,,,,,,,,,,
WDI56_2315,,8/7/2024,WDI5,6,2315,,PICMAR,,3,1,-99,0,1,1,,,,,,,,,,,,,,,
WDI56_2316,,8/7/2024,WDI5,6,2316,,PICMAR,,3.3,1,-99,0,1,1,,,,,,,,,,,,,,,
WDI56_2317,,8/7/2024,WDI5,6,2317,,PICMAR,,4.2,1,-99,0,1,1,,,,,,,,,,,,,,,
WDI56_2318,,8/7/2024,WDI5,6,2318,,PICMAR,,3.2,1,-99,0,1,1,,,,,,,,,,,,,,,
WDI56_2319,,8/7/2024,WDI5,6,2319,,PICMAR,,3.9,1,-99,0,1,1,,,,,,,,,,,,,,,
WDI56_2320,,8/7/2024,WDI5,6,2320,,PICMAR,,3.8,1,-99,0,1,1,,,,,,,,,,,,,,,
WDI56_2321,,8/7/2024,WDI5,6,2321,,PICMAR,,4.4,1,-99,0,1,1,,,,,,,,,,,,,,,
WDI56_2322,,8/7/2024,WDI5,6,2322,,PICMAR,,3.3,1,-99,0,1,1,,,,,,,,,,,,,,,
WDI56_2323,,8/7/2024,WDI5,6,2323,,PICMAR,,3.3,1,-99,0,1,1,,,,,,,,,,,,,,,
WDI56_2324,,8/7/2024,WDI5,6,2324,,PICMAR,,2.9,1,-99,0,1,1,,,,,,,,,,,,,,,
WDI56_2325,,8/7/2024,WDI5,6,2325,,PICMAR,,2.5,1,-99,0,1,1,,,,,,,,,,,,,,,
WDI56_2326,,8/7/2024,WDI5,6,2326,,PICMAR,,3.2,1,-99,0,1,1,,,,,,,,,,,,,,,
WDI56_2327,,8/7/2024,WDI5,6,2327,,PICMAR,,3.3,1,-99,0,1,1,,,,,,,,,,,,,,,
WDI56_2328,,8/7/2024,WDI5,6,2328,,PICMAR,,4.1,1,-99,0,1,1,,,,,,,,,,,,,,,
WDI56_2329,,8/7/2024,WDI5,6,2329,,PICMAR,,2.8,1,-99,0,1,1,,,,,,,,,,,,,,,
WDI56_2330,,8/7/2024,WDI5,6,2330,,PICMAR,,2.7,1,-99,0,1,1,,,,,,,,,,,,,,,
WDI56_2331,,8/7/2024,WDI5,6,2331,,PICMAR,,2.7,1,-99,0,1,1,,,,,,,,,,,,,,,
WDI56_2332,,8/7/2024,WDI5,6,2332,,PICMAR,,3.2,1,-99,0,1,1,,,,,,,,,,,,,,,
WDI56_2333,,8/7/2024,WDI5,6,2333,,PICMAR,,4,1,-99,0,1,1,,,,,,,,,,,,,,,
WDI56_2334,,8/7/2024,WDI5,6,2334,,PICMAR,,3,1,-99,0,1,1,,,,,,,,,,,,,,,
WDI56_2335,,8/7/2024,WDI5,6,2335,,PICMAR,,4.9,1,-99,0,1,1,,,,,,,,,,,,,,,
WDI56_2336,,8/7/2024,WDI5,6,2336,,PICMAR,,4.5,1,-99,0,1,1,,,,,,,,,,,,,,,
WDI56_2337,,8/7/2024,WDI5,6,2337,,PICMAR,,2.9,1,-99,0,1,1,,,,,,,,,,,,,,,
WDI56_2338,,8/7/2024,WDI5,6,2338,,PICMAR,,4.9,1,-99,0,1,1,,,,,,,,,,,,,,,
WDI57_147,6/7/2018,8/7/2024,WDI5,7,147,,PICMAR,-9999,-8888,0,-99,0,1,1,,,,,,,,,,,,,,,
WDI57_150,6/7/2018,8/7/2024,WDI5,7,150,,PICMAR,4.7,5.9,1,-99,0,1,1,,,,,,,,,,,,,,,
WDI57_151,6/7/2018,8/7/2024,WDI5,7,151,,PICMAR,-9999,-8888,0,-99,0,1,1,,,,,,,,,,,,,,,
WDI57_152,6/7/2018,8/7/2024,WDI5,7,152,,PICMAR,7.7,7.9,1,-99,0,1,1,,,,,,,,,,,,,,,
WDI57_153,6/7/2018,8/7/2024,WDI5,7,153,,POPTRE,12.6,13.3,1,-99,0,1,1,,,,,,,,,,,,,,,
WDI57_154,6/7/2018,8/7/2024,WDI5,7,154,,POPTRE,-9999,-7777,0,-99,0,1,1,,,,,,,,,,,,,,,
WDI57_155,6/7/2018,8/7/2024,WDI5,7,155,,PICMAR,5.9,7.3,1,-99,0,1,1,,,,,,,,,,,,,,,
WDI57_156,6/7/2018,8/7/2024,WDI5,7,156,,POPTRE,11.6,12.3,1,-99,0,1,1,,,,,,,,,,,,,,,
WDI57_157,6/7/2018,8/7/2024,WDI5,7,157,,POPTRE,9.4,10.1,1,-99,0,1,1,,,,,,,,,,,,,,,
WDI57_158,6/7/2018,8/7/2024,WDI5,7,158,,POPTRE,11.5,12.6,1,-99,0,1,1,,,,,,,,,,,,,,,
WDI57_159,6/7/2018,8/7/2024,WDI5,7,159,,POPTRE,-9999,-7777,0,-99,0,1,1,,,,,,,,,,,,,,,
WDI57_160,6/7/2018,8/7/2024,WDI5,7,160,,POPTRE,13.7,14.9,1,-99,0,1,1,,,,,,,,,,,,,,,
WDI57_170,6/7/2018,8/7/2024,WDI5,7,170,,POPTRE,11.3,12.2,1,-99,0,1,1,,,,,,,,,,,,,,,
WDI57_171,6/7/2018,8/7/2024,WDI5,7,171,,POPTRE,10.5,11.2,1,-99,0,1,1,,,,,,,,,,,,,,,
WDI57_172,6/7/2018,8/7/2024,WDI5,7,172,,PICMAR,-9999,-7777,0,-99,0,1,1,,,,,,,,,,,,,,,
WDI57_173,6/7/2018,8/7/2024,WDI5,7,173,,POPTRE,14.5,15.6,1,-99,0,1,1,,,,,,,,,,,,,,,
WDI57_174,6/7/2018,8/7/2024,WDI5,7,174,,POPTRE,-9999,-8888,0,-99,0,1,1,,,,,,,,,,,,,,,
WDI57_175,6/7/2018,8/7/2024,WDI5,7,175,,POPTRE,15.4,16,1,-99,0,1,1,,,,,,,,,,,,,,,
WDI57_176,6/7/2018,8/7/2024,WDI5,7,176,,POPTRE,12.3,13.6,1,-99,0,1,1,,,,,,,,,,,,,,,
WDI57_177,6/7/2018,8/7/2024,WDI5,7,177,,POPTRE,15.3,16.1,1,-99,0,1,1,,,,,,,,,,,,,,,
WDI57_178,6/7/2018,8/7/2024,WDI5,7,178,,POPTRE,12.6,13.4,1,-99,0,1,1,,,,,,,,,,,,,,,
WDI57_179,6/7/2018,8/7/2024,WDI5,7,179,,POPTRE,-9999,-7777,0,-99,0,1,1,,,,,,,,,,,,,,,
WDI57_180,6/7/2018,8/7/2024,WDI5,7,180,,PICMAR,7,8.7,1,-99,0,1,1,,,,,,,,,,,,,,,
WDI57_181,6/7/2018,8/7/2024,WDI5,7,181,,POPTRE,11.7,12.3,1,-99,0,1,1,,,,,,,,,,,,,,,
WDI57_182,6/7/2018,8/7/2024,WDI5,7,182,,PICMAR,-9999,-7777,0,-99,0,1,1,,,,,,,,,,,,,,,
WDI57_183,6/7/2018,8/7/2024,WDI5,7,183,,PICMAR,-9999,-7777,0,-99,0,1,1,flagged,,,,,,,,,,,,,,
WDI57_184,6/7/2018,8/7/2024,WDI5,7,184,,POPTRE,11.7,12.2,1,-99,0,1,1,,,,,,,,,,,,,,,
WDI57_185,6/7/2018,8/7/2024,WDI5,7,185,,PICMAR,-9999,-8888,0,-99,0,1,1,,,,,,,,,,,,,,,
WDI57_188,6/7/2018,8/7/2024,WDI5,7,188,,POPTRE,10,10.4,1,-99,0,1,1,,,,,,,,,,,,,,,
WDI57_189,6/7/2018,8/7/2024,WDI5,7,189,,PICMAR,4.2,5.5,1,-99,0,1,1,,,,,,,,,,,,,,,
WDI57_190,6/7/2018,8/7/2024,WDI5,7,190,,BETNEO,4,4.8,1,-99,0,1,1,,,,,,,,,,,,,,,
WDI57_192,6/7/2018,8/7/2024,WDI5,7,192,,PICMAR,5.2,6.8,1,-99,0,1,1,,,,,,,,,,,,,,,
WDI57_1107,6/7/2018,8/7/2024,WDI5,7,1107,,PICMAR,3.3,5.2,1,-99,0,1,1,,old notes-Near tree 170. 2019 notes-,,,,,,,,,,,,,
WDI57_1108,6/7/2018,8/7/2024,WDI5,7,1108,,PICMAR,2.8,4.4,1,-99,0,1,1,,old notes-Near tree 180. 2019 notes-,,,,,,,,,,,,,
WDI57_1109,6/7/2018,8/7/2024,WDI5,7,1109,,PICMAR,4.2,6.3,1,-99,0,1,1,,old notes-Near tree 177. 2019 notes-,,,,,,,,,,,,,
WDI57_1110,6/7/2018,8/7/2024,WDI5,7,1110,,PICMAR,3.3,5.3,1,-99,0,1,1,,old notes-Near tree 176. 2019 notes-,,,,,,,,,,,,,
WDI57_1199,6/7/2018,8/7/2024,WDI5,7,1199,,PICMAR,4.2,6.1,1,-99,0,1,1,,old notes-Near tree 172. 2019 notes-,,,,,,,,,,,,,
WDI57_1200,6/7/2018,8/7/2024,WDI5,7,1200,,PICMAR,3,4.3,1,-99,0,1,1,,old notes-Near tree 160. 2019 notes-,,,,,,,,,,,,,
WDI57_2339,,8/7/2024,WDI5,7,2339,,PICMAR,,3,1,-99,0,1,1,,,,,,,,,,,,,,,
WDI57_2340,,8/7/2024,WDI5,7,2340,,PICMAR,,4,1,-99,0,1,1,,,,,,,,,,,,,,,
WDI57_2341,,8/7/2024,WDI5,7,2341,,PICMAR,,3.3,1,-99,0,1,1,,,,,,,,,,,,,,,
WDI57_2342,,8/7/2024,WDI5,7,2342,,PICMAR,,3.5,1,-99,0,1,1,,,,,,,,,,,,,,,
WDI57_2343,,8/7/2024,WDI5,7,2343,,PICMAR,,4.1,1,-99,0,1,1,,,,,,,,,,,,,,,
WDI57_2344,,8/7/2024,WDI5,7,2344,,PICMAR,,2.5,1,-99,0,1,1,,,,,,,,,,,,,,,
WDI57_2345,,8/7/2024,WDI5,7,2345,,BETNEO,,3.8,1,-99,0,1,1,,,,,,,,,,,,,,,
WDI57_2346,,8/7/2024,WDI5,7,2346,,PICMAR,,3.4,1,-99,0,1,1,,,,,,,,,,,,,,,
WDI57_2347,,8/7/2024,WDI5,7,2347,,PICMAR,,2.7,1,-99,0,1,1,,,,,,,,,,,,,,,
WDI57_2348,,8/7/2024,WDI5,7,2348,,PICMAR,,3.4,1,-99,0,1,1,,,,,,,,,,,,,,,
WDI57_2349,,8/7/2024,WDI5,7,2349,,PICMAR,,2.8,1,-99,0,1,1,,,,,,,,,,,,,,,
WDI57_2350,,8/7/2024,WDI5,7,2350,,PICMAR,,4.3,1,-99,0,1,1,,,,,,,,,,,,,,,
WDI57_2351,,8/7/2024,WDI5,7,2351,,PICMAR,,3.8,1,-99,0,1,1,,,,,,,,,,,,,,,
WDI57_2352,,8/7/2024,WDI5,7,2352,,PICMAR,,4.2,1,-99,0,1,1,,,,,,,,,,,,,,,
WDI57_2353,,8/7/2024,WDI5,7,2353,,PICMAR,,3.7,1,-99,0,1,1,,,,,,,,,,,,,,,
WDI57_2354,,8/7/2024,WDI5,7,2354,,PICMAR,,3.8,1,-99,0,1,1,,,,,,,,,,,,,,,
WDI57_2355,,8/7/2024,WDI5,7,2355,,PICMAR,,3.2,1,-99,0,1,1,,,,,,,,,,,,,,,
WDI57_2356,,8/7/2024,WDI5,7,2356,,PICMAR,,2.7,1,-99,0,1,1,,,,,,,,,,,,,,,
WDI57_2357,,8/7/2024,WDI5,7,2357,,PICMAR,,3.9,1,-99,0,1,1,,,,,,,,,,,,,,,
WDI57_2358,,8/7/2024,WDI5,7,2358,,PICMAR,,3.9,1,-99,0,1,1,,,,,,,,,,,,,,,
WDI57_2359,,8/7/2024,WDI5,7,2359,,PICMAR,,4.1,1,-99,0,1,1,,,,,,,,,,,,,,,
WDI57_2360,,8/7/2024,WDI5,7,2360,,PICMAR,,4.7,1,-99,0,1,1,,,,,,,,,,,,,,,
WDI57_2361,,8/7/2024,WDI5,7,2361,,PICMAR,,2.8,1,-99,0,1,1,,,,,,,,,,,,,,,
WDI57_2362,,8/7/2024,WDI5,7,2362,,PICMAR,,3.9,1,-99,0,1,1,,,,,,,,,,,,,,,
WDI57_2363,,8/7/2024,WDI5,7,2363,,PICMAR,,4.8,1,-99,0,1,1,,,,,,,,,,,,,,,
WDI57_2364,,8/7/2024,WDI5,7,2364,,PICMAR,,2.6,1,-99,0,1,1,,,,,,,,,,,,,,,
WDI57_2365,,8/7/2024,WDI5,7,2365,,PICMAR,,4.9,1,-99,0,1,1,,,,,,,,,,,,,,,
WDI57_2366,,8/7/2024,WDI5,7,2366,,PICMAR,,5.6,1,-99,0,1,1,,,,,,,,,,,,,,,
WDI57_2367,,8/7/2024,WDI5,7,2367,,PICMAR,,2.5,1,-99,0,1,1,,,,,,,,,,,,,,,
WDI57_2368,,8/7/2024,WDI5,7,2368,,PICMAR,,4,1,-99,0,1,1,,,,,,,,,,,,,,,
WDI57_2369,,8/7/2024,WDI5,7,2369,,PICMAR,,3,1,-99,0,1,1,,,,,,,,,,,,,,,
WDI57_2387,,8/7/2024,WDI5,7,2387,,PICMAR,,4,1,-99,0,1,1,,,,,,,,,,,,,,,
WDI58_193,6/7/2018,8/7/2024,WDI5,8,193,,PICMAR,6.4,8.3,1,-99,0,1,1,,,,,,,,,,,,,,,
WDI58_194,6/7/2018,8/7/2024,WDI5,8,194,,PICMAR,4.3,5.9,1,-99,0,1,1,,,,,,,,,,,,,,,
WDI58_195,6/7/2018,8/7/2024,WDI5,8,195,,PICMAR,4.3,5.6,1,-99,0,1,1,,,,,,,,,,,,,,,
WDI58_196,6/7/2018,8/7/2024,WDI5,8,196,,POPTRE,11.5,12.8,1,-99,0,1,1,,,,,,,,,,,,,,,
WDI58_197,6/7/2018,8/7/2024,WDI5,8,197,,PICMAR,4,5.9,1,-99,0,1,1,,,,,,,,,,,,,,,
WDI58_198,6/7/2018,8/7/2024,WDI5,8,198,,PICMAR,4.9,6.4,1,-99,0,1,1,,,,,,,,,,,,,,,
WDI58_199,6/7/2018,8/7/2024,WDI5,8,199,,POPTRE,-7777,-8888,0,-99,0,1,1,,,,,,,,,,,,,,,
WDI58_200,6/7/2018,8/7/2024,WDI5,8,200,,POPTRE,12.1,13.2,1,-99,0,1,1,,,,,,,,,,,,,,,
WDI58_201,6/7/2018,8/7/2024,WDI5,8,201,,POPTRE,12.8,14,1,-99,0,1,1,,,,,,,,,,,,,,,
WDI58_202,6/7/2018,8/7/2024,WDI5,8,202,,POPTRE,10.3,10.9,1,-99,0,1,1,,,,,,,,,,,,,,,
WDI58_203,6/7/2018,8/7/2024,WDI5,8,203,,POPTRE,10.7,12,1,-99,0,1,1,,,,,,,,,,,,,,,
WDI58_204,6/7/2018,8/7/2024,WDI5,8,204,,PICMAR,4.6,6.4,1,-99,0,1,1,,,,,,,,,,,,,,,
WDI58_205,6/7/2018,8/7/2024,WDI5,8,205,,PICMAR,7.9,9.8,1,-99,0,1,1,,,,,,,,,,,,,,,
WDI58_206,6/7/2018,8/7/2024,WDI5,8,206,,PICMAR,4.3,6.5,1,-99,0,1,1,,,,,,,,,,,,,,,
WDI58_207,6/7/2018,8/7/2024,WDI5,8,207,,PICMAR,4,5.8,1,-99,0,1,1,,,,,,,,,,,,,,,
WDI58_208,6/7/2018,8/7/2024,WDI5,8,208,,PICMAR,5.2,6.7,1,-99,0,1,1,,,,,,,,,,,,,,,
WDI58_209,6/7/2018,8/7/2024,WDI5,8,209,,POPTRE,13.2,14.1,1,-99,0,1,1,,,,,,,,,,,,,,,
WDI58_210,6/7/2018,8/7/2024,WDI5,8,210,,PICMAR,5,6.5,1,-99,0,1,1,,,,,,,,,,,,,,,
WDI58_211,6/7/2018,8/7/2024,WDI5,8,211,,POPTRE,-7777,-9999,0,-99,0,1,0,,,,,,,,,,,,,,,
WDI58_212,6/7/2018,8/7/2024,WDI5,8,212,,POPTRE,13,15.5,1,-99,0,1,1,,,,,,,,,,,,,,,
WDI58_213,6/7/2018,8/7/2024,WDI5,8,213,,BETNEO,3.5,4.7,1,-99,0,1,1,,,,,,,,,,,,,,,
WDI58_214,6/7/2018,8/7/2024,WDI5,8,214,,BETNEO,3.9,4.4,1,-99,0,1,1,,,,,,,,,,,,,,,
WDI58_215,6/7/2018,8/7/2024,WDI5,8,215,,BETNEO,4.7,6.1,1,-99,0,1,1,,,,,,,,,,,,,,,
WDI58_313,6/7/2018,8/7/2024,WDI5,8,313,,POPTRE,12.7,13.8,1,-99,0,1,1,,,,,,,,,,,,,,,
WDI58_1117,6/7/2018,8/7/2024,WDI5,8,1117,,PICMAR,4,6.1,1,-99,0,1,1,,old notes-By tree206. 2019 notes-,,,,,,,,,,,,,
WDI58_1118,6/7/2018,8/7/2024,WDI5,8,1118,,PICMAR,4,6.1,1,-99,0,1,1,,old notes-Near tree 201. 2019 notes-,,,,,,,,,,,,,
WDI58_2370,,8/7/2024,WDI5,8,2370,,PICMAR,,5.6,1,-99,0,1,1,,,,,,,,,,,,,,,
WDI58_2371,,8/7/2024,WDI5,8,2371,,PICMAR,,4.9,1,-99,0,1,1,,,,,,,,,,,,,,,
WDI58_2372,,8/7/2024,WDI5,8,2372,,PICMAR,,3.1,1,-99,0,1,1,,,,,,,,,,,,,,,
WDI58_2373,,8/7/2024,WDI5,8,2373,,PICMAR,,3.1,1,-99,0,1,1,,,,,,,,,,,,,,,
WDI58_2374,,8/7/2024,WDI5,8,2374,,PICMAR,,3.3,1,-99,0,1,1,,,,,,,,,,,,,,,
WDI58_2375,,8/7/2024,WDI5,8,2375,,PICMAR,,3.6,1,-99,0,1,1,,,,,,,,,,,,,,,
WDI58_2376,,8/7/2024,WDI5,8,2376,,PICMAR,,3.7,1,-99,0,1,1,,,,,,,,,,,,,,,
WDI58_2377,,8/7/2024,WDI5,8,2377,,PICMAR,,4.3,1,-99,0,1,1,,,,,,,,,,,,,,,
WDI58_2378,,8/7/2024,WDI5,8,2378,,PICMAR,,3.4,1,-99,0,1,1,,,,,,,,,,,,,,,
WDI58_2379,,8/7/2024,WDI5,8,2379,,PICMAR,,3.8,1,-99,0,1,1,,,,,,,,,,,,,,,
WDI58_2380,,8/7/2024,WDI5,8,2380,,PICMAR,,3.4,1,-99,0,1,1,,,,,,,,,,,,,,,
WDI58_2381,,8/7/2024,WDI5,8,2381,,PICMAR,,4,1,-99,0,1,1,,,,,,,,,,,,,,,
WDI58_2382,,8/7/2024,WDI5,8,2382,,PICMAR,,3.3,1,-99,0,1,1,,,,,,,,,,,,,,,
WDI58_2383,,8/7/2024,WDI5,8,2383,,PICMAR,,2.5,1,-99,0,1,1,,,,,,,,,,,,,,,
WDI58_2384,,8/7/2024,WDI5,8,2384,,PICMAR,,2.8,1,-99,0,1,1,,,,,,,,,,,,,,,
WDI58_2385,,8/7/2024,WDI5,8,2385,,PICMAR,,4,1,-99,0,1,1,,,,,,,,,,,,,,,
WDI58_2386,,8/7/2024,WDI5,8,2386,,PICMAR,,5.2,1,-99,0,1,1,,,,,,,,,,,,,,,
WDI58_2388,,8/7/2024,WDI5,8,2388,,PICMAR,,4.9,1,-99,0,1,1,has blue paint but no tag (marked as new),,,,,,,,,,,,,,
WDI58_2389,,8/7/2024,WDI5,8,2389,,PICMAR,,4.6,1,-99,0,1,1,,,,,,,,,,,,,,,
WDI58_2390,,8/7/2024,WDI5,8,2390,,PICMAR,,3.2,1,-99,0,1,1,,,,,,,,,,,,,,,
WDI58_2391,,8/7/2024,WDI5,8,2391,,PICMAR,,4.5,1,-99,0,1,1,,,,,,,,,,,,,,,
WDI58_2392,,8/7/2024,WDI5,8,2392,,PICMAR,,2.8,1,-99,0,1,1,,,,,,,,,,,,,,,
WDI58_2393,,8/7/2024,WDI5,8,2393,,PICMAR,,5.7,1,-99,0,1,1,,,,,,,,,,,,,,,
WDI58_2394,,8/7/2024,WDI5,8,2394,,BETNEO,,2.8,1,-99,0,1,1,,,,,,,,,,,,,,,
WDI58_2395,,8/7/2024,WDI5,8,2395,,PICMAR,,3.2,1,-99,0,1,1,,,,,,,,,,,,,,,
WDI58_2396,,8/7/2024,WDI5,8,2396,,BETNEO,,3,1,-99,0,1,1,,,,,,,,,,,,,,,
WDI58_2397,,8/7/2024,WDI5,8,2397,,BETNEO,,2.8,1,-99,0,1,1,,,,,,,,,,,,,,,
WDI58_2398,,8/7/2024,WDI5,8,2398,,PICMAR,,3.9,1,-99,0,1,1,,,,,,,,,,,,,,,
WDI58_2399,,8/7/2024,WDI5,8,2399,,PICMAR,,3.6,1,-99,0,1,1,,,,,,,,,,,,,,,
WDI58_2400,,8/7/2024,WDI5,8,2400,,PICMAR,,3.2,1,-99,0,1,1,,,,,,,,,,,,,,,
WDI58_2401,,8/7/2024,WDI5,8,2401,,PICMAR,,2.9,1,-99,0,1,1,,,,,,,,,,,,,,,
WDI58_2402,,8/7/2024,WDI5,8,2402,,PICMAR,,4.3,1,-99,0,1,1,,,,,,,,,,,,,,,
WDI58_2403,,8/7/2024,WDI5,8,2403,,PICMAR,,2.8,1,-99,0,1,1,,,,,,,,,,,,,,,
WDI58_2404,,8/7/2024,WDI5,8,2404,,PICMAR,,2.8,1,-99,0,1,1,,,,,,,,,,,,,,,
WDI58_2405,,8/7/2024,WDI5,8,2405,,PICMAR,,4.3,1,-99,0,1,1,,,,,,,,,,,,,,,
WDI58_2406,,8/7/2024,WDI5,8,2406,,PICMAR,,2.5,1,-99,0,1,1,,,,,,,,,,,,,,,
WDI58_2407,,8/7/2024,WDI5,8,2407,,PICMAR,,5.2,1,-99,0,1,1,,,,,,,,,,,,,,,
WDI59_216,6/7/2018,8/7/2024,WDI5,9,216,,PICMAR,-7777,-8888,0,-99,0,1,1,,,,,,,,,,,,,,,
WDI59_217,6/7/2018,8/7/2024,WDI5,9,217,,BETNEO,13.4,15,1,-99,0,1,1,,,,,,,,,,,,,,,
WDI59_218,6/7/2018,8/7/2024,WDI5,9,218,,BETNEO,12.6,14.7,1,-99,0,1,1,,,,,,,,,,,,,,,
WDI59_219,6/7/2018,8/7/2024,WDI5,9,219,,PICMAR,-7777,-7777,0,2,0,1,1,,,,,,,,,,,,,,,
WDI59_220,6/7/2018,8/7/2024,WDI5,9,220,,BETNEO,3.4,-7777,0,1,0,1,1,topped at dbh still alive**,,,,,,,,,,,,,,
WDI59_221,6/7/2018,8/7/2024,WDI5,9,221,,PICMAR,-7777,-8888,0,-99,0,1,1,,,,,,,,,,,,,,,
WDI59_222,6/7/2018,8/7/2024,WDI5,9,222,,PICMAR,6.4,8.4,1,-99,0,1,1,,,,,,,,,,,,,,,
WDI59_2408,,8/7/2024,WDI5,9,2408,,PICMAR,,2.7,1,-99,0,1,1,,,,,,,,,,,,,,,
WDI59_2409,,8/7/2024,WDI5,9,2409,,PICMAR,,3.3,1,-99,0,1,1,,,,,,,,,,,,,,,
WDI59_2410,,8/7/2024,WDI5,9,2410,,PICMAR,,2.7,1,-99,0,1,1,,,,,,,,,,,,,,,
WDI59_2411,,8/7/2024,WDI5,9,2411,,PICMAR,,4.2,1,-99,0,1,1,,,,,,,,,,,,,,,
WDI59_2412,,8/7/2024,WDI5,9,2412,,PICMAR,,2.9,1,-99,0,1,1,,,,,,,,,,,,,,,
WDI59_2413,,8/7/2024,WDI5,9,2413,,PICMAR,,3.1,1,-99,0,1,1,,,,,,,,,,,,,,,
WDI59_2414,,8/7/2024,WDI5,9,2414,,PICMAR,,4.7,1,-99,0,1,1,,,,,,,,,,,,,,,
WDI59_2415,,8/7/2024,WDI5,9,2415,,PICMAR,,5.4,1,-99,0,1,1,,,,,,,,,,,,,,,
WDI59_2416,,8/7/2024,WDI5,9,2416,,PICMAR,,3.4,1,-99,0,1,1,,,,,,,,,,,,,,,
WDI59_2417,,8/7/2024,WDI5,9,2417,,PICMAR,,3.9,1,-99,0,1,1,,,,,,,,,,,,,,,
WDI59_2418,,8/7/2024,WDI5,9,2418,,PICMAR,,3,1,-99,0,1,1,,,,,,,,,,,,,,,
WDI59_2419,,8/7/2024,WDI5,9,2419,,PICMAR,,3.7,1,-99,0,1,1,,,,,,,,,,,,,,,
WDI59_2420,,8/7/2024,WDI5,9,2420,,PICMAR,,3,1,-99,0,1,1,,,,,,,,,,,,,,,
WDI59_2421,,8/7/2024,WDI5,9,2421,,PICMAR,,2.6,1,-99,0,1,1,,,,,,,,,,,,,,,
WDI59_2422,,8/7/2024,WDI5,9,2422,,PICMAR,,3.6,1,-99,0,1,1,,,,,,,,,,,,,,,
WDI59_2423,,8/7/2024,WDI5,9,2423,,PICMAR,,5,1,-99,0,1,1,,,,,,,,,,,,,,,
WDI511_223,6/7/2018,8/7/2024,WDI5,11,223,,PICMAR,5.4,7,1,-99,0,1,1,,,,,,,,,,,,,,,
WDI511_224,6/7/2018,8/7/2024,WDI5,11,224,,PICMAR,5.2,7.1,1,-99,0,1,1,,,,,,,,,,,,,,,
WDI511_225,6/7/2018,8/7/2024,WDI5,11,225,,BETNEO,3.2,3.8,1,-99,0,1,1,,,,,,,,,,,,,,,
WDI511_226,6/7/2018,8/7/2024,WDI5,11,226,,PICMAR,4,5.7,1,-99,0,1,1,,,,,,,,,,,,,,,
WDI511_227,6/7/2018,8/7/2024,WDI5,11,227,,PICMAR,4,5.2,1,-99,0,1,1,,,,,,,,,,,,,,,
WDI511_228,6/7/2018,8/7/2024,WDI5,11,228,,BETNEO,15.6,17.5,1,-99,0,1,1,,,,,,,,,,,,,,,
WDI511_229,6/7/2018,8/7/2024,WDI5,11,229,,PICMAR,-7777,-7777,0,-99,0,1,1,tag missing,,,,,,,,,,,,,,
WDI511_230,6/7/2018,8/7/2024,WDI5,11,230,,BETNEO,11.7,14.7,1,-99,0,1,1,,,,,,,,,,,,,,,
WDI511_231,6/7/2018,8/7/2024,WDI5,11,231,,PICMAR,7.8,9.4,1,-99,0,1,1,,,,,,,,,,,,,,,
WDI511_232,6/7/2018,8/7/2024,WDI5,11,232,,PICMAR,6,8.4,1,-99,0,1,1,,,,,,,,,,,,,,,
WDI511_233,6/7/2018,8/7/2024,WDI5,11,233,,PICMAR,5.8,7.9,1,-99,0,1,1,,,,,,,,,,,,,,,
WDI511_234,6/7/2018,8/7/2024,WDI5,11,234,,BETNEO,16.7,18.2,1,-99,0,1,1,,,,,,,,,,,,,,,
WDI511_235,6/7/2018,8/7/2024,WDI5,11,235,,BETNEO,17.6,19,1,-99,0,1,1,,,,,,,,,,,,,,,
WDI511_236,6/7/2018,8/7/2024,WDI5,11,236,,PICMAR,5,6.2,1,-99,0,1,1,,,,,,,,,,,,,,,
WDI511_237,6/7/2018,8/7/2024,WDI5,11,237,,PICMAR,6.2,7.4,1,-99,0,1,1,,,,,,,,,,,,,,,
WDI511_238,6/7/2018,8/7/2024,WDI5,11,238,,PICMAR,3.1,3.5,1,-99,0,1,1,,,,,,,,,,,,,,,
WDI511_239,6/7/2018,8/7/2024,WDI5,11,239,,PICMAR,4.7,5.6,1,-99,0,1,1,,,,,,,,,,,,,,,
WDI511_240,6/7/2018,8/7/2024,WDI5,11,240,,BETNEO,11.9,13.7,1,-99,0,1,1,,,,,,,,,,,,,,,
WDI511_241,6/7/2018,8/7/2024,WDI5,11,241,,POPTRE,-7777,-8888,0,-99,0,1,1,,,,,,,,,,,,,,,
WDI511_242,6/7/2018,8/7/2024,WDI5,11,242,,BETNEO,3.1,-7777,0,1,0,1,1,topped at dbh,,,,,,,,,,,,,,
WDI511_243,6/7/2018,8/7/2024,WDI5,11,243,,PICMAR,10.6,12.8,1,-99,0,1,1,,,,,,,,,,,,,,,
WDI511_244,6/7/2018,8/7/2024,WDI5,11,244,,BETNEO,8.2,8.7,1,-99,0,1,1,,,,,,,,,,,,,,,
WDI511_1119,6/7/2018,8/7/2024,WDI5,11,1119,,PICMAR,3.6,5.5,1,-99,0,1,1,,old notes-Near tree 230. 2019 notes-,,,,,,,,,,,,,
WDI511_1120,6/7/2018,8/7/2024,WDI5,11,1120,,PICMAR,3.5,5.7,1,-99,0,1,1,,old notes-Near tree 234. 2019 notes-,,,,,,,,,,,,,
WDI511_2424,,8/7/2024,WDI5,11,2424,,PICMAR,,3.4,1,-99,0,1,1,,,,,,,,,,,,,,,
WDI511_2425,,8/7/2024,WDI5,11,2425,,PICMAR,,4.3,1,-99,0,1,1,,,,,,,,,,,,,,,
WDI511_2426,,8/7/2024,WDI5,11,2426,,BETNEO,,2.7,1,-99,0,1,1,,,,,,,,,,,,,,,
WDI511_2427,,8/7/2024,WDI5,11,2427,,PICMAR,,3.1,1,-99,0,1,1,,,,,,,,,,,,,,,
WDI511_2428,,8/7/2024,WDI5,11,2428,,PICMAR,,2.8,1,-99,0,1,1,,,,,,,,,,,,,,,
WDI511_2429,,8/7/2024,WDI5,11,2429,,PICMAR,,3.4,1,-99,0,1,1,,,,,,,,,,,,,,,
WDI511_2430,,8/7/2024,WDI5,11,2430,,BETNEO,,3.3,1,-99,0,1,1,,,,,,,,,,,,,,,
WDI511_2431,,8/7/2024,WDI5,11,2431,,PICMAR,,3.2,1,-99,0,1,1,,,,,,,,,,,,,,,
WDI511_2432,,8/7/2024,WDI5,11,2432,,PICMAR,,2.5,1,-99,0,1,1,,,,,,,,,,,,,,,
WDI511_2433,,8/7/2024,WDI5,11,2433,,PICMAR,,3.1,1,-99,0,1,1,,,,,,,,,,,,,,,
WDI511_2434,,8/7/2024,WDI5,11,2434,,PICMAR,,2.5,1,-99,0,1,1,,,,,,,,,,,,,,,
WDI512_245,6/7/2018,8/7/2024,WDI5,12,245,,POPTRE,11,11.7,1,-99,0,1,1,,,,,,,,,,,,,,,
WDI512_246,6/7/2018,8/7/2024,WDI5,12,246,,POPTRE,-7777,-7777,0,-99,0,1,1,,,,,,,,,,,,,,,
WDI512_247,6/7/2018,8/7/2024,WDI5,12,247,,POPTRE,14.5,15.2,1,-99,0,1,1,,,,,,,,,,,,,,,
WDI512_248,6/7/2018,8/7/2024,WDI5,12,248,,PICMAR,7,9.2,1,-99,0,1,1,,,,,,,,,,,,,,,
WDI512_249,6/7/2018,8/7/2024,WDI5,12,249,,POPTRE,11.1,12,1,-99,0,1,1,,,,,,,,,,,,,,,
WDI512_250,6/7/2018,8/7/2024,WDI5,12,250,,PICMAR,-7777,-7777,0,-99,0,1,1,,,,,,,,,,,,,,,
WDI512_251,6/7/2018,8/7/2024,WDI5,12,251,,POPTRE,13.8,15,1,-99,0,1,1,,,,,,,,,,,,,,,
WDI512_252,6/7/2018,8/7/2024,WDI5,12,252,,PICMAR,3.4,4.4,1,-99,0,1,1,,,,,,,,,,,,,,,
WDI512_253,6/7/2018,8/7/2024,WDI5,12,253,,PICMAR,7.2,8.9,1,-99,0,1,1,,,,,,,,,,,,,,,
WDI512_254,6/7/2018,8/7/2024,WDI5,12,254,,POPTRE,12.1,12.9,1,-99,0,1,1,,,,,,,,,,,,,,,
WDI512_255,6/7/2018,8/7/2024,WDI5,12,255,,PICMAR,5.3,6.5,1,-99,0,1,1,,,,,,,,,,,,,,,
WDI512_256,6/7/2018,8/7/2024,WDI5,12,256,,BETNEO,7.6,8.4,1,-99,0,1,1,,,,,,,,,,,,,,,
WDI512_257,6/7/2018,8/7/2024,WDI5,12,257,,BETNEO,3.1,3.1,1,-99,0,1,1,,,,,,,,,,,,,,,
WDI512_258,6/7/2018,8/7/2024,WDI5,12,258,,BETNEO,4.8,5.2,1,-99,0,1,1,,,,,,,,,,,,,,,
WDI512_259,6/7/2018,8/7/2024,WDI5,12,259,,BETNEO,-7777,-7777,0,-99,0,1,1,,,,,,,,,,,,,,,
WDI512_260,6/7/2018,8/7/2024,WDI5,12,260,,PICMAR,5,6.5,1,-99,0,1,1,,,,,,,,,,,,,,,
WDI512_261,6/7/2018,8/7/2024,WDI5,12,261,,PICMAR,4.6,5.8,1,-99,0,1,1,,,,,,,,,,,,,,,
WDI512_262,6/7/2018,8/7/2024,WDI5,12,262,,POPTRE,9.5,9.9,1,-99,0,1,1,,,,,,,,,,,,,,,
WDI512_263,6/7/2018,8/7/2024,WDI5,12,263,,POPTRE,-7777,-8888,0,-99,0,1,1,,,,,,,,,,,,,,,
WDI512_264,6/7/2018,8/7/2024,WDI5,12,264,,BETNEO,8.1,9.1,1,-99,0,1,1,,,,,,,,,,,,,,,
WDI512_265,6/7/2018,8/7/2024,WDI5,12,265,,POPTRE,-7777,-7777,0,-99,0,1,1,,,,,,,,,,,,,,,
WDI512_266,6/7/2018,8/7/2024,WDI5,12,266,,POPTRE,12.4,13.6,1,-99,0,1,1,,,,,,,,,,,,,,,
WDI512_267,6/7/2018,8/7/2024,WDI5,12,267,,PICMAR,7.1,8.8,1,-99,0,1,1,,,,,,,,,,,,,,,
WDI512_268,6/7/2018,8/7/2024,WDI5,12,268,,POPTRE,13.8,15,1,-99,0,1,1,,,,,,,,,,,,,,,
WDI512_269,6/7/2018,8/7/2024,WDI5,12,269,,POPTRE,12,12.7,1,-99,0,1,1,,,,,,,,,,,,,,,
WDI512_270,6/7/2018,8/7/2024,WDI5,12,270,,PICMAR,5.3,7.1,1,-99,0,1,1,,,,,,,,,,,,,,,
WDI512_271,6/7/2018,8/7/2024,WDI5,12,271,,POPTRE,-7777,-8888,0,-99,0,1,1,may be -9999,,,,,,,,,,,,,,
WDI512_272,6/7/2018,8/7/2024,WDI5,12,272,,PICMAR,5.8,8,1,-99,0,1,1,,,,,,,,,,,,,,,
WDI512_273,6/7/2018,8/7/2024,WDI5,12,273,,POPTRE,11.6,12.3,1,-99,0,1,1,,,,,,,,,,,,,,,
WDI512_274,6/7/2018,8/7/2024,WDI5,12,274,,PICMAR,3.9,4.3,1,-99,0,1,1,,,,,,,,,,,,,,,
WDI512_275,6/7/2018,8/7/2024,WDI5,12,275,,PICMAR,5.8,7.3,1,-99,0,1,1,,,,,,,,,,,,,,,
WDI512_276,6/7/2018,8/7/2024,WDI5,12,276,,BETNEO,4,4.3,1,-99,0,1,1,,,,,,,,,,,,,,,
WDI512_277,6/7/2018,8/7/2024,WDI5,12,277,,BETNEO,8.1,8.7,1,-99,0,1,1,,,,,,,,,,,,,,,
WDI512_278,6/7/2018,8/7/2024,WDI5,12,278,,BETNEO,4.7,4.7,1,-99,0,1,1,,,,,,,,,,,,,,,
WDI512_279,6/7/2018,8/7/2024,WDI5,12,279,,BETNEO,3,-9999,0,-99,0,1,0,,,,,,,,,,,,,,,
WDI512_280,6/7/2018,8/7/2024,WDI5,12,280,,BETNEO,3.9,3.8,1,2,0,1,1,still alive,,,,,,,,,,,,,,
WDI512_281,6/7/2018,8/7/2024,WDI5,12,281,,PICMAR,4.3,5.7,1,-99,0,1,1,,,,,,,,,,,,,,,
WDI512_282,6/7/2018,8/7/2024,WDI5,12,282,,POPTRE,12.9,14,1,-99,0,1,1,,,,,,,,,,,,,,,
WDI512_2435,,8/7/2024,WDI5,12,2435,,PICMAR,,4,1,-99,0,1,1,,,,,,,,,,,,,,,
WDI512_2436,,8/7/2024,WDI5,12,2436,,BETNEO,,2.9,1,-99,0,1,1,,,,,,,,,,,,,,,
WDI512_2437,,8/7/2024,WDI5,12,2437,,PICMAR,,4.1,1,-99,0,1,1,,,,,,,,,,,,,,,
WDI512_2438,,8/7/2024,WDI5,12,2438,,PICMAR,,2.9,1,-99,0,1,1,,,,,,,,,,,,,,,
WDI512_2439,,8/7/2024,WDI5,12,2439,,BETNEO,,2.8,1,-99,0,1,1,,,,,,,,,,,,,,,
WDI512_2440,,8/7/2024,WDI5,12,2440,,PICMAR,,3.5,1,-99,0,1,1,,,,,,,,,,,,,,,
WDI512_2441,,8/7/2024,WDI5,12,2441,,PICMAR,,4.5,1,-99,0,1,1,,,,,,,,,,,,,,,
WDI512_2442,,8/7/2024,WDI5,12,2442,,PICMAR,,3.6,1,-99,0,1,1,,,,,,,,,,,,,,,
WDI512_2443,,8/7/2024,WDI5,12,2443,,PICMAR,,2.7,1,-99,0,1,1,,,,,,,,,,,,,,,
WDI512_2444,,8/7/2024,WDI5,12,2444,,PICMAR,,3.4,1,-99,0,1,1,,,,,,,,,,,,,,,
WDI512_2445,,8/7/2024,WDI5,12,2445,,PICMAR,,4.6,1,-99,0,1,1,,,,,,,,,,,,,,,
WDI512_2446,,8/7/2024,WDI5,12,2446,,PICMAR,,2.5,1,-99,0,1,1,,,,,,,,,,,,,,,
WDI512_2447,,8/7/2024,WDI5,12,2447,,PICMAR,,4.9,1,-99,0,1,1,,,,,,,,,,,,,,,
WDI512_2448,,8/7/2024,WDI5,12,2448,,PICMAR,,2.5,1,-99,0,1,1,,,,,,,,,,,,,,,
WDI512_2449,,8/7/2024,WDI5,12,2449,,PICMAR,,3.3,1,-99,0,1,1,,,,,,,,,,,,,,,
WDI512_2450,,8/7/2024,WDI5,12,2450,,PICMAR,,4.7,1,-99,0,1,1,,,,,,,,,,,,,,,
WDI512_2451,,8/7/2024,WDI5,12,2451,,PICMAR,,2.9,1,-99,0,1,1,,,,,,,,,,,,,,,
WDI512_2452,,8/7/2024,WDI5,12,2452,,PICMAR,,3.6,1,-99,0,1,1,,,,,,,,,,,,,,,
WDI512_2453,,8/7/2024,WDI5,12,2453,,BETNEO,,3.2,1,-99,0,1,1,,,,,,,,,,,,,,,
WDI512_2454,,8/7/2024,WDI5,12,2454,,PICMAR,,2.6,1,-99,0,1,1,,,,,,,,,,,,,,,
WDI512_2455,,8/7/2024,WDI5,12,2455,,BETNEO,,2.9,1,-99,0,1,1,,,,,,,,,,,,,,,
WDI512_2456,,8/7/2024,WDI5,12,2456,,PICMAR,,3.3,1,-99,0,1,1,,,,,,,,,,,,,,,
WDI512_2457,,8/7/2024,WDI5,12,2457,,PICMAR,,2.5,1,-99,0,1,1,,,,,,,,,,,,,,,
WDI512_2458,,8/7/2024,WDI5,12,2458,,PICMAR,,4.6,1,-99,0,1,1,,,,,,,,,,,,,,,
WDI512_2459,,8/7/2024,WDI5,12,2459,,PICMAR,,4.9,1,-99,0,1,1,,,,,,,,,,,,,,,
WDI512_2460,,8/7/2024,WDI5,12,2460,,PICMAR,,3.5,1,-99,0,1,1,,,,,,,,,,,,,,,
WDI512_2461,,8/7/2024,WDI5,12,2461,,PICMAR,,2.8,1,-99,0,1,1,,,,,,,,,,,,,,,
WDI512_2462,,8/7/2024,WDI5,12,2462,,PICMAR,,4.2,1,-99,0,1,1,,,,,,,,,,,,,,,
WDI513_284,6/7/2018,8/7/2024,WDI5,13,284,,POPTRE,14.4,15.3,1,-99,0,1,1,,,,,,,,,,,,,,,
WDI513_285,6/7/2018,8/7/2024,WDI5,13,285,,POPTRE,14.2,15.4,1,-99,0,1,1,,,,,,,,,,,,,,,
WDI513_286,6/7/2018,8/7/2024,WDI5,13,286,,POPTRE,9.8,10.2,1,-99,0,1,1,,,,,,,,,,,,,,,
WDI513_287,6/7/2018,8/7/2024,WDI5,13,287,,PICMAR,-7777,-7777,0,-99,0,1,1,,,,,,,,,,,,,,,
WDI513_288,6/7/2018,8/7/2024,WDI5,13,288,,POPTRE,15.3,16.8,1,-99,0,1,1,,,,,,,,,,,,,,,
WDI513_289,6/7/2018,8/7/2024,WDI5,13,289,,PICMAR,5.3,7,1,-99,0,1,1,,,,,,,,,,,,,,,
WDI513_290,6/7/2018,8/7/2024,WDI5,13,290,,PICMAR,4.5,6.2,1,-99,0,1,1,,,,,,,,,,,,,,,
WDI513_291,6/7/2018,8/7/2024,WDI5,13,291,,PICMAR,4.2,5.8,1,-99,0,1,1,,,,,,,,,,,,,,,
WDI513_292,6/7/2018,8/7/2024,WDI5,13,292,,PICMAR,3.9,5.3,1,-99,0,1,1,,,,,,,,,,,,,,,
WDI513_293,6/7/2018,8/7/2024,WDI5,13,293,,PICMAR,4.5,5.8,1,-99,0,1,1,,,,,,,,,,,,,,,
WDI513_294,6/7/2018,8/7/2024,WDI5,13,294,,PICMAR,4.8,6.6,1,-99,0,1,1,,,,,,,,,,,,,,,
WDI513_295,6/7/2018,8/7/2024,WDI5,13,295,,PICMAR,4,5.3,1,-99,0,1,1,,,,,,,,,,,,,,,
WDI513_296,6/7/2018,8/7/2024,WDI5,13,296,,PICMAR,5.4,6.9,1,-99,0,1,1,,,,,,,,,,,,,,,
WDI513_297,6/7/2018,8/7/2024,WDI5,13,297,,PICMAR,5.2,6.3,1,-99,0,1,1,,,,,,,,,,,,,,,
WDI513_298,6/7/2018,8/7/2024,WDI5,13,298,,PICMAR,3.8,4.9,1,-99,0,1,1,,,,,,,,,,,,,,,
WDI513_299,6/7/2018,8/7/2024,WDI5,13,299,,POPTRE,12,13,1,-99,0,1,1,,,,,,,,,,,,,,,
WDI513_300,6/7/2018,8/7/2024,WDI5,13,300,,POPTRE,12,12.7,1,-99,0,1,1,,,,,,,,,,,,,,,
WDI513_301,6/7/2018,8/7/2024,WDI5,13,301,,POPTRE,-7777,-7777,0,-99,0,1,1,,,,,,,,,,,,,,,
WDI513_302,6/7/2018,8/7/2024,WDI5,13,302,,POPTRE,10,10.4,1,-99,0,1,1,,,,,,,,,,,,,,,
WDI513_303,6/7/2018,8/7/2024,WDI5,13,303,,POPTRE,9.7,10.9,1,-99,0,1,1,,,,,,,,,,,,,,,
WDI513_304,6/7/2018,8/7/2024,WDI5,13,304,,BETNEO,-7777,-8888,0,-99,0,1,1,,,,,,,,,,,,,,,
WDI513_305,6/7/2018,8/7/2024,WDI5,13,305,,POPTRE,-7777,-8888,0,-99,0,1,1,,,,,,,,,,,,,,,
WDI513_306,6/7/2018,8/7/2024,WDI5,13,306,,POPTRE,-7777,-9999,0,-99,0,1,0,,,,,,,,,,,,,,,
WDI513_307,6/7/2018,8/7/2024,WDI5,13,307,,POPTRE,14.2,15.3,1,-99,0,1,1,,,,,,,,,,,,,,,
WDI513_308,6/7/2018,8/7/2024,WDI5,13,308,,BETNEO,3.5,-7777,0,-99,0,1,1,,,,,,,,,,,,,,,
WDI513_1127,6/7/2018,8/7/2024,WDI5,13,1127,,PICMAR,4.1,6.5,1,-99,0,1,1,,old notes-Near tree 286. 2019 notes-,,,,,,,,,,,,,
WDI513_1128,6/7/2018,8/7/2024,WDI5,13,1128,,PICMAR,4.6,7.2,1,-99,0,1,1,,old notes-Near tree 288. 2019 notes-,,,,,,,,,,,,,
WDI513_1129,6/7/2018,8/7/2024,WDI5,13,1129,,PICMAR,3.3,4.6,1,-99,0,1,1,,old notes-Near tree 296. 2019 notes-,,,,,,,,,,,,,
WDI513_2463,,8/7/2024,WDI5,13,2463,,PICMAR,,3.9,1,-99,0,1,1,,,,,,,,,,,,,,,
WDI513_2464,,8/7/2024,WDI5,13,2464,,PICMAR,,4.6,1,-99,0,1,1,,,,,,,,,,,,,,,
WDI513_2465,,8/7/2024,WDI5,13,2465,,PICMAR,,4.3,1,-99,0,1,1,,,,,,,,,,,,,,,
WDI513_2466,,8/7/2024,WDI5,13,2466,,PICMAR,,4.5,1,-99,0,1,1,,,,,,,,,,,,,,,
WDI513_2467,,8/7/2024,WDI5,13,2467,,PICMAR,,3.8,1,-99,0,1,1,,,,,,,,,,,,,,,
WDI513_2468,,8/7/2024,WDI5,13,2468,,PICMAR,,3.7,1,-99,0,1,1,,,,,,,,,,,,,,,
WDI513_2469,,8/7/2024,WDI5,13,2469,,PICMAR,,4.3,1,-99,0,1,1,,,,,,,,,,,,,,,
WDI513_2470,,8/7/2024,WDI5,13,2470,,PICMAR,,3.3,1,-99,0,1,1,,,,,,,,,,,,,,,
WDI513_2471,,8/7/2024,WDI5,13,2471,,PICMAR,,3.8,1,-99,0,1,1,,,,,,,,,,,,,,,
WDI513_2472,,8/7/2024,WDI5,13,2472,,PICMAR,,4.4,1,-99,0,1,1,,,,,,,,,,,,,,,
WDI513_2473,,8/7/2024,WDI5,13,2473,,PICMAR,,3.6,1,-99,0,1,1,,,,,,,,,,,,,,,
WDI513_2474,,8/7/2024,WDI5,13,2474,,PICMAR,,3.2,1,-99,0,1,1,,,,,,,,,,,,,,,
WDI513_2475,,8/7/2024,WDI5,13,2475,,PICMAR,,3.2,1,-99,0,1,1,,,,,,,,,,,,,,,
WDI513_2476,,8/7/2024,WDI5,13,2476,,PICMAR,,2.9,1,-99,0,1,1,,,,,,,,,,,,,,,
WDI513_2477,,8/7/2024,WDI5,13,2477,,PICMAR,,4.5,1,-99,0,1,1,,,,,,,,,,,,,,,
WDI513_2478,,8/7/2024,WDI5,13,2478,,PICMAR,,2.8,1,-99,0,1,1,,,,,,,,,,,,,,,
WDI513_2479,,8/7/2024,WDI5,13,2479,,PICMAR,,2.9,1,-99,0,1,1,,,,,,,,,,,,,,,
WDI513_2480,,8/7/2024,WDI5,13,2480,,PICMAR,,4,1,-99,0,1,1,,,,,,,,,,,,,,,
WDI513_2481,,8/7/2024,WDI5,13,2481,,PICMAR,,4.4,1,-99,0,1,1,,,,,,,,,,,,,,,
WDI513_2482,,8/7/2024,WDI5,13,2482,,PICMAR,,4.6,1,-99,0,1,1,,,,,,,,,,,,,,,
WDI514_309,6/7/2018,8/7/2024,WDI5,14,309,,PICMAR,5.2,6.9,1,-99,0,1,1,,,,,,,,,,,,,,,
WDI514_310,6/7/2018,8/7/2024,WDI5,14,310,,PICMAR,6.4,8.3,1,-99,0,1,1,,,,,,,,,,,,,,,
WDI514_311,6/7/2018,8/7/2024,WDI5,14,311,,PICMAR,7.2,8.3,1,-99,0,1,1,,,,,,,,,,,,,,,
WDI514_312,6/7/2018,8/7/2024,WDI5,14,312,,PICMAR,6.5,8.4,1,-99,0,1,1,,,,,,,,,,,,,,,
WDI514_1130,6/7/2018,8/7/2024,WDI5,14,1130,,PICMAR,3.3,4.8,1,-99,0,1,1,,old notes-Near tree 309. 2019 notes-,,,,,,,,,,,,,
WDI514_1137,6/7/2018,8/7/2024,WDI5,14,1137,,PICMAR,3.4,5.1,1,-99,0,1,1,,old notes-Near stake 16. 2019 notes-,,,,,,,,,,,,,
WDI514_2483,,8/7/2024,WDI5,14,2483,,PICMAR,,3.9,1,-99,0,1,1,,,,,,,,,,,,,,,
WDI514_2484,,8/7/2024,WDI5,14,2484,,PICMAR,,2.7,1,-99,0,1,1,,,,,,,,,,,,,,,
WDI514_2485,,8/7/2024,WDI5,14,2485,,PICMAR,,5.2,1,-99,0,1,1,,,,,,,,,,,,,,,
WDI514_2486,,8/7/2024,WDI5,14,2486,,PICMAR,,4.4,1,-99,0,1,1,,,,,,,,,,,,,,,
WDI514_2487,,8/7/2024,WDI5,14,2487,,PICMAR,,4,1,-99,0,1,1,,,,,,,,,,,,,,,
WDI514_2488,,8/7/2024,WDI5,14,2488,,PICMAR,,5.1,1,-99,0,1,1,,,,,,,,,,,,,,,
WDI514_2489,,8/7/2024,WDI5,14,2489,,PICMAR,,4.8,1,-99,0,1,1,,,,,,,,,,,,,,,
WDI514_2490,,8/7/2024,WDI5,14,2490,,PICMAR,,5.2,1,-99,0,1,1,,,,,,,,,,,,,,,
WDI514_2491,,8/7/2024,WDI5,14,2491,,PICMAR,,2.7,1,-99,0,1,1,,,,,,,,,,,,,,,
WDI514_2492,,8/7/2024,WDI5,14,2492,,PICMAR,,3.8,1,-99,0,1,1,,,,,,,,,,,,,,,
WDI514_2493,,8/7/2024,WDI5,14,2493,,PICMAR,,2.5,1,-99,0,1,1,,,,,,,,,,,,,,,
WDI514_2494,,8/7/2024,WDI5,14,2494,,PICMAR,,2.5,1,-99,0,1,1,,,,,,,,,,,,,,,
WDI61_601,6/6/2018,8/5/2024,WDI6,1,601,,POPTRE,16.5,18,1,-99,0,1,1,,,,,,,,,,,,,,,
WDI61_602,6/6/2018,8/5/2024,WDI6,1,602,,POPTRE,5,-7777,0,-99,0,1,1,,,,,,,,,,,,,,,
WDI61_603,6/6/2018,8/5/2024,WDI6,1,603,,POPTRE,9.9,10.6,1,-99,0,1,1,,,,,,,,,,,,,,,
WDI61_604,6/6/2018,8/5/2024,WDI6,1,604,,POPTRE,11.4,13.1,1,-99,0,1,1,,,,,,,,,,,,,,,
WDI61_605,6/6/2018,8/5/2024,WDI6,1,605,,POPTRE,3.6,-7777,0,-99,0,1,1,,,,,,,,,,,,,,,
WDI61_606,6/6/2018,8/5/2024,WDI6,1,606,,POPTRE,10,10.9,1,-99,0,1,1,,,,,,,,,,,,,,,
WDI61_607,6/6/2018,8/5/2024,WDI6,1,607,,POPTRE,6.1,-7777,0,-99,0,1,1,,,,,,,,,,,,,,,
WDI61_608,6/6/2018,8/5/2024,WDI6,1,608,,POPTRE,11.2,12.4,1,-99,0,1,1,,,,,,,,,,,,,,,
WDI61_609,6/6/2018,8/5/2024,WDI6,1,609,,POPTRE,8.2,8.4,1,-99,0,1,1,,,,,,,,,,,,,,,
WDI61_610,6/6/2018,8/5/2024,WDI6,1,610,,POPTRE,4.1,-7777,0,-99,0,1,1,,,,,,,,,,,,,,,
WDI61_611,6/6/2018,8/5/2024,WDI6,1,611,,POPTRE,7.2,7.4,1,-99,0,1,1,,,,,,,,,,,,,,,
WDI61_612,6/6/2018,8/5/2024,WDI6,1,612,,POPTRE,6.3,6.3,1,-99,0,1,1,,,,,,,,,,,,,,,
WDI61_613,6/6/2018,8/5/2024,WDI6,1,613,,POPTRE,4,-7777,0,-99,0,1,1,,,,,,,,,,,,,,,
WDI61_614,6/6/2018,8/5/2024,WDI6,1,614,,POPTRE,4.7,-9999,0,-99,0,1,0,,,,,,,,,,,,,,,
WDI61_615,6/6/2018,8/5/2024,WDI6,1,615,,POPTRE,3.4,-9999,0,-99,0,1,0,,,,,,,,,,,,,,,
WDI61_616,6/6/2018,8/5/2024,WDI6,1,616,,POPTRE,3.1,-9999,0,-99,0,1,0,,,,,,,,,,,,,,,
WDI61_617,6/6/2018,8/5/2024,WDI6,1,617,,POPTRE,9,9.2,1,-99,0,1,1,,,,,,,,,,,,,,,
WDI61_618,6/6/2018,8/5/2024,WDI6,1,618,,POPTRE,5.2,-9999,0,-99,0,1,0,,,,,,,,,,,,,,,
WDI61_619,6/6/2018,8/5/2024,WDI6,1,619,,POPTRE,9.2,9.2,1,-99,0,1,1,,,,,,,,,,,,,,,
WDI61_620,6/6/2018,8/5/2024,WDI6,1,620,,POPTRE,6.4,-7777,0,-99,0,1,1,,,,,,,,,,,,,,,
WDI61_621,6/6/2018,8/5/2024,WDI6,1,621,,POPTRE,5.4,-7777,0,-99,0,1,1,,,,,,,,,,,,,,,
WDI61_622,6/6/2018,8/5/2024,WDI6,1,622,,POPTRE,3.3,-8888,1,-99,0,1,1,probably dead and down,,,,,,,,,,,,,,
WDI61_623,6/6/2018,8/5/2024,WDI6,1,623,,POPTRE,8.4,8.5,1,-99,0,1,1,,,,,,,,,,,,,,,
WDI61_624,6/6/2018,8/5/2024,WDI6,1,624,,POPTRE,5.5,-7777,0,-99,0,1,1,,,,,,,,,,,,,,,
WDI61_625,6/6/2018,8/5/2024,WDI6,1,625,,POPTRE,14.4,16.3,1,-99,0,1,1,,,,,,,,,,,,,,,
WDI61_626,6/6/2018,8/5/2024,WDI6,1,626,,POPTRE,6.5,6.3,1,-99,0,1,1,,,,,,,,,,,,,,,
WDI61_627,6/6/2018,8/5/2024,WDI6,1,627,,POPTRE,9.8,10.1,1,-99,0,1,1,,,,,,,,,,,,,,,
WDI61_628,6/6/2018,8/5/2024,WDI6,1,628,,POPTRE,7.5,7.6,1,-99,0,1,1,,,,,,,,,,,,,,,
WDI61_629,6/6/2018,8/5/2024,WDI6,1,629,,POPTRE,7,7.3,1,-99,0,1,1,,,,,,,,,,,,,,,
WDI61_630,6/6/2018,8/5/2024,WDI6,1,630,,POPTRE,5.5,-7777,0,-99,0,1,1,,,,,,,,,,,,,,,
WDI61_631,6/6/2018,8/5/2024,WDI6,1,631,,POPTRE,12.9,15.1,1,-99,0,1,1,,,,,,,,,,,,,,,
WDI61_632,6/6/2018,8/5/2024,WDI6,1,632,,POPTRE,10,10.8,1,-99,0,1,1,,,,,,,,,,,,,,,
WDI61_633,6/6/2018,8/5/2024,WDI6,1,633,,BETNEO,3.7,4.2,1,-99,0,1,1,,,,,,,,,,,,,,,
WDI61_634,6/6/2018,8/5/2024,WDI6,1,634,,POPTRE,7.7,-7777,0,-99,0,1,1,,,,,,,,,,,,,,,
WDI61_635,6/6/2018,8/5/2024,WDI6,1,635,,POPTRE,9.2,9.7,1,-99,0,1,1,,,,,,,,,,,,,,,
WDI61_636,6/6/2018,8/5/2024,WDI6,1,636,,POPTRE,9.5,10,1,-99,0,1,1,,,,,,,,,,,,,,,
WDI61_637,6/6/2018,8/5/2024,WDI6,1,637,,POPTRE,2.6,-8888,1,-99,0,1,1,,,,,,,,,,,,,,,
WDI61_638,6/6/2018,8/5/2024,WDI6,1,638,,POPTRE,8.4,8.6,1,-99,0,1,1,,,,,,,,,,,,,,,
WDI61_639,6/6/2018,8/5/2024,WDI6,1,639,,POPTRE,5.6,-7777,0,-99,0,1,1,,,,,,,,,,,,,,,
WDI61_640,6/6/2018,8/5/2024,WDI6,1,640,,POPTRE,6.5,6.4,1,-99,0,1,1,,,,,,,,,,,,,,,
WDI61_641,6/6/2018,8/5/2024,WDI6,1,641,,BETNEO,7.8,8.2,1,-99,0,1,1,,,,,,,,,,,,,,,
WDI61_642,6/6/2018,8/5/2024,WDI6,1,642,,BETNEO,3.9,-7777,0,-99,0,1,1,,,,,,,,,,,,,,,
WDI61_643,6/6/2018,8/5/2024,WDI6,1,643,,BETNEO,11.4,12.6,1,-99,0,1,1,,,,,,,,,,,,,,,
WDI61_644,6/6/2018,8/5/2024,WDI6,1,644,,BETNEO,5,-7777,0,-99,0,1,1,,,,,,,,,,,,,,,
WDI61_645,6/6/2018,8/5/2024,WDI6,1,645,,BETNEO,8.9,9.6,1,-99,0,1,1,,,,,,,,,,,,,,,
WDI61_646,6/6/2018,8/5/2024,WDI6,1,646,,BETNEO,8.1,8.8,1,-99,0,1,1,,,,,,,,,,,,,,,
WDI61_647,6/6/2018,8/5/2024,WDI6,1,647,,BETNEO,4.5,4.7,1,-99,0,1,1,,,,,,,,,,,,,,,
WDI61_648,6/6/2018,8/5/2024,WDI6,1,648,,BETNEO,4.5,4.6,1,-99,0,1,1,,,,,,,,,,,,,,,
WDI61_649,6/6/2018,8/5/2024,WDI6,1,649,,POPTRE,7.2,-7777,0,-99,0,1,1,,,,,,,,,,,,,,,
WDI61_650,6/6/2018,8/5/2024,WDI6,1,650,,POPTRE,11.5,12.2,1,-99,0,1,1,,,,,,,,,,,,,,,
WDI61_651,6/6/2018,8/5/2024,WDI6,1,651,,POPTRE,4.1,-7777,0,-99,0,1,1,,,,,,,,,,,,,,,
WDI61_652,6/6/2018,8/5/2024,WDI6,1,652,,POPTRE,4.4,-7777,0,-99,0,1,1,,,,,,,,,,,,,,,
WDI61_653,6/6/2018,8/5/2024,WDI6,1,653,,POPTRE,8.2,8.5,1,-99,0,1,1,,,,,,,,,,,,,,,
WDI61_654,6/6/2018,8/5/2024,WDI6,1,654,,BETNEO,7,7.7,1,-99,0,1,1,,,,,,,,,,,,,,,
WDI61_655,6/6/2018,8/5/2024,WDI6,1,655,,BETNEO,3.4,3.5,1,2,0,1,1,,,,,,,,,,,,,,,
WDI61_656,6/6/2018,8/5/2024,WDI6,1,656,,BETNEO,5.2,5.6,1,-99,0,1,1,,,,,,,,,,,,,,,
WDI61_657,6/6/2018,8/5/2024,WDI6,1,657,,BETNEO,9.4,10.9,1,-99,0,1,1,,,,,,,,,,,,,,,
WDI61_658,6/6/2018,8/5/2024,WDI6,1,658,,BETNEO,6.2,6.7,1,-99,0,1,1,,,,,,,,,,,,,,,
WDI61_659,6/6/2018,8/5/2024,WDI6,1,659,,BETNEO,3.1,-7777,0,-99,0,1,1,,,,,,,,,,,,,,,
WDI61_660,6/6/2018,8/5/2024,WDI6,1,660,,BETNEO,3.5,-7777,0,-99,0,1,1,,,,,,,,,,,,,,,
WDI61_661,6/6/2018,8/5/2024,WDI6,1,661,,BETNEO,5,4.9,1,-99,0,1,1,,,,,,,,,,,,,,,
WDI61_662,6/6/2018,8/5/2024,WDI6,1,662,,BETNEO,9.2,9.9,1,-99,0,1,1,,,,,,,,,,,,,,,
WDI61_663,6/6/2018,8/5/2024,WDI6,1,663,,BETNEO,11.2,12.1,1,-99,0,1,1,,,,,,,,,,,,,,,
WDI61_664,6/6/2018,8/5/2024,WDI6,1,664,,POPTRE,3.5,-8888,1,-99,0,1,1,,,,,,,,,,,,,,,
WDI61_665,6/6/2018,8/5/2024,WDI6,1,665,,BETNEO,3.2,-7777,0,2,0,1,1,,,,,,,,,,,,,,,
WDI61_666,6/6/2018,8/5/2024,WDI6,1,666,,BETNEO,3.3,-7777,0,-99,0,1,1,,,,,,,,,,,,,,,
WDI61_2201,,8/5/2024,WDI6,1,2201,,PICGLA,,2.6,1,-99,0,1,1,,,,,,,,,,,,,,,
WDI61_2796,,8/5/2024,WDI6,1,2796,,PICGLA,,3.8,1,-99,0,1,1,,,,,,,,,,,,,,,
WDI61_2797,,8/5/2024,WDI6,1,2797,,PICGLA,,3.6,1,-99,0,1,1,,,,,,,,,,,,,,,
WDI62_667,6/6/2018,8/5/2024,WDI6,2,667,,POPTRE,13,13.7,1,-99,0,1,1,,,,,,,,,,,,,,,
WDI62_668,6/6/2018,8/5/2024,WDI6,2,668,,POPTRE,7.8,-7777,0,-99,0,1,1,,,,,,,,,,,,,,,
WDI62_669,6/6/2018,8/5/2024,WDI6,2,669,,POPTRE,7.8,-7777,0,-99,0,1,1,,,,,,,,,,,,,,,
WDI62_670,6/6/2018,8/5/2024,WDI6,2,670,,POPTRE,3.1,-7777,0,-99,0,1,1,,,,,,,,,,,,,,,
WDI62_671,6/6/2018,8/5/2024,WDI6,2,671,,POPTRE,5,-7777,0,-99,0,1,1,,,,,,,,,,,,,,,
WDI62_672,6/6/2018,8/5/2024,WDI6,2,672,,POPTRE,5.3,-9999,0,-99,0,1,0,,,,,,,,,,,,,,,
WDI62_673,6/6/2018,8/5/2024,WDI6,2,673,,POPTRE,7.7,7.8,1,-99,0,1,1,,,,,,,,,,,,,,,
WDI62_674,6/6/2018,8/5/2024,WDI6,2,674,,POPTRE,3.7,-7777,0,-99,0,1,1,,,,,,,,,,,,,,,
WDI62_675,6/6/2018,8/5/2024,WDI6,2,675,,POPTRE,4.9,-9999,0,-99,0,1,0,,,,,,,,,,,,,,,
WDI62_676,6/6/2018,8/5/2024,WDI6,2,676,,POPTRE,4.9,-8888,1,-99,0,1,1,,,,,,,,,,,,,,,
WDI62_677,6/6/2018,8/5/2024,WDI6,2,677,,POPTRE,4.9,-7777,0,-99,0,1,1,,,,,,,,,,,,,,,
WDI62_678,6/6/2018,8/5/2024,WDI6,2,678,,POPTRE,2.8,-9999,0,-99,0,1,0,,,,,,,,,,,,,,,
WDI62_679,6/6/2018,8/5/2024,WDI6,2,679,,POPTRE,7,7,1,-99,0,1,1,,,,,,,,,,,,,,,
WDI62_680,6/6/2018,8/5/2024,WDI6,2,680,,POPTRE,4.2,-7777,0,-99,0,1,1,,,,,,,,,,,,,,,
WDI62_681,6/6/2018,8/5/2024,WDI6,2,681,,POPTRE,4.2,-7777,0,-99,0,1,1,,,,,,,,,,,,,,,
WDI62_682,6/6/2018,8/5/2024,WDI6,2,682,,POPTRE,3.5,-9999,0,-99,0,1,0,,,,,,,,,,,,,,,
WDI62_683,6/6/2018,8/5/2024,WDI6,2,683,,POPTRE,2.4,-7777,0,2,0,1,1,,,,,,,,,,,,,,,
WDI62_684,6/6/2018,8/5/2024,WDI6,2,684,,POPTRE,3.6,-7777,0,-99,0,1,1,,,,,,,,,,,,,,,
WDI62_685,6/6/2018,8/5/2024,WDI6,2,685,,POPTRE,6.9,6.9,1,-99,0,1,1,,,,,,,,,,,,,,,
WDI62_686,6/6/2018,8/5/2024,WDI6,2,686,,POPTRE,10.5,11.3,1,-99,0,1,1,,,,,,,,,,,,,,,
WDI62_687,6/6/2018,8/5/2024,WDI6,2,687,,POPTRE,4.1,-7777,0,-99,0,1,1,,,,,,,,,,,,,,,
WDI62_688,6/6/2018,8/5/2024,WDI6,2,688,,POPTRE,5,-7777,0,-99,0,1,1,,,,,,,,,,,,,,,
WDI62_689,6/6/2018,8/5/2024,WDI6,2,689,,POPTRE,5.9,6,1,-99,0,1,1,,,,,,,,,,,,,,,
WDI62_690,6/6/2018,8/5/2024,WDI6,2,690,,POPTRE,11.3,12.8,1,-99,0,1,1,,,,,,,,,,,,,,,
WDI62_691,6/6/2018,8/5/2024,WDI6,2,691,,POPTRE,4.4,-9999,0,-99,0,1,0,,,,,,,,,,,,,,,
WDI62_692,6/6/2018,8/5/2024,WDI6,2,692,,POPTRE,8,8.4,1,-99,0,1,1,,,,,,,,,,,,,,,
WDI62_693,6/6/2018,8/5/2024,WDI6,2,693,,POPTRE,-9999,-7777,0,-99,0,1,1,,,,,,,,,,,,,,,
WDI62_694,6/6/2018,8/5/2024,WDI6,2,694,,POPTRE,-9999,-8888,0,-99,0,1,1,,,,,,,,,,,,,,,
WDI62_695,6/6/2018,8/5/2024,WDI6,2,695,,POPTRE,5.6,-7777,0,-99,0,1,1,,,,,,,,,,,,,,,
WDI62_696,6/6/2018,8/5/2024,WDI6,2,696,,POPTRE,5.8,5.2,1,-99,0,1,1,,,,,,,,,,,,,,,
WDI62_697,6/6/2018,8/5/2024,WDI6,2,697,,POPTRE,12.4,13.7,1,-99,0,1,1,,,,,,,,,,,,,,,
WDI62_698,6/6/2018,8/5/2024,WDI6,2,698,,POPTRE,-9999,-7777,0,-99,0,1,1,,,,,,,,,,,,,,,
WDI62_699,6/6/2018,8/5/2024,WDI6,2,699,,POPTRE,10.7,11,1,-99,0,1,1,,,,,,,,,,,,,,,
WDI62_700,6/6/2018,8/5/2024,WDI6,2,700,,POPTRE,10.9,11.8,1,-99,0,1,1,,,,,,,,,,,,,,,
WDI62_809,6/6/2018,8/5/2024,WDI6,2,809,,POPTRE,11.8,12.1,1,-99,0,1,1,,,,,,,,,,,,,,,
WDI62_810,6/6/2018,8/5/2024,WDI6,2,810,,POPTRE,-9999,-7777,0,-99,0,1,1,,,,,,,,,,,,,,,
WDI62_811,6/6/2018,8/5/2024,WDI6,2,811,,POPTRE,9.4,9.5,1,-99,0,1,1,,,,,,,,,,,,,,,
WDI62_812,6/6/2018,8/5/2024,WDI6,2,812,,POPTRE,9.4,9.6,1,-99,0,1,1,,,,,,,,,,,,,,,
WDI62_813,6/6/2018,8/5/2024,WDI6,2,813,,POPTRE,11,12.3,1,-99,0,1,1,,,,,,,,,,,,,,,
WDI62_814,6/6/2018,8/5/2024,WDI6,2,814,,POPTRE,6.5,-7777,0,-99,0,1,1,,,,,,,,,,,,,,,
WDI62_815,6/6/2018,8/5/2024,WDI6,2,815,,POPTRE,-9999,-8888,0,-99,0,1,1,,,,,,,,,,,,,,,
WDI62_816,6/6/2018,8/5/2024,WDI6,2,816,,POPTRE,4.3,-7777,0,-99,0,1,1,,,,,,,,,,,,,,,
WDI62_817,6/6/2018,8/5/2024,WDI6,2,817,,POPTRE,6.3,-7777,0,-99,0,1,1,,,,,,,,,,,,,,,
WDI62_818,6/6/2018,8/5/2024,WDI6,2,818,,POPTRE,10.3,11.1,1,-99,0,1,1,,,,,,,,,,,,,,,
WDI62_819,6/6/2018,8/5/2024,WDI6,2,819,,POPTRE,-9999,-7777,0,-99,0,1,1,,,,,,,,,,,,,,,
WDI62_820,6/6/2018,8/5/2024,WDI6,2,820,,POPTRE,10.6,11.3,1,-99,0,1,1,,,,,,,,,,,,,,,
WDI62_821,6/6/2018,8/5/2024,WDI6,2,821,,POPTRE,-9999,-8888,0,-99,0,1,1,missing,,,,,,,,,,,,,,
WDI62_822,6/6/2018,8/5/2024,WDI6,2,822,,POPTRE,-9999,-7777,0,-99,0,1,1,,,,,,,,,,,,,,,
WDI62_823,6/6/2018,8/5/2024,WDI6,2,823,,POPTRE,6.6,-7777,0,-99,0,1,1,,,,,,,,,,,,,,,
WDI62_824,6/6/2018,8/5/2024,WDI6,2,824,,POPTRE,4.3,-7777,0,-99,0,1,1,,,,,,,,,,,,,,,
WDI62_825,6/6/2018,8/5/2024,WDI6,2,825,,POPTRE,6.1,-7777,0,-99,0,1,1,,,,,,,,,,,,,,,
WDI62_826,6/6/2018,8/5/2024,WDI6,2,826,,POPTRE,-9999,-9999,0,-99,0,1,0,,,,,,,,,,,,,,,
WDI62_827,6/6/2018,8/5/2024,WDI6,2,827,,POPTRE,13.7,14.4,1,-99,0,1,1,,,,,,,,,,,,,,,
WDI62_828,6/6/2018,8/5/2024,WDI6,2,828,,POPTRE,13.5,14.2,1,-99,0,1,1,,,,,,,,,,,,,,,
WDI62_829,6/6/2018,8/5/2024,WDI6,2,829,,POPTRE,-9999,-9999,0,-99,0,1,0,,,,,,,,,,,,,,,
WDI62_830,6/6/2018,8/5/2024,WDI6,2,830,,POPTRE,-9999,-7777,0,-99,0,1,1,,,,,,,,,,,,,,,
WDI62_831,6/6/2018,8/5/2024,WDI6,2,831,,POPTRE,3.2,-7777,0,-99,0,1,1,,,,,,,,,,,,,,,
WDI62_832,6/6/2018,8/5/2024,WDI6,2,832,,POPTRE,4.4,-9999,0,-99,0,1,0,,,,,,,,,,,,,,,
WDI62_833,6/6/2018,8/5/2024,WDI6,2,833,,POPTRE,8.3,8.5,1,-99,0,1,1,,,,,,,,,,,,,,,
WDI62_834,6/6/2018,8/5/2024,WDI6,2,834,,POPTRE,-9999,-8888,0,-99,0,1,1,,,,,,,,,,,,,,,
WDI62_835,6/6/2018,8/5/2024,WDI6,2,835,,POPTRE,4.2,-7777,0,-99,0,1,1,,,,,,,,,,,,,,,
WDI62_836,6/6/2018,8/5/2024,WDI6,2,836,,POPTRE,11.3,12.4,1,-99,0,1,1,,,,,,,,,,,,,,,
WDI62_837,6/6/2018,8/5/2024,WDI6,2,837,,PICMAR,-9999,-8888,0,-99,0,1,1,,,,,,,,,,,,,,,
WDI62_838,6/6/2018,8/5/2024,WDI6,2,838,,POPTRE,8.5,8.9,1,-99,0,1,1,,,,,,,,,,,,,,,
WDI62_839,6/6/2018,8/5/2024,WDI6,2,839,,POPTRE,10.7,11.2,1,-99,0,1,1,,,,,,,,,,,,,,,
WDI62_840,6/6/2018,8/5/2024,WDI6,2,840,,POPTRE,9,9.3,1,-99,0,1,1,,,,,,,,,,,,,,,
WDI62_841,6/6/2018,8/5/2024,WDI6,2,841,,POPTRE,12.4,13.5,1,-99,0,1,1,,,,,,,,,,,,,,,
WDI62_842,6/6/2018,8/5/2024,WDI6,2,842,,POPTRE,-9999,-8888,0,-99,0,1,1,,,,,,,,,,,,,,,
WDI63_843,6/6/2018,8/5/2024,WDI6,3,843,,POPTRE,11.3,12.1,1,-99,0,1,1,,,,,,,,,,,,,,,
WDI63_844,6/6/2018,8/5/2024,WDI6,3,844,,POPTRE,6.1,6.1,1,-99,0,1,1,,,,,,,,,,,,,,,
WDI63_845,6/6/2018,8/5/2024,WDI6,3,845,,POPTRE,11.1,11.5,1,-99,0,1,1,,,,,,,,,,,,,,,
WDI63_846,6/6/2018,8/5/2024,WDI6,3,846,,POPTRE,10.7,11.6,1,-99,0,1,1,,,,,,,,,,,,,,,
WDI63_847,6/6/2018,8/5/2024,WDI6,3,847,,POPTRE,8.8,9,1,-99,0,1,1,,,,,,,,,,,,,,,
WDI63_848,6/6/2018,8/5/2024,WDI6,3,848,,POPTRE,5.6,-7777,0,-99,0,1,1,,,,,,,,,,,,,,,
WDI63_849,6/6/2018,8/5/2024,WDI6,3,849,,POPTRE,-9999,-7777,0,-99,0,1,1,,,,,,,,,,,,,,,
WDI63_850,6/6/2018,8/5/2024,WDI6,3,850,,POPTRE,4,-7777,0,-99,0,1,1,,,,,,,,,,,,,,,
WDI63_851,6/6/2018,8/5/2024,WDI6,3,851,,POPTRE,4.1,-7777,0,-99,0,1,1,,,,,,,,,,,,,,,
WDI63_852,6/6/2018,8/5/2024,WDI6,3,852,,POPTRE,5.3,-7777,0,-99,0,1,1,,,,,,,,,,,,,,,
WDI63_853,6/6/2018,8/5/2024,WDI6,3,853,,POPTRE,-9999,-7777,0,-99,0,1,1,,,,,,,,,,,,,,,
WDI63_854,6/6/2018,8/5/2024,WDI6,3,854,,POPTRE,8.1,8.4,1,-99,0,1,1,,,,,,,,,,,,,,,
WDI63_855,6/6/2018,8/5/2024,WDI6,3,855,,POPTRE,9.5,10,1,-99,0,1,1,,,,,,,,,,,,,,,
WDI63_856,6/6/2018,8/5/2024,WDI6,3,856,,POPTRE,-9999,-7777,0,-99,0,1,1,,,,,,,,,,,,,,,
WDI63_857,6/6/2018,8/5/2024,WDI6,3,857,,POPTRE,9.7,10.3,1,-99,0,1,1,,,,,,,,,,,,,,,
WDI63_858,6/6/2018,8/5/2024,WDI6,3,858,,POPTRE,3.6,-7777,0,-99,0,1,1,,,,,,,,,,,,,,,
WDI63_859,6/6/2018,8/5/2024,WDI6,3,859,,POPTRE,4.2,4.2,1,-99,0,1,1,,,,,,,,,,,,,,,
WDI63_860,6/6/2018,8/5/2024,WDI6,3,860,,POPTRE,10.2,11.2,1,-99,0,1,1,,,,,,,,,,,,,,,
WDI63_861,6/6/2018,8/5/2024,WDI6,3,861,,POPTRE,6.2,-7777,0,-99,0,1,1,,,,,,,,,,,,,,,
WDI63_862,6/6/2018,8/5/2024,WDI6,3,862,,POPTRE,4.9,5,1,-99,0,1,1,,,,,,,,,,,,,,,
WDI63_863,6/6/2018,8/5/2024,WDI6,3,863,,POPTRE,11,12.2,1,-99,0,1,1,,,,,,,,,,,,,,,
WDI63_864,6/6/2018,8/5/2024,WDI6,3,864,,POPTRE,8.3,7.9,1,-99,0,1,1,,,,,,,,,,,,,,,
WDI63_865,6/6/2018,8/5/2024,WDI6,3,865,,POPTRE,4.5,-7777,0,-99,0,1,1,,,,,,,,,,,,,,,
WDI63_866,6/6/2018,8/5/2024,WDI6,3,866,,POPTRE,3.3,-7777,0,-99,0,1,1,,,,,,,,,,,,,,,
WDI63_867,6/6/2018,8/5/2024,WDI6,3,867,,POPTRE,9.2,9.8,1,-99,0,1,1,,,,,,,,,,,,,,,
WDI63_868,6/6/2018,8/5/2024,WDI6,3,868,,POPTRE,-9999,-7777,0,-99,0,1,1,,,,,,,,,,,,,,,
WDI63_869,6/6/2018,8/5/2024,WDI6,3,869,,POPTRE,6.9,7.3,1,-99,0,1,1,,,,,,,,,,,,,,,
WDI63_871,6/6/2018,8/5/2024,WDI6,3,871,,POPTRE,4.2,-7777,0,-99,0,1,1,,,,,,,,,,,,,,,
WDI63_872,6/6/2018,8/5/2024,WDI6,3,872,,POPTRE,-9999,-7777,0,-99,0,1,1,,,,,,,,,,,,,,,
WDI63_873,6/6/2018,8/5/2024,WDI6,3,873,,POPTRE,-9999,-8888,0,-99,0,1,1,,,,,,,,,,,,,,,
WDI63_874,6/6/2018,8/5/2024,WDI6,3,874,,POPTRE,-9999,-8888,0,-99,0,1,1,,,,,,,,,,,,,,,
WDI63_875,6/6/2018,8/5/2024,WDI6,3,875,,POPTRE,5.8,-7777,0,-99,0,1,1,,,,,,,,,,,,,,,
WDI63_876,6/6/2018,8/5/2024,WDI6,3,876,,POPTRE,-9999,-9999,0,-99,0,1,0,,,,,,,,,,,,,,,
WDI63_892,6/6/2018,8/5/2024,WDI6,3,892,,POPTRE,2.8,-7777,0,-99,0,1,1,,,,,,,,,,,,,,,
WDI63_893,6/6/2018,8/5/2024,WDI6,3,893,,POPTRE,11.2,12.4,1,-99,0,1,1,,,,,,,,,,,,,,,
WDI63_894,6/6/2018,8/5/2024,WDI6,3,894,,POPTRE,13,14.1,1,-99,0,1,1,,,,,,,,,,,,,,,
WDI63_895,6/6/2018,8/5/2024,WDI6,3,895,,POPTRE,3.8,-7777,0,-99,0,1,1,,,,,,,,,,,,,,,
WDI63_896,6/6/2018,8/5/2024,WDI6,3,896,,POPTRE,8.9,9.2,1,-99,0,1,1,,,,,,,,,,,,,,,
WDI63_897,6/6/2018,8/5/2024,WDI6,3,897,,POPTRE,5.6,5.7,1,-99,0,1,1,,,,,,,,,,,,,,,
WDI63_898,6/6/2018,8/5/2024,WDI6,3,898,,POPTRE,7.9,8.1,1,-99,0,1,1,,,,,,,,,,,,,,,
WDI63_900,6/6/2018,8/5/2024,WDI6,3,900,,POPTRE,7.7,8,1,-99,0,1,1,,,,,,,,,,,,,,,
WDI63_901,6/6/2018,8/5/2024,WDI6,3,901,,POPTRE,-9999,-9999,0,-99,0,1,0,,,,,,,,,,,,,,,
WDI63_902,6/6/2018,8/5/2024,WDI6,3,902,,POPTRE,6.8,-9999,0,-99,0,1,0,,,,,,,,,,,,,,,
WDI63_903,6/6/2018,8/5/2024,WDI6,3,903,,POPTRE,6.9,-9999,0,-99,0,1,0,,,,,,,,,,,,,,,
WDI63_904,6/6/2018,8/5/2024,WDI6,3,904,,POPTRE,10.8,11.6,1,-99,0,1,1,,,,,,,,,,,,,,,
WDI63_905,6/6/2018,8/5/2024,WDI6,3,905,,POPTRE,10.8,11.2,1,-99,0,1,1,,,,,,,,,,,,,,,
WDI63_906,6/6/2018,8/5/2024,WDI6,3,906,,POPTRE,5.6,5.8,1,-99,0,1,1,,,,,,,,,,,,,,,
WDI63_907,6/6/2018,8/5/2024,WDI6,3,907,,POPTRE,3.3,-7777,0,-99,0,1,1,,,,,,,,,,,,,,,
WDI63_908,6/6/2018,8/5/2024,WDI6,3,908,,POPTRE,8.8,9,1,-99,0,1,1,,,,,,,,,,,,,,,
WDI63_909,6/6/2018,8/5/2024,WDI6,3,909,,POPTRE,10.5,11.2,1,-99,0,1,1,,,,,,,,,,,,,,,
WDI63_910,6/6/2018,8/5/2024,WDI6,3,910,,POPTRE,-9999,-9999,0,-99,0,1,0,,,,,,,,,,,,,,,
WDI63_911,6/6/2018,8/5/2024,WDI6,3,911,,POPTRE,4.2,-7777,0,-99,0,1,1,,,,,,,,,,,,,,,
WDI63_912,6/6/2018,8/5/2024,WDI6,3,912,,POPTRE,5.7,-7777,0,-99,0,1,1,,,,,,,,,,,,,,,
WDI63_913,6/6/2018,8/5/2024,WDI6,3,913,,POPTRE,11.2,12.3,1,-99,0,1,1,,,,,,,,,,,,,,,
WDI63_914,6/6/2018,8/5/2024,WDI6,3,914,,POPTRE,-9999,-7777,0,-99,0,1,1,,,,,,,,,,,,,,,
WDI63_915,6/6/2018,8/5/2024,WDI6,3,915,,POPTRE,7.8,7.5,1,-99,0,1,1,,,,,,,,,,,,,,,
WDI63_916,6/6/2018,8/5/2024,WDI6,3,916,,POPTRE,11.8,12.7,1,-99,0,1,1,,,,,,,,,,,,,,,
WDI63_917,6/6/2018,8/5/2024,WDI6,3,917,,POPTRE,2.9,-7777,0,-99,0,1,1,,,,,,,,,,,,,,,
WDI63_918,6/6/2018,8/5/2024,WDI6,3,918,,POPTRE,4.7,-7777,0,-99,0,1,1,,,,,,,,,,,,,,,
WDI63_919,6/6/2018,8/5/2024,WDI6,3,919,,POPTRE,10.5,11.2,1,-99,0,1,1,,,,,,,,,,,,,,,
WDI63_920,6/6/2018,8/5/2024,WDI6,3,920,,POPTRE,7.4,7.5,1,-99,0,1,1,,,,,,,,,,,,,,,
WDI63_921,6/6/2018,8/5/2024,WDI6,3,921,,POPTRE,6.9,6.9,1,-99,0,1,1,,,,,,,,,,,,,,,
WDI63_922,6/6/2018,8/5/2024,WDI6,3,922,,POPTRE,6.4,6.5,1,-99,0,1,1,,,,,,,,,,,,,,,
WDI63_923,6/6/2018,8/5/2024,WDI6,3,923,,POPTRE,8.9,9.3,1,-99,0,1,1,,,,,,,,,,,,,,,
WDI63_924,6/6/2018,8/5/2024,WDI6,3,924,,POPTRE,10.7,11.6,1,-99,0,1,1,,,,,,,,,,,,,,,
WDI63_925,6/6/2018,8/5/2024,WDI6,3,925,,POPTRE,-9999,-9999,0,-99,0,1,0,,,,,,,,,,,,,,,
WDI63_926,6/6/2018,8/5/2024,WDI6,3,926,,POPTRE,4.6,-7777,0,-99,0,1,1,,,,,,,,,,,,,,,
WDI63_927,6/6/2018,8/5/2024,WDI6,3,927,,POPTRE,5.3,-7777,0,-99,0,1,1,,,,,,,,,,,,,,,
WDI63_928,6/6/2018,8/5/2024,WDI6,3,928,,POPTRE,8.9,9.3,1,-99,0,1,1,,,,,,,,,,,,,,,
WDI63_929,6/6/2018,8/5/2024,WDI6,3,929,,POPTRE,-9999,-8888,0,-99,0,1,1,,,,,,,,,,,,,,,
WDI63_930,6/6/2018,8/5/2024,WDI6,3,930,,POPTRE,3.9,-9999,0,-99,0,1,0,,,,,,,,,,,,,,,
WDI63_931,6/6/2018,8/5/2024,WDI6,3,931,,POPTRE,4.6,-9999,0,-99,0,1,0,,,,,,,,,,,,,,,
WDI63_932,6/6/2018,8/5/2024,WDI6,3,932,,POPTRE,-9999,-9999,0,-99,0,1,0,,,,,,,,,,,,,,,
WDI63_933,6/6/2018,8/5/2024,WDI6,3,933,,POPTRE,6.6,-7777,0,-99,0,1,1,,,,,,,,,,,,,,,
WDI63_934,6/6/2018,8/5/2024,WDI6,3,934,,POPTRE,4.9,-7777,0,-99,0,1,1,,,,,,,,,,,,,,,
WDI63_935,6/6/2018,8/5/2024,WDI6,3,935,,POPTRE,9.3,9.7,1,-99,0,1,1,,,,,,,,,,,,,,,
WDI63_936,6/6/2018,8/5/2024,WDI6,3,936,,POPTRE,11.5,12.3,1,-99,0,1,1,,,,,,,,,,,,,,,
WDI63_937,6/6/2018,8/5/2024,WDI6,3,937,,POPTRE,5.7,-7777,0,-99,0,1,1,,,,,,,,,,,,,,,
WDI63_938,6/6/2018,8/5/2024,WDI6,3,938,,POPTRE,5.6,-7777,0,-99,0,1,1,,,,,,,,,,,,,,,
WDI63_939,6/6/2018,8/5/2024,WDI6,3,939,,POPTRE,9.9,10.3,1,-99,0,1,1,,,,,,,,,,,,,,,
WDI63_940,6/6/2018,8/5/2024,WDI6,3,940,,POPTRE,-9999,-8888,0,-99,0,1,1,,,,,,,,,,,,,,,
WDI63_941,6/6/2018,8/5/2024,WDI6,3,941,,POPTRE,-9999,-8888,0,-99,0,1,1,,,,,,,,,,,,,,,
WDI63_942,6/6/2018,8/5/2024,WDI6,3,942,,POPTRE,7.2,-7777,0,-99,0,1,1,,,,,,,,,,,,,,,
WDI63_943,6/6/2018,8/5/2024,WDI6,3,943,,POPTRE,11.7,13,1,-99,0,1,1,,,,,,,,,,,,,,,
WDI63_944,6/6/2018,8/5/2024,WDI6,3,944,,POPTRE,-9999,-8888,0,-99,0,1,1,,,,,,,,,,,,,,,
WDI63_945,6/6/2018,8/5/2024,WDI6,3,945,,POPTRE,5.2,-7777,0,-99,0,1,1,,,,,,,,,,,,,,,
WDI63_946,6/6/2018,8/5/2024,WDI6,3,946,,POPTRE,-9999,-8888,0,-99,0,1,1,,,,,,,,,,,,,,,
WDI63_947,6/6/2018,8/5/2024,WDI6,3,947,,POPTRE,4.4,-9999,1,-99,0,1,0,,,,,,,,,,,,,,,
WDI63_948,6/6/2018,8/5/2024,WDI6,3,948,,POPTRE,7.9,-7777,0,-99,0,1,1,,,,,,,,,,,,,,,
WDI63_949,6/6/2018,8/5/2024,WDI6,3,949,,POPTRE,5,-7777,0,-99,0,1,1,,,,,,,,,,,,,,,
WDI63_950,6/6/2018,8/5/2024,WDI6,3,950,,POPTRE,-9999,-9999,0,-99,0,1,0,,,,,,,,,,,,,,,
WDI63_951,6/6/2018,8/5/2024,WDI6,3,951,,POPTRE,10.5,11.2,1,-99,0,1,1,,,,,,,,,,,,,,,
WDI63_952,6/6/2018,8/5/2024,WDI6,3,952,,POPTRE,-9999,-8888,0,-99,0,1,1,,,,,,,,,,,,,,,
WDI63_953,6/6/2018,8/5/2024,WDI6,3,953,,POPTRE,5.5,-7777,0,-99,0,1,1,,,,,,,,,,,,,,,
WDI63_954,6/6/2018,8/5/2024,WDI6,3,954,,POPTRE,11.6,12.6,1,-99,0,1,1,,,,,,,,,,,,,,,
WDI63_955,6/6/2018,8/5/2024,WDI6,3,955,,POPTRE,-9999,-7777,0,-99,0,1,1,,,,,,,,,,,,,,,
WDI63_956,6/6/2018,8/5/2024,WDI6,3,956,,POPTRE,-9999,-7777,0,-99,0,1,1,,,,,,,,,,,,,,,
WDI63_957,6/6/2018,8/5/2024,WDI6,3,957,,POPTRE,7.5,7.6,1,-99,0,1,1,,,,,,,,,,,,,,,
WDI63_958,6/6/2018,8/5/2024,WDI6,3,958,,POPTRE,8.4,8.6,1,-99,0,1,1,,,,,,,,,,,,,,,
WDI63_959,6/6/2018,8/5/2024,WDI6,3,959,,POPTRE,-9999,-9999,0,-99,0,1,0,,,,,,,,,,,,,,,
WDI63_960,6/6/2018,8/5/2024,WDI6,3,960,,POPTRE,5.8,-7777,0,-99,0,1,1,,,,,,,,,,,,,,,
WDI63_961,6/6/2018,8/5/2024,WDI6,3,961,,POPTRE,6.1,-7777,0,-99,0,1,1,,,,,,,,,,,,,,,
WDI63_962,6/6/2018,8/5/2024,WDI6,3,962,,POPTRE,9.2,-9999,1,-99,0,1,0,,,,,,,,,,,,,,,
WDI63_963,6/6/2018,8/5/2024,WDI6,3,963,,POPTRE,3.7,-7777,0,-99,0,1,1,,,,,,,,,,,,,,,
WDI63_964,6/6/2018,8/5/2024,WDI6,3,964,,POPTRE,6.1,-9999,1,-99,0,1,0,,,,,,,,,,,,,,,
WDI63_965,6/6/2018,8/5/2024,WDI6,3,965,,POPTRE,5.7,-7777,0,-99,0,1,1,,,,,,,,,,,,,,,
WDI63_966,6/6/2018,8/5/2024,WDI6,3,966,,POPTRE,11.5,-7777,0,5,0,1,1,,,,,,,,,,,,,,,
WDI63_2202,,8/5/2024,WDI6,3,2202,,PICGLA,,3.9,1,-99,0,1,1,,,,,,,,,,,,,,,
WDI63_2203,,8/5/2024,WDI6,3,2203,,PICGLA,,5.3,1,-99,0,1,1,,,,,,,,,,,,,,,
WDI63_2204,,8/5/2024,WDI6,3,2204,,BETNEO,,2.9,1,-99,0,1,1,,,,,,,,,,,,,,,
WDI64_21,6/6/2018,8/5/2024,WDI6,4,21,,POPTRE,4.9,-7777,0,-99,0,1,1,,,,,,,,,,,,,,,
WDI64_22,6/6/2018,8/5/2024,WDI6,4,22,,POPTRE,2.7,-7777,0,-99,0,1,1,,,,,,,,,,,,,,,
WDI64_23,6/6/2018,8/5/2024,WDI6,4,23,,POPTRE,4.6,4.7,1,-99,0,1,1,,,,,,,,,,,,,,,
WDI64_24,6/6/2018,8/5/2024,WDI6,4,24,,POPTRE,6.2,-7777,0,-99,0,1,1,,,,,,,,,,,,,,,
WDI64_25,6/6/2018,8/5/2024,WDI6,4,25,,POPTRE,-9999,-9999,0,-99,0,1,0,,,,,,,,,,,,,,,
WDI64_26,6/6/2018,8/5/2024,WDI6,4,26,,POPTRE,6.6,6.9,1,-99,0,1,1,,,,,,,,,,,,,,,
WDI64_27,6/6/2018,8/5/2024,WDI6,4,27,,POPTRE,3.8,-7777,0,-99,0,1,1,,,,,,,,,,,,,,,
WDI64_28,6/6/2018,8/5/2024,WDI6,4,28,,POPTRE,5,5.1,1,-99,0,1,1,,,,,,,,,,,,,,,
WDI64_29,6/6/2018,8/5/2024,WDI6,4,29,,POPTRE,9.1,9.9,1,-99,0,1,1,,,,,,,,,,,,,,,
WDI64_30,6/6/2018,8/5/2024,WDI6,4,30,,POPTRE,11.8,13,1,-99,0,1,1,,,,,,,,,,,,,,,
WDI64_31,6/6/2018,8/5/2024,WDI6,4,31,,POPTRE,-9999,-7777,0,-99,0,1,1,,,,,,,,,,,,,,,
WDI64_32,6/6/2018,8/5/2024,WDI6,4,32,,POPTRE,9.8,10.5,1,-99,0,1,1,,,,,,,,,,,,,,,
WDI64_33,6/6/2018,8/5/2024,WDI6,4,33,,POPTRE,2.9,-7777,0,-99,0,1,1,,,,,,,,,,,,,,,
WDI64_34,6/6/2018,8/5/2024,WDI6,4,34,,POPTRE,5.3,-7777,0,-99,0,1,1,,,,,,,,,,,,,,,
WDI64_35,6/6/2018,8/5/2024,WDI6,4,35,,POPTRE,-9999,-9999,0,-99,0,1,0,,,,,,,,,,,,,,,
WDI64_36,6/6/2018,8/5/2024,WDI6,4,36,,POPTRE,6.4,6.5,1,-99,0,1,1,,,,,,,,,,,,,,,
WDI64_37,6/6/2018,8/5/2024,WDI6,4,37,,POPTRE,6.7,6.8,1,-99,0,1,1,,,,,,,,,,,,,,,
WDI64_38,6/6/2018,8/5/2024,WDI6,4,38,,POPTRE,3.8,-7777,0,-99,0,1,1,,,,,,,,,,,,,,,
WDI64_39,6/6/2018,8/5/2024,WDI6,4,39,,POPTRE,7.1,7.3,1,-99,0,1,1,,,,,,,,,,,,,,,
WDI64_40,6/6/2018,8/5/2024,WDI6,4,40,,POPTRE,3.4,-7777,0,-99,0,1,1,,,,,,,,,,,,,,,
WDI64_41,6/6/2018,8/5/2024,WDI6,4,41,,POPTRE,6,-7777,0,-99,0,1,1,,,,,,,,,,,,,,,
WDI64_42,6/6/2018,8/5/2024,WDI6,4,42,,POPTRE,3.3,-7777,0,-99,0,1,1,,,,,,,,,,,,,,,
WDI64_43,6/6/2018,8/5/2024,WDI6,4,43,,POPTRE,4.5,-7777,0,-99,0,1,1,,,,,,,,,,,,,,,
WDI64_44,6/6/2018,8/5/2024,WDI6,4,44,,POPTRE,7.8,8.2,1,-99,0,1,1,,,,,,,,,,,,,,,
WDI64_45,6/6/2018,8/5/2024,WDI6,4,45,,POPTRE,7,7.2,1,-99,0,1,1,,,,,,,,,,,,,,,
WDI64_46,6/6/2018,8/5/2024,WDI6,4,46,,POPTRE,4.2,-7777,0,-99,0,1,1,,,,,,,,,,,,,,,
WDI64_47,6/6/2018,8/5/2024,WDI6,4,47,,POPTRE,3.6,-7777,0,-99,0,1,1,,,,,,,,,,,,,,,
WDI64_48,6/6/2018,8/5/2024,WDI6,4,48,,POPTRE,10.3,11.2,1,-99,0,1,1,,,,,,,,,,,,,,,
WDI64_49,6/6/2018,8/5/2024,WDI6,4,49,,POPTRE,10.2,11.1,1,-99,0,1,1,,,,,,,,,,,,,,,
WDI64_50,6/6/2018,8/5/2024,WDI6,4,50,,POPTRE,4.9,-7777,0,-99,0,1,1,,,,,,,,,,,,,,,
WDI64_51,6/6/2018,8/5/2024,WDI6,4,51,,POPTRE,4.8,4.9,1,-99,0,1,1,,,,,,,,,,,,,,,
WDI64_52,6/6/2018,8/5/2024,WDI6,4,52,,POPTRE,7.1,7.2,1,-99,0,1,1,,,,,,,,,,,,,,,
WDI64_53,6/6/2018,8/5/2024,WDI6,4,53,,POPTRE,3.3,-7777,0,-99,0,1,1,,,,,,,,,,,,,,,
WDI64_54,6/6/2018,8/5/2024,WDI6,4,54,,POPTRE,10.5,11.4,1,-99,0,1,1,,,,,,,,,,,,,,,
WDI64_55,6/6/2018,8/5/2024,WDI6,4,55,,POPTRE,6.1,-7777,0,-99,0,1,1,,,,,,,,,,,,,,,
WDI64_56,6/6/2018,8/5/2024,WDI6,4,56,,POPTRE,6.5,6.4,1,-99,0,1,1,,,,,,,,,,,,,,,
WDI64_57,6/6/2018,8/5/2024,WDI6,4,57,,POPTRE,4.4,4.4,1,-99,0,1,1,,,,,,,,,,,,,,,
WDI64_58,6/6/2018,8/5/2024,WDI6,4,58,,POPTRE,3.6,-9999,0,-99,0,1,0,,,,,,,,,,,,,,,
WDI64_59,6/6/2018,8/5/2024,WDI6,4,59,,POPTRE,9.4,10.1,1,-99,0,1,1,,,,,,,,,,,,,,,
WDI64_60,6/6/2018,8/5/2024,WDI6,4,60,,POPTRE,3.9,3.9,1,-99,0,1,1,,,,,,,,,,,,,,,
WDI64_61,6/6/2018,8/5/2024,WDI6,4,61,,POPTRE,8.8,9.6,1,-99,0,1,1,,,,,,,,,,,,,,,
WDI64_62,6/6/2018,8/5/2024,WDI6,4,62,,POPTRE,-9999,-8888,0,-99,0,1,1,,,,,,,,,,,,,,,
WDI64_63,6/6/2018,8/5/2024,WDI6,4,63,,POPTRE,6.9,7.4,1,-99,0,1,1,,,,,,,,,,,,,,,
WDI64_64,6/6/2018,8/5/2024,WDI6,4,64,,POPTRE,5.2,-7777,0,-99,0,1,1,,,,,,,,,,,,,,,
WDI64_65,6/6/2018,8/5/2024,WDI6,4,65,,POPTRE,-9999,-9999,0,-99,0,1,0,,,,,,,,,,,,,,,
WDI64_66,6/6/2018,8/5/2024,WDI6,4,66,,POPTRE,4.9,4.9,1,-99,0,1,1,,,,,,,,,,,,,,,
WDI64_67,6/6/2018,8/5/2024,WDI6,4,67,,POPTRE,-9999,-8888,0,-99,0,1,1,,,,,,,,,,,,,,,
WDI64_68,6/6/2018,8/5/2024,WDI6,4,68,,POPTRE,5.3,5.4,1,-99,0,1,1,,,,,,,,,,,,,,,
WDI64_69,6/6/2018,8/5/2024,WDI6,4,69,,POPTRE,3.8,3.7,1,-99,0,1,1,,,,,,,,,,,,,,,
WDI64_70,6/6/2018,8/5/2024,WDI6,4,70,,POPTRE,5.6,5.6,1,-99,0,1,1,,,,,,,,,,,,,,,
WDI64_71,6/6/2018,8/5/2024,WDI6,4,71,,POPTRE,-9999,-8888,0,-99,0,1,1,,,,,,,,,,,,,,,
WDI64_72,6/6/2018,8/5/2024,WDI6,4,72,,POPTRE,8.9,9.3,1,-99,0,1,1,,,,,,,,,,,,,,,
WDI64_73,6/6/2018,8/5/2024,WDI6,4,73,,POPTRE,10.9,11.8,1,-99,0,1,1,,,,,,,,,,,,,,,
WDI64_74,6/6/2018,8/5/2024,WDI6,4,74,,POPTRE,-9999,-9999,0,-99,0,1,0,,,,,,,,,,,,,,,
WDI64_75,6/6/2018,8/5/2024,WDI6,4,75,,POPTRE,3.9,-7777,0,-99,0,1,1,,,,,,,,,,,,,,,
WDI64_76,6/6/2018,8/5/2024,WDI6,4,76,,POPTRE,5.3,5.3,1,-99,0,1,1,,,,,,,,,,,,,,,
WDI64_77,6/6/2018,8/5/2024,WDI6,4,77,,POPTRE,5.1,-7777,0,-99,0,1,1,,,,,,,,,,,,,,,
WDI64_78,6/6/2018,8/5/2024,WDI6,4,78,,POPTRE,-9999,-9999,0,-99,0,1,0,,,,,,,,,,,,,,,
WDI64_79,6/6/2018,8/5/2024,WDI6,4,79,,POPTRE,11,11.7,1,-99,0,1,1,,,,,,,,,,,,,,,
WDI64_80,6/6/2018,8/5/2024,WDI6,4,80,,POPTRE,5.2,-7777,0,-99,0,1,1,,,,,,,,,,,,,,,
WDI64_81,6/6/2018,8/5/2024,WDI6,4,81,,POPTRE,6.8,6.9,1,-99,0,1,1,,,,,,,,,,,,,,,
WDI64_82,6/6/2018,8/5/2024,WDI6,4,82,,POPTRE,5.6,-7777,0,-99,0,1,1,,,,,,,,,,,,,,,
WDI64_83,6/6/2018,8/5/2024,WDI6,4,83,,POPTRE,4.5,-7777,0,-99,0,1,1,,,,,,,,,,,,,,,
WDI64_84,6/6/2018,8/5/2024,WDI6,4,84,,POPTRE,-9999,-7777,0,-99,0,1,1,,,,,,,,,,,,,,,
WDI64_85,6/6/2018,8/5/2024,WDI6,4,85,,POPTRE,10.1,10.9,1,-99,0,1,1,,,,,,,,,,,,,,,
WDI64_86,6/6/2018,8/5/2024,WDI6,4,86,,POPTRE,7.2,7.7,1,-99,0,1,1,,,,,,,,,,,,,,,
WDI64_87,6/6/2018,8/5/2024,WDI6,4,87,,POPTRE,-9999,-8888,0,-99,0,1,1,,,,,,,,,,,,,,,
WDI64_88,6/6/2018,8/5/2024,WDI6,4,88,,POPTRE,-9999,-8888,0,-99,0,1,1,,,,,,,,,,,,,,,
WDI64_89,6/6/2018,8/5/2024,WDI6,4,89,,POPTRE,4.8,4.7,1,-99,0,1,1,,,,,,,,,,,,,,,
WDI64_90,6/6/2018,8/5/2024,WDI6,4,90,,POPTRE,5.3,-9999,0,-99,0,1,0,,,,,,,,,,,,,,,
WDI64_91,6/6/2018,8/5/2024,WDI6,4,91,,POPTRE,-9999,-8888,0,-99,0,1,1,,,,,,,,,,,,,,,
WDI64_92,6/6/2018,8/5/2024,WDI6,4,92,,POPTRE,10.5,11.4,1,-99,0,1,1,,,,,,,,,,,,,,,
WDI64_93,6/6/2018,8/5/2024,WDI6,4,93,,POPTRE,2.8,-9999,0,-99,0,1,0,,,,,,,,,,,,,,,
WDI64_94,6/6/2018,8/5/2024,WDI6,4,94,,POPTRE,5.9,6,1,-99,0,1,1,,,,,,,,,,,,,,,
WDI64_95,6/6/2018,8/5/2024,WDI6,4,95,,POPTRE,5,-7777,0,-99,0,1,1,,,,,,,,,,,,,,,
WDI64_96,6/6/2018,8/5/2024,WDI6,4,96,,POPTRE,4.2,-7777,0,-99,0,1,1,,,,,,,,,,,,,,,
WDI64_97,6/6/2018,8/5/2024,WDI6,4,97,,POPTRE,-9999,-9999,0,-99,0,1,0,,,,,,,,,,,,,,,
WDI64_98,6/6/2018,8/5/2024,WDI6,4,98,,POPTRE,10.1,11.2,1,-99,0,1,1,,,,,,,,,,,,,,,
WDI64_99,6/6/2018,8/5/2024,WDI6,4,99,,POPTRE,5.4,-7777,0,-99,0,1,1,,,,,,,,,,,,,,,
WDI64_100,6/6/2018,8/5/2024,WDI6,4,100,,POPTRE,-9999,-9999,0,-99,0,1,0,,,,,,,,,,,,,,,
WDI64_101,6/6/2018,8/5/2024,WDI6,4,101,,POPTRE,11,11.8,1,-99,0,1,1,,,,,,,,,,,,,,,
WDI64_102,6/6/2018,8/5/2024,WDI6,4,102,,POPTRE,7.7,-7777,0,-99,0,1,1,,,,,,,,,,,,,,,
WDI64_103,6/6/2018,8/5/2024,WDI6,4,103,,POPTRE,9.7,10.7,1,-99,0,1,1,,,,,,,,,,,,,,,
WDI64_104,6/6/2018,8/5/2024,WDI6,4,104,,POPTRE,5.1,-7777,0,-99,0,1,1,,,,,,,,,,,,,,,
WDI64_105,6/6/2018,8/5/2024,WDI6,4,105,,POPTRE,3.4,-7777,0,-99,0,1,1,,,,,,,,,,,,,,,
WDI64_106,6/6/2018,8/5/2024,WDI6,4,106,,POPTRE,-9999,-7777,0,-99,0,1,1,,,,,,,,,,,,,,,
WDI64_107,6/6/2018,8/5/2024,WDI6,4,107,,POPTRE,7,-7777,0,-99,0,1,1,,,,,,,,,,,,,,,
WDI64_108,6/6/2018,8/5/2024,WDI6,4,108,,POPTRE,8.9,-7777,0,-99,0,1,1,,,,,,,,,,,,,,,
WDI64_109,6/6/2018,8/5/2024,WDI6,4,109,,POPTRE,-9999,-8888,0,-99,0,1,1,,,,,,,,,,,,,,,
WDI64_110,6/6/2018,8/5/2024,WDI6,4,110,,POPTRE,8.9,9.5,1,-99,0,1,1,,,,,,,,,,,,,,,
WDI64_111,6/6/2018,8/5/2024,WDI6,4,111,,POPTRE,3.7,-7777,0,-99,0,1,1,,,,,,,,,,,,,,,
WDI64_112,6/6/2018,8/5/2024,WDI6,4,112,,POPTRE,-9999,-8888,0,-99,0,1,1,,,,,,,,,,,,,,,
WDI64_113,6/6/2018,8/5/2024,WDI6,4,113,,POPTRE,4.8,4.8,1,-99,0,1,1,,,,,,,,,,,,,,,
WDI64_114,6/6/2018,8/5/2024,WDI6,4,114,,POPTRE,-9999,-9999,0,-99,0,1,0,,,,,,,,,,,,,,,
WDI64_115,6/6/2018,8/5/2024,WDI6,4,115,,POPTRE,-9999,-8888,0,-99,0,1,1,,,,,,,,,,,,,,,
WDI64_116,6/6/2018,8/5/2024,WDI6,4,116,,POPTRE,7.8,-7777,0,-99,0,1,1,,,,,,,,,,,,,,,
WDI64_117,6/6/2018,8/5/2024,WDI6,4,117,,POPTRE,4.7,-9999,0,-99,0,1,0,,,,,,,,,,,,,,,
WDI64_118,6/6/2018,8/5/2024,WDI6,4,118,,POPTRE,-9999,-8888,0,-99,0,1,1,,,,,,,,,,,,,,,
WDI64_967,6/6/2018,8/5/2024,WDI6,4,967,,POPTRE,4.3,4.4,1,-99,0,1,1,,,,,,,,,,,,,,,
WDI64_968,6/6/2018,8/5/2024,WDI6,4,968,,POPTRE,4.5,-7777,0,-99,0,1,1,,,,,,,,,,,,,,,
WDI64_969,6/6/2018,8/5/2024,WDI6,4,969,,POPTRE,11.9,13.1,1,-99,0,1,1,,,,,,,,,,,,,,,
WDI64_970,6/6/2018,8/5/2024,WDI6,4,970,,POPTRE,6.2,6.4,1,-99,0,1,1,,,,,,,,,,,,,,,
WDI64_971,6/6/2018,8/5/2024,WDI6,4,971,,POPTRE,11.3,12.5,1,-99,0,1,1,,,,,,,,,,,,,,,
WDI64_972,6/6/2018,8/5/2024,WDI6,4,972,,POPTRE,4.6,-7777,0,-99,0,1,1,,,,,,,,,,,,,,,
WDI64_973,6/6/2018,8/5/2024,WDI6,4,973,,POPTRE,3.9,-7777,0,-99,0,1,1,,,,,,,,,,,,,,,
WDI64_974,6/6/2018,8/5/2024,WDI6,4,974,,POPTRE,3.4,-7777,0,-99,0,1,1,,,,,,,,,,,,,,,
WDI64_975,6/6/2018,8/5/2024,WDI6,4,975,,POPTRE,5.3,5.4,1,-99,0,1,1,,,,,,,,,,,,,,,
WDI64_976,6/6/2018,8/5/2024,WDI6,4,976,,POPTRE,-9999,-8888,0,-99,0,1,1,,,,,,,,,,,,,,,
WDI64_977,6/6/2018,8/5/2024,WDI6,4,977,,POPTRE,9.2,10.2,1,-99,0,1,1,,,,,,,,,,,,,,,
WDI64_978,6/6/2018,8/5/2024,WDI6,4,978,,POPTRE,9.2,9.7,1,-99,0,1,1,,,,,,,,,,,,,,,
WDI64_979,6/6/2018,8/5/2024,WDI6,4,979,,POPTRE,8.5,8.9,1,-99,0,1,1,,,,,,,,,,,,,,,
WDI64_980,6/6/2018,8/5/2024,WDI6,4,980,,POPTRE,5.6,-7777,0,-99,0,1,1,,,,,,,,,,,,,,,
WDI64_981,6/6/2018,8/5/2024,WDI6,4,981,,POPTRE,3.1,-7777,0,-99,0,1,1,,,,,,,,,,,,,,,
WDI64_982,6/6/2018,8/5/2024,WDI6,4,982,,POPTRE,-9999,-8888,0,-99,0,1,1,,,,,,,,,,,,,,,
WDI64_983,6/6/2018,8/5/2024,WDI6,4,983,,POPTRE,4.9,-7777,0,-99,0,1,1,,,,,,,,,,,,,,,
WDI64_984,6/6/2018,8/5/2024,WDI6,4,984,,POPTRE,-9999,-8888,0,-99,0,1,1,,,,,,,,,,,,,,,
WDI64_985,6/6/2018,8/5/2024,WDI6,4,985,,POPTRE,6.1,6.2,1,-99,0,1,1,,,,,,,,,,,,,,,
WDI64_986,6/6/2018,8/5/2024,WDI6,4,986,,POPTRE,3.1,-7777,0,-99,0,1,1,,,,,,,,,,,,,,,
WDI64_987,6/6/2018,8/5/2024,WDI6,4,987,,POPTRE,5.1,5.2,1,-99,0,1,1,,,,,,,,,,,,,,,
WDI64_988,6/6/2018,8/5/2024,WDI6,4,988,,POPTRE,-9999,-8888,0,-99,0,1,1,,,,,,,,,,,,,,,
WDI64_989,6/6/2018,8/5/2024,WDI6,4,989,,POPTRE,6.3,6.4,1,-99,0,1,1,,,,,,,,,,,,,,,
WDI64_990,6/6/2018,8/5/2024,WDI6,4,990,,POPTRE,-9999,-8888,0,-99,0,1,1,,,,,,,,,,,,,,,
WDI64_991,6/6/2018,8/5/2024,WDI6,4,991,,POPTRE,4.7,-7777,0,-99,0,1,1,,,,,,,,,,,,,,,
WDI64_992,6/6/2018,8/5/2024,WDI6,4,992,,POPTRE,6.7,6.9,1,-99,0,1,1,,,,,,,,,,,,,,,
WDI64_993,6/6/2018,8/5/2024,WDI6,4,993,,POPTRE,4.7,-7777,0,-99,0,1,1,,,,,,,,,,,,,,,
WDI64_994,6/6/2018,8/5/2024,WDI6,4,994,,POPTRE,3.7,-7777,0,-99,0,1,1,,,,,,,,,,,,,,,
WDI64_995,6/6/2018,8/5/2024,WDI6,4,995,,POPTRE,9.2,10.3,1,-99,0,1,1,,,,,,,,,,,,,,,
WDI64_996,6/6/2018,8/5/2024,WDI6,4,996,,POPTRE,6.8,7.1,1,-99,0,1,1,,,,,,,,,,,,,,,
WDI64_997,6/6/2018,8/5/2024,WDI6,4,997,,POPTRE,6.2,6.6,1,-99,0,1,1,,,,,,,,,,,,,,,
WDI64_998,6/6/2018,8/5/2024,WDI6,4,998,,POPTRE,3,-7777,0,-99,0,1,1,,,,,,,,,,,,,,,
WDI64_999,6/6/2018,8/5/2024,WDI6,4,999,,POPTRE,8.7,11.1,1,-99,0,1,1,,,,,,,,,,,,,,,
WDI64_1000,6/6/2018,8/5/2024,WDI6,4,1000,,PICMAR,-9999,-7777,0,-99,0,1,1,,,,,,,,,,,,,,,
WDI64_2205,,8/5/2024,WDI6,4,2205,,PICGLA,,4,1,-99,0,1,1,,,,,,,,,,,,,,,
WDI66_119,6/6/2018,8/5/2024,WDI6,6,119,,POPTRE,6.5,6.7,1,-99,0,1,1,,,,,,,,,,,,,,,
WDI66_120,6/6/2018,8/5/2024,WDI6,6,120,,POPTRE,3.4,-7777,0,-99,0,1,1,,,,,,,,,,,,,,,
WDI66_121,6/6/2018,8/5/2024,WDI6,6,121,,POPTRE,6.7,6.8,1,-99,0,1,1,,,,,,,,,,,,,,,
WDI66_122,6/6/2018,8/5/2024,WDI6,6,122,,POPTRE,-9999,-8888,0,-99,0,1,1,,,,,,,,,,,,,,,
WDI66_123,6/6/2018,8/5/2024,WDI6,6,123,,POPTRE,-7777,-8888,0,-99,0,1,1,,,,,,,,,,,,,,,
WDI66_124,6/6/2018,8/5/2024,WDI6,6,124,,POPTRE,7.4,7.7,1,-99,0,1,1,,,,,,,,,,,,,,,
WDI66_125,6/6/2018,8/5/2024,WDI6,6,125,,POPTRE,-7777,-8888,0,-99,0,1,1,,,,,,,,,,,,,,,
WDI66_126,6/6/2018,8/5/2024,WDI6,6,126,,POPTRE,-7777,-8888,0,-99,0,1,1,,,,,,,,,,,,,,,
WDI66_127,6/6/2018,8/5/2024,WDI6,6,127,,POPTRE,-7777,-8888,0,-99,0,1,1,,,,,,,,,,,,,,,
WDI66_128,6/6/2018,8/5/2024,WDI6,6,128,,POPTRE,3.1,-7777,0,-99,0,1,1,,,,,,,,,,,,,,,
WDI66_129,6/6/2018,8/5/2024,WDI6,6,129,,POPTRE,9.3,10.7,1,-99,0,1,1,,,,,,,,,,,,,,,
WDI66_130,6/6/2018,8/5/2024,WDI6,6,130,,POPTRE,8.1,8.6,1,-99,0,1,1,,,,,,,,,,,,,,,
WDI66_131,6/6/2018,8/5/2024,WDI6,6,131,,POPTRE,5,-7777,0,-99,0,1,1,,,,,,,,,,,,,,,
WDI66_132,6/6/2018,8/5/2024,WDI6,6,132,,POPTRE,6.1,6.3,1,-99,0,1,1,,,,,,,,,,,,,,,
WDI66_133,6/6/2018,8/5/2024,WDI6,6,133,,POPTRE,5.1,5.3,1,-99,0,1,1,,,,,,,,,,,,,,,
WDI66_134,6/6/2018,8/5/2024,WDI6,6,134,,POPTRE,4.5,-7777,0,-99,0,1,1,,,,,,,,,,,,,,,
WDI66_135,6/6/2018,8/5/2024,WDI6,6,135,,POPTRE,5.6,5.6,1,-99,0,1,1,,,,,,,,,,,,,,,
WDI66_136,6/6/2018,8/5/2024,WDI6,6,136,,POPTRE,-7777,-8888,0,-99,0,1,1,,,,,,,,,,,,,,,
WDI66_137,6/6/2018,8/5/2024,WDI6,6,137,,PICMAR,-7777,-9999,0,-99,0,1,0,,,,,,,,,,,,,,,
WDI66_138,6/6/2018,8/5/2024,WDI6,6,138,,POPTRE,-7777,-8888,0,-99,0,1,1,,,,,,,,,,,,,,,
WDI66_139,6/6/2018,8/5/2024,WDI6,6,139,,POPTRE,4.1,4,1,-99,0,1,1,,,,,,,,,,,,,,,
WDI66_140,6/6/2018,8/5/2024,WDI6,6,140,,POPTRE,4.7,4.8,1,-99,0,1,1,,,,,,,,,,,,,,,
WDI66_141,6/6/2018,8/5/2024,WDI6,6,141,,POPTRE,8,8.3,1,-99,0,1,1,,,,,,,,,,,,,,,
WDI66_142,6/6/2018,8/5/2024,WDI6,6,142,,POPTRE,4.6,4.6,1,-99,0,1,1,,,,,,,,,,,,,,,
WDI66_143,6/6/2018,8/5/2024,WDI6,6,143,,POPTRE,7.8,8.6,1,-99,0,1,1,,,,,,,,,,,,,,,
WDI66_144,6/6/2018,8/5/2024,WDI6,6,144,,POPTRE,10.1,-9999,0,-99,0,1,0,,,,,,,,,,,,,,,
WDI66_145,6/6/2018,8/5/2024,WDI6,6,145,,POPTRE,8.1,8.6,1,-99,0,1,1,,,,,,,,,,,,,,,
WDI66_146,6/6/2018,8/5/2024,WDI6,6,146,,POPTRE,10.3,11.4,1,-99,0,1,1,,,,,,,,,,,,,,,
WDI66_147,6/6/2018,8/5/2024,WDI6,6,147,,POPTRE,8.4,-7777,0,-99,0,1,1,,,,,,,,,,,,,,,
WDI66_148,6/6/2018,8/5/2024,WDI6,6,148,,POPTRE,4,-7777,0,-99,0,1,1,,,,,,,,,,,,,,,
WDI66_149,6/6/2018,8/5/2024,WDI6,6,149,,POPTRE,10.5,11.8,1,-99,0,1,1,,,,,,,,,,,,,,,
WDI66_150,6/6/2018,8/5/2024,WDI6,6,150,,POPTRE,3.9,-7777,0,-99,0,1,1,,,,,,,,,,,,,,,
WDI66_151,6/6/2018,8/5/2024,WDI6,6,151,,POPTRE,10.2,11.4,1,-99,0,1,1,,,,,,,,,,,,,,,
WDI66_152,6/6/2018,8/5/2024,WDI6,6,152,,POPTRE,6.4,-7777,0,-99,0,1,1,,,,,,,,,,,,,,,
WDI66_153,6/6/2018,8/5/2024,WDI6,6,153,,POPTRE,5.2,-7777,0,-99,0,1,1,,,,,,,,,,,,,,,
WDI66_154,6/6/2018,8/5/2024,WDI6,6,154,,POPTRE,7,7.4,1,-99,0,1,1,,,,,,,,,,,,,,,
WDI66_155,6/6/2018,8/5/2024,WDI6,6,155,,POPTRE,5.4,5.4,1,-99,0,1,1,,,,,,,,,,,,,,,
WDI66_156,6/6/2018,8/5/2024,WDI6,6,156,,POPTRE,4.2,-7777,0,-99,0,1,1,,,,,,,,,,,,,,,
WDI66_157,6/6/2018,8/5/2024,WDI6,6,157,,POPTRE,6.1,6.2,1,-99,0,1,1,,,,,,,,,,,,,,,
WDI66_158,6/6/2018,8/5/2024,WDI6,6,158,,POPTRE,4.3,-9999,0,-99,0,1,0,,,,,,,,,,,,,,,
WDI66_159,6/6/2018,8/5/2024,WDI6,6,159,,POPTRE,-7777,-8888,0,-99,0,1,1,,,,,,,,,,,,,,,
WDI66_160,6/6/2018,8/5/2024,WDI6,6,160,,POPTRE,-7777,-8888,0,-99,0,1,1,,,,,,,,,,,,,,,
WDI66_161,6/6/2018,8/5/2024,WDI6,6,161,,POPTRE,7.3,7.6,1,-99,0,1,1,,,,,,,,,,,,,,,
WDI66_162,6/6/2018,8/5/2024,WDI6,6,162,,POPTRE,7.6,8,1,-99,0,1,1,,,,,,,,,,,,,,,
WDI66_163,6/6/2018,8/5/2024,WDI6,6,163,,POPTRE,4.9,4.9,1,-99,0,1,1,,,,,,,,,,,,,,,
WDI66_164,6/6/2018,8/5/2024,WDI6,6,164,,POPTRE,3.9,-7777,0,-99,0,1,1,,,,,,,,,,,,,,,
WDI66_165,6/6/2018,8/5/2024,WDI6,6,165,,POPTRE,7.5,-9999,0,-99,0,1,0,,,,,,,,,,,,,,,
WDI66_166,6/6/2018,8/5/2024,WDI6,6,166,,POPTRE,3.3,-7777,0,-99,0,1,1,,,,,,,,,,,,,,,
WDI66_167,6/6/2018,8/5/2024,WDI6,6,167,,POPTRE,5,-7777,0,-99,0,1,1,,,,,,,,,,,,,,,
WDI66_168,6/6/2018,8/5/2024,WDI6,6,168,,POPTRE,8.7,9.5,1,-99,0,1,1,,,,,,,,,,,,,,,
WDI66_169,6/6/2018,8/5/2024,WDI6,6,169,,POPTRE,9.1,10.4,1,-99,0,1,1,,,,,,,,,,,,,,,
WDI66_170,6/6/2018,8/5/2024,WDI6,6,170,,POPTRE,-7777,-8888,0,-99,0,1,1,,,,,,,,,,,,,,,
WDI66_171,6/6/2018,8/5/2024,WDI6,6,171,,POPTRE,-7777,-8888,0,-99,0,1,1,,,,,,,,,,,,,,,
WDI66_172,6/6/2018,8/5/2024,WDI6,6,172,,POPTRE,10.2,11.4,1,-99,0,1,1,,,,,,,,,,,,,,,
WDI66_173,6/6/2018,8/5/2024,WDI6,6,173,,POPTRE,6.1,6.4,1,-99,0,1,1,,,,,,,,,,,,,,,
WDI66_174,6/6/2018,8/5/2024,WDI6,6,174,,POPTRE,2.5,-9999,0,-99,0,1,0,,,,,,,,,,,,,,,
WDI66_175,6/6/2018,8/5/2024,WDI6,6,175,,POPTRE,5.3,5.5,1,-99,0,1,1,,,,,,,,,,,,,,,
WDI66_176,6/6/2018,8/5/2024,WDI6,6,176,,POPTRE,-7777,-8888,0,-99,0,1,1,,,,,,,,,,,,,,,
WDI66_177,6/6/2018,8/5/2024,WDI6,6,177,,POPTRE,4,4,1,-99,0,1,1,,,,,,,,,,,,,,,
WDI66_178,6/6/2018,8/5/2024,WDI6,6,178,,POPTRE,5,5.8,1,-99,0,1,1,,,,,,,,,,,,,,,
WDI66_179,6/6/2018,8/5/2024,WDI6,6,179,,POPTRE,4.1,4.1,1,-99,0,1,1,,,,,,,,,,,,,,,
WDI66_180,6/6/2018,8/5/2024,WDI6,6,180,,POPTRE,-7777,-9999,0,-99,0,1,0,,,,,,,,,,,,,,,
WDI66_181,6/6/2018,8/5/2024,WDI6,6,181,,POPTRE,4.3,-7777,0,-99,0,1,1,,,,,,,,,,,,,,,
WDI66_182,6/6/2018,8/5/2024,WDI6,6,182,,POPTRE,8.6,9,1,-99,0,1,1,,,,,,,,,,,,,,,
WDI66_183,6/6/2018,8/5/2024,WDI6,6,183,,POPTRE,6.7,6.9,1,-99,0,1,1,,,,,,,,,,,,,,,
WDI66_184,6/6/2018,8/5/2024,WDI6,6,184,,POPTRE,4.2,-7777,0,-99,0,1,1,,,,,,,,,,,,,,,
WDI66_185,6/6/2018,8/5/2024,WDI6,6,185,,PICMAR,-7777,-9999,0,-99,0,1,0,,,,,,,,,,,,,,,
WDI66_186,6/6/2018,8/5/2024,WDI6,6,186,,POPTRE,-7777,-8888,0,-99,0,1,1,,,,,,,,,,,,,,,
WDI66_187,6/6/2018,8/5/2024,WDI6,6,187,,POPTRE,-7777,-9999,0,-99,0,1,0,,,,,,,,,,,,,,,
WDI66_188,6/6/2018,8/5/2024,WDI6,6,188,,POPTRE,-7777,-8888,0,-99,0,1,1,,,,,,,,,,,,,,,
WDI66_189,6/6/2018,8/5/2024,WDI6,6,189,,POPTRE,7.8,-7777,0,-99,0,1,1,,,,,,,,,,,,,,,
WDI66_190,6/6/2018,8/5/2024,WDI6,6,190,,POPTRE,6,6.1,1,-99,0,1,1,,,,,,,,,,,,,,,
WDI66_191,6/6/2018,8/5/2024,WDI6,6,191,,POPTRE,4,-7777,0,-99,0,1,1,,,,,,,,,,,,,,,
WDI66_192,6/6/2018,8/5/2024,WDI6,6,192,,POPTRE,-7777,-9999,0,-99,0,1,0,,,,,,,,,,,,,,,
WDI66_193,6/6/2018,8/5/2024,WDI6,6,193,,POPTRE,-7777,-7777,0,-99,0,1,1,,,,,,,,,,,,,,,
WDI66_194,6/6/2018,8/5/2024,WDI6,6,194,,POPTRE,7.6,8.1,1,-99,0,1,1,,,,,,,,,,,,,,,
WDI66_195,6/6/2018,8/5/2024,WDI6,6,195,,POPTRE,-7777,-8888,0,-99,0,1,1,,,,,,,,,,,,,,,
WDI66_196,6/6/2018,8/5/2024,WDI6,6,196,,POPTRE,9.9,11,1,-99,0,1,1,,,,,,,,,,,,,,,
WDI66_197,6/6/2018,8/5/2024,WDI6,6,197,,POPTRE,4.3,4.3,1,-99,0,1,1,,,,,,,,,,,,,,,
WDI66_198,6/6/2018,8/5/2024,WDI6,6,198,,POPTRE,4.1,-7777,0,-99,0,1,1,,,,,,,,,,,,,,,
WDI66_199,6/6/2018,8/5/2024,WDI6,6,199,,POPTRE,8.5,9.7,1,-99,0,1,1,,,,,,,,,,,,,,,
WDI66_200,6/6/2018,8/5/2024,WDI6,6,200,,POPTRE,-7777,-8888,0,-99,0,1,1,,,,,,,,,,,,,,,
WDI66_201,6/6/2018,8/5/2024,WDI6,6,201,,POPTRE,4.3,-7777,0,-99,0,1,1,,,,,,,,,,,,,,,
WDI66_202,6/6/2018,8/5/2024,WDI6,6,202,,POPTRE,3.8,-9999,0,-99,0,1,0,,,,,,,,,,,,,,,
WDI66_203,6/6/2018,8/5/2024,WDI6,6,203,,POPTRE,8,8.3,1,-99,0,1,1,,,,,,,,,,,,,,,
WDI66_204,6/6/2018,8/5/2024,WDI6,6,204,,POPTRE,-7777,-9999,0,-99,0,1,0,,,,,,,,,,,,,,,
WDI66_205,6/6/2018,8/5/2024,WDI6,6,205,,POPTRE,10.7,11.5,1,-99,0,1,1,,,,,,,,,,,,,,,
WDI66_206,6/6/2018,8/5/2024,WDI6,6,206,,POPTRE,-7777,-7777,0,5,0,1,1,,,,,,,,,,,,,,,
WDI66_207,6/6/2018,8/5/2024,WDI6,6,207,,POPTRE,12.1,13.2,1,-99,0,1,1,,,,,,,,,,,,,,,
WDI66_208,6/6/2018,8/5/2024,WDI6,6,208,,POPTRE,4.5,-7777,0,-99,0,1,1,,,,,,,,,,,,,,,
WDI66_209,6/6/2018,8/5/2024,WDI6,6,209,,POPTRE,-7777,-8888,0,-99,0,1,1,,,,,,,,,,,,,,,
WDI66_210,6/6/2018,8/5/2024,WDI6,6,210,,POPTRE,-7777,-8888,0,-99,0,1,1,,,,,,,,,,,,,,,
WDI66_211,6/6/2018,8/5/2024,WDI6,6,211,,POPTRE,4.7,4.7,1,-99,0,1,1,,,,canker,,,,,,,,,,,
WDI66_212,6/6/2018,8/5/2024,WDI6,6,212,,POPTRE,3,-9999,0,-99,0,1,0,,,,,,,,,,,,,,,
WDI66_213,6/6/2018,8/5/2024,WDI6,6,213,,POPTRE,10.2,11.3,1,-99,0,1,1,,,,,,,,,,,,,,,
WDI66_214,6/6/2018,8/5/2024,WDI6,6,214,,POPTRE,6.4,6.6,1,-99,0,1,1,,,,,,,,,,,,,,,
WDI66_215,6/6/2018,8/5/2024,WDI6,6,215,,POPTRE,5.9,5.9,1,-99,0,1,1,,,,,,,,,,,,,,,
WDI66_216,6/6/2018,8/5/2024,WDI6,6,216,,POPTRE,-7777,-8888,0,-99,0,1,1,,,,,,,,,,,,,,,
WDI66_217,6/6/2018,8/5/2024,WDI6,6,217,,POPTRE,10.1,10.8,1,-99,0,1,1,,,,,,,,,,,,,,,
WDI66_218,6/6/2018,8/5/2024,WDI6,6,218,,POPTRE,-7777,-8888,0,-99,0,1,1,,,,,,,,,,,,,,,
WDI66_381,6/6/2018,8/5/2024,WDI6,6,381,,POPTRE,-7777,-8888,0,-99,0,1,1,,,,,,,,,,,,,,,
WDI66_2798,,8/5/2024,WDI6,6,2798,,PICGLA,,3.3,1,-99,0,1,1,,,,,,,,,,,,,,,
WDI66_2799,,8/5/2024,WDI6,6,2799,,PICGLA,,3.5,1,-99,0,1,1,,,,,,,,,,,,,,,
WDI67_219,6/6/2018,8/5/2024,WDI6,7,219,,POPTRE,-7777,-8888,0,-99,0,1,1,,,,,,,,,,,,,,,
WDI67_220,6/6/2018,8/5/2024,WDI6,7,220,,POPTRE,7.9,8.1,1,-99,0,1,1,,,,,,,,,,,,,,,
WDI67_221,6/6/2018,8/5/2024,WDI6,7,221,,POPTRE,-7777,-8888,0,-99,0,1,1,,,,,,,,,,,,,,,
WDI67_222,6/6/2018,8/5/2024,WDI6,7,222,,POPTRE,3,-7777,0,3,0,1,1,,,,,,,,,,,,,,,
WDI67_223,6/6/2018,8/5/2024,WDI6,7,223,,POPTRE,-7777,-8888,0,-99,0,1,1,,,,,,,,,,,,,,,
WDI67_224,6/6/2018,8/5/2024,WDI6,7,224,,POPTRE,6.8,6.8,1,-99,0,1,1,,,,,,,,,,,,,,,
WDI67_225,6/6/2018,8/5/2024,WDI6,7,225,,POPTRE,7.5,7.9,1,-99,0,1,1,,,,,,,,,,,,,,,
WDI67_226,6/6/2018,8/5/2024,WDI6,7,226,,POPTRE,5.7,-7777,0,-99,0,1,1,,,,,,,,,,,,,,,
WDI67_227,6/6/2018,8/5/2024,WDI6,7,227,,POPTRE,6.9,6.9,1,-99,0,1,1,,,,,,,,,,,,,,,
WDI67_228,6/6/2018,8/5/2024,WDI6,7,228,,POPTRE,10.5,11.5,1,-99,0,1,1,,,,,,,,,,,,,,,
WDI67_229,6/6/2018,8/5/2024,WDI6,7,229,,POPTRE,4.8,-9999,0,-99,0,1,0,,,,,,,,,,,,,,,
WDI67_230,6/6/2018,8/5/2024,WDI6,7,230,,POPTRE,5.3,-7777,0,-99,0,1,1,,,,,,,,,,,,,,,
WDI67_231,6/6/2018,8/5/2024,WDI6,7,231,,POPTRE,-7777,-8888,0,-99,0,1,1,,,,,,,,,,,,,,,
WDI67_232,6/6/2018,8/5/2024,WDI6,7,232,,POPTRE,6.5,6.6,1,-99,0,1,1,,,,,,,,,,,,,,,
WDI67_233,6/6/2018,8/5/2024,WDI6,7,233,,POPTRE,-7777,-8888,0,-99,0,1,1,,,,,,,,,,,,,,,
WDI67_234,6/6/2018,8/5/2024,WDI6,7,234,,POPTRE,-7777,-8888,0,-99,0,1,1,,,,,,,,,,,,,,,
WDI67_235,6/6/2018,8/5/2024,WDI6,7,235,,POPTRE,4.6,-7777,0,-99,0,1,1,,,,,,,,,,,,,,,
WDI67_236,6/6/2018,8/5/2024,WDI6,7,236,,POPTRE,-7777,-7777,0,-99,0,1,1,,,,,,,,,,,,,,,
WDI67_237,6/6/2018,8/5/2024,WDI6,7,237,,POPTRE,5.1,5.2,1,-99,0,1,1,,,,,,,,,,,,,,,
WDI67_238,6/6/2018,8/5/2024,WDI6,7,238,,POPTRE,-7777,-7777,0,-99,0,1,1,,,,,,,,,,,,,,,
WDI67_239,6/6/2018,8/5/2024,WDI6,7,239,,POPTRE,9.6,10.7,1,-99,0,1,1,,,,,,,,,,,,,,,
WDI67_240,6/6/2018,8/5/2024,WDI6,7,240,,POPTRE,9.1,9.8,1,-99,0,1,1,,,,,,,,,,,,,,,
WDI67_241,6/6/2018,8/5/2024,WDI6,7,241,,POPTRE,-7777,-8888,0,-99,0,1,1,,,,,,,,,,,,,,,
WDI67_242,6/6/2018,8/5/2024,WDI6,7,242,,POPTRE,11.4,12.6,1,-99,0,1,1,,canker,,,,,,,,,,,,,
WDI67_243,6/6/2018,8/5/2024,WDI6,7,243,,POPTRE,3.2,-7777,0,-99,0,1,1,,,,,,,,,,,,,,,
WDI67_244,6/6/2018,8/5/2024,WDI6,7,244,,POPTRE,6.5,6.6,1,-99,0,1,1,,,,,,,,,,,,,,,
WDI67_245,6/6/2018,8/5/2024,WDI6,7,245,,POPTRE,-7777,-9999,0,-99,0,1,0,,,,,,,,,,,,,,,
WDI67_246,6/6/2018,8/5/2024,WDI6,7,246,,POPTRE,4.4,-7777,0,-99,0,1,1,,,,,,,,,,,,,,,
WDI67_247,6/6/2018,8/5/2024,WDI6,7,247,,POPTRE,-7777,-8888,0,-99,0,1,1,,,,,,,,,,,,,,,
WDI67_248,6/6/2018,8/5/2024,WDI6,7,248,,POPTRE,9.2,9.8,1,-99,0,1,1,,,,,,,,,,,,,,,
WDI67_249,6/6/2018,8/5/2024,WDI6,7,249,,POPTRE,5.3,5.3,1,-99,0,1,1,,,,,,,,,,,,,,,
WDI67_250,6/6/2018,8/5/2024,WDI6,7,250,,POPTRE,5.3,-7777,0,-99,0,1,1,,,,,,,,,,,,,,,
WDI67_252,6/6/2018,8/5/2024,WDI6,7,252,,POPTRE,8,8.1,1,-99,0,1,1,,,,,,,,,,,,,,,
WDI67_253,6/6/2018,8/5/2024,WDI6,7,253,,POPTRE,5.6,5.6,1,-99,0,1,1,,,,,,,,,,,,,,,
WDI67_254,6/6/2018,8/5/2024,WDI6,7,254,,POPTRE,7.1,7.3,1,-99,0,1,1,,,,,,,,,,,,,,,
WDI67_255,6/6/2018,8/5/2024,WDI6,7,255,,POPTRE,6,-7777,0,-99,0,1,1,,,,,,,,,,,,,,,
WDI67_256,6/6/2018,8/5/2024,WDI6,7,256,,POPTRE,-7777,-7777,0,-99,0,1,1,,,,,,,,,,,,,,,
WDI67_257,6/6/2018,8/5/2024,WDI6,7,257,,POPTRE,10,11.3,1,-99,0,1,1,,,,,,,,,,,,,,,
WDI67_258,6/6/2018,8/5/2024,WDI6,7,258,,POPTRE,6.6,6.8,1,-99,0,1,1,,,,,,,,,,,,,,,
WDI67_259,6/6/2018,8/5/2024,WDI6,7,259,,POPTRE,10.7,11.7,1,-99,0,1,1,,,,,,,,,,,,,,,
WDI67_260,6/6/2018,8/5/2024,WDI6,7,260,,POPTRE,10.6,11.8,1,-99,0,1,1,,,,,,,,,,,,,,,
WDI67_261,6/6/2018,8/5/2024,WDI6,7,261,,POPTRE,-7777,-9999,0,-99,0,1,0,,,,,,,,,,,,,,,
WDI67_262,6/6/2018,8/5/2024,WDI6,7,262,,POPTRE,2.6,-7777,0,-99,0,1,1,,,,,,,,,,,,,,,
WDI67_263,6/6/2018,8/5/2024,WDI6,7,263,,POPTRE,5.6,5.7,1,-99,0,1,1,,,,,,,,,,,,,,,
WDI67_264,6/6/2018,8/5/2024,WDI6,7,264,,POPTRE,11.5,12,1,-99,0,1,1,,,,,,,,,,,,,,,
WDI67_265,6/6/2018,8/5/2024,WDI6,7,265,,POPTRE,4.3,-7777,0,-99,0,1,1,,,,,,,,,,,,,,,
WDI67_266,6/6/2018,8/5/2024,WDI6,7,266,,POPTRE,9.8,10.6,1,-99,0,1,1,,,,,,,,,,,,,,,
WDI67_267,6/6/2018,8/5/2024,WDI6,7,267,,POPTRE,-7777,-9999,0,-99,0,1,0,,,,,,,,,,,,,,,
WDI67_268,6/6/2018,8/5/2024,WDI6,7,268,,POPTRE,-7777,-8888,0,-99,0,1,1,,,,,,,,,,,,,,,
WDI67_269,6/6/2018,8/5/2024,WDI6,7,269,,POPTRE,8.1,8.3,1,-99,0,1,1,,,,,,,,,,,,,,,
WDI67_270,6/6/2018,8/5/2024,WDI6,7,270,,POPTRE,5,5,1,-99,0,1,1,,,,,,,,,,,,,,,
WDI67_271,6/6/2018,8/5/2024,WDI6,7,271,,POPTRE,7.9,8,1,-99,0,1,1,,,,,,,,,,,,,,,
WDI67_272,6/6/2018,8/5/2024,WDI6,7,272,,POPTRE,-7777,-9999,0,-99,0,1,0,,,,,,,,,,,,,,,
WDI67_273,6/6/2018,8/5/2024,WDI6,7,273,,POPTRE,-7777,-8888,0,-99,0,1,1,,,,,,,,,,,,,,,
WDI67_274,6/6/2018,8/5/2024,WDI6,7,274,,POPTRE,6.2,6.3,1,-99,0,1,1,,,,,,,,,,,,,,,
WDI67_275,6/6/2018,8/5/2024,WDI6,7,275,,POPTRE,7.6,8.1,1,-99,0,1,1,,,,,,,,,,,,,,,
WDI67_276,6/6/2018,8/5/2024,WDI6,7,276,,POPTRE,-7777,-8888,0,-99,0,1,1,,,,,,,,,,,,,,,
WDI67_277,6/6/2018,8/5/2024,WDI6,7,277,,POPTRE,5.3,5.4,1,-99,0,1,1,,,,,,,,,,,,,,,
WDI67_278,6/6/2018,8/5/2024,WDI6,7,278,,POPTRE,10.4,11.3,1,-99,0,1,1,,,,,,,,,,,,,,,
WDI67_279,6/6/2018,8/5/2024,WDI6,7,279,,POPTRE,4.5,-7777,0,-99,0,1,1,,,,,,,,,,,,,,,
WDI67_280,6/6/2018,8/5/2024,WDI6,7,280,,POPTRE,3.5,-7777,0,-99,0,1,1,,,,,,,,,,,,,,,
WDI67_281,6/6/2018,8/5/2024,WDI6,7,281,,POPTRE,10.3,11.1,1,-99,0,1,1,,,,,,,,,,,,,,,
WDI67_282,6/6/2018,8/5/2024,WDI6,7,282,,POPTRE,-7777,-9999,0,-99,0,1,0,,,,,,,,,,,,,,,
WDI67_283,6/6/2018,8/5/2024,WDI6,7,283,,POPTRE,-7777,-7777,0,-99,0,1,1,,,,,,,,,,,,,,,
WDI67_284,6/6/2018,8/5/2024,WDI6,7,284,,POPTRE,-7777,-8888,0,-99,0,1,1,,,,,,,,,,,,,,,
WDI67_285,6/6/2018,8/5/2024,WDI6,7,285,,POPTRE,-7777,-8888,0,-99,0,1,1,,,,,,,,,,,,,,,
WDI67_286,6/6/2018,8/5/2024,WDI6,7,286,,POPTRE,-7777,-7777,0,2,0,1,1,,,,,,,,,,,,,,,
WDI67_287,6/6/2018,8/5/2024,WDI6,7,287,,POPTRE,12,13,1,-99,0,1,1,,,,,,,,,,,,,,,
WDI67_288,6/6/2018,8/5/2024,WDI6,7,288,,POPTRE,10.6,11.4,1,-99,0,1,1,,,,,,,,,,,,,,,
WDI67_289,6/6/2018,8/5/2024,WDI6,7,289,,POPTRE,5.3,-7777,0,-99,0,1,1,,,,,,,,,,,,,,,
WDI67_290,6/6/2018,8/5/2024,WDI6,7,290,,POPTRE,8.1,8,1,-99,0,1,1,,,,,,,,,,,,,,,
WDI67_291,6/6/2018,8/5/2024,WDI6,7,291,,POPTRE,5.7,-7777,0,-99,0,1,1,,,,,,,,,,,,,,,
WDI67_292,6/6/2018,8/5/2024,WDI6,7,292,,POPTRE,3.9,-7777,0,-99,0,1,1,,,,,,,,,,,,,,,
WDI67_293,6/6/2018,8/5/2024,WDI6,7,293,,POPTRE,-7777,-9999,0,-99,0,1,0,,,,,,,,,,,,,,,
WDI67_294,6/6/2018,8/5/2024,WDI6,7,294,,POPTRE,5.4,-7777,0,-99,0,1,1,,,,,,,,,,,,,,,
WDI67_295,6/6/2018,8/5/2024,WDI6,7,295,,POPTRE,-7777,-9999,0,-99,0,1,0,,,,,,,,,,,,,,,
WDI67_296,6/6/2018,8/5/2024,WDI6,7,296,,POPTRE,-7777,-9999,0,-99,0,1,0,,,,,,,,,,,,,,,
WDI67_297,6/6/2018,8/5/2024,WDI6,7,297,,POPTRE,-7777,-8888,0,-99,0,1,1,,,,,,,,,,,,,,,
WDI67_298,6/6/2018,8/5/2024,WDI6,7,298,,POPTRE,-7777,-8888,0,-99,0,1,1,,,,,,,,,,,,,,,
WDI67_299,6/6/2018,8/5/2024,WDI6,7,299,,POPTRE,5,-7777,0,-99,0,1,1,,,,,,,,,,,,,,,
WDI67_300,6/6/2018,8/5/2024,WDI6,7,300,,POPTRE,6,-7777,0,-99,0,1,1,,,,,,,,,,,,,,,
WDI67_301,6/6/2018,8/5/2024,WDI6,7,301,,POPTRE,4.2,-7777,0,-99,0,1,1,,,,,,,,,,,,,,,
WDI67_302,6/6/2018,8/5/2024,WDI6,7,302,,POPTRE,6.2,-7777,0,-99,0,1,1,,,,,,,,,,,,,,,
WDI67_303,6/6/2018,8/5/2024,WDI6,7,303,,POPTRE,11.5,12.7,1,-99,0,1,1,,,,,,,,,,,,,,,
WDI67_304,6/6/2018,8/5/2024,WDI6,7,304,,POPTRE,9.8,10.5,1,-99,0,1,1,,,,,,,,,,,,,,,
WDI67_305,6/6/2018,8/5/2024,WDI6,7,305,,POPTRE,-7777,-8888,0,-99,0,1,1,,,,,,,,,,,,,,,
WDI67_306,6/6/2018,8/5/2024,WDI6,7,306,,POPTRE,6.7,-7777,0,-99,0,1,1,,,,,,,,,,,,,,,
WDI67_307,6/6/2018,8/5/2024,WDI6,7,307,,POPTRE,-7777,-7777,0,-99,0,1,1,,,,,,,,,,,,,,,
WDI67_308,6/6/2018,8/5/2024,WDI6,7,308,,POPTRE,-7777,-7777,0,-99,0,1,1,,,,,,,,,,,,,,,
WDI67_309,6/6/2018,8/5/2024,WDI6,7,309,,POPTRE,-7777,-7777,0,-99,0,1,1,,,,,,,,,,,,,,,
WDI67_310,6/6/2018,8/5/2024,WDI6,7,310,,POPTRE,9.2,9.9,1,-99,0,1,1,,,,,,,,,,,,,,,
WDI67_311,6/6/2018,8/5/2024,WDI6,7,311,,POPTRE,4,-7777,0,-99,0,1,1,,,,,,,,,,,,,,,
WDI67_312,6/6/2018,8/5/2024,WDI6,7,312,,POPTRE,5.8,-7777,0,-99,0,1,1,,,,,,,,,,,,,,,
WDI67_313,6/6/2018,8/5/2024,WDI6,7,313,,POPTRE,5.4,-7777,0,-99,0,1,1,,,,,,,,,,,,,,,
WDI67_314,6/6/2018,8/5/2024,WDI6,7,314,,POPTRE,9.4,10.4,1,-99,0,1,1,,,,,,,,,,,,,,,
WDI67_315,6/6/2018,8/5/2024,WDI6,7,315,,POPTRE,-7777,-8888,0,-99,0,1,1,,,,,,,,,,,,,,,
WDI67_316,6/6/2018,8/5/2024,WDI6,7,316,,POPTRE,-7777,-8888,0,-99,0,1,1,,,,,,,,,,,,,,,
WDI67_317,6/6/2018,8/5/2024,WDI6,7,317,,POPTRE,3.7,-7777,0,2,0,1,1,,,,,,,,,,,,,,,
WDI67_318,6/6/2018,8/5/2024,WDI6,7,318,,POPTRE,5.7,-7777,0,-99,0,1,1,,,,,,,,,,,,,,,
WDI67_319,6/6/2018,8/5/2024,WDI6,7,319,,POPTRE,8.7,9.5,1,-99,0,1,1,,,,,,,,,,,,,,,
WDI67_320,6/6/2018,8/5/2024,WDI6,7,320,,POPTRE,8.7,9.3,1,-99,0,1,1,,,,,,,,,,,,,,,
WDI67_321,6/6/2018,8/5/2024,WDI6,7,321,,POPTRE,4.4,-7777,0,-99,0,1,1,,,,,,,,,,,,,,,
WDI67_322,6/6/2018,8/5/2024,WDI6,7,322,,POPTRE,5,5,1,-99,0,1,1,,,,,,,,,,,,,,,
WDI67_323,6/6/2018,8/5/2024,WDI6,7,323,,POPTRE,9.8,10.7,1,-99,0,1,1,,,,,,,,,,,,,,,
WDI67_324,6/6/2018,8/5/2024,WDI6,7,324,,POPTRE,5.5,5.5,1,-99,0,1,1,,,,,,,,,,,,,,,
WDI67_325,6/6/2018,8/5/2024,WDI6,7,325,,POPTRE,11.5,12.7,1,-99,0,1,1,,,,,,,,,,,,,,,
WDI67_326,6/6/2018,8/5/2024,WDI6,7,326,,POPTRE,8.4,8.8,1,-99,0,1,1,,,,,,,,,,,,,,,
WDI67_327,6/6/2018,8/5/2024,WDI6,7,327,,POPTRE,-7777,-8888,0,-99,0,1,1,,,,,,,,,,,,,,,
WDI67_328,6/6/2018,8/5/2024,WDI6,7,328,,POPTRE,9.2,9.6,1,-99,0,1,1,,,,,,,,,,,,,,,
WDI67_329,6/6/2018,8/5/2024,WDI6,7,329,,POPTRE,5.9,5.9,1,-99,0,1,1,,,,,,,,,,,,,,,
WDI67_330,6/6/2018,8/5/2024,WDI6,7,330,,POPTRE,3.5,-7777,0,-99,0,1,1,,,,,,,,,,,,,,,
WDI67_382,6/6/2018,8/5/2024,WDI6,7,382,,BETNEO,4.4,4.9,1,-99,0,1,1,,,,,,,,,,,,,,,
WDI67_383,6/6/2018,8/5/2024,WDI6,7,383,,BETNEO,4.2,4.9,1,-99,0,1,1,,,,,,,,,,,,,,,
WDI67_384,6/6/2018,8/5/2024,WDI6,7,384,,BETNEO,3,3.3,1,-99,0,1,1,,,,,,,,,,,,,,,
WDI67_2206,,8/5/2024,WDI6,7,2206,,PICGLA,,2.7,1,-99,0,1,1,,,,,,,,,,,,,,,
WDI67_2207,,8/5/2024,WDI6,7,2207,,PICGLA,,3.3,1,-99,0,1,1,,,,,,,,,,,,,,,
WDI67_2208,,8/5/2024,WDI6,7,2208,,PICGLA,,4.4,1,-99,0,1,1,,,,,,,,,,,,,,,
WDI67_2800,,8/5/2024,WDI6,7,2800,,PICGLA,,4.1,1,-99,0,1,1,,,,,,,,,,,,,,,
WDI68_331,6/6/2018,8/5/2024,WDI6,8,331,,POPTRE,10.4,11.4,1,-99,0,1,1,,,,,,,,,,,,,,,
WDI68_332,6/6/2018,8/5/2024,WDI6,8,332,,POPTRE,4.4,-7777,0,-99,0,1,1,,,,,,,,,,,,,,,
WDI68_333,6/6/2018,8/5/2024,WDI6,8,333,,POPTRE,7.3,7.4,1,-99,0,1,1,,,,,,,,,,,,,,,
WDI68_334,6/6/2018,8/5/2024,WDI6,8,334,,POPTRE,5.9,5.9,1,-99,0,1,1,,,,,,,,,,,,,,,
WDI68_335,6/6/2018,8/5/2024,WDI6,8,335,,POPTRE,4.6,-7777,0,-99,0,1,1,,,,,,,,,,,,,,,
WDI68_336,6/6/2018,8/5/2024,WDI6,8,336,,POPTRE,10.6,11.5,1,-99,0,1,1,,,,,,,,,,,,,,,
WDI68_337,6/6/2018,8/5/2024,WDI6,8,337,,POPTRE,4.3,-7777,0,-99,0,1,1,,,,,,,,,,,,,,,
WDI68_338,6/6/2018,8/5/2024,WDI6,8,338,,POPTRE,6,-7777,0,-99,0,1,1,,,,,,,,,,,,,,,
WDI68_339,6/6/2018,8/5/2024,WDI6,8,339,,POPTRE,11,11.8,1,-99,0,1,1,,,,,,,,,,,,,,,
WDI68_340,6/6/2018,8/5/2024,WDI6,8,340,,POPTRE,-7777,-9999,0,-99,0,1,0,,,,,,,,,,,,,,,
WDI68_341,6/6/2018,8/5/2024,WDI6,8,341,,POPTRE,-7777,-7777,0,-99,0,1,1,,,,,,,,,,,,,,,
WDI68_342,6/6/2018,8/5/2024,WDI6,8,342,,POPTRE,8.5,8.6,1,-99,0,1,1,,,,,,,,,,,,,,,
WDI68_343,6/6/2018,8/5/2024,WDI6,8,343,,POPTRE,7.9,8,1,-99,0,1,1,,,,,,,,,,,,,,,
WDI68_344,6/6/2018,8/5/2024,WDI6,8,344,,POPTRE,11.5,12.6,1,-99,0,1,1,,,,,,,,,,,,,,,
WDI68_345,6/6/2018,8/5/2024,WDI6,8,345,,POPTRE,4.4,-7777,0,-99,0,1,1,,,,,,,,,,,,,,,
WDI68_346,6/6/2018,8/5/2024,WDI6,8,346,,POPTRE,4.1,-9999,0,-99,0,1,0,,,,,,,,,,,,,,,
WDI68_347,6/6/2018,8/5/2024,WDI6,8,347,,POPTRE,11,12.3,1,-99,0,1,1,,,,,,,,,,,,,,,
WDI68_348,6/6/2018,8/5/2024,WDI6,8,348,,POPTRE,8.9,9,1,-99,0,1,1,,,,,,,,,,,,,,,
WDI68_349,6/6/2018,8/5/2024,WDI6,8,349,,POPTRE,6.2,-7777,0,-99,0,1,1,,,,,,,,,,,,,,,
WDI68_350,6/6/2018,8/5/2024,WDI6,8,350,,POPTRE,3,-9999,0,-99,0,1,0,,,,,,,,,,,,,,,
WDI68_351,6/6/2018,8/5/2024,WDI6,8,351,,POPTRE,5,-7777,0,-99,0,1,1,,,,,,,,,,,,,,,
WDI68_352,6/6/2018,8/5/2024,WDI6,8,352,,POPTRE,-7777,-7777,0,-99,0,1,1,,,,,,,,,,,,,,,
WDI68_353,6/6/2018,8/5/2024,WDI6,8,353,,POPTRE,5.3,-7777,0,-99,0,1,1,,,,,,,,,,,,,,,
WDI68_354,6/6/2018,8/5/2024,WDI6,8,354,,POPTRE,-7777,-7777,0,-99,0,1,1,,,,,,,,,,,,,,,
WDI68_355,6/6/2018,8/5/2024,WDI6,8,355,,POPTRE,-7777,-9999,0,-99,0,1,0,,,,,,,,,,,,,,,
WDI68_356,6/6/2018,8/5/2024,WDI6,8,356,,POPTRE,6,6,1,-99,0,1,1,,,,,,,,,,,,,,,
WDI68_357,6/6/2018,8/5/2024,WDI6,8,357,,POPTRE,10.6,11.5,1,-99,0,1,1,,,,,,,,,,,,,,,
WDI68_358,6/6/2018,8/5/2024,WDI6,8,358,,POPTRE,-7777,-7777,0,-99,0,1,1,,,,,,,,,,,,,,,
WDI68_359,6/6/2018,8/5/2024,WDI6,8,359,,POPTRE,-7777,-8888,0,-99,0,1,1,,,,,,,,,,,,,,,
WDI68_360,6/6/2018,8/5/2024,WDI6,8,360,,POPTRE,9.7,10.2,1,-99,0,1,1,,,,,,,,,,,,,,,
WDI68_361,6/6/2018,8/5/2024,WDI6,8,361,,POPTRE,10.1,10.7,1,-99,0,1,1,,,,,,,,,,,,,,,
WDI68_362,6/6/2018,8/5/2024,WDI6,8,362,,POPTRE,-7777,-9999,0,-99,0,1,0,,,,,,,,,,,,,,,
WDI68_363,6/6/2018,8/5/2024,WDI6,8,363,,POPTRE,9.4,9.9,1,-99,0,1,1,,,,,,,,,,,,,,,
WDI68_364,6/6/2018,8/5/2024,WDI6,8,364,,POPTRE,10.6,11.5,1,-99,0,1,1,,,,,,,,,,,,,,,
WDI68_365,6/6/2018,8/5/2024,WDI6,8,365,,POPTRE,6.8,7,1,-99,0,1,1,,,,,,,,,,,,,,,
WDI68_366,6/6/2018,8/5/2024,WDI6,8,366,,POPTRE,5.2,-9999,0,-99,0,1,0,,,,,,,,,,,,,,,
WDI68_367,6/6/2018,8/5/2024,WDI6,8,367,,POPTRE,-7777,-8888,0,-99,0,1,1,,,,,,,,,,,,,,,
WDI68_368,6/6/2018,8/5/2024,WDI6,8,368,,POPTRE,11.5,13.1,1,-99,0,1,1,,,,,,,,,,,,,,,
WDI68_369,6/6/2018,8/5/2024,WDI6,8,369,,POPTRE,13.1,13.4,1,-99,0,1,1,,,,,,,,,,,,,,,
WDI68_370,6/6/2018,8/5/2024,WDI6,8,370,,POPTRE,3.7,-7777,0,-99,0,1,1,,,,,,,,,,,,,,,
WDI68_371,6/6/2018,8/5/2024,WDI6,8,371,,POPTRE,4.9,-7777,0,-99,0,1,1,,,,,,,,,,,,,,,
WDI68_372,6/6/2018,8/5/2024,WDI6,8,372,,POPTRE,10.1,11,1,-99,0,1,1,,,,,,,,,,,,,,,
WDI68_373,6/6/2018,8/5/2024,WDI6,8,373,,POPTRE,6.7,6.7,1,-99,0,1,1,,,,,,,,,,,,,,,
WDI68_374,6/6/2018,8/5/2024,WDI6,8,374,,POPTRE,4.8,-7777,0,-99,0,1,1,,,,,,,,,,,,,,,
WDI68_375,6/6/2018,8/5/2024,WDI6,8,375,,POPTRE,-7777,-7777,0,-99,0,1,1,,,,,,,,,,,,,,,
WDI68_376,6/6/2018,8/5/2024,WDI6,8,376,,POPTRE,8.7,8.8,1,-99,0,1,1,,,,,,,,,,,,,,,
WDI68_377,6/6/2018,8/5/2024,WDI6,8,377,,POPTRE,10.4,11.2,1,-99,0,1,1,,,,,,,,,,,,,,,
WDI68_378,6/6/2018,8/5/2024,WDI6,8,378,,POPTRE,9.9,10.5,1,-99,0,1,1,,,,,,,,,,,,,,,
WDI68_379,6/6/2018,8/5/2024,WDI6,8,379,,POPTRE,7.3,7.3,1,-99,0,1,1,,,,,,,,,,,,,,,
WDI68_380,6/6/2018,8/5/2024,WDI6,8,380,,POPTRE,4.7,-7777,0,-99,0,1,1,,,,,,,,,,,,,,,
WDI68_381,6/6/2018,8/5/2024,WDI6,8,381,,POPTRE,6,-7777,0,-99,0,1,1,,,,,,,,,,,,,,,
WDI68_382,6/6/2018,8/5/2024,WDI6,8,382,,POPTRE,9.4,9.9,1,-99,0,1,1,,,,,,,,,,,,,,,
WDI68_383,6/6/2018,8/5/2024,WDI6,8,383,,POPTRE,-7777,-8888,0,-99,0,1,1,,,,,,,,,,,,,,,
WDI68_384,6/6/2018,8/5/2024,WDI6,8,384,,POPTRE,7.7,-7777,0,-99,0,1,1,,,,,,,,,,,,,,,
WDI68_385,6/6/2018,8/5/2024,WDI6,8,385,,POPTRE,5.3,-7777,0,-99,0,1,1,,,,,,,,,,,,,,,
WDI68_386,6/6/2018,8/5/2024,WDI6,8,386,,POPTRE,3.4,-7777,0,-99,0,1,1,,,,,,,,,,,,,,,
WDI68_387,6/6/2018,8/5/2024,WDI6,8,387,,POPTRE,3.8,-7777,0,-99,0,1,1,,,,,,,,,,,,,,,
WDI68_388,6/6/2018,8/5/2024,WDI6,8,388,,POPTRE,4.7,-7777,0,-99,0,1,1,,,,,,,,,,,,,,,
WDI68_389,6/6/2018,8/5/2024,WDI6,8,389,,POPTRE,-7777,-8888,0,-99,0,1,1,,,,,,,,,,,,,,,
WDI68_390,6/6/2018,8/5/2024,WDI6,8,390,,POPTRE,7.4,7.5,1,-99,0,1,1,,,,,,,,,,,,,,,
WDI68_391,6/6/2018,8/5/2024,WDI6,8,391,,POPTRE,11.7,12.7,1,-99,0,1,1,,,,,,,,,,,,,,,
WDI68_392,6/6/2018,8/5/2024,WDI6,8,392,,POPTRE,7.3,7.5,1,-99,0,1,1,,,,,,,,,,,,,,,
WDI68_393,6/6/2018,8/5/2024,WDI6,8,393,,POPTRE,7.3,7.5,1,-99,0,1,1,,,,,,,,,,,,,,,
WDI68_394,6/6/2018,8/5/2024,WDI6,8,394,,POPTRE,10.6,11.2,1,-99,0,1,1,,,,,,,,,,,,,,,
WDI68_395,6/6/2018,8/5/2024,WDI6,8,395,,POPTRE,5.2,-8888,1,-99,0,1,1,,,,,,,,,,,,,,,
WDI68_396,6/6/2018,8/5/2024,WDI6,8,396,,POPTRE,-7777,-7777,0,-99,0,1,1,,,,,,,,,,,,,,,
WDI68_397,6/6/2018,8/5/2024,WDI6,8,397,,POPTRE,4.6,-7777,0,-99,0,1,1,,,,,,,,,,,,,,,
WDI68_398,6/6/2018,8/5/2024,WDI6,8,398,,POPTRE,10.7,12,1,-99,0,1,1,,,,,,,,,,,,,,,
WDI68_399,6/6/2018,8/5/2024,WDI6,8,399,,POPTRE,-7777,-7777,0,2,0,1,1,,,,,,,,,,,,,,,
WDI68_400,6/6/2018,8/5/2024,WDI6,8,400,,POPTRE,5.9,-7777,0,-99,0,1,1,,,,,,,,,,,,,,,
WDI68_401,6/6/2018,8/5/2024,WDI6,8,401,,POPTRE,3.5,-7777,0,-99,0,1,1,,,,,,,,,,,,,,,
WDI68_402,6/6/2018,8/5/2024,WDI6,8,402,,POPTRE,-7777,-9999,0,-99,0,1,0,,,,,,,,,,,,,,,
WDI68_403,6/6/2018,8/5/2024,WDI6,8,403,,POPTRE,-7777,-9999,0,-99,0,1,0,,,,,,,,,,,,,,,
WDI68_404,6/6/2018,8/5/2024,WDI6,8,404,,POPTRE,-7777,-8888,0,-99,0,1,1,,,,,,,,,,,,,,,
WDI68_405,6/6/2018,8/5/2024,WDI6,8,405,,POPTRE,11.6,12.9,1,-99,0,1,1,,,,,,,,,,,,,,,
WDI68_406,6/6/2018,8/5/2024,WDI6,8,406,,POPTRE,5.8,-7777,0,-99,0,1,1,,,,,,,,,,,,,,,
WDI68_407,6/6/2018,8/5/2024,WDI6,8,407,,POPTRE,8.9,9.4,1,-99,0,1,1,,,,,,,,,,,,,,,
WDI68_408,6/6/2018,8/5/2024,WDI6,8,408,,POPTRE,4.6,-7777,0,-99,0,1,1,,,,,,,,,,,,,,,
WDI68_409,6/6/2018,8/5/2024,WDI6,8,409,,POPTRE,8,8.2,1,-99,0,1,1,,,,,,,,,,,,,,,
WDI68_410,6/6/2018,8/5/2024,WDI6,8,410,,POPTRE,-7777,-7777,0,-99,0,1,1,,,,,,,,,,,,,,,
WDI68_411,6/6/2018,8/5/2024,WDI6,8,411,,POPTRE,7.4,7.5,1,-99,0,1,1,,,canker,,,,,,,,,,,,
WDI68_412,6/6/2018,8/5/2024,WDI6,8,412,,POPTRE,6.6,7.1,1,-99,0,1,1,,,,,,,,,,,,,,,
WDI68_413,6/6/2018,8/5/2024,WDI6,8,413,,POPTRE,7.9,7.9,1,-99,0,1,1,,,,,,,,,,,,,,,
WDI68_414,6/6/2018,8/5/2024,WDI6,8,414,,POPTRE,4.4,-7777,0,-99,0,1,1,,,,,,,,,,,,,,,
WDI68_415,6/6/2018,8/5/2024,WDI6,8,415,,POPTRE,3.2,-7777,0,-99,0,1,1,,,,,,,,,,,,,,,
WDI68_416,6/6/2018,8/5/2024,WDI6,8,416,,POPTRE,9.6,10.5,1,-99,0,1,1,,,,,,,,,,,,,,,
WDI68_2209,,8/5/2024,WDI6,8,2209,,PICGLA,,3.1,1,-99,0,1,1,,,,,,,,,,,,,,,
WDI68_2210,,8/5/2024,WDI6,8,2210,,PICGLA,,3.8,1,-99,0,1,1,,,,,,,,,,,,,,,
WDI69_417,6/6/2018,8/5/2024,WDI6,9,417,,BETNEO,7.3,8.5,1,-99,0,1,1,,,,,,,,,,,,,,,
WDI69_418,6/6/2018,8/5/2024,WDI6,9,418,,BETNEO,3.7,-7777,0,2,0,1,1,,,,,,,,,,,,,,,
WDI69_419,6/6/2018,8/5/2024,WDI6,9,419,,BETNEO,2.8,2.9,1,-99,0,1,1,,,,,,,,,,,,,,,
WDI69_420,6/6/2018,8/5/2024,WDI6,9,420,,PICGLA,-7777,-8888,0,-99,0,1,1,,,,,,,,,,,,,,,
WDI69_421,6/6/2018,8/5/2024,WDI6,9,421,,POPTRE,11.7,12.5,1,-99,0,1,1,,,,,,,,,,,,,,,
WDI69_422,6/6/2018,8/5/2024,WDI6,9,422,,POPTRE,10.9,12.3,1,-99,0,1,1,,,,,,,,,,,,,,,
WDI69_423,6/6/2018,8/5/2024,WDI6,9,423,,POPTRE,11,12.3,1,-99,0,1,1,,,,,,,,,,,,,,,
WDI69_424,6/6/2018,8/5/2024,WDI6,9,424,,POPTRE,11.7,12.8,1,-99,0,1,1,,,,,,,,,,,,,,,
WDI69_425,6/6/2018,8/5/2024,WDI6,9,425,,POPTRE,4.8,-7777,0,-99,0,1,1,,,,,,,,,,,,,,,
WDI69_426,6/6/2018,8/5/2024,WDI6,9,426,,POPTRE,9,9.8,1,-99,0,1,1,,,,,,,,,,,,,,,
WDI69_427,6/6/2018,8/5/2024,WDI6,9,427,,BETNEO,2.8,-7777,0,-99,0,1,1,,,,,,,,,,,,,,,
WDI69_428,6/6/2018,8/5/2024,WDI6,9,428,,BETNEO,8.3,8.6,1,-99,0,1,1,,,,,,,,,,,,,,,
WDI69_429,6/6/2018,8/5/2024,WDI6,9,429,,BETNEO,9.1,9.5,1,-99,0,1,1,,,,,,,,,,,,,,,
WDI69_430,6/6/2018,8/5/2024,WDI6,9,430,,BETNEO,11.1,11.6,1,-99,0,1,1,,,,,,,,,,,,,,,
WDI69_431,6/6/2018,8/5/2024,WDI6,9,431,,BETNEO,6.9,6.9,1,-99,0,1,1,,,,,,,,,,,,,,,
WDI69_432,6/6/2018,8/5/2024,WDI6,9,432,,BETNEO,9.6,10.4,1,-99,0,1,1,,,,,,,,,,,,,,,
WDI69_433,6/6/2018,8/5/2024,WDI6,9,433,,BETNEO,4,4,1,-99,0,1,1,,,,,,,,,,,,,,,
WDI69_434,6/6/2018,8/5/2024,WDI6,9,434,,POPTRE,9.8,10.7,1,-99,0,1,1,,,,,,,,,,,,,,,
WDI69_435,6/6/2018,8/5/2024,WDI6,9,435,,POPTRE,3.5,-7777,0,-99,0,1,1,,,,,,,,,,,,,,,
WDI69_436,6/6/2018,8/5/2024,WDI6,9,436,,POPTRE,4.7,-7777,0,-99,0,1,1,,,,,,,,,,,,,,,
WDI69_437,6/6/2018,8/5/2024,WDI6,9,437,,POPTRE,10.2,11.1,1,-99,0,1,1,,,,,,,,,,,,,,,
WDI69_438,6/6/2018,8/5/2024,WDI6,9,438,,POPTRE,8.9,9.2,1,-99,0,1,1,,,,,,,,,,,,,,,
WDI69_439,6/6/2018,8/5/2024,WDI6,9,439,,POPTRE,-7777,-7777,0,-99,0,1,1,,,,,,,,,,,,,,,
WDI69_440,6/6/2018,8/5/2024,WDI6,9,440,,POPTRE,6,-7777,0,-99,0,1,1,,,,,,,,,,,,,,,
WDI69_441,6/6/2018,8/5/2024,WDI6,9,441,,POPTRE,10.2,10.8,1,-99,0,1,1,,,,,,,,,,,,,,,
WDI69_442,6/6/2018,8/5/2024,WDI6,9,442,,POPTRE,10,10.5,1,-99,0,1,1,,,,,,,,,,,,,,,
WDI69_443,6/6/2018,8/5/2024,WDI6,9,443,,POPTRE,8.4,8.4,1,-99,0,1,1,,,,,,,,,,,,,,,
WDI69_444,6/6/2018,8/5/2024,WDI6,9,444,,POPTRE,7,7.2,1,-99,0,1,1,,,,,,,,,,,,,,,
WDI69_445,6/6/2018,8/5/2024,WDI6,9,445,,POPTRE,-7777,-9999,0,-99,0,1,0,,,,,,,,,,,,,,,
WDI69_446,6/6/2018,8/5/2024,WDI6,9,446,,POPTRE,5.3,-7777,0,-99,0,1,1,,,,,,,,,,,,,,,
WDI69_447,6/6/2018,8/5/2024,WDI6,9,447,,POPTRE,14,15.4,1,-99,0,1,1,,,,,,,,,,,,,,,
WDI69_448,6/6/2018,8/5/2024,WDI6,9,448,,PICMAR,4,6,1,-99,0,1,1,,,,,,,,,,,,,,,
WDI69_449,6/6/2018,8/5/2024,WDI6,9,449,,POPTRE,13.9,15.1,1,-99,0,1,1,,,,,,,,,,,,,,,
WDI69_450,6/6/2018,8/5/2024,WDI6,9,450,,POPTRE,13.8,15.3,1,-99,0,1,1,,,,,,,,,,,,,,,
WDI69_451,6/6/2018,8/5/2024,WDI6,9,451,,POPTRE,9.3,9.7,1,-99,0,1,1,,,,,,,,,,,,,,,
WDI69_452,6/6/2018,8/5/2024,WDI6,9,452,,POPTRE,10.4,10.9,1,-99,0,1,1,,,,,,,,,,,,,,,
WDI69_453,6/6/2018,8/5/2024,WDI6,9,453,,POPTRE,5.8,-7777,0,-99,0,1,1,,,,,,,,,,,,,,,
WDI69_454,6/6/2018,8/5/2024,WDI6,9,454,,POPTRE,-7777,-9999,0,-99,0,1,0,,,,,,,,,,,,,,,
WDI69_455,6/6/2018,8/5/2024,WDI6,9,455,,POPTRE,14.1,14.2,1,-99,0,1,1,,,,,,,,,,,,,,,
WDI69_456,6/6/2018,8/5/2024,WDI6,9,456,,POPTRE,13.3,14.8,1,-99,0,1,1,,,,,,,,,,,,,,,
WDI69_457,6/6/2018,8/5/2024,WDI6,9,457,,BETNEO,6.8,7.5,1,-99,0,1,1,,,,,,,,,,,,,,,
WDI69_458,6/6/2018,8/5/2024,WDI6,9,458,,POPTRE,13.5,14.7,1,-99,0,1,1,,,,,,,,,,,,,,,
WDI69_459,6/6/2018,8/5/2024,WDI6,9,459,,BETNEO,-7777,-8888,0,-99,0,1,1,,,,,,,,,,,,,,,
WDI69_460,6/6/2018,8/5/2024,WDI6,9,460,,PICMAR,6.4,7.7,1,-99,0,1,1,,,,,,,,,,,,,,,
WDI69_461,6/6/2018,8/5/2024,WDI6,9,461,,BETNEO,11.1,12.7,1,-99,0,1,1,,,,,,,,,,,,,,,
WDI69_462,6/6/2018,8/5/2024,WDI6,9,462,,BETNEO,5.7,5.8,1,-99,0,1,1,,,,,,,,,,,,,,,
WDI69_463,6/6/2018,8/5/2024,WDI6,9,463,,BETNEO,4.4,4.3,1,-99,0,1,1,,,,,,,,,,,,,,,
WDI69_464,6/6/2018,8/5/2024,WDI6,9,464,,BETNEO,6.5,-7777,0,-99,0,1,1,,,,,,,,,,,,,,,
WDI69_465,6/6/2018,8/5/2024,WDI6,9,465,,BETNEO,3,-7777,0,-99,0,1,1,,,,,,,,,,,,,,,
WDI69_466,6/6/2018,8/5/2024,WDI6,9,466,,BETNEO,3.7,-7777,0,-99,0,1,1,,,,,,,,,,,,,,,
WDI69_467,6/6/2018,8/5/2024,WDI6,9,467,,BETNEO,-7777,-8888,0,-99,0,1,1,,,,,,,,,,,,,,,
WDI69_468,6/6/2018,8/5/2024,WDI6,9,468,,BETNEO,3.8,3.8,1,-99,0,1,1,,,,,,,,,,,,,,,
WDI69_469,6/6/2018,8/5/2024,WDI6,9,469,,POPTRE,6,-7777,0,-99,0,1,1,,,,,,,,,,,,,,,
WDI69_470,6/6/2018,8/5/2024,WDI6,9,470,,POPTRE,8.7,8.7,1,-99,0,1,1,,,,,,,,,,,,,,,
WDI69_471,6/6/2018,8/5/2024,WDI6,9,471,,POPTRE,6.9,-7777,0,-99,0,1,1,,,,,,,,,,,,,,,
WDI69_472,6/6/2018,8/5/2024,WDI6,9,472,,POPTRE,9.8,10.5,1,-99,0,1,1,,,,,,,,,,,,,,,
WDI69_2211,,8/5/2024,WDI6,9,2211,,PICGLA,,4.2,1,-99,0,1,1,,,,,,,,,,,,,,,
WDI69_2212,,8/5/2024,WDI6,9,2212,,PICGLA,,4.4,1,-99,0,1,1,,,,,,,,,,,,,,,
WDI69_2213,,8/5/2024,WDI6,9,2213,,PICGLA,,4.8,1,-99,0,1,1,,,,,,,,,,,,,,,
WDI69_2214,,8/5/2024,WDI6,9,2214,,PICGLA,,4,1,-99,0,1,1,,,,,,,,,,,,,,,
WDI69_2215,,8/5/2024,WDI6,9,2215,,PICGLA,,4.5,1,-99,0,1,1,,,,,,,,,,,,,,,
WDI611_473,6/6/2018,8/5/2024,WDI6,11,473,,POPTRE,11.3,13.2,1,-99,0,1,1,,,,,,,,,,,,,,,
WDI611_474,6/6/2018,8/5/2024,WDI6,11,474,,BETNEO,5,5.3,1,-99,0,1,1,,,,,,,,,,,,,,,
WDI611_475,6/6/2018,8/5/2024,WDI6,11,475,,BETNEO,3,-7777,0,-99,0,1,1,,,,,,,,,,,,,,,
WDI611_476,6/6/2018,8/5/2024,WDI6,11,476,,BETNEO,6.1,6,1,-99,0,1,1,,,,,,,,,,,,,,,
WDI611_477,6/6/2018,8/5/2024,WDI6,11,477,,BETNEO,8,8.5,1,-99,0,1,1,,,,,,,,,,,,,,,
WDI611_478,6/6/2018,8/5/2024,WDI6,11,478,,BETNEO,5.3,-7777,0,3,0,1,1,,,,,,,,,,,,,,,
WDI611_479,6/6/2018,8/5/2024,WDI6,11,479,,POPTRE,-7777,-8888,0,-99,0,1,1,,,,,,,,,,,,,,,
WDI611_480,6/6/2018,8/5/2024,WDI6,11,480,,POPTRE,7.5,7.7,1,-99,0,1,1,,,,,,,,,,,,,,,
WDI611_481,6/6/2018,8/5/2024,WDI6,11,481,,POPTRE,-7777,-7777,0,-99,0,1,1,,,,,,,,,,,,,,,
WDI611_482,6/6/2018,8/5/2024,WDI6,11,482,,POPTRE,8,8.4,1,-99,0,1,1,,,,,,,,,,,,,,,
WDI611_483,6/6/2018,8/5/2024,WDI6,11,483,,POPTRE,-7777,-7777,0,-99,0,1,1,,,,,,,,,,,,,,,
WDI611_484,6/6/2018,8/5/2024,WDI6,11,484,,POPTRE,5.5,-7777,0,-99,0,1,1,,,,,,,,,,,,,,,
WDI611_485,6/6/2018,8/5/2024,WDI6,11,485,,POPTRE,11.5,13.1,1,-99,0,1,1,,,,,,,,,,,,,,,
WDI611_486,6/6/2018,8/5/2024,WDI6,11,486,,POPTRE,-7777,-8888,0,-99,0,1,1,,,,,,,,,,,,,,,
WDI611_487,6/6/2018,8/5/2024,WDI6,11,487,,POPTRE,8.8,9,1,-99,0,1,1,,,,,,,,,,,,,,,
WDI611_488,6/6/2018,8/5/2024,WDI6,11,488,,POPTRE,-7777,-7777,0,-99,0,1,1,,,,,,,,,,,,,,,
WDI611_489,6/6/2018,8/5/2024,WDI6,11,489,,POPTRE,9.1,9.8,1,-99,0,1,1,,,,,,,,,,,,,,,
WDI611_490,6/6/2018,8/5/2024,WDI6,11,490,,POPTRE,12.4,14.3,1,-99,0,1,1,,,,,,,,,,,,,,,
WDI611_491,6/6/2018,8/5/2024,WDI6,11,491,,POPTRE,-7777,-7777,0,-99,0,1,1,,,,,,,,,,,,,,,
WDI611_492,6/6/2018,8/5/2024,WDI6,11,492,,POPTRE,4.2,-7777,0,-99,0,1,1,,,,,,,,,,,,,,,
WDI611_493,6/6/2018,8/5/2024,WDI6,11,493,,POPTRE,-7777,-7777,0,-99,0,1,1,,,,,,,,,,,,,,,
WDI611_494,6/6/2018,8/5/2024,WDI6,11,494,,PICMAR,5.1,7.8,1,-99,0,1,1,badly girdled,,,,,,,,,,,,,,
WDI611_495,6/6/2018,8/5/2024,WDI6,11,495,,POPTRE,9.8,10.4,1,-99,0,1,1,,,,,,,,,,,,,,,
WDI611_496,6/6/2018,8/5/2024,WDI6,11,496,,PICGLA,4.4,5.7,1,-99,0,1,1,,,,,,,,,,,,,,,
WDI611_497,6/6/2018,8/5/2024,WDI6,11,497,,POPTRE,12.8,14.2,1,-99,0,1,1,,,,,,,,,,,,,,,
WDI611_498,6/6/2018,8/5/2024,WDI6,11,498,,POPTRE,-7777,-7777,0,-99,0,1,1,,,,,,,,,,,,,,,
WDI611_499,6/6/2018,8/5/2024,WDI6,11,499,,POPTRE,7,7.2,1,-99,0,1,1,,,,,,,,,,,,,,,
WDI611_500,6/6/2018,8/5/2024,WDI6,11,500,,POPTRE,6.5,-7777,0,-99,0,1,1,,,,,,,,,,,,,,,
WDI611_501,6/6/2018,8/5/2024,WDI6,11,501,,POPTRE,-7777,-7777,0,-99,0,1,1,,,,,,,,,,,,,,,
WDI611_502,6/6/2018,8/5/2024,WDI6,11,502,,POPTRE,-7777,-8888,0,-99,0,1,1,,,,,,,,,,,,,,,
WDI611_503,6/6/2018,8/5/2024,WDI6,11,503,,POPTRE,-7777,-7777,0,-99,0,1,1,,,,,,,,,,,,,,,
WDI611_504,6/6/2018,8/5/2024,WDI6,11,504,,POPTRE,13.3,15.3,1,-99,0,1,1,,,badly scarred,,,,,,,,,,,,
WDI611_505,6/6/2018,8/5/2024,WDI6,11,505,,POPTRE,-7777,-8888,0,-99,0,1,1,,,,,,,,,,,,,,,
WDI611_506,6/6/2018,8/5/2024,WDI6,11,506,,POPTRE,8.2,8.3,1,-99,0,1,1,,,,,,,,,,,,,,,
WDI611_507,6/6/2018,8/5/2024,WDI6,11,507,,POPTRE,4.6,-7777,0,-99,0,1,1,,,,,,,,,,,,,,,
WDI611_508,6/6/2018,8/5/2024,WDI6,11,508,,POPTRE,7.6,7.7,1,-99,0,1,1,,,,,,,,,,,,,,,
WDI611_509,6/6/2018,8/5/2024,WDI6,11,509,,POPTRE,13.1,14.8,1,-99,0,1,1,,,badly scarred,,,,,,,,,,,,
WDI611_510,6/6/2018,8/5/2024,WDI6,11,510,,POPTRE,9.4,9.6,1,-99,0,1,1,,,badly scarred,,,,,,,,,,,,
WDI611_511,6/6/2018,8/5/2024,WDI6,11,511,,POPTRE,7.4,7.6,1,-99,0,1,1,,,,,,,,,,,,,,,
WDI611_512,6/6/2018,8/5/2024,WDI6,11,512,,POPTRE,7.8,7.8,1,-99,0,1,1,,,,,,,,,,,,,,,
WDI611_513,6/6/2018,8/5/2024,WDI6,11,513,,POPTRE,-7777,-8888,0,-99,0,1,1,,,,,,,,,,,,,,,
WDI611_514,6/6/2018,8/5/2024,WDI6,11,514,,POPTRE,6.2,-7777,0,-99,0,1,1,,,,,,,,,,,,,,,
WDI611_515,6/6/2018,8/5/2024,WDI6,11,515,,POPTRE,9.5,9.9,1,-99,0,1,1,,,,,,,,,,,,,,,
WDI611_516,6/6/2018,8/5/2024,WDI6,11,516,,POPTRE,3.8,-7777,0,-99,0,1,1,,,,,,,,,,,,,,,
WDI611_517,6/6/2018,8/5/2024,WDI6,11,517,,POPTRE,8.6,8.7,1,-99,0,1,1,,,,,,,,,,,,,,,
WDI611_518,6/6/2018,8/5/2024,WDI6,11,518,,POPTRE,11.3,12,1,-99,0,1,1,,,,,,,,,,,,,,,
WDI611_519,6/6/2018,8/5/2024,WDI6,11,519,,POPTRE,-7777,-7777,0,-99,0,1,1,,,,,,,,,,,,,,,
WDI611_520,6/6/2018,8/5/2024,WDI6,11,520,,POPTRE,4.6,-7777,0,-99,0,1,1,,,,,,,,,,,,,,,
WDI611_521,6/6/2018,8/5/2024,WDI6,11,521,,POPTRE,8.4,8.6,1,-99,0,1,1,,,,,,,,,,,,,,,
WDI611_522,6/6/2018,8/5/2024,WDI6,11,522,,POPTRE,13.5,15.5,1,-99,0,1,1,,,,,,,,,,,,,,,
WDI611_523,6/6/2018,8/5/2024,WDI6,11,523,,POPTRE,-7777,-7777,0,-99,0,1,1,,,,,,,,,,,,,,,
WDI611_524,6/6/2018,8/5/2024,WDI6,11,524,,POPTRE,-7777,-7777,0,-99,0,1,1,,,,,,,,,,,,,,,
WDI611_525,6/6/2018,8/5/2024,WDI6,11,525,,POPTRE,-7777,-8888,0,-99,0,1,1,,,,,,,,,,,,,,,
WDI611_526,6/6/2018,8/5/2024,WDI6,11,526,,POPTRE,-7777,-9999,0,-99,0,1,0,,,,,,,,,,,,,,,
WDI611_527,6/6/2018,8/5/2024,WDI6,11,527,,POPTRE,-7777,-9999,0,-99,0,1,0,,,,,,,,,,,,,,,
WDI611_528,6/6/2018,8/5/2024,WDI6,11,528,,POPTRE,-7777,-9999,0,-99,0,1,0,,,,,,,,,,,,,,,
WDI611_529,6/6/2018,8/5/2024,WDI6,11,529,,POPTRE,-7777,-8888,0,-99,0,1,1,,,,,,,,,,,,,,,
WDI611_530,6/6/2018,8/5/2024,WDI6,11,530,,POPTRE,-7777,-9999,0,-99,0,1,0,,,,,,,,,,,,,,,
WDI611_531,6/6/2018,8/5/2024,WDI6,11,531,,POPTRE,9.5,-9999,0,-99,0,1,0,,,,,,,,,,,,,,,
WDI611_532,6/6/2018,8/5/2024,WDI6,11,532,,POPTRE,4.6,-7777,0,-99,0,1,1,,,,,,,,,,,,,,,
WDI611_533,6/6/2018,8/5/2024,WDI6,11,533,,POPTRE,5,-7777,0,-99,0,1,1,,,,,,,,,,,,,,,
WDI611_534,6/6/2018,8/5/2024,WDI6,11,534,,POPTRE,-7777,-8888,0,-99,0,1,1,,,,,,,,,,,,,,,
WDI611_535,6/6/2018,8/5/2024,WDI6,11,535,,POPTRE,11.3,-7777,0,-99,0,1,1,,,,,,,,,,,,,,,
WDI611_536,6/6/2018,8/5/2024,WDI6,11,536,,POPTRE,11.2,12.5,1,-99,0,1,1,,,,,,,,,,,,,,,
WDI611_537,6/6/2018,8/5/2024,WDI6,11,537,,POPTRE,5.1,-8888,1,-99,0,1,1,presumed to be dead near 538&536,,,,,,,,,,,,,,
WDI611_538,6/6/2018,8/5/2024,WDI6,11,538,,POPTRE,11.2,12.7,1,-99,0,1,1,,,,,,,,,,,,,,,
WDI611_539,6/6/2018,8/5/2024,WDI6,11,539,,POPTRE,13,14.5,1,-99,0,1,1,,,,,,,,,,,,,,,
WDI611_540,6/6/2018,8/5/2024,WDI6,11,540,,POPTRE,9.7,9.9,1,-99,0,1,1,,,,,,,,,,,,,,,
WDI611_541,6/6/2018,8/5/2024,WDI6,11,541,,BETNEO,-7777,-8888,0,-99,0,1,1,,,,,,,,,,,,,,,
WDI611_542,6/6/2018,8/5/2024,WDI6,11,542,,POPTRE,12,13.4,1,-99,0,1,1,,,,,,,,,,,,,,,
WDI611_543,6/6/2018,8/5/2024,WDI6,11,543,,POPTRE,-7777,-8888,0,-99,0,1,1,,,,,,,,,,,,,,,
WDI611_1157,,8/5/2024,WDI6,11,1157,,PICGLA,,4.8,1,-99,0,1,1,EXISTING tree not in database,,,,,,,,,,,,,,
WDI611_2216,,8/5/2024,WDI6,11,2216,,PICGLA,,5.4,1,-99,0,1,1,,,,,,,,,,,,,,,
WDI611_2217,,8/5/2024,WDI6,11,2217,,PICGLA,,4.8,1,-99,0,1,1,,,,,,,,,,,,,,,
WDI611_2218,,8/5/2024,WDI6,11,2218,,PICGLA,,3,1,-99,0,1,1,,,,,,,,,,,,,,,
WDI611_2219,,8/5/2024,WDI6,11,2219,,PICGLA,,3,1,-99,0,1,1,,,,,,,,,,,,,,,
WDI611_2220,,8/5/2024,WDI6,11,2220,,PICGLA,,4.6,1,-99,0,1,1,,,,,,,,,,,,,,,
WDI612_544,6/6/2018,8/5/2024,WDI6,12,544,,POPTRE,7.5,7.8,1,-99,0,1,1,Dbh is at 6.5,old notes-. 2019 notes-1158,,Scarred at dbh,,,,,,,,,,,
WDI612_545,6/6/2018,8/5/2024,WDI6,12,545,,POPTRE,6,-7777,0,-99,0,1,1,,,,,,,,,,,,,,,
WDI612_546,6/6/2018,8/5/2024,WDI6,12,546,,POPTRE,9.2,10.2,1,-99,0,1,1,,,,scarred at dbh ,,,,,,,,,,,
WDI612_547,6/6/2018,8/5/2024,WDI6,12,547,,POPTRE,8,-7777,0,-99,0,1,1,,,,,,,,,,,,,,,
WDI612_548,6/6/2018,8/5/2024,WDI6,12,548,,POPTRE,5.8,5.7,1,-99,0,1,1,,,,,,,,,,,,,,,
WDI612_549,6/6/2018,8/5/2024,WDI6,12,549,,POPTRE,7.5,-7777,0,-99,0,1,1,,,,,,,,,,,,,,,
WDI612_550,6/6/2018,8/5/2024,WDI6,12,550,,PICMAR,-7777,-7777,0,-99,0,1,1,,,,,,,,,,,,,,,
WDI612_551,6/6/2018,8/5/2024,WDI6,12,551,,POPTRE,-7777,-7777,0,-99,0,1,1,,,,,,,,,,,,,,,
WDI612_552,6/6/2018,8/5/2024,WDI6,12,552,,POPTRE,6.7,-9999,0,-99,0,1,0,,,,,,,,,,,,,,,
WDI612_553,6/6/2018,8/5/2024,WDI6,12,553,,POPTRE,11.1,12,1,-99,0,1,1,,,,,,,,,,,,,,,
WDI612_554,6/6/2018,8/5/2024,WDI6,12,554,,POPTRE,11.1,11.5,1,-99,0,1,1,,,,,,,,,,,,,,,
WDI612_555,6/6/2018,8/5/2024,WDI6,12,555,,POPTRE,-7777,-9999,0,-99,0,1,0,,,,,,,,,,,,,,,
WDI612_556,6/6/2018,8/5/2024,WDI6,12,556,,POPTRE,-7777,-8888,0,-99,0,1,1,,,,,,,,,,,,,,,
WDI612_557,6/6/2018,8/5/2024,WDI6,12,557,,POPTRE,9.9,10.5,1,-99,0,1,1,,,,,,,,,,,,,,,
WDI612_558,6/6/2018,8/5/2024,WDI6,12,558,,POPTRE,-7777,-7777,0,-99,0,1,1,,,,,,,,,,,,,,,
WDI612_559,6/6/2018,8/5/2024,WDI6,12,559,,POPTRE,6.5,-7777,0,-99,0,1,1,,,,,,,,,,,,,,,
WDI612_560,6/6/2018,8/5/2024,WDI6,12,560,,POPTRE,9.2,10.7,1,-99,0,1,1,,,scarrimg,,,,,,,,,,,,
WDI612_561,6/6/2018,8/5/2024,WDI6,12,561,,POPTRE,-7777,-8888,0,-99,0,1,1,,,,,,,,,,,,,,,
WDI612_562,6/6/2018,8/5/2024,WDI6,12,562,,POPTRE,-7777,-8888,0,-99,0,1,1,,,,,,,,,,,,,,,
WDI612_563,6/6/2018,8/5/2024,WDI6,12,563,,POPTRE,-7777,-8888,0,-99,0,1,1,,,,,,,,,,,,,,,
WDI612_564,6/6/2018,8/5/2024,WDI6,12,564,,POPTRE,11.5,12,1,-99,0,1,1,,,,,,,,,,,,,,,
WDI612_565,6/6/2018,8/5/2024,WDI6,12,565,,POPTRE,5.5,-9999,0,-99,0,1,0,,,,,,,,,,,,,,,
WDI612_566,6/6/2018,8/5/2024,WDI6,12,566,,POPTRE,-7777,-9999,0,-99,0,1,0,,,,,,,,,,,,,,,
WDI612_567,6/6/2018,8/5/2024,WDI6,12,567,,POPTRE,7.8,8,1,-99,0,1,1,,,,,,,,,,,,,,,
WDI612_568,6/6/2018,8/5/2024,WDI6,12,568,,POPTRE,5.4,-7777,0,-99,0,1,1,,,,,,,,,,,,,,,
WDI612_569,6/6/2018,8/5/2024,WDI6,12,569,,POPTRE,-7777,-9999,0,-99,0,1,0,,,,,,,,,,,,,,,
WDI612_570,6/6/2018,8/5/2024,WDI6,12,570,,POPTRE,-7777,-8888,0,-99,0,1,1,,,,,,,,,,,,,,,
WDI612_571,6/6/2018,8/5/2024,WDI6,12,571,,POPTRE,-7777,-8888,0,-99,0,1,1,,,,,,,,,,,,,,,
WDI612_572,6/6/2018,8/5/2024,WDI6,12,572,,POPTRE,-7777,-9999,0,-99,0,1,0,,,,,,,,,,,,,,,
WDI612_573,6/6/2018,8/5/2024,WDI6,12,573,,POPTRE,4.5,-9999,0,-99,0,1,0,,,,,,,,,,,,,,,
WDI612_574,6/6/2018,8/5/2024,WDI6,12,574,,POPTRE,12.8,14.1,1,-99,0,1,1,,,,,,,,,,,,,,,
WDI612_575,6/6/2018,8/5/2024,WDI6,12,575,,POPTRE,10.2,10.5,1,-99,0,1,1,,,,,,,,,,,,,,,
WDI612_576,6/6/2018,8/5/2024,WDI6,12,576,,POPTRE,-7777,-9999,0,-99,0,1,0,,,,,,,,,,,,,,,
WDI612_577,6/6/2018,8/5/2024,WDI6,12,577,,POPTRE,-7777,-8888,0,-99,0,1,1,,,,,,,,,,,,,,,
WDI612_578,6/6/2018,8/5/2024,WDI6,12,578,,POPTRE,4.4,-7777,0,-99,0,1,1,,,,,,,,,,,,,,,
WDI612_579,6/6/2018,8/5/2024,WDI6,12,579,,POPTRE,-7777,-8888,0,-99,0,1,1,,,,,,,,,,,,,,,
WDI612_580,6/6/2018,8/5/2024,WDI6,12,580,,POPTRE,7.3,7.5,1,-99,0,1,1,,,,,,,,,,,,,,,
WDI612_581,6/6/2018,8/5/2024,WDI6,12,581,,POPTRE,-7777,-8888,0,-99,0,1,1,,,,,,,,,,,,,,,
WDI612_582,6/6/2018,8/5/2024,WDI6,12,582,,POPTRE,-7777,-8888,0,-99,0,1,1,,,,,,,,,,,,,,,
WDI612_583,6/6/2018,8/5/2024,WDI6,12,583,,POPTRE,11.9,12.8,1,-99,0,1,1,,,,,,,,,,,,,,,
WDI612_584,6/6/2018,8/5/2024,WDI6,12,584,,POPTRE,6.7,-7777,0,-99,0,1,1,,,,,,,,,,,,,,,
WDI612_585,6/6/2018,8/5/2024,WDI6,12,585,,POPTRE,13.6,14.3,1,-99,0,1,1,,,,,,,,,,,,,,,
WDI612_586,6/6/2018,8/5/2024,WDI6,12,586,,POPTRE,-7777,-8888,0,-99,0,1,1,,,,,,,,,,,,,,,
WDI612_587,6/6/2018,8/5/2024,WDI6,12,587,,POPTRE,6,-7777,0,-99,0,1,1,,,,,,,,,,,,,,,
WDI612_588,6/6/2018,8/5/2024,WDI6,12,588,,POPTRE,10.7,11.2,1,-99,0,1,1,,,,,,,,,,,,,,,
WDI612_589,6/6/2018,8/5/2024,WDI6,12,589,,POPTRE,-7777,-7777,0,2.5,0,1,1,,,,,,,,,,,,,,,
WDI612_590,6/6/2018,8/5/2024,WDI6,12,590,,POPTRE,5.5,-7777,0,-99,0,1,1,,,,,,,,,,,,,,,
WDI612_591,6/6/2018,8/5/2024,WDI6,12,591,,POPTRE,5.3,-9999,0,-99,0,1,0,,,,,,,,,,,,,,,
WDI612_592,6/6/2018,8/5/2024,WDI6,12,592,,POPTRE,11.5,13.6,1,-99,0,1,1,scarring at dbh 1-3 meters,,,,,,,,,,,,,,
WDI612_593,6/6/2018,8/5/2024,WDI6,12,593,,POPTRE,8.6,9.4,1,-99,0,1,1,,,,,,,,,,,,,,,
WDI612_594,6/6/2018,8/5/2024,WDI6,12,594,,POPTRE,3.5,-7777,0,-99,0,1,1,,,,,,,,,,,,,,,
WDI612_595,6/6/2018,8/5/2024,WDI6,12,595,,POPTRE,5.2,-7777,0,-99,0,1,1,,,,,,,,,,,,,,,
WDI612_596,6/6/2018,8/5/2024,WDI6,12,596,,POPTRE,6,-7777,0,-99,0,1,1,,,,,,,,,,,,,,,
WDI612_597,6/6/2018,8/5/2024,WDI6,12,597,,POPTRE,4.7,-7777,0,-99,0,1,1,,,,,,,,,,,,,,,
WDI612_598,6/6/2018,8/5/2024,WDI6,12,598,,POPTRE,7.3,-7777,0,-99,0,1,1,,,,,,,,,,,,,,,
WDI612_599,6/6/2018,8/5/2024,WDI6,12,599,,POPTRE,10.8,-7777,0,2,0,1,1,,,,,,,,,,,,,,,
WDI612_600,6/6/2018,8/5/2024,WDI6,12,600,,POPTRE,5.2,-7777,0,-99,0,1,1,,,,,,,,,,,,,,,
WDI612_701,6/6/2018,8/5/2024,WDI6,12,701,,POPTRE,-7777,-8888,0,-99,0,1,1,,,,,,,,,,,,,,,
WDI612_702,6/6/2018,8/5/2024,WDI6,12,702,,POPTRE,-7777,-8888,0,-99,0,1,1,,,,,,,,,,,,,,,
WDI612_703,6/6/2018,8/5/2024,WDI6,12,703,,POPTRE,8.3,8.4,1,-99,0,1,1,,,,,,,,,,,,,,,
WDI612_704,6/6/2018,8/5/2024,WDI6,12,704,,POPTRE,-7777,-7777,0,-99,0,1,1,,,,,,,,,,,,,,,
WDI612_705,6/6/2018,8/5/2024,WDI6,12,705,,POPTRE,7,-7777,0,-99,0,1,1,,,,,,,,,,,,,,,
WDI612_706,6/6/2018,8/5/2024,WDI6,12,706,,POPTRE,-7777,-8888,0,-99,0,1,1,,,,,,,,,,,,,,,
WDI612_707,6/6/2018,8/5/2024,WDI6,12,707,,POPTRE,-7777,-9999,0,-99,0,1,0,,,,,,,,,,,,,,,
WDI612_708,6/6/2018,8/5/2024,WDI6,12,708,,POPTRE,-7777,-8888,0,-99,0,1,1,,,,,,,,,,,,,,,
WDI612_709,6/6/2018,8/5/2024,WDI6,12,709,,POPTRE,10.9,11.6,1,-99,0,1,1,,,,,,,,,,,,,,,
WDI612_710,6/6/2018,8/5/2024,WDI6,12,710,,POPTRE,8.6,8.8,1,-99,0,1,1,,,,,,,,,,,,,,,
WDI612_711,6/6/2018,8/5/2024,WDI6,12,711,,POPTRE,5.4,-7777,0,-99,0,1,1,,,,,,,,,,,,,,,
WDI612_712,6/6/2018,8/5/2024,WDI6,12,712,,POPTRE,-7777,-8888,0,-99,0,1,1,,,,,,,,,,,,,,,
WDI612_713,6/6/2018,8/5/2024,WDI6,12,713,,POPTRE,8.4,-7777,0,-99,0,1,1,,,,,,,,,,,,,,,
WDI612_714,6/6/2018,8/5/2024,WDI6,12,714,,POPTRE,5.3,-7777,0,-99,0,1,1,,,,,,,,,,,,,,,
WDI612_715,6/6/2018,8/5/2024,WDI6,12,715,,BETNEO,4,4.3,1,-99,0,1,1,,,,,,,,,,,,,,,
WDI612_716,6/6/2018,8/5/2024,WDI6,12,716,,POPTRE,-7777,-7777,0,-99,0,1,1,,,,,,,,,,,,,,,
WDI612_717,6/6/2018,8/5/2024,WDI6,12,717,,BETNEO,5,5.5,1,-99,0,1,1,,,,,,,,,,,,,,,
WDI612_718,6/6/2018,8/5/2024,WDI6,12,718,,BETNEO,3.2,3.4,1,-99,0,1,1,,,,,,,,,,,,,,,
WDI612_719,6/6/2018,8/5/2024,WDI6,12,719,,BETNEO,3.6,3.9,1,-99,0,1,1,,,,,,,,,,,,,,,
WDI612_720,6/6/2018,8/5/2024,WDI6,12,720,,POPTRE,5.3,-7777,0,-99,0,1,1,,,,,,,,,,,,,,,
WDI612_721,6/6/2018,8/5/2024,WDI6,12,721,,POPTRE,6.7,6.8,1,-99,0,1,1,,,,,,,,,,,,,,,
WDI612_722,6/6/2018,8/5/2024,WDI6,12,722,,POPTRE,13.7,14.9,1,-99,0,1,1,,,,,,,,,,,,,,,
WDI612_723,6/6/2018,8/5/2024,WDI6,12,723,,POPTRE,4.2,-7777,0,-99,0,1,1,,,,,,,,,,,,,,,
WDI612_724,6/6/2018,8/5/2024,WDI6,12,724,,POPTRE,7,7.1,1,-99,0,1,1,,,,,,,,,,,,,,,
WDI612_725,6/6/2018,8/5/2024,WDI6,12,725,,POPTRE,-7777,-8888,0,-99,0,1,1,,,,,,,,,,,,,,,
WDI612_726,6/6/2018,8/5/2024,WDI6,12,726,,POPTRE,3.9,-7777,0,-99,0,1,1,,,,,,,,,,,,,,,
WDI612_727,6/6/2018,8/5/2024,WDI6,12,727,,POPTRE,-7777,-9999,0,-99,0,1,0,,,,,,,,,,,,,,,
WDI612_728,6/6/2018,8/5/2024,WDI6,12,728,,POPTRE,-7777,-8888,0,-99,0,1,1,,,,,,,,,,,,,,,
WDI612_729,6/6/2018,8/5/2024,WDI6,12,729,,PICMAR,3.2,6.4,1,-99,0,1,1,,,,,,,,,,,,,,,
WDI612_730,6/6/2018,8/5/2024,WDI6,12,730,,POPTRE,5.2,-7777,0,-99,0,1,1,,,,,,,,,,,,,,,
WDI612_731,6/6/2018,8/5/2024,WDI6,12,731,,POPTRE,11.1,12.1,1,-99,0,1,1,,,,,,,,,,,,,,,
WDI612_732,6/6/2018,8/5/2024,WDI6,12,732,,POPTRE,9.8,9.8,1,-99,0,1,1,,,,,,,,,,,,,,,
WDI612_733,6/6/2018,8/5/2024,WDI6,12,733,,POPTRE,9.4,9.9,1,-99,0,1,1,,,,,,,,,,,,,,,
WDI612_734,6/6/2018,8/5/2024,WDI6,12,734,,POPTRE,13.6,15.5,1,-99,0,1,1,,,,,,,,,,,,,,,
WDI612_735,6/6/2018,8/5/2024,WDI6,12,735,,POPTRE,9.1,9.5,1,-99,0,1,1,,,,,,,,,,,,,,,
WDI612_2221,,8/5/2024,WDI6,12,2221,,PICGLA,,3.8,1,-99,0,1,1,,,,,,,,,,,,,,,
WDI613_314,6/6/2018,8/6/2024,WDI6,13,314,,POPTRE,3.5,-7777,0,-99,0,1,1,,,,,,,,,,,,,,,
WDI613_315,6/6/2018,8/6/2024,WDI6,13,315,,POPTRE,5.6,5.6,1,-99,0,1,1,,,,,,,,,,,,,,,
WDI613_316,6/6/2018,8/6/2024,WDI6,13,316,,POPTRE,8.8,9.3,1,-99,0,1,1,,,,,,,,,,,,,,,
WDI613_317,6/6/2018,8/6/2024,WDI6,13,317,,POPTRE,9,9.3,1,-99,0,1,1,,,,,,,,,,,,,,,
WDI613_318,6/6/2018,8/6/2024,WDI6,13,318,,POPTRE,4.7,4.7,1,-99,0,1,1,,,,,,,,,,,,,,,
WDI613_319,6/6/2018,8/6/2024,WDI6,13,319,,POPTRE,10.7,11.4,1,-99,0,1,1,,,,,,,,,,,,,,,
WDI613_320,6/6/2018,8/6/2024,WDI6,13,320,,POPTRE,6.3,6.3,1,-99,0,1,1,,,,,,,,,,,,,,,
WDI613_321,6/6/2018,8/6/2024,WDI6,13,321,,POPTRE,5.3,5.3,1,-99,0,1,1,,,,,,,,,,,,,,,
WDI613_322,6/6/2018,8/6/2024,WDI6,13,322,,POPTRE,9.5,10.5,1,-99,0,1,1,,,,,,,,,,,,,,,
WDI613_323,6/6/2018,8/6/2024,WDI6,13,323,,POPTRE,11,12,1,-99,0,1,1,,,,,,,,,,,,,,,
WDI613_324,6/6/2018,8/6/2024,WDI6,13,324,,POPTRE,7.9,8.1,1,-99,0,1,1,,,,,,,,,,,,,,,
WDI613_325,6/6/2018,8/6/2024,WDI6,13,325,,POPTRE,9.4,10.4,1,-99,0,1,1,,,,,,,,,,,,,,,
WDI613_326,6/6/2018,8/6/2024,WDI6,13,326,,PICMAR,6.5,9,1,-99,0,1,1,,,,,,,,,,,,,,,
WDI613_327,6/6/2018,8/6/2024,WDI6,13,327,,POPTRE,9.1,9.6,1,-99,0,1,1,,,,,,,,,,,,,,,
WDI613_328,6/6/2018,8/6/2024,WDI6,13,328,,POPTRE,9.6,10,1,-99,0,1,1,,,,,,,,,,,,,,,
WDI613_329,6/6/2018,8/6/2024,WDI6,13,329,,POPTRE,4.1,-7777,0,-99,0,1,1,,,,,,,,,,,,,,,
WDI613_330,6/6/2018,8/6/2024,WDI6,13,330,,POPTRE,-9999,-8888,0,-99,0,1,1,,,,,,,,,,,,,,,
WDI613_331,6/6/2018,8/6/2024,WDI6,13,331,,POPTRE,12.6,13.7,1,-99,0,1,1,,,,,,,,,,,,,,,
WDI613_332,6/6/2018,8/6/2024,WDI6,13,332,,POPTRE,4.7,-7777,0,-99,0,1,1,,,,,,,,,,,,,,,
WDI613_333,6/6/2018,8/6/2024,WDI6,13,333,,POPTRE,8.9,9.2,1,-99,0,1,1,,,,,,,,,,,,,,,
WDI613_736,6/6/2018,8/6/2024,WDI6,13,736,,POPTRE,10.7,11.6,1,-99,0,1,1,,,,,,,,,,,,,,,
WDI613_737,6/6/2018,8/6/2024,WDI6,13,737,,POPTRE,9.8,10.2,1,-99,0,1,1,,,,,,,,,,,,,,,
WDI613_738,6/6/2018,8/6/2024,WDI6,13,738,,POPTRE,-9999,-7777,0,-99,0,1,1,,,,,,,,,,,,,,,
WDI613_739,6/6/2018,8/6/2024,WDI6,13,739,,POPTRE,12.1,13.5,1,-99,0,1,1,,,,,,,,,,,,,,,
WDI613_740,6/6/2018,8/6/2024,WDI6,13,740,,POPTRE,-9999,-8888,0,-99,0,1,1,,,,,,,,,,,,,,,
WDI613_741,6/6/2018,8/6/2024,WDI6,13,741,,POPTRE,5.2,-7777,0,-99,0,1,1,,,,,,,,,,,,,,,
WDI613_742,6/6/2018,8/6/2024,WDI6,13,742,,POPTRE,-9999,-7777,0,-99,0,1,1,,,,,,,,,,,,,,,
WDI613_743,6/6/2018,8/6/2024,WDI6,13,743,,POPTRE,-9999,-7777,0,-99,0,1,1,,,,,,,,,,,,,,,
WDI613_744,6/6/2018,8/6/2024,WDI6,13,744,,POPTRE,-9999,-8888,0,-99,0,1,1,,,,,,,,,,,,,,,
WDI613_745,6/6/2018,8/6/2024,WDI6,13,745,,POPTRE,-9999,-9999,0,-99,0,1,0,,,,,,,,,,,,,,,
WDI613_746,6/6/2018,8/6/2024,WDI6,13,746,,POPTRE,9.9,10.5,1,-99,0,1,1,,,,,,,,,,,,,,,
WDI613_747,6/6/2018,8/6/2024,WDI6,13,747,,POPTRE,4.3,-7777,0,-99,0,1,1,,,,,,,,,,,,,,,
WDI613_748,6/6/2018,8/6/2024,WDI6,13,748,,POPTRE,3.6,-7777,0,-99,0,1,1,,,,,,,,,,,,,,,
WDI613_749,6/6/2018,8/6/2024,WDI6,13,749,,POPTRE,5.8,-7777,0,-99,0,1,1,,,,,,,,,,,,,,,
WDI613_750,6/6/2018,8/6/2024,WDI6,13,750,,POPTRE,7.1,7.1,1,-99,0,1,1,,,,,,,,,,,,,,,
WDI613_751,6/6/2018,8/6/2024,WDI6,13,751,,POPTRE,11.1,12.3,1,-99,0,1,1,,,,,,,,,,,,,,,
WDI613_752,6/6/2018,8/6/2024,WDI6,13,752,,POPTRE,9.1,10.1,1,-99,0,1,1,,,,,,,,,,,,,,,
WDI613_753,6/6/2018,8/6/2024,WDI6,13,753,,POPTRE,8.1,8.2,1,-99,0,1,1,,,,,,,,,,,,,,,
WDI613_754,6/6/2018,8/6/2024,WDI6,13,754,,POPTRE,-9999,-8888,0,-99,0,1,1,,,,,,,,,,,,,,,
WDI613_755,6/6/2018,8/6/2024,WDI6,13,755,,POPTRE,-9999,-8888,0,-99,0,1,1,,,,,,,,,,,,,,,
WDI613_756,6/6/2018,8/6/2024,WDI6,13,756,,POPTRE,-9999,-8888,0,-99,0,1,1,,,,,,,,,,,,,,,
WDI613_757,6/6/2018,8/6/2024,WDI6,13,757,,POPTRE,-9999,-9999,0,-99,0,1,0,,,,,,,,,,,,,,,
WDI613_758,6/6/2018,8/6/2024,WDI6,13,758,,POPTRE,12.2,13.3,1,-99,0,1,1,,,,,,,,,,,,,,,
WDI613_759,6/6/2018,8/6/2024,WDI6,13,759,,POPTRE,6.9,6.5,1,-99,0,1,1,,,,,,,,,,,,,,,
WDI613_760,6/6/2018,8/6/2024,WDI6,13,760,,POPTRE,8.3,8.6,1,-99,0,1,1,,,,,,,,,,,,,,,
WDI613_761,6/6/2018,8/6/2024,WDI6,13,761,,POPTRE,-9999,-8888,0,-99,0,1,1,,,,,,,,,,,,,,,
WDI613_762,6/6/2018,8/6/2024,WDI6,13,762,,POPTRE,-9999,-8888,0,-99,0,1,1,,,,,,,,,,,,,,,
WDI613_763,6/6/2018,8/6/2024,WDI6,13,763,,POPTRE,-9999,-9999,0,-99,0,1,0,,,,,,,,,,,,,,,
WDI613_764,6/6/2018,8/6/2024,WDI6,13,764,,POPTRE,5.3,-9999,0,-99,0,1,0,,,,,,,,,,,,,,,
WDI613_765,6/6/2018,8/6/2024,WDI6,13,765,,POPTRE,-9999,-8888,0,-99,0,1,1,,,,,,,,,,,,,,,
WDI613_766,6/6/2018,8/6/2024,WDI6,13,766,,POPTRE,10.5,10.9,1,-99,0,1,1,,,,,,,,,,,,,,,
WDI613_767,6/6/2018,8/6/2024,WDI6,13,767,,POPTRE,3.5,-7777,0,-99,0,1,1,,,,,,,,,,,,,,,
WDI613_768,6/6/2018,8/6/2024,WDI6,13,768,,POPTRE,4,-7777,0,-99,0,1,1,,,,,,,,,,,,,,,
WDI613_769,6/6/2018,8/6/2024,WDI6,13,769,,POPTRE,7.6,-7777,0,-99,0,1,1,,,,,,,,,,,,,,,
WDI613_770,6/6/2018,8/6/2024,WDI6,13,770,,POPTRE,-9999,-8888,0,-99,0,1,1,,,,,,,,,,,,,,,
WDI613_771,6/6/2018,8/6/2024,WDI6,13,771,,POPTRE,4.3,-7777,0,-99,0,1,1,,,,,,,,,,,,,,,
WDI613_772,6/6/2018,8/6/2024,WDI6,13,772,,POPTRE,-9999,-8888,0,-99,0,1,1,,,,,,,,,,,,,,,
WDI613_773,6/6/2018,8/6/2024,WDI6,13,773,,POPTRE,7,-7777,0,-99,0,1,1,,,,,,,,,,,,,,,
WDI613_774,6/6/2018,8/6/2024,WDI6,13,774,,POPTRE,5.7,-9999,0,-99,0,1,0,,,,,,,,,,,,,,,
WDI613_775,6/6/2018,8/6/2024,WDI6,13,775,,POPTRE,-9999,-8888,0,-99,0,1,1,,,,,,,,,,,,,,,
WDI613_776,6/6/2018,8/6/2024,WDI6,13,776,,POPTRE,7.2,7.2,1,-99,0,1,1,,,,,,,,,,,,,,,
WDI613_777,6/6/2018,8/6/2024,WDI6,13,777,,POPTRE,3,-9999,0,-99,0,1,0,,,,,,,,,,,,,,,
WDI613_778,6/6/2018,8/6/2024,WDI6,13,778,,POPTRE,3.5,-9999,0,-99,0,1,0,,,,,,,,,,,,,,,
WDI613_779,6/6/2018,8/6/2024,WDI6,13,779,,POPTRE,7.4,7.5,1,-99,0,1,1,,,,,,,,,,,,,,,
WDI613_780,6/6/2018,8/6/2024,WDI6,13,780,,POPTRE,4.2,-7777,0,-99,0,1,1,,,,,,,,,,,,,,,
WDI613_781,6/6/2018,8/6/2024,WDI6,13,781,,POPTRE,12,13.5,1,-99,0,1,1,,,,,,,,,,,,,,,
WDI613_782,6/6/2018,8/6/2024,WDI6,13,782,,POPTRE,10.4,11.2,1,-99,0,1,1,,,,,,,,,,,,,,,
WDI613_783,6/6/2018,8/6/2024,WDI6,13,783,,POPTRE,4.9,-7777,0,-99,0,1,1,,,,,,,,,,,,,,,
WDI613_784,6/6/2018,8/6/2024,WDI6,13,784,,POPTRE,8.5,8.8,1,-99,0,1,1,,,,,,,,,,,,,,,
WDI613_785,6/6/2018,8/6/2024,WDI6,13,785,,PICMAR,-9999,-8888,0,-99,0,1,1,,,,,,,,,,,,,,,
WDI613_786,6/6/2018,8/6/2024,WDI6,13,786,,POPTRE,5.5,-7777,0,-99,0,1,1,,,,,,,,,,,,,,,
WDI613_787,6/6/2018,8/6/2024,WDI6,13,787,,POPTRE,8.4,-7777,0,-99,0,1,1,,,,,,,,,,,,,,,
WDI613_788,6/6/2018,8/6/2024,WDI6,13,788,,POPTRE,4.7,-7777,0,-99,0,1,1,,,,,,,,,,,,,,,
WDI613_789,6/6/2018,8/6/2024,WDI6,13,789,,POPTRE,8.4,9.3,1,-99,0,1,1,,,,,,,,,,,,,,,
WDI613_790,6/6/2018,8/6/2024,WDI6,13,790,,PICMAR,-9999,-9999,0,-99,0,1,0,,,,,,,,,,,,,,,
WDI613_791,6/6/2018,8/6/2024,WDI6,13,791,,POPTRE,11.3,12.5,1,-99,0,1,1,,,,,,,,,,,,,,,
WDI613_792,6/6/2018,8/6/2024,WDI6,13,792,,POPTRE,6.7,6.8,1,-99,0,1,1,,,,,,,,,,,,,,,
WDI613_793,6/6/2018,8/6/2024,WDI6,13,793,,POPTRE,-9999,-7777,0,4,0,1,1,,,,,,,,,,,,,,,
WDI613_794,6/6/2018,8/6/2024,WDI6,13,794,,POPTRE,-9999,-8888,0,-99,0,1,1,,,,,,,,,,,,,,,
WDI613_795,6/6/2018,8/6/2024,WDI6,13,795,,POPTRE,11.1,11.3,1,-99,0,1,1,,,,,,,,,,,,,,,
WDI613_796,6/6/2018,8/6/2024,WDI6,13,796,,POPTRE,5.6,5.4,1,-99,0,1,1,,,,,,,,,,,,,,,
WDI613_797,6/6/2018,8/6/2024,WDI6,13,797,,POPTRE,5.6,-7777,0,-99,0,1,1,,,,,,,,,,,,,,,
WDI613_798,6/6/2018,8/6/2024,WDI6,13,798,,POPTRE,12.4,13.6,1,-99,0,1,1,,,,,,,,,,,,,,,
WDI613_799,6/6/2018,8/6/2024,WDI6,13,799,,POPTRE,5,5.1,1,-99,0,1,1,,,,,,,,,,,,,,,
WDI613_800,6/6/2018,8/6/2024,WDI6,13,800,,PICMAR,-9999,-8888,0,-99,0,1,1,,,,,,,,,,,,,,,
WDI613_2222,,8/6/2024,WDI6,13,2222,,BETNEO ,,3.4,1,-99,0,1,1,,,,,,,,,,,,,,,
WDI614_334,6/6/2018,8/6/2024,WDI6,14,334,,POPTRE,7.2,7.4,1,-99,0,1,1,,,,,,,,,,,,,,,
WDI614_335,6/6/2018,8/6/2024,WDI6,14,335,,POPTRE,3.6,-7777,0,-99,0,1,1,,,,,,,,,,,,,,,
WDI614_336,6/6/2018,8/6/2024,WDI6,14,336,,POPTRE,5.2,5.2,1,-99,0,1,1,,,,,,,,,,,,,,,
WDI614_337,6/6/2018,8/6/2024,WDI6,14,337,,POPTRE,8.1,8.4,1,-99,0,1,1,,,,,,,,,,,,,,,
WDI614_338,6/6/2018,8/6/2024,WDI6,14,338,,POPTRE,-9999,-9999,0,-99,0,1,0,,,,,,,,,,,,,,,
WDI614_339,6/6/2018,8/6/2024,WDI6,14,339,,POPTRE,9.3,10.2,1,-99,0,1,1,,,,,,,,,,,,,,,
WDI614_340,6/6/2018,8/6/2024,WDI6,14,340,,POPTRE,9,10.3,1,-99,0,1,1,,,,,,,,,,,,,,,
WDI614_341,6/6/2018,8/6/2024,WDI6,14,341,,POPTRE,5.4,-9999,0,-99,0,1,0,,,,,,,,,,,,,,,
WDI614_342,6/6/2018,8/6/2024,WDI6,14,342,,POPTRE,-9999,-9999,0,-99,0,1,0,,,,,,,,,,,,,,,
WDI614_343,6/6/2018,8/6/2024,WDI6,14,343,,POPTRE,9,9.1,1,-99,0,1,1,,,,,,,,,,,,,,,
WDI614_344,6/6/2018,8/6/2024,WDI6,14,344,,POPTRE,4.2,-9999,0,-99,0,1,0,,,,,,,,,,,,,,,
WDI614_345,6/6/2018,8/6/2024,WDI6,14,345,,POPTRE,7,-7777,0,-99,0,1,1,,,,,,,,,,,,,,,
WDI614_346,6/6/2018,8/6/2024,WDI6,14,346,,POPTRE,3.6,-7777,0,2,0,1,1,,,,,,,,,,,,,,,
WDI614_347,6/6/2018,8/6/2024,WDI6,14,347,,POPTRE,-9999,-8888,0,-99,0,1,1,,,,,,,,,,,,,,,
WDI614_348,6/6/2018,8/6/2024,WDI6,14,348,,POPTRE,6.7,6.9,1,-99,0,1,1,,,,,,,,,,,,,,,
WDI614_349,6/6/2018,8/6/2024,WDI6,14,349,,PICMAR,-9999,-8888,0,-99,0,1,1,,,,,,,,,,,,,,,
WDI614_350,6/6/2018,8/6/2024,WDI6,14,350,,PICMAR,6.1,8.6,1,-99,0,1,1,,,,,,,,,,,,,,,
WDI614_351,6/6/2018,8/6/2024,WDI6,14,351,,POPTRE,4.5,-7777,0,-99,0,1,1,,,,,,,,,,,,,,,
WDI614_352,6/6/2018,8/6/2024,WDI6,14,352,,POPTRE,10.8,11.3,1,-99,0,1,1,,,,,,,,,,,,,,,
WDI614_353,6/6/2018,8/6/2024,WDI6,14,353,,POPTRE,5.1,5.3,1,-99,0,1,1,,,,,,,,,,,,,,,
WDI614_354,6/6/2018,8/6/2024,WDI6,14,354,,POPTRE,9,9.3,1,-99,0,1,1,,,,,,,,,,,,,,,
WDI614_355,6/6/2018,8/6/2024,WDI6,14,355,,POPTRE,6,-7777,0,-99,0,1,1,,,,,,,,,,,,,,,
WDI614_356,6/6/2018,8/6/2024,WDI6,14,356,,POPTRE,10.7,11.3,1,-99,0,1,1,,,,,,,,,,,,,,,
WDI614_357,6/6/2018,8/6/2024,WDI6,14,357,,POPTRE,-9999,-7777,0,-99,0,1,1,,,,,,,,,,,,,,,
WDI614_358,6/6/2018,8/6/2024,WDI6,14,358,,POPTRE,11,11.5,1,-99,0,1,1,,,,,,,,,,,,,,,
WDI614_359,6/6/2018,8/6/2024,WDI6,14,359,,POPTRE,7,7.1,1,-99,0,1,1,,,,,,,,,,,,,,,
WDI614_360,6/6/2018,8/6/2024,WDI6,14,360,,POPTRE,4.5,-7777,0,-99,0,1,1,,,,,,,,,,,,,,,
WDI614_361,6/6/2018,8/6/2024,WDI6,14,361,,POPTRE,5,-7777,0,-99,0,1,1,,,,,,,,,,,,,,,
WDI614_362,6/6/2018,8/6/2024,WDI6,14,362,,POPTRE,5.2,5.4,1,-99,0,1,1,,,,,,,,,,,,,,,
WDI614_363,6/6/2018,8/6/2024,WDI6,14,363,,POPTRE,12.7,14,1,-99,0,1,1,,,,,,,,,,,,,,,
WDI614_364,6/6/2018,8/6/2024,WDI6,14,364,,POPTRE,-9999,-8888,0,-99,0,1,1,,,,,,,,,,,,,,,
WDI614_365,6/6/2018,8/6/2024,WDI6,14,365,,POPTRE,9.4,10.1,1,-99,0,1,1,,,,,,,,,,,,,,,
WDI614_366,6/6/2018,8/6/2024,WDI6,14,366,,BETNEO,8.1,9.6,1,-99,0,1,1,,,,,,,,,,,,,,,
WDI614_367,,8/6/2024,WDI6,14,367,,BETNEO,,-7777,0,-99,0,1,1,not included in old data,,,,,,,,,,,,,,
WDI614_368,6/6/2018,8/6/2024,WDI6,14,368,,POPTRE,9.8,-7777,0,-99,0,1,1,,,,,,,,,,,,,,,
WDI614_369,6/6/2018,8/6/2024,WDI6,14,369,,POPTRE,6.5,6.6,1,-99,0,1,1,,,,,,,,,,,,,,,
WDI614_370,6/6/2018,8/6/2024,WDI6,14,370,,POPTRE,10.4,11.3,1,-99,0,1,1,,,,,,,,,,,,,,,
WDI614_371,6/6/2018,8/6/2024,WDI6,14,371,,POPTRE,7.4,7.5,1,-99,0,1,1,,,,,,,,,,,,,,,
WDI614_372,6/6/2018,8/6/2024,WDI6,14,372,,POPTRE,7.1,7.4,1,-99,0,1,1,,,,,,,,,,,,,,,
WDI614_373,6/6/2018,8/6/2024,WDI6,14,373,,POPTRE,6.3,6.4,1,-99,0,1,1,,,,,,,,,,,,,,,
WDI614_374,6/6/2018,8/6/2024,WDI6,14,374,,POPTRE,5.5,-7777,0,-99,0,1,1,,,,,,,,,,,,,,,
WDI614_375,6/6/2018,8/6/2024,WDI6,14,375,,POPTRE,6.1,-9999,0,-99,0,1,0,without a tag,,,,,,,,,,,,,,
WDI614_376,6/6/2018,8/6/2024,WDI6,14,376,,POPTRE,5.8,-7777,0,-99,0,1,1,,,,,,,,,,,,,,,
WDI614_377,6/6/2018,8/6/2024,WDI6,14,377,,POPTRE,5.6,5.6,1,-99,0,1,1,,,,,,,,,,,,,,,
WDI614_378,6/6/2018,8/6/2024,WDI6,14,378,,POPTRE,11.6,12.5,1,-99,0,1,1,,,,,,,,,,,,,,,
WDI614_379,6/6/2018,8/6/2024,WDI6,14,379,,POPTRE,12.2,12.8,1,-99,0,1,1,,,,,,,,,,,,,,,
WDI614_380,6/6/2018,8/6/2024,WDI6,14,380,,POPTRE,-9999,-8888,0,-99,0,1,1,may be standing dead,,,,,,,,,,,,,,
WDI614_1148,,8/6/2024,WDI6,14,1148,,PICGLA,,5.1,1,-99,0,1,1,new old tree that wasnt added,,,,,,,,,,,,,,
WDI614_2223,,8/6/2024,WDI6,14,2223,,PICGLA,,3.6,1,-99,0,1,1,,,,,,,,,,,,,,,
WDI614_2224,,8/6/2024,WDI6,14,2224,,PICGLA,,4,1,-99,0,1,1,,,,,,,,,,,,,,,
WDI614_2225,,8/6/2024,WDI6,14,2225,,PICMAR,,3.5,1,-99,0,1,1,,,,,,,,,,,,,,,
WDI614_2226,,8/6/2024,WDI6,14,2226,,PICMAR,,4.3,1,-99,0,1,1,,,,,,,,,,,,,,,
WDI614_2227,,8/6/2024,WDI6,14,2227,,PICGLA,,4,1,-99,0,1,1,,,,,,,,,,,,,,,
WDI614_2228,,8/6/2024,WDI6,14,2228,,PICMAR,,4.1,1,-99,0,1,1,,,,,,,,,,,,,,,
WDI614_2229,,8/6/2024,WDI6,14,2229,,BETNEO,,3.4,1,-99,0,1,1,,,,,,,,,,,,,,,
WDI614_2230,,8/6/2024,WDI6,14,2230,,PICMAR,,2.5,1,-99,0,1,1,,,,,,,,,,,,,,,
WDI614_2231,,8/6/2024,WDI6,14,2231,,PICGLA,,4.7,1,-99,0,1,1,,,,,,,,,,,,,,,
BCEFM21_21,9/3/2013,9/5/2024,BCEFM2,1,21,,PICMAR,2.4,3.4,1,-99,0,-9999,1,,,,,,,,,,,,,,,
BCEFM21_22,9/3/2013,9/5/2024,BCEFM2,1,22,,PICMAR,2.6,3.1,1,-99,0,-9999,1,,,,,,,,,,,,,,,
BCEFM21_23,9/3/2013,9/5/2024,BCEFM2,1,23,,PICMAR,2.9,4.1,1,-99,0,-9999,1,,,,,,,,,,,,,,,
BCEFM21_24,9/3/2013,9/5/2024,BCEFM2,1,24,,PICMAR,2.5,3.4,1,-99,0,-9999,1,,,,,,,,,,,,,,,
BCEFM21_25,9/3/2013,9/5/2024,BCEFM2,1,25,,PICMAR,3.9,5.1,1,-99,0,-9999,1,,,,,,,,,,,,,,,
BCEFM21_26,9/3/2013,9/5/2024,BCEFM2,1,26,,PICMAR,3.8,5.5,1,-99,0,-9999,1,,,,,,,,,,,,,,,
BCEFM21_27,9/3/2013,9/5/2024,BCEFM2,1,27,,PICMAR,2.5,3.8,1,-99,0,-9999,1,,,,,,,,,,,,,,,
BCEFM21_28,9/3/2013,9/5/2024,BCEFM2,1,28,,PICMAR,5.4,6.5,1,-99,0,-9999,1,,,,,,,,,,,,,,,
BCEFM21_29,9/3/2013,9/5/2024,BCEFM2,1,29,,PICMAR,5.5,6.7,1,-99,0,-9999,1,,,,,,,,,,,,,,,
BCEFM21_30,9/3/2013,9/5/2024,BCEFM2,1,30,,PICMAR,3.8,4.1,1,-99,0,-9999,1,,,,,,,,,,,,,,,
BCEFM21_31,9/3/2013,9/5/2024,BCEFM2,1,31,,PICMAR,5.1,6,1,-99,0,-9999,1,,,,,,,,,,,,,,,
BCEFM21_32,9/3/2013,9/5/2024,BCEFM2,1,32,,PICMAR,3.7,5.5,1,-99,0,-9999,1,,,,,,,,,,,,,,,
BCEFM21_33,9/3/2013,9/5/2024,BCEFM2,1,33,,PICMAR,3.8,4.4,1,-99,0,-9999,1,,,,,,,,,,,,,,,
BCEFM21_34,9/3/2013,9/5/2024,BCEFM2,1,34,,PICMAR,3.3,4.1,1,-99,0,-9999,1,,,,,,,,,,,,,,,
BCEFM21_35,9/3/2013,9/5/2024,BCEFM2,1,35,,PICMAR,2.4,2.9,1,-99,0,-9999,1,,,,,,,,,,,,,,,
BCEFM21_36,9/3/2013,9/5/2024,BCEFM2,1,36,,PICMAR,3.5,4.2,1,-99,0,-9999,1,,,,,,,,,,,,,,,
BCEFM21_37,9/3/2013,9/5/2024,BCEFM2,1,37,,PICMAR,3.1,3.8,1,-99,0,-9999,1,,,,,,,,,,,,,,,
BCEFM21_38,9/3/2013,9/5/2024,BCEFM2,1,38,,PICMAR,3.1,3.8,1,-99,0,-9999,1,,,,,,,,,,,,,,,
BCEFM21_39,9/3/2013,9/5/2024,BCEFM2,1,39,,PICMAR,3.8,4.8,1,-99,0,-9999,1,,,,,,,,,,,,,,,
BCEFM21_40,9/3/2013,9/5/2024,BCEFM2,1,40,,PICMAR,6,6.8,1,-99,0,-9999,1,,,,,,,,,,,,,,,
BCEFM21_41,9/3/2013,9/5/2024,BCEFM2,1,41,,LARLAR,5.6,-7777,0,-99,0,-9999,1,,,,,,,,,,,,,,,
BCEFM21_42,9/3/2013,9/5/2024,BCEFM2,1,42,,PICMAR,2.6,4.3,1,-99,0,-9999,1,,,,,,,,,,,,,,,
BCEFM21_43,9/3/2013,9/5/2024,BCEFM2,1,43,,PICMAR,3.5,3.8,1,-99,0,-9999,1,,,,,,,,,,,,,,,
BCEFM21_44,9/3/2013,9/5/2024,BCEFM2,1,44,,PICMAR,4,4.5,1,-99,0,-9999,1,,,,,,,,,,,,,,,
BCEFM21_45,9/3/2013,9/5/2024,BCEFM2,1,45,,PICMAR,6.6,7.5,1,-99,0,-9999,1,,,,,,,,,,,,,,,
BCEFM21_46,9/3/2013,9/5/2024,BCEFM2,1,46,,PICMAR,4.3,5.2,1,-99,0,-9999,1,,,,,,,,,,,,,,,
BCEFM21_47,9/3/2013,9/5/2024,BCEFM2,1,47,,PICMAR,4.8,6.6,1,-99,0,-9999,1,,,,,,,,,,,,,,,
BCEFM21_48,9/3/2013,9/5/2024,BCEFM2,1,48,,PICMAR,4.5,5.3,1,-99,0,-9999,1,,,,,,,,,,,,,,,
BCEFM21_49,9/3/2013,9/5/2024,BCEFM2,1,49,,PICMAR,3.2,4.5,1,-99,0,-9999,1,,,,,,,,,,,,,,,
BCEFM21_2857,,9/5/2024,BCEFM2,1,2857,,PICMAR,,2.7,1,-99,0,-9999,1,,,,,,,,,,,,,,,
BCEFM21_2858,,9/5/2024,BCEFM2,1,2858,,PICMAR,,2.5,1,-99,0,-9999,1,,,,,,,,,,,,,,,
BCEFM21_2859,,9/5/2024,BCEFM2,1,2859,,PICMAR,,3.2,1,-99,0,-9999,1,,,,,,,,,,,,,,,
BCEFM21_2860,,9/5/2024,BCEFM2,1,2860,,PICMAR,,3.7,1,-99,0,-9999,1,,,,,,,,,,,,,,,
BCEFM21_2861,,9/5/2024,BCEFM2,1,2861,,PICMAR,,2.7,1,-99,0,-9999,1,,,,,,,,,,,,,,,
BCEFM21_2862,,9/5/2024,BCEFM2,1,2862,,LARLAR,,2.5,1,-99,0,-9999,1,,,,,,,,,,,,,,,
BCEFM21_2863,,9/5/2024,BCEFM2,1,2863,,PICMAR,,4.2,1,-99,0,-9999,1,,,,,,,,,,,,,,,
BCEFM21_2864,,9/5/2024,BCEFM2,1,2864,,PICMAR,,2.6,1,-99,0,-9999,1,,,,,,,,,,,,,,,
BCEFM21_2865,,9/5/2024,BCEFM2,1,2865,,PICMAR,,2.5,1,-99,0,-9999,1,,,,,,,,,,,,,,,
BCEFM21_2866,,9/5/2024,BCEFM2,1,2866,,PICMAR,,3.4,1,-99,0,-9999,1,,,,,,,,,,,,,,,
BCEFM21_2867,,9/5/2024,BCEFM2,1,2867,,PICMAR,,2.7,1,-99,0,-9999,1,,,,,,,,,,,,,,,
BCEFM21_2868,,9/5/2024,BCEFM2,1,2868,,PICMAR,,3.2,1,-99,0,-9999,1,,,,,,,,,,,,,,,
BCEFM21_2869,,9/5/2024,BCEFM2,1,2869,,PICMAR,,2.6,1,-99,0,-9999,1,,,,,,,,,,,,,,,
BCEFM21_2870,,9/5/2024,BCEFM2,1,2870,,PICMAR,,2.6,1,-99,0,-9999,1,,,,,,,,,,,,,,,
BCEFM21_2871,,9/5/2024,BCEFM2,1,2871,,PICMAR,,2.8,1,-99,0,-9999,1,,,,,,,,,,,,,,,
BCEFM22_50,9/3/2013,9/5/2024,BCEFM2,2,50,,LARLAR,3.1,-7777,0,2.5,0,-9999,1,,,,,,,,,,,,,,,
BCEFM22_51,9/3/2013,9/5/2024,BCEFM2,2,51,,PICMAR,5.2,6.3,1,-99,0,-9999,1,,,,,,,,,,,,,,,
BCEFM22_52,9/3/2013,9/5/2024,BCEFM2,2,52,,PICMAR,3.7,5,1,-99,0,-9999,1,,,,,,,,,,,,,,,
BCEFM22_53,9/3/2013,9/5/2024,BCEFM2,2,53,,LARLAR,3.9,-7777,0,1.5,0,-9999,1,,,,,,,,,,,,,,,
BCEFM22_54,9/3/2013,9/5/2024,BCEFM2,2,54,,PICMAR,5.7,7.1,1,-99,0,-9999,1,,,,,,,,,,,,,,,
BCEFM22_55,9/3/2013,9/5/2024,BCEFM2,2,55,,PICMAR,6.3,7.4,1,-99,0,-9999,1,,,,,,,,,,,,,,,
BCEFM22_56,9/3/2013,9/5/2024,BCEFM2,2,56,,PICMAR,4.5,4.9,1,-99,0,-9999,1,,,,,,,,,,,,,,,
BCEFM22_57,9/3/2013,9/5/2024,BCEFM2,2,57,,PICMAR,6.9,8.5,1,-99,0,-9999,1,,,,,,,,,,,,,,,
BCEFM22_58,9/3/2013,9/5/2024,BCEFM2,2,58,,PICMAR,5.3,6.7,1,-99,0,-9999,1,,,,,,,,,,,,,,,
BCEFM22_59,9/3/2013,9/5/2024,BCEFM2,2,59,,PICMAR,5.3,6.4,1,-99,0,-9999,1,,,,,,,,,,,,,,,
BCEFM22_60,9/3/2013,9/5/2024,BCEFM2,2,60,,PICMAR,3.3,4.1,1,-99,0,-9999,1,,,,,,,,,,,,,,,
BCEFM22_61,9/3/2013,9/5/2024,BCEFM2,2,61,,PICMAR,5.1,6.8,1,-99,0,-9999,1,,,,,,,,,,,,,,,
BCEFM22_62,9/3/2013,9/5/2024,BCEFM2,2,62,,PICMAR,4.3,5.8,1,-99,0,-9999,1,,,,,,,,,,,,,,,
BCEFM22_63,9/3/2013,9/5/2024,BCEFM2,2,63,,PICMAR,3.9,5.3,1,-99,0,-9999,1,,,,,,,,,,,,,,,
BCEFM22_64,9/3/2013,9/5/2024,BCEFM2,2,64,,PICMAR,3.8,5.4,1,-99,0,-9999,1,,,,,,,,,,,,,,,
BCEFM22_65,9/3/2013,9/5/2024,BCEFM2,2,65,,PICMAR,6.6,7.4,1,-99,0,-9999,1,,,,,,,,,,,,,,,
BCEFM22_66,9/3/2013,9/5/2024,BCEFM2,2,66,,PICMAR,4.8,5.4,1,-99,0,-9999,1,,,,,,,,,,,,,,,
BCEFM22_2872,,9/5/2024,BCEFM2,2,2872,,PICMAR,,3.7,1,-99,0,-9999,1,,,,,,,,,,,,,,,
BCEFM22_2873,,9/5/2024,BCEFM2,2,2873,,PICMAR,,2.7,1,-99,0,-9999,1,,,,,,,,,,,,,,,
BCEFM22_2874,,9/5/2024,BCEFM2,2,2874,,LARLAR,,3.3,1,-99,0,-9999,1,,,,,,,,,,,,,,,
BCEFM22_2875,,9/5/2024,BCEFM2,2,2875,,LARLAR,,2.5,1,-99,0,-9999,1,,,,,,,,,,,,,,,
BCEFM22_2876,,9/5/2024,BCEFM2,2,2876,,LARLAR,,3.5,1,-99,0,-9999,1,,,,,,,,,,,,,,,
BCEFM22_2877,,9/5/2024,BCEFM2,2,2877,,PICMAR,,3.8,1,-99,0,-9999,1,,,,,,,,,,,,,,,
BCEFM22_2878,,9/5/2024,BCEFM2,2,2878,,PICMAR,,3,1,-99,0,-9999,1,,,,,,,,,,,,,,,
BCEFM23_67,9/3/2013,9/5/2024,BCEFM2,3,67,,PICMAR,3.2,4.2,1,-99,0,-9999,1,,,,,,,,,,,,,,,
BCEFM23_68,9/3/2013,9/5/2024,BCEFM2,3,68,,PICMAR,4.9,5.7,1,-99,0,-9999,1,,,,,,,,,,,,,,,
BCEFM23_69,9/3/2013,9/5/2024,BCEFM2,3,69,,PICMAR,4.3,5.9,1,-99,0,-9999,1,,,,,,,,,,,,,,,
BCEFM23_70,9/3/2013,9/5/2024,BCEFM2,3,70,,PICMAR,3.7,4.4,1,-99,0,-9999,1,,,,,,,,,,,,,,,
BCEFM23_71,9/3/2013,9/5/2024,BCEFM2,3,71,,PICMAR,4.7,5,1,-99,0,-9999,1,,,,,,,,,,,,,,,
BCEFM23_72,9/3/2013,9/5/2024,BCEFM2,3,72,,PICMAR,3.9,4.6,1,-99,0,-9999,1,,,,,,,,,,,,,,,
BCEFM23_73,9/3/2013,9/5/2024,BCEFM2,3,73,,PICMAR,3.2,3.9,1,-99,0,-9999,1,,,,,,,,,,,,,,,
BCEFM23_74,9/3/2013,9/5/2024,BCEFM2,3,74,,PICMAR,3.3,4.8,1,-99,0,-9999,1,,,,,,,,,,,,,,,
BCEFM23_75,9/3/2013,9/5/2024,BCEFM2,3,75,,PICMAR,2.8,3.7,1,-99,0,-9999,1,,,,,,,,,,,,,,,
BCEFM23_76,9/3/2013,9/5/2024,BCEFM2,3,76,,PICMAR,3,4.1,1,-99,0,-9999,1,,,,,,,,,,,,,,,
BCEFM23_77,9/3/2013,9/5/2024,BCEFM2,3,77,,PICMAR,2.9,4.2,1,-99,0,-9999,1,,,,,,,,,,,,,,,
BCEFM23_78,9/3/2013,9/5/2024,BCEFM2,3,78,,PICMAR,3.7,4.2,1,-99,0,-9999,1,,,,,,,,,,,,,,,
BCEFM23_79,9/3/2013,9/5/2024,BCEFM2,3,79,,PICMAR,3.7,5.2,1,-99,0,-9999,1,,,,,,,,,,,,,,,
BCEFM23_80,9/3/2013,9/5/2024,BCEFM2,3,80,,LARLAR,3.6,-7777,0,-99,1,-9999,1,,,,,,,,,,,,,,,
BCEFM23_81,9/3/2013,9/5/2024,BCEFM2,3,81,,PICMAR,4.4,5,1,-99,0,-9999,1,,,,,,,,,,,,,,,
BCEFM23_82,9/3/2013,9/5/2024,BCEFM2,3,82,,PICMAR,5.9,6.8,1,-99,0,-9999,1,,,,,,,,,,,,,,,
BCEFM23_83,9/3/2013,9/5/2024,BCEFM2,3,83,,PICMAR,5,6.6,1,-99,0,-9999,1,,,,,,,,,,,,,,,
BCEFM23_84,9/3/2013,9/5/2024,BCEFM2,3,84,,PICMAR,2.6,3.3,1,-99,0,-9999,1,,,,,,,,,,,,,,,
BCEFM23_85,9/3/2013,9/5/2024,BCEFM2,3,85,,PICMAR,2.2,2.9,1,-99,0,-9999,1,,,,,,,,,,,,,,,
BCEFM23_900,,9/5/2024,BCEFM2,3,900,,LARLAR,,3.7,1,-99,0,-9999,1,Existing tree but not in data set and already has pink spray,,,,,,,,,,,,,,
BCEFM23_2879,,9/5/2024,BCEFM2,3,2879,,PICMAR,,2.6,1,-99,0,-9999,1,,,,,,,,,,,,,,,
BCEFM23_2880,,9/5/2024,BCEFM2,3,2880,,PICMAR,,3,1,-99,0,-9999,1,,,,,,,,,,,,,,,
BCEFM23_2881,,9/5/2024,BCEFM2,3,2881,,PICMAR,,3,1,-99,0,-9999,1,,,,,,,,,,,,,,,
BCEFM23_2882,,9/5/2024,BCEFM2,3,2882,,PICMAR,,2.9,1,-99,0,-9999,1,,,,,,,,,,,,,,,
BCEFM23_2883,,9/5/2024,BCEFM2,3,2883,,PICMAR,,3,1,-99,0,-9999,1,,,,,,,,,,,,,,,
BCEFM23_2884,,9/5/2024,BCEFM2,3,2884,,PICMAR,,2.7,1,-99,0,-9999,1,,,,,,,,,,,,,,,
BCEFM23_2885,,9/5/2024,BCEFM2,3,2885,,PICMAR,,3.7,1,-99,0,-9999,1,,,,,,,,,,,,,,,
BCEFM23_2886,,9/5/2024,BCEFM2,3,2886,,PICMAR,,3.4,1,-99,0,-9999,1,,,,,,,,,,,,,,,
BCEFM23_2887,,9/5/2024,BCEFM2,3,2887,,PICMAR,,2.8,1,-99,0,-9999,1,,,,,,,,,,,,,,,
BCEFM23_2888,,9/5/2024,BCEFM2,3,2888,,PICMAR,,2.5,1,-99,0,-9999,1,,,,,,,,,,,,,,,
BCEFM24_86,9/3/2013,9/5/2024,BCEFM2,4,86,,LARLAR,8,-7777,0,-99,0,-9999,1,,,,,,,,,,,,,,,
BCEFM24_87,9/3/2013,9/5/2024,BCEFM2,4,87,,PICMAR,2.7,3.5,1,-99,0,-9999,1,,,,,,,,,,,,,,,
BCEFM24_88,9/3/2013,9/5/2024,BCEFM2,4,88,,PICMAR,5.9,-7777,1,3,1,-9999,1,,,,,,,,,,,,,,,
BCEFM24_89,9/3/2013,9/5/2024,BCEFM2,4,89,,LARLAR,2.2,-7777,0,-99,1,-9999,1,,,,,,,,,,,,,,,
BCEFM24_90,9/3/2013,9/5/2024,BCEFM2,4,90,,PICMAR,2.8,3.5,1,-99,0,-9999,1,,,,,,,,,,,,,,,
BCEFM24_91,9/3/2013,9/5/2024,BCEFM2,4,91,,PICMAR,5.4,6.3,1,-99,0,-9999,1,,,,,,,,,,,,,,,
BCEFM24_92,9/3/2013,9/5/2024,BCEFM2,4,92,,PICMAR,3.3,4.8,1,-99,0,-9999,1,,,,,,,,,,,,,,,
BCEFM24_93,9/3/2013,9/5/2024,BCEFM2,4,93,,PICMAR,8.1,8.8,1,-99,0,-9999,1,,,,,,,,,,,,,,,
BCEFM24_94,9/3/2013,9/5/2024,BCEFM2,4,94,,PICMAR,3.7,4.5,1,-99,0,-9999,1,,,,,,,,,,,,,,,
BCEFM24_95,9/3/2013,9/5/2024,BCEFM2,4,95,,PICMAR,4.6,5,1,-99,0,-9999,1,,,,,,,,,,,,,,,
BCEFM24_96,9/3/2013,9/5/2024,BCEFM2,4,96,,PICMAR,2.8,4.6,1,-99,0,-9999,1,,,,,,,,,,,,,,,
BCEFM24_97,9/3/2013,9/5/2024,BCEFM2,4,97,,PICMAR,3.5,4.4,1,-99,0,-9999,1,,,,,,,,,,,,,,,
BCEFM24_98,9/3/2013,9/5/2024,BCEFM2,4,98,,LARLAR,2.2,-7777,0,-99,0,-9999,1,,,,,,,,,,,,,,,
BCEFM24_99,9/3/2013,9/5/2024,BCEFM2,4,99,,LARLAR,4.9,-7777,0,-99,0,-9999,1,,,,,,,,,,,,,,,
BCEFM24_100,9/3/2013,9/5/2024,BCEFM2,4,100,,PICMAR,3.3,4.5,1,-99,0,-9999,1,,,,,,,,,,,,,,,
BCEFM24_101,9/3/2013,9/5/2024,BCEFM2,4,101,,PICMAR,3.2,4.3,1,-99,0,-9999,1,,,,,,,,,,,,,,,
BCEFM24_102,9/3/2013,9/5/2024,BCEFM2,4,102,,PICMAR,3.1,4.1,1,-99,0,-9999,1,,,,,,,,,,,,,,,
BCEFM24_103,9/3/2013,9/5/2024,BCEFM2,4,103,,PICMAR,3.2,3.8,1,-99,0,-9999,1,,,,,,,,,,,,,,,
BCEFM24_104,9/3/2013,9/5/2024,BCEFM2,4,104,,PICMAR,3,4.7,1,-99,0,-9999,1,,,,,,,,,,,,,,,
BCEFM24_105,9/3/2013,9/5/2024,BCEFM2,4,105,,PICMAR,2.5,3.7,1,-99,0,-9999,1,,,,,,,,,,,,,,,
BCEFM24_106,9/3/2013,9/5/2024,BCEFM2,4,106,,PICMAR,2.5,3.2,1,-99,0,-9999,1,,,,,,,,,,,,,,,
BCEFM24_107,9/3/2013,9/5/2024,BCEFM2,4,107,,PICMAR,3,3.4,1,-99,0,-9999,1,,,,,,,,,,,,,,,
BCEFM24_108,9/3/2013,9/5/2024,BCEFM2,4,108,,PICMAR,3.3,3.9,1,-99,0,-9999,1,,,,,,,,,,,,,,,
BCEFM24_109,9/3/2013,9/5/2024,BCEFM2,4,109,,PICMAR,2.9,3,1,3.3,1,-9999,1,,,,,,,,,,,,,,,
BCEFM24_110,9/3/2013,9/5/2024,BCEFM2,4,110,,PICMAR,4.1,4.6,1,-99,0,-9999,1,,,,,,,,,,,,,,,
BCEFM24_111,9/3/2013,9/5/2024,BCEFM2,4,111,,PICMAR,2.3,-7777,1,2.1,0,-9999,1,"Base is still alive, but dead at DBH. ",,,,,,,,,,,,,,
BCEFM24_112,9/3/2013,9/5/2024,BCEFM2,4,112,,PICMAR,2.9,3.1,1,3.1,0,-9999,1,,,,,,,,,,,,,,,
BCEFM24_113,9/3/2013,9/5/2024,BCEFM2,4,113,,PICMAR,5.9,6.7,1,-99,0,-9999,1,,,,,,,,,,,,,,,
BCEFM24_114,9/3/2013,9/5/2024,BCEFM2,4,114,,PICMAR,2.3,2.9,1,-99,0,-9999,1,,,,,,,,,,,,,,,
BCEFM24_115,9/3/2013,9/5/2024,BCEFM2,4,115,,PICMAR,3.3,4.2,1,-99,0,-9999,1,,,,,,,,,,,,,,,
BCEFM24_116,9/3/2013,9/5/2024,BCEFM2,4,116,,PICMAR,5.5,6.1,1,-99,0,-9999,1,,,,,,,,,,,,,,,
BCEFM24_2889,,9/5/2024,BCEFM2,4,2889,,PICMAR,,2.7,1,-99,0,-9999,1,,,,,,,,,,,,,,,
BCEFM24_2890,,9/5/2024,BCEFM2,4,2890,,PICMAR,,3.2,1,-99,0,-9999,1,,,,,,,,,,,,,,,
BCEFM24_2891,,9/5/2024,BCEFM2,4,2891,,PICMAR,,3.1,1,-99,0,-9999,1,,,,,,,,,,,,,,,
BCEFM24_2892,,9/5/2024,BCEFM2,4,2892,,PICMAR,,2.5,1,-99,0,-9999,1,,,,,,,,,,,,,,,
BCEFM24_2893,,9/5/2024,BCEFM2,4,2893,,PICMAR,,2.5,1,-99,0,-9999,1,,,,,,,,,,,,,,,
BCEFM26_117,9/3/2013,9/6/2024,BCEFM2,6,117,,PICMAR,5.1,5.6,1,-99,0,-9999,1,,,,,,,,,,,,,,,
BCEFM26_118,9/3/2013,9/6/2024,BCEFM2,6,118,,PICMAR,2.9,3.4,1,-99,0,-9999,1,,,,,,,,,,,,,,,
BCEFM26_119,9/3/2013,9/6/2024,BCEFM2,6,119,,PICMAR,3,3.4,1,-99,0,-9999,1,,,,,,,,,,,,,,,
BCEFM26_120,9/3/2013,9/6/2024,BCEFM2,6,120,,PICMAR,3.3,4.3,1,-99,0,-9999,1,,,,,,,,,,,,,,,
BCEFM26_121,9/3/2013,9/6/2024,BCEFM2,6,121,,PICMAR,5.1,5.2,1,-99,0,-9999,1,,,,,,,,,,,,,,,
BCEFM26_122,9/3/2013,9/6/2024,BCEFM2,6,122,,PICMAR,7.8,-7777,0,-99,0,-9999,1,tag missing. retagged as 2904,,,,,,,,,,,,,,
BCEFM26_123,9/3/2013,9/6/2024,BCEFM2,6,123,,PICMAR,4.2,4.7,1,-99,0,-9999,1,,,,,,,,,,,,,,,
BCEFM26_124,9/3/2013,9/6/2024,BCEFM2,6,124,,PICMAR,4,4.3,1,4,0,-9999,1,,,,,,,,,,,,,,,
BCEFM26_125,9/3/2013,9/6/2024,BCEFM2,6,125,,PICMAR,2.4,4.2,1,-99,0,-9999,1,,,,,,,,,,,,,,,
BCEFM26_126,9/3/2013,9/6/2024,BCEFM2,6,126,,PICMAR,3.7,4.9,1,-99,0,-9999,1,,,,,,,,,,,,,,,
BCEFM26_127,9/3/2013,9/6/2024,BCEFM2,6,127,,PICMAR,2.8,4,1,-99,0,-9999,1,,,,,,,,,,,,,,,
BCEFM26_128,9/3/2013,9/6/2024,BCEFM2,6,128,,PICMAR,5,5.6,1,-99,0,-9999,1,,,,,,,,,,,,,,,
BCEFM26_129,9/3/2013,9/6/2024,BCEFM2,6,129,,PICMAR,3.5,3.9,1,-99,0,-9999,1,,,,,,,,,,,,,,,
BCEFM26_130,9/3/2013,9/6/2024,BCEFM2,6,130,,PICMAR,3.2,4.1,1,-99,0,-9999,1,,,,,,,,,,,,,,,
BCEFM26_131,9/3/2013,9/6/2024,BCEFM2,6,131,,PICMAR,2,2.6,1,-99,0,-9999,1,,,,,,,,,,,,,,,
BCEFM26_132,9/3/2013,9/6/2024,BCEFM2,6,132,,PICMAR,4,5.2,1,-99,0,-9999,1,,,,,,,,,,,,,,,
BCEFM26_133,9/3/2013,9/6/2024,BCEFM2,6,133,,PICMAR,2.5,2.9,1,-99,0,-9999,1,,,,,,,,,,,,,,,
BCEFM26_134,9/3/2013,9/6/2024,BCEFM2,6,134,,PICMAR,3.3,4.4,1,-99,0,-9999,1,,,,,,,,,,,,,,,
BCEFM26_135,9/3/2013,9/6/2024,BCEFM2,6,135,,PICMAR,2.6,4.4,1,-99,0,-9999,1,,,,,,,,,,,,,,,
BCEFM26_136,9/3/2013,9/6/2024,BCEFM2,6,136,,PICMAR,4.7,5.7,1,-99,0,-9999,1,,,,,,,,,,,,,,,
BCEFM26_137,9/3/2013,9/6/2024,BCEFM2,6,137,,PICMAR,3.7,-7777,0,-99,0,-9999,1,,,,,,,,,,,,,,,
BCEFM26_138,9/3/2013,9/6/2024,BCEFM2,6,138,,PICMAR,3.7,-7777,0,-99,0,-9999,1,,,,,,,,,,,,,,,
BCEFM26_139,9/3/2013,9/6/2024,BCEFM2,6,139,,PICMAR,3,5.3,1,-99,0,-9999,1,,,,,,,,,,,,,,,
BCEFM26_140,9/3/2013,9/6/2024,BCEFM2,6,140,,PICMAR,3.8,5.2,1,-99,0,-9999,1,,,,,,,,,,,,,,,
BCEFM26_141,9/3/2013,9/6/2024,BCEFM2,6,141,,PICMAR,3.6,4.3,1,-99,0,-9999,1,,,,,,,,,,,,,,,
BCEFM26_142,9/3/2013,9/6/2024,BCEFM2,6,142,,PICMAR,3.1,4,1,-99,0,-9999,1,,,,,,,,,,,,,,,
BCEFM26_143,9/3/2013,9/6/2024,BCEFM2,6,143,,PICMAR,3.1,4.1,1,-99,0,-9999,1,,,,,,,,,,,,,,,
BCEFM26_144,9/3/2013,9/6/2024,BCEFM2,6,144,,PICMAR,2.8,3.8,1,-99,0,-9999,1,,,,,,,,,,,,,,,
BCEFM26_145,9/3/2013,9/6/2024,BCEFM2,6,145,,PICMAR,4.8,6.1,1,-99,0,-9999,1,,,,,,,,,,,,,,,
BCEFM26_146,9/3/2013,9/6/2024,BCEFM2,6,146,,PICMAR,3,3.5,1,-99,0,-9999,1,,,,,,,,,,,,,,,
BCEFM26_147,9/3/2013,9/6/2024,BCEFM2,6,147,,PICMAR,3.9,4.8,1,-99,0,-9999,1,,,,,,,,,,,,,,,
BCEFM26_148,9/3/2013,9/6/2024,BCEFM2,6,148,,PICMAR,3.7,5.2,1,-99,0,-9999,1,,,,,,,,,,,,,,,
BCEFM26_149,9/3/2013,9/6/2024,BCEFM2,6,149,,PICMAR,3.5,4.2,1,-99,0,-9999,1,,,,,,,,,,,,,,,
BCEFM26_150,9/3/2013,9/6/2024,BCEFM2,6,150,,PICMAR,3.1,4.1,1,-99,0,-9999,1,,,,,,,,,,,,,,,
BCEFM26_151,9/3/2013,9/6/2024,BCEFM2,6,151,,PICMAR,4.2,4.7,1,-99,0,-9999,1,,,,,,,,,,,,,,,
BCEFM26_152,9/3/2013,9/6/2024,BCEFM2,6,152,,PICMAR,4.7,5.3,1,-99,0,-9999,1,,,,,,,,,,,,,,,
BCEFM26_2894,,9/6/2024,BCEFM2,6,2894,,PICMAR,,2.9,1,-99,0,-9999,1,,,,,,,,,,,,,,,
BCEFM26_2895,,9/6/2024,BCEFM2,6,2895,,PICMAR,,2.9,1,-99,0,-9999,1,,,,,,,,,,,,,,,
BCEFM26_2896,,9/6/2024,BCEFM2,6,2896,,PICMAR,,2.5,1,-99,0,-9999,1,,,,,,,,,,,,,,,
BCEFM26_2897,,9/6/2024,BCEFM2,6,2897,,PICMAR,,2.7,1,-99,0,-9999,1,,,,,,,,,,,,,,,
BCEFM26_2898,,9/6/2024,BCEFM2,6,2898,,PICMAR,,2.6,1,-99,0,-9999,1,,,,,,,,,,,,,,,
BCEFM26_2899,,9/6/2024,BCEFM2,6,2899,,PICMAR,,2.5,1,-99,0,-9999,1,,,,,,,,,,,,,,,
BCEFM26_2900,,9/6/2024,BCEFM2,6,2900,,PICMAR,,3.4,1,-99,0,-9999,1,,,,,,,,,,,,,,,
BCEFM26_2901,,9/6/2024,BCEFM2,6,2901,,PICMAR,,2.7,1,-99,0,-9999,1,,,,,,,,,,,,,,,
BCEFM26_2902,,9/6/2024,BCEFM2,6,2902,,PICMAR,,3,1,-99,0,-9999,1,,,,,,,,,,,,,,,
BCEFM26_2903,,9/6/2024,BCEFM2,6,2903,,PICMAR,,3.2,1,-99,0,-9999,1,,,,,,,,,,,,,,,
BCEFM27_153,9/3/2013,9/6/2024,BCEFM2,7,153,,PICMAR,3,4.4,1,-99,0,-9999,1,,,,,,,,,,,,,,,
BCEFM27_154,9/3/2013,9/6/2024,BCEFM2,7,154,,PICMAR,3.8,4.4,1,-99,0,-9999,1,,,,,,,,,,,,,,,
BCEFM27_155,9/3/2013,9/6/2024,BCEFM2,7,155,,PICMAR,2.8,3.4,1,-99,0,-9999,1,,,,,,,,,,,,,,,
BCEFM27_156,9/3/2013,9/6/2024,BCEFM2,7,156,,PICMAR,2.9,3.3,1,-99,0,-9999,1,,,,,,,,,,,,,,,
BCEFM27_157,9/3/2013,9/6/2024,BCEFM2,7,157,,PICMAR,4,4.8,1,-99,0,-9999,1,,,,,,,,,,,,,,,
BCEFM27_158,9/3/2013,9/6/2024,BCEFM2,7,158,,PICMAR,5.3,6.4,1,-99,0,-9999,1,,,,,,,,,,,,,,,
BCEFM27_159,9/3/2013,9/6/2024,BCEFM2,7,159,,PICMAR,3.6,4.3,1,-99,0,-9999,1,,,,,,,,,,,,,,,
BCEFM27_160,9/3/2013,9/6/2024,BCEFM2,7,160,,PICMAR,2.7,3,1,-99,0,-9999,1,,,,,,,,,,,,,,,
BCEFM27_161,9/3/2013,9/6/2024,BCEFM2,7,161,,PICMAR,3.7,3.8,1,-99,0,-9999,1,,,,,,,,,,,,,,,
BCEFM27_162,9/3/2013,9/6/2024,BCEFM2,7,162,,PICMAR,4.9,5.7,1,-99,0,-9999,1,,,,,,,,,,,,,,,
BCEFM27_163,9/3/2013,9/6/2024,BCEFM2,7,163,,PICMAR,2.7,3.1,1,-99,0,-9999,1,,,,,,,,,,,,,,,
BCEFM27_164,9/3/2013,9/6/2024,BCEFM2,7,164,,PICMAR,2.7,3.2,1,-99,0,-9999,1,,,,,,,,,,,,,,,
BCEFM27_165,9/3/2013,9/6/2024,BCEFM2,7,165,,PICMAR,3.6,4.1,1,-99,0,-9999,1,,,,,,,,,,,,,,,
BCEFM27_166,9/3/2013,9/6/2024,BCEFM2,7,166,,PICMAR,4.9,6.1,1,-99,0,-9999,1,,,,,,,,,,,,,,,
BCEFM27_167,9/3/2013,9/6/2024,BCEFM2,7,167,,PICMAR,3.4,3.6,1,-99,0,-9999,1,,,,,,,,,,,,,,,
BCEFM27_168,9/3/2013,9/6/2024,BCEFM2,7,168,,PICMAR,3.1,3.8,1,-99,0,-9999,1,,,,,,,,,,,,,,,
BCEFM27_169,9/3/2013,9/6/2024,BCEFM2,7,169,,PICMAR,2.8,3.9,1,-99,0,-9999,1,,,,,,,,,,,,,,,
BCEFM27_170,9/3/2013,9/6/2024,BCEFM2,7,170,,PICMAR,3.7,4.1,1,-99,0,-9999,1,,,,,,,,,,,,,,,
BCEFM27_171,9/3/2013,9/6/2024,BCEFM2,7,171,,PICMAR,3.9,4.8,1,-99,0,-9999,1,,,,,,,,,,,,,,,
BCEFM27_172,9/3/2013,9/6/2024,BCEFM2,7,172,,PICMAR,4.6,5.4,1,-99,0,-9999,1,,,,,,,,,,,,,,,
BCEFM27_173,9/3/2013,9/6/2024,BCEFM2,7,173,,LARLAR,5.1,-9999,0,-99,0,-9999,1,,,,,,,,,,,,,,,
BCEFM27_174,9/3/2013,9/6/2024,BCEFM2,7,174,,PICMAR,3.2,4.5,1,-99,0,-9999,1,,,,,,,,,,,,,,,
BCEFM27_175,9/3/2013,9/6/2024,BCEFM2,7,175,,PICMAR,2.4,2.9,1,-99,0,-9999,1,,,,,,,,,,,,,,,
BCEFM27_176,9/3/2013,9/6/2024,BCEFM2,7,176,,PICMAR,5.8,6.6,1,-99,0,-9999,1,,,,,,,,,,,,,,,
BCEFM27_2905,,9/6/2024,BCEFM2,7,2905,,PICMAR,,2.5,1,-99,0,-9999,1,,,,,,,,,,,,,,,
BCEFM27_2906,,9/6/2024,BCEFM2,7,2906,,PICMAR,,3,1,-99,0,-9999,1,,,,,,,,,,,,,,,
BCEFM27_2907,,9/6/2024,BCEFM2,7,2907,,PICMAR,,2.8,1,-99,0,-9999,1,,,,,,,,,,,,,,,
BCEFM27_2908,,9/6/2024,BCEFM2,7,2908,,PICMAR,,3.1,1,-99,0,-9999,1,,,,,,,,,,,,,,,
BCEFM27_2909,,9/6/2024,BCEFM2,7,2909,,PICMAR,,2.5,1,-99,0,-9999,1,,,,,,,,,,,,,,,
BCEFM27_2910,,9/6/2024,BCEFM2,7,2910,,PICMAR,,2.6,1,-99,0,-9999,1,,,,,,,,,,,,,,,
BCEFM27_2914,,9/6/2024,BCEFM2,7,2914,,PICMAR,,3.2,1,-99,0,-9999,1,,,,,,,,,,,,,,,
BCEFM27_2915,,9/6/2024,BCEFM2,7,2915,,PICMAR,,3.3,1,-99,0,-9999,1,,,,,,,,,,,,,,,
BCEFM27_2916,,9/6/2024,BCEFM2,7,2916,,PICMAR,,2.9,1,-99,0,-9999,1,,,,,,,,,,,,,,,
BCEFM27_2917,,9/6/2024,BCEFM2,7,2917,,PICMAR,,3.1,1,-99,0,-9999,1,,,,,,,,,,,,,,,
BCEFM27_2918,,9/6/2024,BCEFM2,7,2918,,PICMAR,,2.5,1,-99,0,-9999,1,,,,,,,,,,,,,,,
BCEFM28_177,9/3/2013,9/6/2024,BCEFM2,8,177,,PICMAR,3.9,4.3,1,-99,0,-9999,1,,,,,,,,,,,,,,,
BCEFM28_178,9/3/2013,9/6/2024,BCEFM2,8,178,,PICMAR,6.1,7.2,1,-99,0,-9999,1,,,,,,,,,,,,,,,
BCEFM28_179,9/3/2013,9/6/2024,BCEFM2,8,179,,PICMAR,3.3,,0,-99,0,-9999,1,,,,,,,,,,,,,,,
BCEFM28_180,9/3/2013,9/6/2024,BCEFM2,8,180,,PICMAR,4.8,5.4,1,-99,0,-9999,1,,,,,,,,,,,,,,,
BCEFM28_181,9/3/2013,9/6/2024,BCEFM2,8,181,,PICMAR,3.7,4.1,1,-99,0,-9999,1,,,,,,,,,,,,,,,
BCEFM28_182,9/3/2013,9/6/2024,BCEFM2,8,182,,PICMAR,3.4,4.8,1,-99,0,-9999,1,,,,,,,,,,,,,,,
BCEFM28_183,9/3/2013,9/6/2024,BCEFM2,8,183,,PICMAR,3.1,4.2,1,-99,0,-9999,1,,,,,,,,,,,,,,,
BCEFM28_184,9/3/2013,9/6/2024,BCEFM2,8,184,,PICMAR,2.9,3.8,1,-99,0,-9999,1,,,,,,,,,,,,,,,
BCEFM28_185,9/3/2013,9/6/2024,BCEFM2,8,185,,PICMAR,4.9,5.6,1,-99,0,-9999,1,,Measured at 1.46 due to branches,,,,,,,,,,,,,
BCEFM28_186,9/3/2013,9/6/2024,BCEFM2,8,186,,LARLAR,3.7,-7777,0,3,0,-9999,1,,,,,,,,,,,,,,,
BCEFM28_187,9/3/2013,9/6/2024,BCEFM2,8,187,,PICMAR,4.6,5.5,1,-99,0,-9999,1,,,,,,,,,,,,,,,
BCEFM28_188,9/3/2013,9/6/2024,BCEFM2,8,188,,PICMAR,3.3,4.1,1,-99,0,-9999,1,,,,,,,,,,,,,,,
BCEFM28_189,9/3/2013,9/6/2024,BCEFM2,8,189,,PICMAR,3.8,4.7,1,-99,0,-9999,1,,,,,,,,,,,,,,,
BCEFM28_190,9/3/2013,9/6/2024,BCEFM2,8,190,,LARLAR,5.9,-7777,0,-99,0,-9999,1,,,,,,,,,,,,,,,
BCEFM28_191,9/3/2013,9/6/2024,BCEFM2,8,191,,LARLAR,4.5,-7777,0,-99,0,-9999,1,,,,,,,,,,,,,,,
BCEFM28_192,9/3/2013,9/6/2024,BCEFM2,8,192,,LARLAR,2.9,-7777,0,-99,0,-9999,1,,,,,,,,,,,,,,,
BCEFM28_193,9/3/2013,9/6/2024,BCEFM2,8,193,,PICMAR,2.9,4.3,1,-99,0,-9999,1,,,,,,,,,,,,,,,
BCEFM28_194,9/3/2013,9/6/2024,BCEFM2,8,194,,PICMAR,4.3,5.1,1,-99,0,-9999,1,,,,,,,,,,,,,,,
BCEFM28_195,9/3/2013,9/6/2024,BCEFM2,8,195,,PICMAR,3.1,3.8,1,-99,0,-9999,1,,,,,,,,,,,,,,,
BCEFM28_196,9/3/2013,9/6/2024,BCEFM2,8,196,,LARLAR,6.7,-7777,0,-99,0,-9999,1,,,,,,,,,,,,,,,
BCEFM28_197,9/3/2013,9/6/2024,BCEFM2,8,197,,PICMAR,4.2,4.6,1,-99,0,-9999,1,,,,,,,,,,,,,,,
BCEFM28_2911,,9/6/2024,BCEFM2,8,2911,,PICMAR,,2.6,1,-99,0,-9999,1,,,,,,,,,,,,,,,
BCEFM28_2912,,9/6/2024,BCEFM2,8,2912,,PICMAR,,3.2,1,-99,0,-9999,1,,,,,,,,,,,,,,,
BCEFM28_2913,,9/6/2024,BCEFM2,8,2913,,PICMAR,,2.7,1,-99,0,-9999,1,,,,,,,,,,,,,,,
BCEFM28_2919,,9/6/2024,BCEFM2,8,2919,,PICMAR,,3.1,1,-99,0,-9999,1,,,,,,,,,,,,,,,
BCEFM28_2920,,9/6/2024,BCEFM2,8,2920,,PICMAR,,2.6,1,-99,0,-9999,1,,,,,,,,,,,,,,,
BCEFM28_2921,,9/6/2024,BCEFM2,8,2921,,PICMAR,,3.6,1,-99,0,-9999,1,,,,,,,,,,,,,,,
BCEFM28_2922,,9/6/2024,BCEFM2,8,2922,,PICMAR,,2.7,1,-99,0,-9999,1,,,,,,,,,,,,,,,
BCEFM28_2923,,9/6/2024,BCEFM2,8,2923,,PICMAR,,3,1,-99,0,-9999,1,,,,,,,,,,,,,,,
BCEFM28_2924,,9/6/2024,BCEFM2,8,2924,,PICMAR,,2.8,1,-99,0,-9999,1,,,,,,,,,,,,,,,
BCEFM28_2925,,9/6/2024,BCEFM2,8,2925,,PICMAR,,2.8,1,-99,0,-9999,1,,,,,,,,,,,,,,,
BCEFM28_2926,,9/6/2024,BCEFM2,8,2926,,PICMAR,,3.1,1,-99,0,-9999,1,,,,,,,,,,,,,,,
BCEFM28_2927,,9/6/2024,BCEFM2,8,2927,,PICMAR,,3.2,1,-99,0,-9999,1,,,,,,,,,,,,,,,
BCEFM28_2928,,9/6/2024,BCEFM2,8,2928,,PICMAR,,2.7,1,-99,0,-9999,1,,,,,,,,,,,,,,,
BCEFM28_2929,,9/6/2024,BCEFM2,8,2929,,PICMAR,,2.9,1,-99,0,-9999,1,,,,,,,,,,,,,,,
BCEFM29_198,9/3/2013,9/6/2024,BCEFM2,9,198,,PICMAR,4.1,5.2,1,-99,0,-9999,1,,,,,,,,,,,,,,,
BCEFM29_199,9/3/2013,9/6/2024,BCEFM2,9,199,,PICMAR,3.9,5.2,1,-99,0,-9999,1,,,,,,,,,,,,,,,
BCEFM29_200,9/3/2013,9/6/2024,BCEFM2,9,200,,PICMAR,3.8,5.2,1,-99,0,-9999,1,,,,,,,,,,,,,,,
BCEFM29_201,9/3/2013,9/6/2024,BCEFM2,9,201,,PICMAR,2.9,4.3,1,-99,0,-9999,1,,,,,,,,,,,,,,,
BCEFM29_202,9/3/2013,9/6/2024,BCEFM2,9,202,,PICMAR,2.7,3.5,1,-99,0,-9999,1,,,,,,,,,,,,,,,
BCEFM29_203,9/3/2013,9/6/2024,BCEFM2,9,203,,PICMAR,3,3.4,1,-99,0,-9999,1,,,,,,,,,,,,,,,
BCEFM29_204,9/3/2013,9/6/2024,BCEFM2,9,204,,PICMAR,5.6,6.6,1,-99,0,-9999,1,,,,,,,,,,,,,,,
BCEFM29_205,9/3/2013,9/6/2024,BCEFM2,9,205,,PICMAR,3.3,3.8,1,-99,0,-9999,1,,,,,,,,,,,,,,,
BCEFM29_206,9/3/2013,9/6/2024,BCEFM2,9,206,,PICMAR,5.5,5.8,1,-99,0,-9999,1,,,,,,,,,,,,,,,
BCEFM29_207,9/3/2013,9/6/2024,BCEFM2,9,207,,PICMAR,3.6,4,1,3,0,-9999,1,,,,,,,,,,,,,,,
BCEFM29_208,9/3/2013,9/6/2024,BCEFM2,9,208,,PICMAR,2.6,3.7,1,-99,0,-9999,1,,,,,,,,,,,,,,,
BCEFM29_209,9/3/2013,9/6/2024,BCEFM2,9,209,,PICMAR,2.5,3.2,1,-99,0,-9999,1,,,,,,,,,,,,,,,
BCEFM29_210,9/3/2013,9/6/2024,BCEFM2,9,210,,PICMAR,2.6,3.1,1,-99,0,-9999,1,,,,,,,,,,,,,,,
BCEFM29_211,9/3/2013,9/6/2024,BCEFM2,9,211,,PICMAR,3.5,4.1,1,-99,0,-9999,1,,,,,,,,,,,,,,,
BCEFM29_212,9/3/2013,9/6/2024,BCEFM2,9,212,,PICMAR,2.5,3.3,1,-99,0,-9999,1,,,,,,,,,,,,,,,
BCEFM29_213,9/3/2013,9/6/2024,BCEFM2,9,213,,PICMAR,3.5,4.7,1,-99,0,-9999,1,,,,,,,,,,,,,,,
BCEFM29_214,9/3/2013,9/6/2024,BCEFM2,9,214,,PICMAR,2.4,3.3,1,-99,0,-9999,1,,,,,,,,,,,,,,,
BCEFM29_215,9/3/2013,9/6/2024,BCEFM2,9,215,,PICMAR,4.1,4.6,1,-99,0,-9999,1,,,,,,,,,,,,,,,
BCEFM29_216,9/3/2013,9/6/2024,BCEFM2,9,216,,PICMAR,3.4,4,1,-99,0,-9999,1,,,,,,,,,,,,,,,
BCEFM29_217,9/3/2013,9/6/2024,BCEFM2,9,217,,PICMAR,2.6,3.4,1,-99,0,-9999,1,,,,,,,,,,,,,,,
BCEFM29_218,9/3/2013,9/6/2024,BCEFM2,9,218,,PICMAR,3.9,4.7,1,-99,0,-9999,1,,,,,,,,,,,,,,,
BCEFM29_219,9/3/2013,9/6/2024,BCEFM2,9,219,,PICMAR,2.8,3.2,1,-99,0,1,1,,,,,,,,,,,,,,,
BCEFM29_2930,,9/6/2024,BCEFM2,9,2930,,PICMAR,,3.7,1,-99,0,1,1,,,,,,,,,,,,,,,
BCEFM29_2931,,9/6/2024,BCEFM2,9,2931,,PICMAR,,3.3,1,-99,0,1,1,,,,,,,,,,,,,,,
BCEFM29_2932,,9/6/2024,BCEFM2,9,2932,,PICMAR,,2.6,1,-99,0,1,1,,,,,,,,,,,,,,,
BCEFM29_2933,,9/6/2024,BCEFM2,9,2933,,PICMAR,,3,1,-99,0,1,1,,,,,,,,,,,,,,,
BCEFM29_2934,,9/6/2024,BCEFM2,9,2934,,PICMAR,,2.8,1,-99,0,1,1,,,,,,,,,,,,,,,
BCEFM29_2935,,9/6/2024,BCEFM2,9,2935,,LARLAR,,3.1,1,-99,0,1,1,,,,,,,,,,,,,,,
BCEFM29_2936,,9/6/2024,BCEFM2,9,2936,,PICMAR,,3.3,1,-99,0,1,1,,,,,,,,,,,,,,,
BCEFM29_2937,,9/6/2024,BCEFM2,9,2937,,PICMAR,,3.9,1,-99,0,1,1,,,,,,,,,,,,,,,
BCEFM29_2938,,9/6/2024,BCEFM2,9,2938,,PICMAR,,3.2,1,-99,0,1,1,,,,,,,,,,,,,,,
BCEFM29_2939,,9/6/2024,BCEFM2,9,2939,,PICMAR,,3,1,-99,0,1,1,,,,,,,,,,,,,,,
BCEFM29_2940,,9/6/2024,BCEFM2,9,2940,,PICMAR,,2.8,1,-99,0,1,1,,,,,,,,,,,,,,,
BCEFM29_2941,,9/6/2024,BCEFM2,9,2941,,PICMAR,,2.9,1,-99,0,1,1,,,,,,,,,,,,,,,
BCEFM29_2942,,9/6/2024,BCEFM2,9,2942,,PICMAR,,3.1,1,-99,0,1,1,,,,,,,,,,,,,,,
BCEFM29_2943,,9/6/2024,BCEFM2,9,2943,,PICMAR,,2.6,1,-99,0,1,1,,,,,,,,,,,,,,,
BCEFM29_2944,,9/6/2024,BCEFM2,9,2944,,PICMAR,,2.6,1,-99,0,1,1,,,,,,,,,,,,,,,
BCEFM29_2945,,9/6/2024,BCEFM2,9,2945,,PICMAR,,2.9,1,-99,0,1,1,,,,,,,,,,,,,,,
BCEFM29_2946,,9/6/2024,BCEFM2,9,2946,,PICMAR,,2.8,1,-99,0,1,1,,,,,,,,,,,,,,,
BCEFM29_2947,,9/6/2024,BCEFM2,9,2947,,PICMAR,,2.5,1,-99,0,1,1,,,,,,,,,,,,,,,
BCEFM211_220,9/3/2013,9/6/2024,BCEFM2,11,220,,PICMAR,2.8,3.8,1,-99,0,-9999,1,,,,,,,,,,,,,,,
BCEFM211_221,9/3/2013,9/6/2024,BCEFM2,11,221,,PICMAR,4.3,-7777,0,-99,0,-9999,1,,,,,,,,,,,,,,,
BCEFM211_222,9/3/2013,9/6/2024,BCEFM2,11,222,,PICMAR,3.1,4,1,-99,0,-9999,1,,,,,,,,,,,,,,,
BCEFM211_223,9/3/2013,9/6/2024,BCEFM2,11,223,,PICMAR,2.7,3.3,1,-99,0,-9999,1,,,,,,,,,,,,,,,
BCEFM211_224,9/3/2013,9/6/2024,BCEFM2,11,224,,PICMAR,2.3,3.1,1,-99,0,-9999,1,,,,,,,,,,,,,,,
BCEFM211_225,9/3/2013,9/6/2024,BCEFM2,11,225,,PICMAR,2.2,3.2,1,-99,0,-9999,1,,,,,,,,,,,,,,,
BCEFM211_226,9/3/2013,9/6/2024,BCEFM2,11,226,,PICMAR,2.5,2.7,1,-99,0,-9999,1,,,,,,,,,,,,,,,
BCEFM211_227,9/3/2013,9/6/2024,BCEFM2,11,227,,PICMAR,3.8,4.5,1,-99,0,-9999,1,,,,,,,,,,,,,,,
BCEFM211_228,9/3/2013,9/6/2024,BCEFM2,11,228,,PICMAR,2.7,3.9,1,-99,0,-9999,1,,,,,,,,,,,,,,,
BCEFM211_229,9/3/2013,9/6/2024,BCEFM2,11,229,,PICMAR,3.4,4.6,1,-99,0,-9999,1,,,,,,,,,,,,,,,
BCEFM211_230,9/3/2013,9/6/2024,BCEFM2,11,230,,PICMAR,3.3,4.2,1,-99,0,-9999,1,,,,,,,,,,,,,,,
BCEFM211_231,9/3/2013,9/6/2024,BCEFM2,11,231,,PICMAR,3.2,3.4,1,-99,0,-9999,1,,,,,,,,,,,,,,,
BCEFM211_232,9/3/2013,9/6/2024,BCEFM2,11,232,,PICMAR,2.5,3,1,-99,0,-9999,1,,,,,,,,,,,,,,,
BCEFM211_233,9/3/2013,9/6/2024,BCEFM2,11,233,,PICMAR,5.3,6.4,1,-99,0,-9999,1,,,,,,,,,,,,,,,
BCEFM211_234,9/3/2013,9/6/2024,BCEFM2,11,234,,PICMAR,3.2,4,1,-99,0,-9999,1,,,,,,,,,,,,,,,
BCEFM211_235,9/3/2013,9/6/2024,BCEFM2,11,235,,PICMAR,2.9,3.9,1,-99,0,-9999,1,,,,,,,,,,,,,,,
BCEFM211_236,9/3/2013,9/6/2024,BCEFM2,11,236,,PICMAR,2.7,3.1,1,-99,0,-9999,1,,,,,,,,,,,,,,,
BCEFM211_237,9/3/2013,9/6/2024,BCEFM2,11,237,,PICMAR,2.8,-7777,0,2,0,-9999,1,,,,,,,,,,,,,,,
BCEFM211_238,9/3/2013,9/6/2024,BCEFM2,11,238,,PICMAR,3.6,4.2,1,-99,0,-9999,1,,,,,,,,,,,,,,,
BCEFM211_239,9/3/2013,9/6/2024,BCEFM2,11,239,,PICMAR,4.5,5.3,1,-99,0,-9999,1,,,,,,,,,,,,,,,
BCEFM211_240,9/3/2013,9/6/2024,BCEFM2,11,240,,PICMAR,4.3,5.7,1,-99,0,-9999,1,,,,,,,,,,,,,,,
BCEFM211_241,9/3/2013,9/6/2024,BCEFM2,11,241,,PICMAR,2.9,4.3,1,-99,0,-9999,1,,,,,,,,,,,,,,,
BCEFM211_242,9/3/2013,9/6/2024,BCEFM2,11,242,,PICMAR,8.2,9,1,-99,0,-9999,1,,,,,,,,,,,,,,,
BCEFM211_243,9/3/2013,9/6/2024,BCEFM2,11,243,,PICMAR,4.1,4.6,1,-99,0,-9999,1,,,,,,,,,,,,,,,
BCEFM211_244,9/3/2013,9/6/2024,BCEFM2,11,244,,PICMAR,2.6,3.6,1,-99,0,-9999,1,,,,,,,,,,,,,,,
BCEFM211_245,9/3/2013,9/6/2024,BCEFM2,11,245,,PICMAR,2.6,3.7,1,-99,0,-9999,1,,,,,,,,,,,,,,,
BCEFM211_246,9/3/2013,9/6/2024,BCEFM2,11,246,,PICMAR,2.9,3.9,1,-99,0,-9999,1,,,,,,,,,,,,,,,
BCEFM211_247,9/3/2013,9/6/2024,BCEFM2,11,247,,PICMAR,4.1,4.5,1,-99,0,-9999,1,,,,,,,,,,,,,,,
BCEFM211_2948,,9/6/2024,BCEFM2,11,2948,,PICMAR,,2.6,1,-99,0,-9999,1,,,,,,,,,,,,,,,
BCEFM211_2949,,9/6/2024,BCEFM2,11,2949,,PICMAR,,2.9,1,-99,0,-9999,1,,,,,,,,,,,,,,,
BCEFM211_2950,,9/6/2024,BCEFM2,11,2950,,PICMAR,,3.3,1,-99,0,-9999,1,,,,,,,,,,,,,,,
BCEFM211_2951,,9/6/2024,BCEFM2,11,2951,,PICMAR,,2.5,1,-99,0,-9999,1,,,,,,,,,,,,,,,
BCEFM211_2952,,9/6/2024,BCEFM2,11,2952,,PICMAR,,2.5,1,-99,0,-9999,1,,,,,,,,,,,,,,,
BCEFM211_2953,,9/6/2024,BCEFM2,11,2953,,PICMAR,,2.9,1,-99,0,-9999,1,,,,,,,,,,,,,,,
BCEFM211_2954,,9/6/2024,BCEFM2,11,2954,,PICMAR,,3.1,1,-99,0,-9999,1,,,,,,,,,,,,,,,
BCEFM211_2955,,9/6/2024,BCEFM2,11,2955,,PICMAR,,2.5,1,-99,0,-9999,1,,,,,,,,,,,,,,,
BCEFM211_2956,,9/6/2024,BCEFM2,11,2956,,PICMAR,,2.5,1,-99,0,-9999,1,,,,,,,,,,,,,,,
BCEFM211_2957,,9/6/2024,BCEFM2,11,2957,,PICMAR,,2.5,1,-99,0,-9999,1,,,,,,,,,,,,,,,
BCEFM211_2958,,9/6/2024,BCEFM2,11,2958,,PICMAR,,3.2,1,-99,0,-9999,1,,,,,,,,,,,,,,,
BCEFM211_2959,,9/6/2024,BCEFM2,11,2959,,PICMAR,,2.9,1,-99,0,-9999,1,,,,,,,,,,,,,,,
BCEFM211_2960,,9/6/2024,BCEFM2,11,2960,,PICMAR,,3,1,-99,0,-9999,1,,,,,,,,,,,,,,,
BCEFM211_2961,,9/6/2024,BCEFM2,11,2961,,PICMAR,,2.6,1,-99,0,-9999,1,,,,,,,,,,,,,,,
BCEFM211_2962,,9/6/2024,BCEFM2,11,2962,,PICMAR,,3,1,-99,0,-9999,1,,,,,,,,,,,,,,,
BCEFM211_2963,,9/6/2024,BCEFM2,11,2963,,PICMAR,,3,1,-99,0,-9999,1,,,,,,,,,,,,,,,
BCEFM211_2964,,9/6/2024,BCEFM2,11,2964,,PICMAR,,2.9,1,-99,0,-9999,1,,,,,,,,,,,,,,,
BCEFM211_2965,,9/6/2024,BCEFM2,11,2965,,PICMAR,,2.5,1,-99,0,-9999,1,,,,,,,,,,,,,,,
BCEFM211_2966,,9/6/2024,BCEFM2,11,2966,,PICMAR,,2.5,1,-99,0,-9999,1,,,,,,,,,,,,,,,
BCEFM211_2967,,9/6/2024,BCEFM2,11,2967,,PICMAR,,2.8,1,-99,0,-9999,1,,,,,,,,,,,,,,,
BCEFM211_2968,,9/6/2024,BCEFM2,11,2968,,PICMAR,,2.6,1,-99,0,-9999,1,,,,,,,,,,,,,,,
BCEFM211_2969,,9/6/2024,BCEFM2,11,2969,,PICMAR,,3,1,-99,0,-9999,1,,,,,,,,,,,,,,,
BCEFM211_2970,,9/6/2024,BCEFM2,11,2970,,PICMAR,,2.8,1,-99,0,-9999,1,,,,,,,,,,,,,,,
BCEFM211_2971,,9/6/2024,BCEFM2,11,2971,,PICMAR,,2.6,1,-99,0,-9999,1,,,,,,,,,,,,,,,
BCEFM211_2972,,9/6/2024,BCEFM2,11,2972,,PICMAR,,2.5,1,-99,0,-9999,1,,,,,,,,,,,,,,,
BCEFM212_248,9/3/2013,9/6/2024,BCEFM2,12,248,,PICMAR,3.9,4.1,1,-99,0,-9999,1,,,,,,,,,,,,,,,
BCEFM212_249,9/3/2013,9/6/2024,BCEFM2,12,249,,PICMAR,3.1,3.8,1,-99,0,-9999,1,,,,,,,,,,,,,,,
BCEFM212_250,9/3/2013,9/6/2024,BCEFM2,12,250,,PICMAR,2.9,3.8,1,-99,0,-9999,1,,,,,,,,,,,,,,,
BCEFM212_251,9/3/2013,9/6/2024,BCEFM2,12,251,,PICMAR,2.7,3.9,1,-99,0,-9999,1,,,,,,,,,,,,,,,
BCEFM212_252,9/3/2013,9/6/2024,BCEFM2,12,252,,PICMAR,3.1,3.5,1,-99,0,-9999,1,,,,,,,,,,,,,,,
BCEFM212_253,9/3/2013,9/6/2024,BCEFM2,12,253,,PICMAR,6.6,7,1,-99,0,-9999,1,,,,,,,,,,,,,,,
BCEFM212_254,9/3/2013,9/6/2024,BCEFM2,12,254,,PICMAR,2.3,-7777,1,2,0,-9999,1,live shoots below DBH,,,,,,,,,,,,,,
BCEFM212_255,9/3/2013,9/6/2024,BCEFM2,12,255,,PICMAR,3.1,4.5,1,-99,0,-9999,1,,,,,,,,,,,,,,,
BCEFM212_256,9/3/2013,9/6/2024,BCEFM2,12,256,,PICMAR,4.5,4.5,0,-99,0,-9999,1,,,,,,,,,,,,,,,
BCEFM212_257,9/3/2013,9/6/2024,BCEFM2,12,257,,PICMAR,2.5,3.1,1,-99,0,-9999,1,,,,,,,,,,,,,,,
BCEFM212_258,9/3/2013,9/6/2024,BCEFM2,12,258,,PICMAR,5.7,6.3,1,-99,0,-9999,1,,,,,,,,,,,,,,,
BCEFM212_259,9/3/2013,9/6/2024,BCEFM2,12,259,,PICMAR,2.7,3.9,1,-99,0,-9999,1,,,,,,,,,,,,,,,
BCEFM212_260,9/3/2013,9/6/2024,BCEFM2,12,260,,BETNEO,5.8,-9999,0,-99,0,-9999,1,,Measured at 1.52 due to bend in tree,,,,,,,,,,,,,
BCEFM212_261,9/3/2013,9/6/2024,BCEFM2,12,261,,PICMAR,3.2,3.7,1,-99,0,-9999,1,,,,,,,,,,,,,,,
BCEFM212_262,9/3/2013,9/6/2024,BCEFM2,12,262,,PICMAR,3.4,4.1,1,-99,0,-9999,1,,,,,,,,,,,,,,,
BCEFM212_263,9/3/2013,9/6/2024,BCEFM2,12,263,,PICMAR,3,3.8,1,-99,0,-9999,1,,,,,,,,,,,,,,,
BCEFM212_264,9/3/2013,9/6/2024,BCEFM2,12,264,,PICMAR,4.2,5.2,1,-99,0,-9999,1,,,,,,,,,,,,,,,
BCEFM212_265,9/3/2013,9/6/2024,BCEFM2,12,265,,LARLAR,7,6.8,0,-99,0,-9999,1,,,,,,,,,,,,,,,
BCEFM212_266,9/3/2013,9/6/2024,BCEFM2,12,266,,PICMAR,4.1,5,1,-99,0,-9999,1,,,,,,,,,,,,,,,
BCEFM212_267,9/3/2013,9/6/2024,BCEFM2,12,267,,PICMAR,3.7,4,1,2.5,0,-9999,1,,,,,,,,,,,,,,,
BCEFM212_268,9/3/2013,9/6/2024,BCEFM2,12,268,,PICMAR,3.3,3.4,1,-99,0,-9999,1,,,,,,,,,,,,,,,
BCEFM212_269,9/3/2013,9/6/2024,BCEFM2,12,269,,PICMAR,3.6,4.5,1,-99,0,-9999,1,,,,,,,,,,,,,,,
BCEFM212_270,9/3/2013,9/6/2024,BCEFM2,12,270,,PICMAR,4.5,5.2,1,-99,0,-9999,1,,,,,,,,,,,,,,,
BCEFM212_271,9/3/2013,9/6/2024,BCEFM2,12,271,,PICMAR,2.6,3.8,1,-99,0,-9999,1,,,,,,,,,,,,,,,
BCEFM212_272,9/3/2013,9/6/2024,BCEFM2,12,272,,PICMAR,3.4,4.1,1,-99,0,-9999,1,,,,,,,,,,,,,,,
BCEFM212_273,9/3/2013,9/6/2024,BCEFM2,12,273,,PICMAR,2.1,2.4,1,-99,0,-9999,1,,,,,,,,,,,,,,,
BCEFM212_274,9/3/2013,9/6/2024,BCEFM2,12,274,,PICMAR,3.7,3.9,1,-99,0,-9999,1,,,,,,,,,,,,,,,
BCEFM212_275,9/3/2013,9/6/2024,BCEFM2,12,275,,PICMAR,3.3,4.1,1,-99,0,-9999,1,,,,,,,,,,,,,,,
BCEFM212_276,9/3/2013,9/6/2024,BCEFM2,12,276,,PICMAR,3.2,3.8,1,-99,0,-9999,1,,,,,,,,,,,,,,,
BCEFM212_277,9/3/2013,9/6/2024,BCEFM2,12,277,,PICMAR,2.5,3.2,1,-99,0,-9999,1,,,,,,,,,,,,,,,
BCEFM212_278,9/3/2013,9/6/2024,BCEFM2,12,278,,PICMAR,2.2,2.8,1,-99,0,-9999,1,,,,,,,,,,,,,,,
BCEFM212_279,9/3/2013,9/6/2024,BCEFM2,12,279,,LARLAR,6.2,-7777,0,-99,0,-9999,1,,missing tag retagged as 2991,,,,,,,,,,,,,
BCEFM212_280,9/3/2013,9/6/2024,BCEFM2,12,280,,PICMAR,2.5,3.2,1,-99,0,-9999,1,,,,,,,,,,,,,,,
BCEFM212_281,9/3/2013,9/6/2024,BCEFM2,12,281,,LARLAR,3.1,-7777,0,-99,0,-9999,1,,,,,,,,,,,,,,,
BCEFM212_282,9/3/2013,9/6/2024,BCEFM2,12,282,,PICMAR,3.8,4.1,1,-99,0,-9999,1,,,,,,,,,,,,,,,
BCEFM212_283,9/3/2013,9/6/2024,BCEFM2,12,283,,PICMAR,2.4,3.6,1,-99,0,-9999,1,,,,,,,,,,,,,,,
BCEFM212_2973,,9/6/2024,BCEFM2,12,2973,,LARLAR,,2.7,1,-99,0,-9999,1,,,,,,,,,,,,,,,
BCEFM212_2974,,9/6/2024,BCEFM2,12,2974,,PICMAR,,2.5,1,-99,0,-9999,1,,,,,,,,,,,,,,,
BCEFM212_2975,,9/6/2024,BCEFM2,12,2975,,PICMAR,,3.5,1,-99,0,-9999,1,,,,,,,,,,,,,,,
BCEFM212_2976,,9/6/2024,BCEFM2,12,2976,,PICMAR,,2.8,1,-99,0,-9999,1,,,,,,,,,,,,,,,
BCEFM212_2977,,9/6/2024,BCEFM2,12,2977,,PICMAR,,2.8,1,-99,0,-9999,1,,,,,,,,,,,,,,,
BCEFM212_2978,,9/6/2024,BCEFM2,12,2978,,PICMAR,,2.5,1,-99,0,-9999,1,,,,,,,,,,,,,,,
BCEFM212_2979,,9/6/2024,BCEFM2,12,2979,,PICMAR,,2.6,1,-99,0,-9999,1,,,,,,,,,,,,,,,
BCEFM212_2980,,9/6/2024,BCEFM2,12,2980,,PICMAR,,2.8,1,-99,0,-9999,1,,,,,,,,,,,,,,,
BCEFM212_2981,,9/6/2024,BCEFM2,12,2981,,PICMAR,,2.7,1,-99,0,-9999,1,,,,,,,,,,,,,,,
BCEFM212_2982,,9/6/2024,BCEFM2,12,2982,,PICMAR,,2.5,1,-99,0,-9999,1,,,,,,,,,,,,,,,
BCEFM212_2983,,9/6/2024,BCEFM2,12,2983,,PICMAR,,3,1,-99,0,-9999,1,,,,,,,,,,,,,,,
BCEFM212_2984,,9/6/2024,BCEFM2,12,2984,,PICMAR,,3.1,1,-99,1,-9999,1,,,,,,,,,,,,,,,
BCEFM212_2985,,9/6/2024,BCEFM2,12,2985,,PICMAR,,3.8,1,-99,0,-9999,1,,,,,,,,,,,,,,,
BCEFM212_2986,,9/6/2024,BCEFM2,12,2986,,PICMAR,,2.9,1,-99,0,-9999,1,,,,,,,,,,,,,,,
BCEFM212_2987,,9/6/2024,BCEFM2,12,2987,,PICMAR,,3.2,1,-99,0,-9999,1,,,,,,,,,,,,,,,
BCEFM212_2988,,9/6/2024,BCEFM2,12,2988,,PICMAR,,2.9,1,-99,0,-9999,1,,,,,,,,,,,,,,,
BCEFM212_2989,,9/6/2024,BCEFM2,12,2989,,PICMAR,,2.6,1,-99,0,-9999,1,,,,,,,,,,,,,,,
BCEFM212_2990,,9/6/2024,BCEFM2,12,2990,,PICMAR,,2.7,1,-99,0,-9999,1,,,,,,,,,,,,,,,
BCEFM213_284,9/3/2013,9/6/2024,BCEFM2,13,284,,PICMAR,3,3.8,1,-99,0,-9999,1,,,,,,,,,,,,,,,
BCEFM213_285,9/3/2013,9/6/2024,BCEFM2,13,285,,PICMAR,2.3,3.9,1,-99,0,-9999,1,,,,,,,,,,,,,,,
BCEFM213_286,9/3/2013,9/6/2024,BCEFM2,13,286,,PICMAR,3.5,4.3,1,-99,0,-9999,1,,,,,,,,,,,,,,,
BCEFM213_287,9/3/2013,9/6/2024,BCEFM2,13,287,,PICMAR,3.9,5.8,1,-99,1,-9999,1,,,,,,,,,,,,,,,
BCEFM213_288,9/3/2013,9/6/2024,BCEFM2,13,288,,PICMAR,2.7,3.9,1,-99,0,-9999,1,,,,,,,,,,,,,,,
BCEFM213_289,9/3/2013,9/6/2024,BCEFM2,13,289,,PICMAR,3.7,5.2,1,-99,0,-9999,1,,,,,,,,,,,,,,,
BCEFM213_290,9/3/2013,9/6/2024,BCEFM2,13,290,,PICMAR,3.7,4.5,1,-99,0,-9999,1,,,,,,,,,,,,,,,
BCEFM213_291,9/3/2013,9/6/2024,BCEFM2,13,291,,PICMAR,2.3,2.9,1,-99,0,-9999,1,,,,,,,,,,,,,,,
BCEFM213_292,9/3/2013,9/6/2024,BCEFM2,13,292,,PICMAR,2.5,3.3,1,-99,0,-9999,1,,,,,,,,,,,,,,,
BCEFM213_293,9/3/2013,9/6/2024,BCEFM2,13,293,,PICMAR,2.5,3,1,-99,0,-9999,1,,,,,,,,,,,,,,,
BCEFM213_294,9/3/2013,9/6/2024,BCEFM2,13,294,,PICMAR,3,4.1,1,-99,0,-9999,1,,,,,,,,,,,,,,,
BCEFM213_295,9/3/2013,9/6/2024,BCEFM2,13,295,,PICMAR,3,4.5,1,-99,0,-9999,1,,,,,,,,,,,,,,,
BCEFM213_296,9/3/2013,9/6/2024,BCEFM2,13,296,,PICMAR,3.5,4,1,-99,0,-9999,1,,,,,,,,,,,,,,,
BCEFM213_297,9/3/2013,9/6/2024,BCEFM2,13,297,,LARLAR,3.7,-9999,0,-99,0,-9999,1,,,,,,,,,,,,,,,
BCEFM213_298,9/3/2013,9/6/2024,BCEFM2,13,298,,PICMAR,3,4,1,-99,0,-9999,1,,,,,,,,,,,,,,,
BCEFM213_299,9/3/2013,9/6/2024,BCEFM2,13,299,,PICMAR,4,5,1,-99,0,-9999,1,,,,,,,,,,,,,,,
BCEFM213_300,9/3/2013,9/6/2024,BCEFM2,13,300,,PICMAR,4.2,5.4,1,-99,0,-9999,1,,,,,,,,,,,,,,,
BCEFM213_301,9/3/2013,9/6/2024,BCEFM2,13,301,,PICMAR,2.6,4,1,-99,0,-9999,1,,,,,,,,,,,,,,,
BCEFM213_302,9/3/2013,9/6/2024,BCEFM2,13,302,,PICMAR,3.5,4.3,1,-99,0,-9999,1,,,,,,,,,,,,,,,
BCEFM213_303,9/3/2013,9/6/2024,BCEFM2,13,303,,PICMAR,3.1,3.9,1,-99,0,-9999,1,,,,,,,,,,,,,,,
BCEFM213_304,9/3/2013,9/6/2024,BCEFM2,13,304,,PICMAR,2.6,3.9,1,-99,0,-9999,1,,,,,,,,,,,,,,,
BCEFM213_305,9/3/2013,9/6/2024,BCEFM2,13,305,,PICMAR,2.9,4.6,1,-99,0,-9999,1,,,,,,,,,,,,,,,
BCEFM213_306,9/3/2013,9/6/2024,BCEFM2,13,306,,PICMAR,3.7,4.2,1,-99,0,-9999,1,,,,,,,,,,,,,,,
BCEFM213_307,9/3/2013,9/6/2024,BCEFM2,13,307,,PICMAR,4.3,5,1,-99,0,-9999,1,,,,,,,,,,,,,,,
BCEFM213_308,9/3/2013,9/6/2024,BCEFM2,13,308,,PICMAR,2.8,2.8,1,-99,0,-9999,1,,,,,,,,,,,,,,,
BCEFM213_309,9/3/2013,9/6/2024,BCEFM2,13,309,,PICMAR,3.1,3.8,1,-99,0,-9999,1,,,,,,,,,,,,,,,
BCEFM213_329,9/3/2013,9/6/2024,BCEFM2,13,329,,PICMAR,2.6,3.2,1,-99,0,-9999,1,,Near tree 309,,,,,,,,,,,,,
BCEFM213_330,9/3/2013,9/6/2024,BCEFM2,13,330,,PICMAR,2.6,3.8,1,-99,0,-9999,1,,Near tree 309,,,,,,,,,,,,,
BCEFM213_2992,9/4/2013,9/6/2024,BCEFM2,13,2992,,PICMAR,,2.6,1,-99,0,-9999,1,,,,,,,,,,,,,,,
BCEFM213_2993,9/5/2013,9/6/2024,BCEFM2,13,2993,,PICMAR,,3.3,1,-99,0,-9999,1,,,,,,,,,,,,,,,
BCEFM213_2994,9/6/2013,9/6/2024,BCEFM2,13,2994,,PICMAR,,3.5,1,-99,0,-9999,1,,,,,,,,,,,,,,,
BCEFM213_2995,9/7/2013,9/6/2024,BCEFM2,13,2995,,PICMAR,,2.6,1,-99,0,-9999,1,,,,,,,,,,,,,,,
BCEFM213_2996,9/8/2013,9/6/2024,BCEFM2,13,2996,,PICMAR,,2.8,1,-99,0,-9999,1,,,,,,,,,,,,,,,
BCEFM213_2997,9/9/2013,9/6/2024,BCEFM2,13,2997,,PICMAR,,2.9,1,-99,0,-9999,1,,,,,,,,,,,,,,,
BCEFM213_2998,9/10/2013,9/6/2024,BCEFM2,13,2998,,PICMAR,,3.1,1,-99,0,-9999,1,,,,,,,,,,,,,,,
BCEFM213_2999,9/11/2013,9/6/2024,BCEFM2,13,2999,,PICMAR,,2.9,1,-99,0,-9999,1,,,,,,,,,,,,,,,
BCEFM213_2501,9/12/2013,9/6/2024,BCEFM2,13,2501,,PICMAR,,2.8,1,-99,0,-9999,1,,,,,,,,,,,,,,,
BCEFM213_2502,9/13/2013,9/6/2024,BCEFM2,13,2502,,PICMAR,,3.9,1,-99,0,-9999,1,,,,,,,,,,,,,,,
BCEFM213_2503,9/14/2013,9/6/2024,BCEFM2,13,2503,,PICMAR,,3.3,1,-99,0,-9999,1,,,,,,,,,,,,,,,
BCEFM213_2504,9/15/2013,9/6/2024,BCEFM2,13,2504,,PICMAR,,2.6,1,-99,0,-9999,1,,,,,,,,,,,,,,,
BCEFM213_2505,9/16/2013,9/6/2024,BCEFM2,13,2505,,PICMAR,,3.1,1,-99,0,-9999,1,,,,,,,,,,,,,,,
BCEFM214_310,9/3/2013,9/6/2024,BCEFM2,14,310,,LARLAR,6.9,-7777,0,5,0,-9999,1,,,,,,,,,,,,,,,
BCEFM214_311,9/3/2013,9/6/2024,BCEFM2,14,311,,PICMAR,3.1,4.3,1,-99,0,-9999,1,,,,,,,,,,,,,,,
BCEFM214_312,9/3/2013,9/6/2024,BCEFM2,14,312,,LARLAR,6.1,-7777,0,-99,0,-9999,1,,,,,,,,,,,,,,,
BCEFM214_313,9/3/2013,9/6/2024,BCEFM2,14,313,,PICMAR,3.1,3.3,1,-99,0,-9999,1,,,,,,,,,,,,,,,
BCEFM214_314,9/3/2013,9/6/2024,BCEFM2,14,314,,PICMAR,4.5,4.8,1,-99,0,-9999,1,,,,,,,,,,,,,,,
BCEFM214_315,9/3/2013,9/6/2024,BCEFM2,14,315,,PICMAR,2.8,4,1,-99,0,-9999,1,,,,,,,,,,,,,,,
BCEFM214_316,9/3/2013,9/6/2024,BCEFM2,14,316,,PICMAR,2.9,-7777,1,2,0,-9999,1,,,,,,,,,,,,,,,
BCEFM214_317,9/3/2013,9/6/2024,BCEFM2,14,317,,PICMAR,4.7,5.3,1,-99,0,-9999,1,,,,,,,,,,,,,,,
BCEFM214_318,9/3/2013,9/6/2024,BCEFM2,14,318,,LARLAR,3.9,-7777,0,-99,0,-9999,1,,,,,,,,,,,,,,,
BCEFM214_319,9/3/2013,9/6/2024,BCEFM2,14,319,,PICMAR,3.3,4.4,1,-99,0,-9999,1,,,,,,,,,,,,,,,
BCEFM214_320,9/3/2013,9/6/2024,BCEFM2,14,320,,PICMAR,5.9,6.5,1,-99,0,-9999,1,,,,,,,,,,,,,,,
BCEFM214_321,9/3/2013,9/6/2024,BCEFM2,14,321,,LARLAR,2.7,2.9,1,-99,0,-9999,1,,,,,,,,,,,,,,,
BCEFM214_322,9/3/2013,9/6/2024,BCEFM2,14,322,,PICMAR,3.1,3.8,1,-99,0,-9999,1,,,,,,,,,,,,,,,
BCEFM214_323,9/3/2013,9/6/2024,BCEFM2,14,323,,PICMAR,3,3.3,1,-99,0,-9999,1,,,,,,,,,,,,,,,
BCEFM214_324,9/3/2013,9/6/2024,BCEFM2,14,324,,PICMAR,4,4.9,1,-99,0,-9999,1,,,,,,,,,,,,,,,
BCEFM214_325,9/3/2013,9/6/2024,BCEFM2,14,325,,PICMAR,3.5,4,1,1.8,0,-9999,1,,,,,,,,,,,,,,,
BCEFM214_326,9/3/2013,9/6/2024,BCEFM2,14,326,,PICMAR,4.5,5,1,-99,0,-9999,1,,,,,,,,,,,,,,,
BCEFM214_327,9/3/2013,9/6/2024,BCEFM2,14,327,,PICMAR,3.1,4.6,1,-99,0,-9999,1,,,,,,,,,,,,,,,
BCEFM214_328,9/3/2013,9/6/2024,BCEFM2,14,328,,PICMAR,2.3,3.2,1,-99,0,-9999,1,,,,,,,,,,,,,,,
BCEFM214_331,9/3/2013,9/6/2024,BCEFM2,14,331,,PICMAR,3.6,4.7,1,-99,0,-9999,1,,,,,,,,,,,,,,,
BCEFM214_332,9/3/2013,9/6/2024,BCEFM2,14,332,,PICMAR,4.1,4.3,1,-99,0,-9999,1,,,,,,,,,,,,,,,
BCEFM214_333,9/3/2013,9/6/2024,BCEFM2,14,333,,LARLAR,3,-7777,0,3,1,-9999,1,,,,,,,,,,,,,,,
BCEFM214_334,9/3/2013,9/6/2024,BCEFM2,14,334,,PICMAR,3.1,3.6,1,-99,0,-9999,1,,,,,,,,,,,,,,,
BCEFM214_335,9/3/2013,9/6/2024,BCEFM2,14,335,,PICMAR,3.1,3.6,1,-99,0,-9999,1,,,,,,,,,,,,,,,
BCEFM214_336,9/3/2013,9/6/2024,BCEFM2,14,336,,PICMAR,2.9,3.1,1,-99,0,-9999,1,,,,,,,,,,,,,,,
BCEFM214_337,9/3/2013,9/6/2024,BCEFM2,14,337,,PICMAR,4.7,5.4,1,-99,0,-9999,1,,,,,,,,,,,,,,,
BCEFM214_338,9/3/2013,9/6/2024,BCEFM2,14,338,,LARLAR,3.7,-7777,0,-99,0,-9999,1,,,,,,,,,,,,,,,
BCEFM214_339,9/3/2013,9/6/2024,BCEFM2,14,339,,PICMAR,4.3,5.3,1,-99,0,-9999,1,,,,,,,,,,,,,,,
BCEFM214_340,9/3/2013,9/6/2024,BCEFM2,14,340,,LARLAR,2.6,-9999,0,-99,0,-9999,1,,,,,,,,,,,,,,,
BCEFM214_341,9/3/2013,9/6/2024,BCEFM2,14,341,,PICMAR,3.5,4.9,1,-99,0,-9999,1,,,,,,,,,,,,,,,
BCEFM214_342,9/3/2013,9/6/2024,BCEFM2,14,342,,PICMAR,4,4.5,1,-99,0,-9999,1,,,,,,,,,,,,,,,
BCEFM214_343,9/3/2013,9/6/2024,BCEFM2,14,343,,PICMAR,3.3,3.8,1,-99,0,-9999,1,,,,,,,,,,,,,,,
BCEFM214_2506,,9/6/2024,BCEFM2,14,2506,,PICMAR,,2.9,1,-99,0,-9999,1,,,,,,,,,,,,,,,
BCEFM214_2507,,9/6/2024,BCEFM2,14,2507,,PICMAR,,3.4,1,-99,0,-9999,1,,,,,,,,,,,,,,,
BCEFM214_2508,,9/6/2024,BCEFM2,14,2508,,PICMAR,,3,1,-99,0,-9999,1,,,,,,,,,,,,,,,
BCEFM214_2509,,9/6/2024,BCEFM2,14,2509,,PICMAR,,2.5,1,-99,0,-9999,1,,,,,,,,,,,,,,,
BCEFM214_2510,,9/6/2024,BCEFM2,14,2510,,PICMAR,,3.6,1,-99,0,-9999,1,,,,,,,,,,,,,,,
BCEFM214_2511,,9/6/2024,BCEFM2,14,2511,,PICMAR,,2.5,1,-99,0,-9999,1,,,,,,,,,,,,,,,
BCEFM214_2512,,9/6/2024,BCEFM2,14,2512,,PICMAR,,2.6,1,-99,0,-9999,1,,,,,,,,,,,,,,,
BCEFM214_2513,,9/6/2024,BCEFM2,14,2513,,PICMAR,,3.1,1,-99,0,-9999,1,,,,,,,,,,,,,,,
BCEFM214_2514,,9/6/2024,BCEFM2,14,2514,,PICMAR,,3.3,1,-99,0,-9999,1,,,,,,,,,,,,,,,
BCEFM214_2515,,9/6/2024,BCEFM2,14,2515,,PICMAR,,3,1,-99,0,-9999,1,,,,,,,,,,,,,,,
BCEFM214_2516,,9/6/2024,BCEFM2,14,2516,,PICMAR,,2.9,1,-99,0,-9999,1,,,,,,,,,,,,,,,
BCEFM214_2517,,9/6/2024,BCEFM2,14,2517,,PICMAR,,2.7,1,-99,0,-9999,1,,,,,,,,,,,,,,,
BCEFM214_2518,,9/6/2024,BCEFM2,14,2518,,PICMAR,,2.5,1,-99,0,-9999,1,,,,,,,,,,,,,,,
,,Jul-24,DCY1,1,No Trees,,,,,,,,,,,,,,,,,,,,,,,,
,,Jul-24,DCY1,2,No Trees,,,,,,,,,,,,,,,,,,,,,,,,
,,Jul-24,DCY1,3,No Trees,,,,,,,,,,,,,,,,,,,,,,,,
,,Jul-24,DCY1,4,No Trees,,,,,,,,,,,,,,,,,,,,,,,,
,,Jul-24,DCY1,5,No Trees,,,,,,,,,,,,,,,,,,,,,,,,
,,Jul-24,DCY1,6,No Trees,,,,,,,,,,,,,,,,,,,,,,,,
,,Jul-24,DCY1,7,No Trees,,,,,,,,,,,,,,,,,,,,,,,,
,,Jul-24,DCY1,8,No Trees,,,,,,,,,,,,,,,,,,,,,,,,
,,Jul-24,DCY1,9,No Trees,,,,,,,,,,,,,,,,,,,,,,,,
,,Jul-24,DCY1,10,No Trees,,,,,,,,,,,,,,,,,,,,,,,,
,,Jul-24,DCY1,11,No Trees,,,,,,,,,,,,,,,,,,,,,,,,
,,Jul-24,DCY1,12,No Trees,,,,,,,,,,,,,,,,,,,,,,,,
,,Jul-24,DCY1,13,No Trees,,,,,,,,,,,,,,,,,,,,,,,,
,,Jul-24,DCY1,14,No Trees,,,,,,,,,,,,,,,,,,,,,,,,
